TARGET_FID,Name,Commodity (From popup info),Snippet,PopupInfo,Tribes_List,Intersecting_Tribe_Count,On_Tribal_Land,Within_35mi_Buffer,Has_Tribal_Proximity,Multi_Tribe_Flag
1,Ruby Creek Zone,copper; cobalt,Deposit,"<a href=""https://mrdata.usgs.gov/deposit/html/Co-Mo00550"">Ruby Creek Zone</a>: Deposit<table><tr><td>Feature group</td><td>Mineral Occurrence</td></tr><tr><td>Location</td><td>Northwest Arctic, AK</td></tr><tr><td>Commodity</td><td>copper; cobalt</td></tr></table>",Ambler ANVSA; Kobuk ANVSA; Shungnak ANVSA,3,FALSE,TRUE,1,1
2,South Reef Zone,copper; cobalt,Deposit,"<a href=""https://mrdata.usgs.gov/deposit/html/Co-Mo00571"">South Reef Zone</a>: Deposit<table><tr><td>Feature group</td><td>Mineral Occurrence</td></tr><tr><td>Location</td><td>Northwest Arctic, AK</td></tr><tr><td>Commodity</td><td>copper; cobalt</td></tr></table>",Ambler ANVSA; Kobuk ANVSA; Shungnak ANVSA,3,FALSE,TRUE,1,1
3,Ambler District,cobalt; copper,Mining District,"<a href=""https://mrdata.usgs.gov/deposit/html/Co-Mr00061"">Ambler District</a>: Mining District<table><tr><td>Feature group</td><td>Mineral Region</td></tr><tr><td>Location</td><td>Northwest Arctic, AK</td></tr><tr><td>Commodity</td><td>cobalt; copper</td></tr></table>",Kobuk ANVSA; Shungnak ANVSA,2,FALSE,TRUE,1,1
4,West Tripod Body,cobalt; nickel; copper,Deposit,"<a href=""https://mrdata.usgs.gov/deposit/html/Co-Mo00729"">West Tripod Body</a>: Deposit<table><tr><td>Feature group</td><td>Mineral Occurrence</td></tr><tr><td>Location</td><td>Hoonah-Argoon, AK</td></tr><tr><td>Commodity</td><td>cobalt; nickel; copper</td></tr></table>",,0,FALSE,FALSE,0,0
5,East Tripod Body,cobalt; nickel; copper,Deposit,"<a href=""https://mrdata.usgs.gov/deposit/html/Co-Mo00730"">East Tripod Body</a>: Deposit<table><tr><td>Feature group</td><td>Mineral Occurrence</td></tr><tr><td>Location</td><td>Hoonah-Argoon, AK</td></tr><tr><td>Commodity</td><td>cobalt; nickel; copper</td></tr></table>",,0,FALSE,FALSE,0,0
6,Tunnel Body,cobalt; nickel; copper,Deposit,"<a href=""https://mrdata.usgs.gov/deposit/html/Co-Mo00731"">Tunnel Body</a>: Deposit<table><tr><td>Feature group</td><td>Mineral Occurrence</td></tr><tr><td>Location</td><td>Hoonah-Argoon, AK</td></tr><tr><td>Commodity</td><td>cobalt; nickel; copper</td></tr></table>",,0,FALSE,FALSE,0,0
7,Side Hill Body,cobalt; nickel; copper,Deposit,"<a href=""https://mrdata.usgs.gov/deposit/html/Co-Mo00732"">Side Hill Body</a>: Deposit<table><tr><td>Feature group</td><td>Mineral Occurrence</td></tr><tr><td>Location</td><td>Hoonah-Argoon, AK</td></tr><tr><td>Commodity</td><td>cobalt; nickel; copper</td></tr></table>",,0,FALSE,FALSE,0,0
8,North Muskeg Body,cobalt; nickel; copper,Deposit,"<a href=""https://mrdata.usgs.gov/deposit/html/Co-Mo00733"">North Muskeg Body</a>: Deposit<table><tr><td>Feature group</td><td>Mineral Occurrence</td></tr><tr><td>Location</td><td>Hoonah-Argoon, AK</td></tr><tr><td>Commodity</td><td>cobalt; nickel; copper</td></tr></table>",,0,FALSE,FALSE,0,0
9,South Muskeg Body,cobalt; nickel; copper,Deposit,"<a href=""https://mrdata.usgs.gov/deposit/html/Co-Mo00734"">South Muskeg Body</a>: Deposit<table><tr><td>Feature group</td><td>Mineral Occurrence</td></tr><tr><td>Location</td><td>Hoonah-Argoon, AK</td></tr><tr><td>Commodity</td><td>cobalt; nickel; copper</td></tr></table>",,0,FALSE,FALSE,0,0
10,North Takanis Body,cobalt; nickel; copper,Deposit,"<a href=""https://mrdata.usgs.gov/deposit/html/Co-Mo00735"">North Takanis Body</a>: Deposit<table><tr><td>Feature group</td><td>Mineral Occurrence</td></tr><tr><td>Location</td><td>Hoonah-Argoon, AK</td></tr><tr><td>Commodity</td><td>cobalt; nickel; copper</td></tr></table>",,0,FALSE,FALSE,0,0
11,South Takanis Body,cobalt; nickel; copper,Deposit,"<a href=""https://mrdata.usgs.gov/deposit/html/Co-Mo00736"">South Takanis Body</a>: Deposit<table><tr><td>Feature group</td><td>Mineral Occurrence</td></tr><tr><td>Location</td><td>Hoonah-Argoon, AK</td></tr><tr><td>Commodity</td><td>cobalt; nickel; copper</td></tr></table>",,0,FALSE,FALSE,0,0
12,Chichagof District,cobalt; nickel; copper,Mining District,"<a href=""https://mrdata.usgs.gov/deposit/html/Co-Mr00144"">Chichagof District</a>: Mining District<table><tr><td>Feature group</td><td>Mineral Region</td></tr><tr><td>Location</td><td>Hoonah-Argoon; Sitka, AK</td></tr><tr><td>Commodity</td><td>cobalt; nickel; copper</td></tr></table>",Angoon ANVSA; Hoonah ANVSA,2,FALSE,TRUE,1,1
13,Brady Glacier,cobalt; nickel; copper,Deposit,"<a href=""https://mrdata.usgs.gov/deposit/html/Co-Mo00737"">Brady Glacier</a>: Deposit<table><tr><td>Feature group</td><td>Mineral Occurrence</td></tr><tr><td>Location</td><td>Hoonah-Argoon, AK</td></tr><tr><td>Commodity</td><td>cobalt; nickel; copper</td></tr></table>",,0,FALSE,FALSE,0,0
14,Pine Flat,nickel; cobalt,Deposit,"<a href=""https://mrdata.usgs.gov/deposit/html/Co-Mo00761"">Pine Flat</a>: Deposit<table><tr><td>Feature group</td><td>Mineral Occurrence</td></tr><tr><td>Location</td><td>Del Norte, CA</td></tr><tr><td>Commodity</td><td>nickel; cobalt</td></tr></table>",Elk Valley Rancheria and Off-Reservation Trust Land; Karuk Reservation and Off-Reservation Trust Land; Resighini Rancheria; Smith River Rancheria and Off-Reservation Trust Land; Yurok Reservation,5,FALSE,TRUE,1,1
15,Gasquet,cobalt; nickel; chromium,Deposit,"<a href=""https://mrdata.usgs.gov/deposit/html/Co-Mo00775"">Gasquet</a>: Deposit<table><tr><td>Feature group</td><td>Mineral Occurrence</td></tr><tr><td>Location</td><td>Del Norte, CA</td></tr><tr><td>Commodity</td><td>cobalt; nickel; chromium</td></tr></table>",Elk Valley Rancheria and Off-Reservation Trust Land; Karuk Reservation and Off-Reservation Trust Land; Resighini Rancheria; Smith River Rancheria and Off-Reservation Trust Land; Yurok Reservation,5,FALSE,TRUE,1,1
16,Blackbird Mine,cobalt; copper; gold; silver,Underground Workings,"<a href=""https://mrdata.usgs.gov/deposit/html/Co-Mf00284"">Blackbird Mine</a>: Underground Workings<table><tr><td>Feature group</td><td>Mine Feature</td></tr><tr><td>Location</td><td>Lemhi, ID</td></tr><tr><td>Commodity</td><td>cobalt; copper; gold; silver</td></tr></table>",,0,FALSE,FALSE,0,0
17,Blackbird,cobalt; copper; gold; silver,Deposit,"<a href=""https://mrdata.usgs.gov/deposit/html/Co-Mo00628"">Blackbird</a>: Deposit<table><tr><td>Feature group</td><td>Mineral Occurrence</td></tr><tr><td>Location</td><td>Lemhi, ID</td></tr><tr><td>Commodity</td><td>cobalt; copper; gold; silver</td></tr></table>",,0,FALSE,FALSE,0,0
18,Ram,cobalt; gold; copper,Deposit,"<a href=""https://mrdata.usgs.gov/deposit/html/Co-Mo00716"">Ram</a>: Deposit<table><tr><td>Feature group</td><td>Mineral Occurrence</td></tr><tr><td>Location</td><td>Lemhi, ID</td></tr><tr><td>Commodity</td><td>cobalt; gold; copper</td></tr></table>",,0,FALSE,FALSE,0,0
19,Sunshine,cobalt; gold; copper,Deposit,"<a href=""https://mrdata.usgs.gov/deposit/html/Co-Mo00717"">Sunshine</a>: Deposit<table><tr><td>Feature group</td><td>Mineral Occurrence</td></tr><tr><td>Location</td><td>Lemhi, ID</td></tr><tr><td>Commodity</td><td>cobalt; gold; copper</td></tr></table>",,0,FALSE,FALSE,0,0
20,Sulfate Zone,copper; cobalt; iron,Prospect,"<a href=""https://mrdata.usgs.gov/deposit/html/Co-Mo00750"">Sulfate Zone</a>: Prospect<table><tr><td>Feature group</td><td>Mineral Occurrence</td></tr><tr><td>Location</td><td>Lemhi, ID</td></tr><tr><td>Commodity</td><td>copper; cobalt; iron</td></tr></table>",,0,FALSE,FALSE,0,0
21,No Name Zone,copper; cobalt; iron,Deposit,"<a href=""https://mrdata.usgs.gov/deposit/html/Co-Mo00751"">No Name Zone</a>: Deposit<table><tr><td>Feature group</td><td>Mineral Occurrence</td></tr><tr><td>Location</td><td>Lemhi, ID</td></tr><tr><td>Commodity</td><td>copper; cobalt; iron</td></tr></table>",,0,FALSE,FALSE,0,0
22,Footwall No Name Zone,copper; cobalt,Prospect,"<a href=""https://mrdata.usgs.gov/deposit/html/Co-Mo00752"">Footwall No Name Zone</a>: Prospect<table><tr><td>Feature group</td><td>Mineral Occurrence</td></tr><tr><td>Location</td><td>Lemhi, ID</td></tr><tr><td>Commodity</td><td>copper; cobalt</td></tr></table>",,0,FALSE,FALSE,0,0
23,Jackass Zone,copper; cobalt; iron,Prospect,"<a href=""https://mrdata.usgs.gov/deposit/html/Co-Mo00753"">Jackass Zone</a>: Prospect<table><tr><td>Feature group</td><td>Mineral Occurrence</td></tr><tr><td>Location</td><td>Lemhi, ID</td></tr><tr><td>Commodity</td><td>copper; cobalt; iron</td></tr></table>",,0,FALSE,FALSE,0,0
24,Salmon Canyon,copper; cobalt; gold; silver,Deposit,"<a href=""https://mrdata.usgs.gov/deposit/html/Co-Mo00738"">Salmon Canyon</a>: Deposit<table><tr><td>Feature group</td><td>Mineral Occurrence</td></tr><tr><td>Location</td><td>Lemhi, ID</td></tr><tr><td>Commodity</td><td>copper; cobalt; gold; silver</td></tr></table>",,0,FALSE,FALSE,0,0
25,Blackbird District,copper; cobalt; gold; silver; iron,Mining District,"<a href=""https://mrdata.usgs.gov/deposit/html/Co-Mr00145"">Blackbird District</a>: Mining District<table><tr><td>Feature group</td><td>Mineral Region</td></tr><tr><td>Location</td><td>Lemhi, ID</td></tr><tr><td>Commodity</td><td>copper; cobalt; gold; silver; iron</td></tr></table>",,0,FALSE,FALSE,0,0
26,Union,cobalt; nickel; copper,Deposit,"<a href=""https://mrdata.usgs.gov/deposit/html/Co-Mo00770"">Union</a>: Deposit<table><tr><td>Feature group</td><td>Mineral Occurrence</td></tr><tr><td>Location</td><td>Knox, ME</td></tr><tr><td>Commodity</td><td>cobalt; nickel; copper</td></tr></table>",,0,FALSE,FALSE,0,0
27,Warren,cobalt; nickel,Deposit,"<a href=""https://mrdata.usgs.gov/deposit/html/Co-Mo00771"">Warren</a>: Deposit<table><tr><td>Feature group</td><td>Mineral Occurrence</td></tr><tr><td>Location</td><td>Knox, ME</td></tr><tr><td>Commodity</td><td>cobalt; nickel</td></tr></table>",,0,FALSE,FALSE,0,0
28,Eagle Mine,nickel; copper; cobalt; gold; silver; platinum; palladium,Portal Mine,"<a href=""https://mrdata.usgs.gov/deposit/html/Co-Mf00280"">Eagle Mine</a>: Portal Mine<table><tr><td>Feature group</td><td>Mine Feature</td></tr><tr><td>Location</td><td>Marquette, MI</td></tr><tr><td>Commodity</td><td>nickel; copper; cobalt; gold; silver; platinum; palladium</td></tr></table>",L'Anse Reservation and Off-Reservation Trust Land; Sault Ste. Marie Reservation and Off-Reservation Trust Land,2,FALSE,TRUE,1,1
29,Eagle,nickel; copper; cobalt; gold; silver; platinum; palladium,Deposit,"<a href=""https://mrdata.usgs.gov/deposit/html/Co-Mo00362"">Eagle</a>: Deposit<table><tr><td>Feature group</td><td>Mineral Occurrence</td></tr><tr><td>Location</td><td>Marquette, MI</td></tr><tr><td>Commodity</td><td>nickel; copper; cobalt; gold; silver; platinum; palladium</td></tr></table>",L'Anse Reservation and Off-Reservation Trust Land; Sault Ste. Marie Reservation and Off-Reservation Trust Land,2,FALSE,TRUE,1,1
30,Eagle East,nickel; copper; cobalt; gold; silver; platinum; palladium,Deposit,"<a href=""https://mrdata.usgs.gov/deposit/html/Co-Mo00363"">Eagle East</a>: Deposit<table><tr><td>Feature group</td><td>Mineral Occurrence</td></tr><tr><td>Location</td><td>Marquette, MI</td></tr><tr><td>Commodity</td><td>nickel; copper; cobalt; gold; silver; platinum; palladium</td></tr></table>",L'Anse Reservation and Off-Reservation Trust Land; Sault Ste. Marie Reservation and Off-Reservation Trust Land,2,FALSE,TRUE,1,1
31,NorthMet,copper; nickel; platinum; palladium; gold; cobalt; silver,Deposit,"<a href=""https://mrdata.usgs.gov/deposit/html/Co-Mo00746"">NorthMet</a>: Deposit<table><tr><td>Feature group</td><td>Mineral Occurrence</td></tr><tr><td>Location</td><td>St. Louis, MN</td></tr><tr><td>Commodity</td><td>copper; nickel; platinum; palladium; gold; cobalt; silver</td></tr></table>",Bois Forte Reservation and Off-Reservation Trust Land; Minnesota Chippewa Trust Land,2,FALSE,TRUE,1,1
32,Birch Lake,copper; nickel; platinum; palladium; gold,Deposit,"<a href=""https://mrdata.usgs.gov/deposit/html/Co-Mo00719"">Birch Lake</a>: Deposit<table><tr><td>Feature group</td><td>Mineral Occurrence</td></tr><tr><td>Location</td><td>St. Louis; Lake, MN</td></tr><tr><td>Commodity</td><td>copper; nickel; platinum; palladium; gold</td></tr></table>",Bois Forte Reservation and Off-Reservation Trust Land; Minnesota Chippewa Trust Land,2,FALSE,TRUE,1,1
33,Maturi Southwest,copper; nickel; platinum; palladium; gold; silver; cobalt,Deposit,"<a href=""https://mrdata.usgs.gov/deposit/html/Co-Mo00720"">Maturi Southwest</a>: Deposit<table><tr><td>Feature group</td><td>Mineral Occurrence</td></tr><tr><td>Location</td><td>Lake, MN</td></tr><tr><td>Commodity</td><td>copper; nickel; platinum; palladium; gold; silver; cobalt</td></tr></table>",Bois Forte Reservation and Off-Reservation Trust Land; Minnesota Chippewa Trust Land,2,FALSE,TRUE,1,1
34,Maturi,copper; nickel; platinum; palladium; gold; silver; cobalt,Deposit,"<a href=""https://mrdata.usgs.gov/deposit/html/Co-Mo00721"">Maturi</a>: Deposit<table><tr><td>Feature group</td><td>Mineral Occurrence</td></tr><tr><td>Location</td><td>Lake, MN</td></tr><tr><td>Commodity</td><td>copper; nickel; platinum; palladium; gold; silver; cobalt</td></tr></table>",Bois Forte Reservation and Off-Reservation Trust Land,1,FALSE,TRUE,1,0
35,Spruce Road,copper; nickel,Deposit,"<a href=""https://mrdata.usgs.gov/deposit/html/Co-Mo00722"">Spruce Road</a>: Deposit<table><tr><td>Feature group</td><td>Mineral Occurrence</td></tr><tr><td>Location</td><td>Lake, MN</td></tr><tr><td>Commodity</td><td>copper; nickel</td></tr></table>",Bois Forte Reservation and Off-Reservation Trust Land,1,FALSE,TRUE,1,0
36,Mesaba,cobalt,Deposit,"<a href=""https://mrdata.usgs.gov/deposit/html/Co-Mo00747"">Mesaba</a>: Deposit<table><tr><td>Feature group</td><td>Mineral Occurrence</td></tr><tr><td>Location</td><td>St. Louis, MN</td></tr><tr><td>Commodity</td><td>cobalt</td></tr></table>",Bois Forte Reservation and Off-Reservation Trust Land; Minnesota Chippewa Trust Land,2,FALSE,TRUE,1,1
37,164 Zone,nickel; copper; cobalt; platinum; palladium; gold,Prospect,"<a href=""https://mrdata.usgs.gov/deposit/html/Co-Mo00739"">164 Zone</a>: Prospect<table><tr><td>Feature group</td><td>Mineral Occurrence</td></tr><tr><td>Location</td><td>Aitkin, MN</td></tr><tr><td>Commodity</td><td>nickel; copper; cobalt; platinum; palladium; gold</td></tr></table>",Fond du Lac Reservation and Off-Reservation Trust Land; Mille Lacs Reservation and Off-Reservation Trust Land,2,FALSE,TRUE,1,1
38,138 Zone,nickel; copper; cobalt; platinum; palladium; gold,Deposit,"<a href=""https://mrdata.usgs.gov/deposit/html/Co-Mo00740"">138 Zone</a>: Deposit<table><tr><td>Feature group</td><td>Mineral Occurrence</td></tr><tr><td>Location</td><td>Aitkin, MN</td></tr><tr><td>Commodity</td><td>nickel; copper; cobalt; platinum; palladium; gold</td></tr></table>",Fond du Lac Reservation and Off-Reservation Trust Land; Mille Lacs Reservation and Off-Reservation Trust Land,2,FALSE,TRUE,1,1
39,SMSU Zone,nickel; copper; cobalt; platinum; palladium; gold,Deposit,"<a href=""https://mrdata.usgs.gov/deposit/html/Co-Mo00741"">SMSU Zone</a>: Deposit<table><tr><td>Feature group</td><td>Mineral Occurrence</td></tr><tr><td>Location</td><td>Aitkin, MN</td></tr><tr><td>Commodity</td><td>nickel; copper; cobalt; platinum; palladium; gold</td></tr></table>",Fond du Lac Reservation and Off-Reservation Trust Land; Mille Lacs Reservation and Off-Reservation Trust Land,2,FALSE,TRUE,1,1
40,MSU Zone,nickel; copper; cobalt; platinum; palladium; gold,Deposit,"<a href=""https://mrdata.usgs.gov/deposit/html/Co-Mo00742"">MSU Zone</a>: Deposit<table><tr><td>Feature group</td><td>Mineral Occurrence</td></tr><tr><td>Location</td><td>Aitkin, MN</td></tr><tr><td>Commodity</td><td>nickel; copper; cobalt; platinum; palladium; gold</td></tr></table>",Fond du Lac Reservation and Off-Reservation Trust Land; Mille Lacs Reservation and Off-Reservation Trust Land,2,FALSE,TRUE,1,1
41,CGO Bend Zone,nickel; copper; cobalt; platinum; palladium; gold,Prospect,"<a href=""https://mrdata.usgs.gov/deposit/html/Co-Mo00743"">CGO Bend Zone</a>: Prospect<table><tr><td>Feature group</td><td>Mineral Occurrence</td></tr><tr><td>Location</td><td>Aitkin, MN</td></tr><tr><td>Commodity</td><td>nickel; copper; cobalt; platinum; palladium; gold</td></tr></table>",Fond du Lac Reservation and Off-Reservation Trust Land; Mille Lacs Reservation and Off-Reservation Trust Land,2,FALSE,TRUE,1,1
42,480 Zone,nickel; copper; cobalt; platinum; palladium; gold,Prospect,"<a href=""https://mrdata.usgs.gov/deposit/html/Co-Mo00744"">480 Zone</a>: Prospect<table><tr><td>Feature group</td><td>Mineral Occurrence</td></tr><tr><td>Location</td><td>Aitkin, MN</td></tr><tr><td>Commodity</td><td>nickel; copper; cobalt; platinum; palladium; gold</td></tr></table>",Fond du Lac Reservation and Off-Reservation Trust Land; Mille Lacs Reservation and Off-Reservation Trust Land,2,FALSE,TRUE,1,1
43,221 Zone,nickel; copper; cobalt; platinum; palladium; gold,Prospect,"<a href=""https://mrdata.usgs.gov/deposit/html/Co-Mo00745"">221 Zone</a>: Prospect<table><tr><td>Feature group</td><td>Mineral Occurrence</td></tr><tr><td>Location</td><td>Aitkin, MN</td></tr><tr><td>Commodity</td><td>nickel; copper; cobalt; platinum; palladium; gold</td></tr></table>",Fond du Lac Reservation and Off-Reservation Trust Land; Mille Lacs Reservation and Off-Reservation Trust Land,2,FALSE,TRUE,1,1
44,Fredericktown District,cobalt; copper; lead; nickel; iron,Mining District,"<a href=""https://mrdata.usgs.gov/deposit/html/Co-Mr00036"">Fredericktown District</a>: Mining District<table><tr><td>Feature group</td><td>Mineral Region</td></tr><tr><td>Location</td><td>Madison; Perry; Bollinger, MO</td></tr><tr><td>Commodity</td><td>cobalt; copper; lead; nickel; iron</td></tr></table>",,0,FALSE,FALSE,0,0
45,Higdon,cobalt; copper; nickel; zinc,Deposit,"<a href=""https://mrdata.usgs.gov/deposit/html/Co-Mo00774"">Higdon</a>: Deposit<table><tr><td>Feature group</td><td>Mineral Occurrence</td></tr><tr><td>Location</td><td>Perry, MO</td></tr><tr><td>Commodity</td><td>cobalt; copper; nickel; zinc</td></tr></table>",,0,FALSE,FALSE,0,0
46,Madison Mine,lead; copper; nickel cobalt; iron,Underground Workings,"<a href=""https://mrdata.usgs.gov/deposit/html/Co-Mf00285"">Madison Mine</a>: Underground Workings<table><tr><td>Feature group</td><td>Mine Feature</td></tr><tr><td>Location</td><td>Madison, MO</td></tr><tr><td>Commodity</td><td>lead; copper; nickel cobalt; iron</td></tr></table>",,0,FALSE,FALSE,0,0
47,Madison,lead; copper; nickel cobalt; iron; silver,Deposit,"<a href=""https://mrdata.usgs.gov/deposit/html/Co-Mo00559"">Madison</a>: Deposit<table><tr><td>Feature group</td><td>Mineral Occurrence</td></tr><tr><td>Location</td><td>Madison, MO</td></tr><tr><td>Commodity</td><td>lead; copper; nickel cobalt; iron; silver</td></tr></table>",,0,FALSE,FALSE,0,0
48,Boss-Bixby,copper; cobalt; iron,Deposit,"<a href=""https://mrdata.usgs.gov/deposit/html/Co-Mo00560"">Boss-Bixby</a>: Deposit<table><tr><td>Feature group</td><td>Mineral Occurrence</td></tr><tr><td>Location</td><td>Dent; Iron, MO</td></tr><tr><td>Commodity</td><td>copper; cobalt; iron</td></tr></table>",,0,FALSE,FALSE,0,0
49,Johnny Lee Upper Zone,cobalt; copper; gold; silver; barite,Deposit,"<a href=""https://mrdata.usgs.gov/deposit/html/Co-Mo00754"">Johnny Lee Upper Zone</a>: Deposit<table><tr><td>Feature group</td><td>Mineral Occurrence</td></tr><tr><td>Location</td><td>Meagher, MT</td></tr><tr><td>Commodity</td><td>cobalt; copper; gold; silver; barite</td></tr></table>",,0,FALSE,FALSE,0,0
50,Johnny Lee Lower Zone,cobalt; copper; gold; silver; barite; lead; zinc,Deposit,"<a href=""https://mrdata.usgs.gov/deposit/html/Co-Mo00755"">Johnny Lee Lower Zone</a>: Deposit<table><tr><td>Feature group</td><td>Mineral Occurrence</td></tr><tr><td>Location</td><td>Meagher, MT</td></tr><tr><td>Commodity</td><td>cobalt; copper; gold; silver; barite; lead; zinc</td></tr></table>",,0,FALSE,FALSE,0,0
51,Lowry Middle Zone,cobalt; copper; gold; silver,Deposit,"<a href=""https://mrdata.usgs.gov/deposit/html/Co-Mo00756"">Lowry Middle Zone</a>: Deposit<table><tr><td>Feature group</td><td>Mineral Occurrence</td></tr><tr><td>Location</td><td>Meagher, MT</td></tr><tr><td>Commodity</td><td>cobalt; copper; gold; silver</td></tr></table>",,0,FALSE,FALSE,0,0
52,Lowry 0/1 Zone,cobalt; copper; gold; silver,Prospect,"<a href=""https://mrdata.usgs.gov/deposit/html/Co-Mo00757"">Lowry 0/1 Zone</a>: Prospect<table><tr><td>Feature group</td><td>Mineral Occurrence</td></tr><tr><td>Location</td><td>Meagher, MT</td></tr><tr><td>Commodity</td><td>cobalt; copper; gold; silver</td></tr></table>",,0,FALSE,FALSE,0,0
53,Lowry Lower Zone,cobalt; copper; gold; silver,Prospect,"<a href=""https://mrdata.usgs.gov/deposit/html/Co-Mo00758"">Lowry Lower Zone</a>: Prospect<table><tr><td>Feature group</td><td>Mineral Occurrence</td></tr><tr><td>Location</td><td>Meagher, MT</td></tr><tr><td>Commodity</td><td>cobalt; copper; gold; silver</td></tr></table>",,0,FALSE,FALSE,0,0
54,Lowry II Zone,cobalt; copper; gold; silver,Prospect,"<a href=""https://mrdata.usgs.gov/deposit/html/Co-Mo00759"">Lowry II Zone</a>: Prospect<table><tr><td>Feature group</td><td>Mineral Occurrence</td></tr><tr><td>Location</td><td>Meagher, MT</td></tr><tr><td>Commodity</td><td>cobalt; copper; gold; silver</td></tr></table>",,0,FALSE,FALSE,0,0
55,Lowry Upper Zone,cobalt; copper; gold; silver,Prospect,"<a href=""https://mrdata.usgs.gov/deposit/html/Co-Mo00760"">Lowry Upper Zone</a>: Prospect<table><tr><td>Feature group</td><td>Mineral Occurrence</td></tr><tr><td>Location</td><td>Meagher, MT</td></tr><tr><td>Commodity</td><td>cobalt; copper; gold; silver</td></tr></table>",,0,FALSE,FALSE,0,0
56,Smith River District,cobalt; copper; gold; silver; barite; lead; zinc,Mining District,"<a href=""https://mrdata.usgs.gov/deposit/html/Co-Mr00148"">Smith River District</a>: Mining District<table><tr><td>Feature group</td><td>Mineral Region</td></tr><tr><td>Location</td><td>Meagher, MT</td></tr><tr><td>Commodity</td><td>cobalt; copper; gold; silver; barite; lead; zinc</td></tr></table>",,0,FALSE,FALSE,0,0
57,Webster District,nickel; cobalt,Mining District,"<a href=""https://mrdata.usgs.gov/deposit/html/Co-Mr00047"">Webster District</a>: Mining District<table><tr><td>Feature group</td><td>Mineral Region</td></tr><tr><td>Location</td><td>Jackson, NC</td></tr><tr><td>Commodity</td><td>nickel; cobalt</td></tr></table>",Eastern Cherokee Reservation,1,FALSE,TRUE,1,0
58,Black Hawk Mine,cobalt; nickel; zinc; silver; copper; gold; uranium,Mine Shaft,"<a href=""https://mrdata.usgs.gov/deposit/html/Co-Mf00579"">Black Hawk Mine</a>: Mine Shaft<table><tr><td>Feature group</td><td>Mine Feature</td></tr><tr><td>Location</td><td>Grant, NM</td></tr><tr><td>Commodity</td><td>cobalt; nickel; zinc; silver; copper; gold; uranium</td></tr></table>",,0,FALSE,FALSE,0,0
59,Black Hawk,cobalt; nickel; zinc; silver; copper; gold; uranium,Deposit,"<a href=""https://mrdata.usgs.gov/deposit/html/Co-Mo00773"">Black Hawk</a>: Deposit<table><tr><td>Feature group</td><td>Mineral Occurrence</td></tr><tr><td>Location</td><td>Grant, NM</td></tr><tr><td>Commodity</td><td>cobalt; nickel; zinc; silver; copper; gold; uranium</td></tr></table>",,0,FALSE,FALSE,0,0
60,Black Hawk District,cobalt; nickel; zinc; silver; copper; gold; uranium,Mining District,"<a href=""https://mrdata.usgs.gov/deposit/html/Co-Mr00154"">Black Hawk District</a>: Mining District<table><tr><td>Feature group</td><td>Mineral Region</td></tr><tr><td>Location</td><td>Grant, NM</td></tr><tr><td>Commodity</td><td>cobalt; nickel; zinc; silver; copper; gold; uranium</td></tr></table>",,0,FALSE,FALSE,0,0
61,Turner,gold; copper; silver; zinc; cobalt,Deposit,"<a href=""https://mrdata.usgs.gov/deposit/html/Co-Mo00748"">Turner</a>: Deposit<table><tr><td>Feature group</td><td>Mineral Occurrence</td></tr><tr><td>Location</td><td>Josephine, OR</td></tr><tr><td>Commodity</td><td>gold; copper; silver; zinc; cobalt</td></tr></table>",Elk Valley Rancheria and Off-Reservation Trust Land; Karuk Reservation and Off-Reservation Trust Land; Smith River Rancheria and Off-Reservation Trust Land; Yurok Reservation,4,FALSE,TRUE,1,1
62,Eight Dollar Mountain,nickel; cobalt; chromium,Deposit,"<a href=""https://mrdata.usgs.gov/deposit/html/Co-Mo00561"">Eight Dollar Mountain</a>: Deposit<table><tr><td>Feature group</td><td>Mineral Occurrence</td></tr><tr><td>Location</td><td>Josephine, OR</td></tr><tr><td>Commodity</td><td>nickel; cobalt; chromium</td></tr></table>",Karuk Reservation and Off-Reservation Trust Land; Smith River Rancheria and Off-Reservation Trust Land,2,FALSE,TRUE,1,1
63,Eight Dollar Mountain,nickel; cobalt; chromium,Deposit,"<a href=""https://mrdata.usgs.gov/deposit/html/Co-Mr00155"">Eight Dollar Mountain</a>: Deposit<table><tr><td>Feature group</td><td>Mineral Region</td></tr><tr><td>Location</td><td>Josephine, OR</td></tr><tr><td>Commodity</td><td>nickel; cobalt; chromium</td></tr></table>",Karuk Reservation and Off-Reservation Trust Land; Smith River Rancheria and Off-Reservation Trust Land,2,FALSE,TRUE,1,1
64,Nickel Mountain Mine,nickel; cobalt,Open Pit Mine,"<a href=""https://mrdata.usgs.gov/deposit/html/Co-Mf00577"">Nickel Mountain Mine</a>: Open Pit Mine<table><tr><td>Feature group</td><td>Mine Feature</td></tr><tr><td>Location</td><td>Douglas, OR</td></tr><tr><td>Commodity</td><td>nickel; cobalt</td></tr></table>",Coquille Reservation and Off-Reservation Trust Land; Cow Creek Reservation,2,FALSE,TRUE,1,1
65,Nickel Mountain,nickel; cobalt,Deposit,"<a href=""https://mrdata.usgs.gov/deposit/html/Co-Mo00767"">Nickel Mountain</a>: Deposit<table><tr><td>Feature group</td><td>Mineral Occurrence</td></tr><tr><td>Location</td><td>Douglas, OR</td></tr><tr><td>Commodity</td><td>nickel; cobalt</td></tr></table>",Coquille Reservation and Off-Reservation Trust Land; Cow Creek Reservation,2,FALSE,TRUE,1,1
66,Cornwall Mine,iron; copper; sulfur; cobalt; gold; silver,Open Pit Mine,"<a href=""https://mrdata.usgs.gov/deposit/html/Co-Mf00574"">Cornwall Mine</a>: Open Pit Mine<table><tr><td>Feature group</td><td>Mine Feature</td></tr><tr><td>Location</td><td>Lebanon, PA</td></tr><tr><td>Commodity</td><td>iron; copper; sulfur; cobalt; gold; silver</td></tr></table>",,0,FALSE,FALSE,0,0
67,Cornwall,iron; copper; sulfur; cobalt; gold; silver,Deposit,"<a href=""https://mrdata.usgs.gov/deposit/html/Co-Mo00749"">Cornwall</a>: Deposit<table><tr><td>Feature group</td><td>Mineral Occurrence</td></tr><tr><td>Location</td><td>Lebanon, PA</td></tr><tr><td>Commodity</td><td>iron; copper; sulfur; cobalt; gold; silver</td></tr></table>",,0,FALSE,FALSE,0,0
68,Guanajibo,cobalt; chromium; iron; nickel,Deposit,"<a href=""https://mrdata.usgs.gov/deposit/html/Co-Mo00629"">Guanajibo</a>: Deposit<table><tr><td>Feature group</td><td>Mineral Occurrence</td></tr><tr><td>Location</td><td>Cabo Rojo, PR</td></tr><tr><td>Commodity</td><td>cobalt; chromium; iron; nickel</td></tr></table>",,0,FALSE,FALSE,0,0
69,Punta Guanajibo,cobalt; chromium; iron; nickel,Deposit,"<a href=""https://mrdata.usgs.gov/deposit/html/Co-Mo00630"">Punta Guanajibo</a>: Deposit<table><tr><td>Feature group</td><td>Mineral Occurrence</td></tr><tr><td>Location</td><td>Cabo Rojo, PR</td></tr><tr><td>Commodity</td><td>cobalt; chromium; iron; nickel</td></tr></table>",,0,FALSE,FALSE,0,0
70,Las Mesas,cobalt; chromium; iron; nickel,Deposit,"<a href=""https://mrdata.usgs.gov/deposit/html/Co-Mo00631"">Las Mesas</a>: Deposit<table><tr><td>Feature group</td><td>Mineral Occurrence</td></tr><tr><td>Location</td><td>Mayaguez, PR</td></tr><tr><td>Commodity</td><td>cobalt; chromium; iron; nickel</td></tr></table>",,0,FALSE,FALSE,0,0
71,North deposit,cobalt; chromium; iron; nickel,Deposit,"<a href=""https://mrdata.usgs.gov/deposit/html/Co-Mo00632"">North deposit</a>: Deposit<table><tr><td>Feature group</td><td>Mineral Occurrence</td></tr><tr><td>Location</td><td>Maricao; San German, PR</td></tr><tr><td>Commodity</td><td>cobalt; chromium; iron; nickel</td></tr></table>",,0,FALSE,FALSE,0,0
72,South deposit,cobalt; chromium; iron; nickel,Deposit,"<a href=""https://mrdata.usgs.gov/deposit/html/Co-Mo00633"">South deposit</a>: Deposit<table><tr><td>Feature group</td><td>Mineral Occurrence</td></tr><tr><td>Location</td><td>Maricao; San German, PR</td></tr><tr><td>Commodity</td><td>cobalt; chromium; iron; nickel</td></tr></table>",,0,FALSE,FALSE,0,0
73,West deposit,cobalt; chromium; iron; nickel,Deposit,"<a href=""https://mrdata.usgs.gov/deposit/html/Co-Mo00634"">West deposit</a>: Deposit<table><tr><td>Feature group</td><td>Mineral Occurrence</td></tr><tr><td>Location</td><td>Maricao; San German, PR</td></tr><tr><td>Commodity</td><td>cobalt; chromium; iron; nickel</td></tr></table>",,0,FALSE,FALSE,0,0
74,East deposit,cobalt; chromium; iron; nickel,Deposit,"<a href=""https://mrdata.usgs.gov/deposit/html/Co-Mo00635"">East deposit</a>: Deposit<table><tr><td>Feature group</td><td>Mineral Occurrence</td></tr><tr><td>Location</td><td>Maricao; San German, PR</td></tr><tr><td>Commodity</td><td>cobalt; chromium; iron; nickel</td></tr></table>",,0,FALSE,FALSE,0,0
75,Ducktown District,copper; cobalt; iron; zinc; lead; silver; gold,Mining District,"<a href=""https://mrdata.usgs.gov/deposit/html/Co-Mr00037"">Ducktown District</a>: Mining District<table><tr><td>Feature group</td><td>Mineral Region</td></tr><tr><td>Location</td><td>Polk, TN</td></tr><tr><td>Commodity</td><td>copper; cobalt; iron; zinc; lead; silver; gold</td></tr></table>",Eastern Cherokee Reservation,1,FALSE,TRUE,1,0
76,Ruby Creek Zone,copper; cobalt,Deposit,"<a href=""https://mrdata.usgs.gov/deposit/html/Co-Mo00550"">Ruby Creek Zone</a>: Deposit<table><tr><td>Feature group</td><td>Mineral Occurrence</td></tr><tr><td>Location</td><td>Northwest Arctic, AK</td></tr><tr><td>Commodity</td><td>copper; cobalt</td></tr></table>",Ambler ANVSA; Kobuk ANVSA; Shungnak ANVSA,3,FALSE,TRUE,1,1
77,South Reef Zone,copper; cobalt,Deposit,"<a href=""https://mrdata.usgs.gov/deposit/html/Co-Mo00571"">South Reef Zone</a>: Deposit<table><tr><td>Feature group</td><td>Mineral Occurrence</td></tr><tr><td>Location</td><td>Northwest Arctic, AK</td></tr><tr><td>Commodity</td><td>copper; cobalt</td></tr></table>",Ambler ANVSA; Kobuk ANVSA; Shungnak ANVSA,3,FALSE,TRUE,1,1
78,Ambler District,cobalt; copper,Mining District,"<a href=""https://mrdata.usgs.gov/deposit/html/Co-Mr00061"">Ambler District</a>: Mining District<table><tr><td>Feature group</td><td>Mineral Region</td></tr><tr><td>Location</td><td>Northwest Arctic, AK</td></tr><tr><td>Commodity</td><td>cobalt; copper</td></tr></table>",Kobuk ANVSA; Shungnak ANVSA,2,FALSE,TRUE,1,1
79,West Tripod Body,cobalt; nickel; copper,Deposit,"<a href=""https://mrdata.usgs.gov/deposit/html/Co-Mo00729"">West Tripod Body</a>: Deposit<table><tr><td>Feature group</td><td>Mineral Occurrence</td></tr><tr><td>Location</td><td>Hoonah-Argoon, AK</td></tr><tr><td>Commodity</td><td>cobalt; nickel; copper</td></tr></table>",,0,FALSE,FALSE,0,0
80,East Tripod Body,cobalt; nickel; copper,Deposit,"<a href=""https://mrdata.usgs.gov/deposit/html/Co-Mo00730"">East Tripod Body</a>: Deposit<table><tr><td>Feature group</td><td>Mineral Occurrence</td></tr><tr><td>Location</td><td>Hoonah-Argoon, AK</td></tr><tr><td>Commodity</td><td>cobalt; nickel; copper</td></tr></table>",,0,FALSE,FALSE,0,0
81,Tunnel Body,cobalt; nickel; copper,Deposit,"<a href=""https://mrdata.usgs.gov/deposit/html/Co-Mo00731"">Tunnel Body</a>: Deposit<table><tr><td>Feature group</td><td>Mineral Occurrence</td></tr><tr><td>Location</td><td>Hoonah-Argoon, AK</td></tr><tr><td>Commodity</td><td>cobalt; nickel; copper</td></tr></table>",,0,FALSE,FALSE,0,0
82,Side Hill Body,cobalt; nickel; copper,Deposit,"<a href=""https://mrdata.usgs.gov/deposit/html/Co-Mo00732"">Side Hill Body</a>: Deposit<table><tr><td>Feature group</td><td>Mineral Occurrence</td></tr><tr><td>Location</td><td>Hoonah-Argoon, AK</td></tr><tr><td>Commodity</td><td>cobalt; nickel; copper</td></tr></table>",,0,FALSE,FALSE,0,0
83,North Muskeg Body,cobalt; nickel; copper,Deposit,"<a href=""https://mrdata.usgs.gov/deposit/html/Co-Mo00733"">North Muskeg Body</a>: Deposit<table><tr><td>Feature group</td><td>Mineral Occurrence</td></tr><tr><td>Location</td><td>Hoonah-Argoon, AK</td></tr><tr><td>Commodity</td><td>cobalt; nickel; copper</td></tr></table>",,0,FALSE,FALSE,0,0
84,South Muskeg Body,cobalt; nickel; copper,Deposit,"<a href=""https://mrdata.usgs.gov/deposit/html/Co-Mo00734"">South Muskeg Body</a>: Deposit<table><tr><td>Feature group</td><td>Mineral Occurrence</td></tr><tr><td>Location</td><td>Hoonah-Argoon, AK</td></tr><tr><td>Commodity</td><td>cobalt; nickel; copper</td></tr></table>",,0,FALSE,FALSE,0,0
85,North Takanis Body,cobalt; nickel; copper,Deposit,"<a href=""https://mrdata.usgs.gov/deposit/html/Co-Mo00735"">North Takanis Body</a>: Deposit<table><tr><td>Feature group</td><td>Mineral Occurrence</td></tr><tr><td>Location</td><td>Hoonah-Argoon, AK</td></tr><tr><td>Commodity</td><td>cobalt; nickel; copper</td></tr></table>",,0,FALSE,FALSE,0,0
86,South Takanis Body,cobalt; nickel; copper,Deposit,"<a href=""https://mrdata.usgs.gov/deposit/html/Co-Mo00736"">South Takanis Body</a>: Deposit<table><tr><td>Feature group</td><td>Mineral Occurrence</td></tr><tr><td>Location</td><td>Hoonah-Argoon, AK</td></tr><tr><td>Commodity</td><td>cobalt; nickel; copper</td></tr></table>",,0,FALSE,FALSE,0,0
87,Chichagof District,cobalt; nickel; copper,Mining District,"<a href=""https://mrdata.usgs.gov/deposit/html/Co-Mr00144"">Chichagof District</a>: Mining District<table><tr><td>Feature group</td><td>Mineral Region</td></tr><tr><td>Location</td><td>Hoonah-Argoon; Sitka, AK</td></tr><tr><td>Commodity</td><td>cobalt; nickel; copper</td></tr></table>",Angoon ANVSA; Hoonah ANVSA,2,FALSE,TRUE,1,1
88,Brady Glacier,cobalt; nickel; copper,Deposit,"<a href=""https://mrdata.usgs.gov/deposit/html/Co-Mo00737"">Brady Glacier</a>: Deposit<table><tr><td>Feature group</td><td>Mineral Occurrence</td></tr><tr><td>Location</td><td>Hoonah-Argoon, AK</td></tr><tr><td>Commodity</td><td>cobalt; nickel; copper</td></tr></table>",,0,FALSE,FALSE,0,0
89,Pine Flat,nickel; cobalt,Deposit,"<a href=""https://mrdata.usgs.gov/deposit/html/Co-Mo00761"">Pine Flat</a>: Deposit<table><tr><td>Feature group</td><td>Mineral Occurrence</td></tr><tr><td>Location</td><td>Del Norte, CA</td></tr><tr><td>Commodity</td><td>nickel; cobalt</td></tr></table>",Elk Valley Rancheria and Off-Reservation Trust Land; Karuk Reservation and Off-Reservation Trust Land; Resighini Rancheria; Smith River Rancheria and Off-Reservation Trust Land; Yurok Reservation,5,FALSE,TRUE,1,1
90,Gasquet,cobalt; nickel; chromium,Deposit,"<a href=""https://mrdata.usgs.gov/deposit/html/Co-Mo00775"">Gasquet</a>: Deposit<table><tr><td>Feature group</td><td>Mineral Occurrence</td></tr><tr><td>Location</td><td>Del Norte, CA</td></tr><tr><td>Commodity</td><td>cobalt; nickel; chromium</td></tr></table>",Elk Valley Rancheria and Off-Reservation Trust Land; Karuk Reservation and Off-Reservation Trust Land; Resighini Rancheria; Smith River Rancheria and Off-Reservation Trust Land; Yurok Reservation,5,FALSE,TRUE,1,1
91,Blackbird Mine,cobalt; copper; gold; silver,Underground Workings,"<a href=""https://mrdata.usgs.gov/deposit/html/Co-Mf00284"">Blackbird Mine</a>: Underground Workings<table><tr><td>Feature group</td><td>Mine Feature</td></tr><tr><td>Location</td><td>Lemhi, ID</td></tr><tr><td>Commodity</td><td>cobalt; copper; gold; silver</td></tr></table>",,0,FALSE,FALSE,0,0
92,Blackbird,cobalt; copper; gold; silver,Deposit,"<a href=""https://mrdata.usgs.gov/deposit/html/Co-Mo00628"">Blackbird</a>: Deposit<table><tr><td>Feature group</td><td>Mineral Occurrence</td></tr><tr><td>Location</td><td>Lemhi, ID</td></tr><tr><td>Commodity</td><td>cobalt; copper; gold; silver</td></tr></table>",,0,FALSE,FALSE,0,0
93,Ram,cobalt; gold; copper,Deposit,"<a href=""https://mrdata.usgs.gov/deposit/html/Co-Mo00716"">Ram</a>: Deposit<table><tr><td>Feature group</td><td>Mineral Occurrence</td></tr><tr><td>Location</td><td>Lemhi, ID</td></tr><tr><td>Commodity</td><td>cobalt; gold; copper</td></tr></table>",,0,FALSE,FALSE,0,0
94,Sunshine,cobalt; gold; copper,Deposit,"<a href=""https://mrdata.usgs.gov/deposit/html/Co-Mo00717"">Sunshine</a>: Deposit<table><tr><td>Feature group</td><td>Mineral Occurrence</td></tr><tr><td>Location</td><td>Lemhi, ID</td></tr><tr><td>Commodity</td><td>cobalt; gold; copper</td></tr></table>",,0,FALSE,FALSE,0,0
95,Sulfate Zone,copper; cobalt; iron,Prospect,"<a href=""https://mrdata.usgs.gov/deposit/html/Co-Mo00750"">Sulfate Zone</a>: Prospect<table><tr><td>Feature group</td><td>Mineral Occurrence</td></tr><tr><td>Location</td><td>Lemhi, ID</td></tr><tr><td>Commodity</td><td>copper; cobalt; iron</td></tr></table>",,0,FALSE,FALSE,0,0
96,No Name Zone,copper; cobalt; iron,Deposit,"<a href=""https://mrdata.usgs.gov/deposit/html/Co-Mo00751"">No Name Zone</a>: Deposit<table><tr><td>Feature group</td><td>Mineral Occurrence</td></tr><tr><td>Location</td><td>Lemhi, ID</td></tr><tr><td>Commodity</td><td>copper; cobalt; iron</td></tr></table>",,0,FALSE,FALSE,0,0
97,Footwall No Name Zone,copper; cobalt,Prospect,"<a href=""https://mrdata.usgs.gov/deposit/html/Co-Mo00752"">Footwall No Name Zone</a>: Prospect<table><tr><td>Feature group</td><td>Mineral Occurrence</td></tr><tr><td>Location</td><td>Lemhi, ID</td></tr><tr><td>Commodity</td><td>copper; cobalt</td></tr></table>",,0,FALSE,FALSE,0,0
98,Jackass Zone,copper; cobalt; iron,Prospect,"<a href=""https://mrdata.usgs.gov/deposit/html/Co-Mo00753"">Jackass Zone</a>: Prospect<table><tr><td>Feature group</td><td>Mineral Occurrence</td></tr><tr><td>Location</td><td>Lemhi, ID</td></tr><tr><td>Commodity</td><td>copper; cobalt; iron</td></tr></table>",,0,FALSE,FALSE,0,0
99,Salmon Canyon,copper; cobalt; gold; silver,Deposit,"<a href=""https://mrdata.usgs.gov/deposit/html/Co-Mo00738"">Salmon Canyon</a>: Deposit<table><tr><td>Feature group</td><td>Mineral Occurrence</td></tr><tr><td>Location</td><td>Lemhi, ID</td></tr><tr><td>Commodity</td><td>copper; cobalt; gold; silver</td></tr></table>",,0,FALSE,FALSE,0,0
100,Blackbird District,copper; cobalt; gold; silver; iron,Mining District,"<a href=""https://mrdata.usgs.gov/deposit/html/Co-Mr00145"">Blackbird District</a>: Mining District<table><tr><td>Feature group</td><td>Mineral Region</td></tr><tr><td>Location</td><td>Lemhi, ID</td></tr><tr><td>Commodity</td><td>copper; cobalt; gold; silver; iron</td></tr></table>",,0,FALSE,FALSE,0,0
101,Union,cobalt; nickel; copper,Deposit,"<a href=""https://mrdata.usgs.gov/deposit/html/Co-Mo00770"">Union</a>: Deposit<table><tr><td>Feature group</td><td>Mineral Occurrence</td></tr><tr><td>Location</td><td>Knox, ME</td></tr><tr><td>Commodity</td><td>cobalt; nickel; copper</td></tr></table>",,0,FALSE,FALSE,0,0
102,Warren,cobalt; nickel,Deposit,"<a href=""https://mrdata.usgs.gov/deposit/html/Co-Mo00771"">Warren</a>: Deposit<table><tr><td>Feature group</td><td>Mineral Occurrence</td></tr><tr><td>Location</td><td>Knox, ME</td></tr><tr><td>Commodity</td><td>cobalt; nickel</td></tr></table>",,0,FALSE,FALSE,0,0
103,Eagle Mine,nickel; copper; cobalt; gold; silver; platinum; palladium,Portal Mine,"<a href=""https://mrdata.usgs.gov/deposit/html/Co-Mf00280"">Eagle Mine</a>: Portal Mine<table><tr><td>Feature group</td><td>Mine Feature</td></tr><tr><td>Location</td><td>Marquette, MI</td></tr><tr><td>Commodity</td><td>nickel; copper; cobalt; gold; silver; platinum; palladium</td></tr></table>",L'Anse Reservation and Off-Reservation Trust Land; Sault Ste. Marie Reservation and Off-Reservation Trust Land,2,FALSE,TRUE,1,1
104,Eagle,nickel; copper; cobalt; gold; silver; platinum; palladium,Deposit,"<a href=""https://mrdata.usgs.gov/deposit/html/Co-Mo00362"">Eagle</a>: Deposit<table><tr><td>Feature group</td><td>Mineral Occurrence</td></tr><tr><td>Location</td><td>Marquette, MI</td></tr><tr><td>Commodity</td><td>nickel; copper; cobalt; gold; silver; platinum; palladium</td></tr></table>",L'Anse Reservation and Off-Reservation Trust Land; Sault Ste. Marie Reservation and Off-Reservation Trust Land,2,FALSE,TRUE,1,1
105,Eagle East,nickel; copper; cobalt; gold; silver; platinum; palladium,Deposit,"<a href=""https://mrdata.usgs.gov/deposit/html/Co-Mo00363"">Eagle East</a>: Deposit<table><tr><td>Feature group</td><td>Mineral Occurrence</td></tr><tr><td>Location</td><td>Marquette, MI</td></tr><tr><td>Commodity</td><td>nickel; copper; cobalt; gold; silver; platinum; palladium</td></tr></table>",L'Anse Reservation and Off-Reservation Trust Land; Sault Ste. Marie Reservation and Off-Reservation Trust Land,2,FALSE,TRUE,1,1
106,NorthMet,copper; nickel; platinum; palladium; gold; cobalt; silver,Deposit,"<a href=""https://mrdata.usgs.gov/deposit/html/Co-Mo00746"">NorthMet</a>: Deposit<table><tr><td>Feature group</td><td>Mineral Occurrence</td></tr><tr><td>Location</td><td>St. Louis, MN</td></tr><tr><td>Commodity</td><td>copper; nickel; platinum; palladium; gold; cobalt; silver</td></tr></table>",Bois Forte Reservation and Off-Reservation Trust Land; Minnesota Chippewa Trust Land,2,FALSE,TRUE,1,1
107,Birch Lake,copper; nickel; platinum; palladium; gold,Deposit,"<a href=""https://mrdata.usgs.gov/deposit/html/Co-Mo00719"">Birch Lake</a>: Deposit<table><tr><td>Feature group</td><td>Mineral Occurrence</td></tr><tr><td>Location</td><td>St. Louis; Lake, MN</td></tr><tr><td>Commodity</td><td>copper; nickel; platinum; palladium; gold</td></tr></table>",Bois Forte Reservation and Off-Reservation Trust Land; Minnesota Chippewa Trust Land,2,FALSE,TRUE,1,1
108,Maturi Southwest,copper; nickel; platinum; palladium; gold; silver; cobalt,Deposit,"<a href=""https://mrdata.usgs.gov/deposit/html/Co-Mo00720"">Maturi Southwest</a>: Deposit<table><tr><td>Feature group</td><td>Mineral Occurrence</td></tr><tr><td>Location</td><td>Lake, MN</td></tr><tr><td>Commodity</td><td>copper; nickel; platinum; palladium; gold; silver; cobalt</td></tr></table>",Bois Forte Reservation and Off-Reservation Trust Land; Minnesota Chippewa Trust Land,2,FALSE,TRUE,1,1
109,Maturi,copper; nickel; platinum; palladium; gold; silver; cobalt,Deposit,"<a href=""https://mrdata.usgs.gov/deposit/html/Co-Mo00721"">Maturi</a>: Deposit<table><tr><td>Feature group</td><td>Mineral Occurrence</td></tr><tr><td>Location</td><td>Lake, MN</td></tr><tr><td>Commodity</td><td>copper; nickel; platinum; palladium; gold; silver; cobalt</td></tr></table>",Bois Forte Reservation and Off-Reservation Trust Land,1,FALSE,TRUE,1,0
110,Spruce Road,copper; nickel,Deposit,"<a href=""https://mrdata.usgs.gov/deposit/html/Co-Mo00722"">Spruce Road</a>: Deposit<table><tr><td>Feature group</td><td>Mineral Occurrence</td></tr><tr><td>Location</td><td>Lake, MN</td></tr><tr><td>Commodity</td><td>copper; nickel</td></tr></table>",Bois Forte Reservation and Off-Reservation Trust Land,1,FALSE,TRUE,1,0
111,Mesaba,cobalt,Deposit,"<a href=""https://mrdata.usgs.gov/deposit/html/Co-Mo00747"">Mesaba</a>: Deposit<table><tr><td>Feature group</td><td>Mineral Occurrence</td></tr><tr><td>Location</td><td>St. Louis, MN</td></tr><tr><td>Commodity</td><td>cobalt</td></tr></table>",Bois Forte Reservation and Off-Reservation Trust Land; Minnesota Chippewa Trust Land,2,FALSE,TRUE,1,1
112,164 Zone,nickel; copper; cobalt; platinum; palladium; gold,Prospect,"<a href=""https://mrdata.usgs.gov/deposit/html/Co-Mo00739"">164 Zone</a>: Prospect<table><tr><td>Feature group</td><td>Mineral Occurrence</td></tr><tr><td>Location</td><td>Aitkin, MN</td></tr><tr><td>Commodity</td><td>nickel; copper; cobalt; platinum; palladium; gold</td></tr></table>",Fond du Lac Reservation and Off-Reservation Trust Land; Mille Lacs Reservation and Off-Reservation Trust Land,2,FALSE,TRUE,1,1
113,138 Zone,nickel; copper; cobalt; platinum; palladium; gold,Deposit,"<a href=""https://mrdata.usgs.gov/deposit/html/Co-Mo00740"">138 Zone</a>: Deposit<table><tr><td>Feature group</td><td>Mineral Occurrence</td></tr><tr><td>Location</td><td>Aitkin, MN</td></tr><tr><td>Commodity</td><td>nickel; copper; cobalt; platinum; palladium; gold</td></tr></table>",Fond du Lac Reservation and Off-Reservation Trust Land; Mille Lacs Reservation and Off-Reservation Trust Land,2,FALSE,TRUE,1,1
114,SMSU Zone,nickel; copper; cobalt; platinum; palladium; gold,Deposit,"<a href=""https://mrdata.usgs.gov/deposit/html/Co-Mo00741"">SMSU Zone</a>: Deposit<table><tr><td>Feature group</td><td>Mineral Occurrence</td></tr><tr><td>Location</td><td>Aitkin, MN</td></tr><tr><td>Commodity</td><td>nickel; copper; cobalt; platinum; palladium; gold</td></tr></table>",Fond du Lac Reservation and Off-Reservation Trust Land; Mille Lacs Reservation and Off-Reservation Trust Land,2,FALSE,TRUE,1,1
115,MSU Zone,nickel; copper; cobalt; platinum; palladium; gold,Deposit,"<a href=""https://mrdata.usgs.gov/deposit/html/Co-Mo00742"">MSU Zone</a>: Deposit<table><tr><td>Feature group</td><td>Mineral Occurrence</td></tr><tr><td>Location</td><td>Aitkin, MN</td></tr><tr><td>Commodity</td><td>nickel; copper; cobalt; platinum; palladium; gold</td></tr></table>",Fond du Lac Reservation and Off-Reservation Trust Land; Mille Lacs Reservation and Off-Reservation Trust Land,2,FALSE,TRUE,1,1
116,CGO Bend Zone,nickel; copper; cobalt; platinum; palladium; gold,Prospect,"<a href=""https://mrdata.usgs.gov/deposit/html/Co-Mo00743"">CGO Bend Zone</a>: Prospect<table><tr><td>Feature group</td><td>Mineral Occurrence</td></tr><tr><td>Location</td><td>Aitkin, MN</td></tr><tr><td>Commodity</td><td>nickel; copper; cobalt; platinum; palladium; gold</td></tr></table>",Fond du Lac Reservation and Off-Reservation Trust Land; Mille Lacs Reservation and Off-Reservation Trust Land,2,FALSE,TRUE,1,1
117,480 Zone,nickel; copper; cobalt; platinum; palladium; gold,Prospect,"<a href=""https://mrdata.usgs.gov/deposit/html/Co-Mo00744"">480 Zone</a>: Prospect<table><tr><td>Feature group</td><td>Mineral Occurrence</td></tr><tr><td>Location</td><td>Aitkin, MN</td></tr><tr><td>Commodity</td><td>nickel; copper; cobalt; platinum; palladium; gold</td></tr></table>",Fond du Lac Reservation and Off-Reservation Trust Land; Mille Lacs Reservation and Off-Reservation Trust Land,2,FALSE,TRUE,1,1
118,221 Zone,nickel; copper; cobalt; platinum; palladium; gold,Prospect,"<a href=""https://mrdata.usgs.gov/deposit/html/Co-Mo00745"">221 Zone</a>: Prospect<table><tr><td>Feature group</td><td>Mineral Occurrence</td></tr><tr><td>Location</td><td>Aitkin, MN</td></tr><tr><td>Commodity</td><td>nickel; copper; cobalt; platinum; palladium; gold</td></tr></table>",Fond du Lac Reservation and Off-Reservation Trust Land; Mille Lacs Reservation and Off-Reservation Trust Land,2,FALSE,TRUE,1,1
119,Fredericktown District,cobalt; copper; lead; nickel; iron,Mining District,"<a href=""https://mrdata.usgs.gov/deposit/html/Co-Mr00036"">Fredericktown District</a>: Mining District<table><tr><td>Feature group</td><td>Mineral Region</td></tr><tr><td>Location</td><td>Madison; Perry; Bollinger, MO</td></tr><tr><td>Commodity</td><td>cobalt; copper; lead; nickel; iron</td></tr></table>",,0,FALSE,FALSE,0,0
120,Higdon,cobalt; copper; nickel; zinc,Deposit,"<a href=""https://mrdata.usgs.gov/deposit/html/Co-Mo00774"">Higdon</a>: Deposit<table><tr><td>Feature group</td><td>Mineral Occurrence</td></tr><tr><td>Location</td><td>Perry, MO</td></tr><tr><td>Commodity</td><td>cobalt; copper; nickel; zinc</td></tr></table>",,0,FALSE,FALSE,0,0
121,Madison Mine,lead; copper; nickel cobalt; iron,Underground Workings,"<a href=""https://mrdata.usgs.gov/deposit/html/Co-Mf00285"">Madison Mine</a>: Underground Workings<table><tr><td>Feature group</td><td>Mine Feature</td></tr><tr><td>Location</td><td>Madison, MO</td></tr><tr><td>Commodity</td><td>lead; copper; nickel cobalt; iron</td></tr></table>",,0,FALSE,FALSE,0,0
122,Madison,lead; copper; nickel cobalt; iron; silver,Deposit,"<a href=""https://mrdata.usgs.gov/deposit/html/Co-Mo00559"">Madison</a>: Deposit<table><tr><td>Feature group</td><td>Mineral Occurrence</td></tr><tr><td>Location</td><td>Madison, MO</td></tr><tr><td>Commodity</td><td>lead; copper; nickel cobalt; iron; silver</td></tr></table>",,0,FALSE,FALSE,0,0
123,Boss-Bixby,copper; cobalt; iron,Deposit,"<a href=""https://mrdata.usgs.gov/deposit/html/Co-Mo00560"">Boss-Bixby</a>: Deposit<table><tr><td>Feature group</td><td>Mineral Occurrence</td></tr><tr><td>Location</td><td>Dent; Iron, MO</td></tr><tr><td>Commodity</td><td>copper; cobalt; iron</td></tr></table>",,0,FALSE,FALSE,0,0
124,Johnny Lee Upper Zone,cobalt; copper; gold; silver; barite,Deposit,"<a href=""https://mrdata.usgs.gov/deposit/html/Co-Mo00754"">Johnny Lee Upper Zone</a>: Deposit<table><tr><td>Feature group</td><td>Mineral Occurrence</td></tr><tr><td>Location</td><td>Meagher, MT</td></tr><tr><td>Commodity</td><td>cobalt; copper; gold; silver; barite</td></tr></table>",,0,FALSE,FALSE,0,0
125,Johnny Lee Lower Zone,cobalt; copper; gold; silver; barite; lead; zinc,Deposit,"<a href=""https://mrdata.usgs.gov/deposit/html/Co-Mo00755"">Johnny Lee Lower Zone</a>: Deposit<table><tr><td>Feature group</td><td>Mineral Occurrence</td></tr><tr><td>Location</td><td>Meagher, MT</td></tr><tr><td>Commodity</td><td>cobalt; copper; gold; silver; barite; lead; zinc</td></tr></table>",,0,FALSE,FALSE,0,0
126,Lowry Middle Zone,cobalt; copper; gold; silver,Deposit,"<a href=""https://mrdata.usgs.gov/deposit/html/Co-Mo00756"">Lowry Middle Zone</a>: Deposit<table><tr><td>Feature group</td><td>Mineral Occurrence</td></tr><tr><td>Location</td><td>Meagher, MT</td></tr><tr><td>Commodity</td><td>cobalt; copper; gold; silver</td></tr></table>",,0,FALSE,FALSE,0,0
127,Lowry 0/1 Zone,cobalt; copper; gold; silver,Prospect,"<a href=""https://mrdata.usgs.gov/deposit/html/Co-Mo00757"">Lowry 0/1 Zone</a>: Prospect<table><tr><td>Feature group</td><td>Mineral Occurrence</td></tr><tr><td>Location</td><td>Meagher, MT</td></tr><tr><td>Commodity</td><td>cobalt; copper; gold; silver</td></tr></table>",,0,FALSE,FALSE,0,0
128,Lowry Lower Zone,cobalt; copper; gold; silver,Prospect,"<a href=""https://mrdata.usgs.gov/deposit/html/Co-Mo00758"">Lowry Lower Zone</a>: Prospect<table><tr><td>Feature group</td><td>Mineral Occurrence</td></tr><tr><td>Location</td><td>Meagher, MT</td></tr><tr><td>Commodity</td><td>cobalt; copper; gold; silver</td></tr></table>",,0,FALSE,FALSE,0,0
129,Lowry II Zone,cobalt; copper; gold; silver,Prospect,"<a href=""https://mrdata.usgs.gov/deposit/html/Co-Mo00759"">Lowry II Zone</a>: Prospect<table><tr><td>Feature group</td><td>Mineral Occurrence</td></tr><tr><td>Location</td><td>Meagher, MT</td></tr><tr><td>Commodity</td><td>cobalt; copper; gold; silver</td></tr></table>",,0,FALSE,FALSE,0,0
130,Lowry Upper Zone,cobalt; copper; gold; silver,Prospect,"<a href=""https://mrdata.usgs.gov/deposit/html/Co-Mo00760"">Lowry Upper Zone</a>: Prospect<table><tr><td>Feature group</td><td>Mineral Occurrence</td></tr><tr><td>Location</td><td>Meagher, MT</td></tr><tr><td>Commodity</td><td>cobalt; copper; gold; silver</td></tr></table>",,0,FALSE,FALSE,0,0
131,Smith River District,cobalt; copper; gold; silver; barite; lead; zinc,Mining District,"<a href=""https://mrdata.usgs.gov/deposit/html/Co-Mr00148"">Smith River District</a>: Mining District<table><tr><td>Feature group</td><td>Mineral Region</td></tr><tr><td>Location</td><td>Meagher, MT</td></tr><tr><td>Commodity</td><td>cobalt; copper; gold; silver; barite; lead; zinc</td></tr></table>",,0,FALSE,FALSE,0,0
132,Webster District,nickel; cobalt,Mining District,"<a href=""https://mrdata.usgs.gov/deposit/html/Co-Mr00047"">Webster District</a>: Mining District<table><tr><td>Feature group</td><td>Mineral Region</td></tr><tr><td>Location</td><td>Jackson, NC</td></tr><tr><td>Commodity</td><td>nickel; cobalt</td></tr></table>",Eastern Cherokee Reservation,1,FALSE,TRUE,1,0
133,Black Hawk Mine,cobalt; nickel; zinc; silver; copper; gold; uranium,Mine Shaft,"<a href=""https://mrdata.usgs.gov/deposit/html/Co-Mf00579"">Black Hawk Mine</a>: Mine Shaft<table><tr><td>Feature group</td><td>Mine Feature</td></tr><tr><td>Location</td><td>Grant, NM</td></tr><tr><td>Commodity</td><td>cobalt; nickel; zinc; silver; copper; gold; uranium</td></tr></table>",,0,FALSE,FALSE,0,0
134,Black Hawk,cobalt; nickel; zinc; silver; copper; gold; uranium,Deposit,"<a href=""https://mrdata.usgs.gov/deposit/html/Co-Mo00773"">Black Hawk</a>: Deposit<table><tr><td>Feature group</td><td>Mineral Occurrence</td></tr><tr><td>Location</td><td>Grant, NM</td></tr><tr><td>Commodity</td><td>cobalt; nickel; zinc; silver; copper; gold; uranium</td></tr></table>",,0,FALSE,FALSE,0,0
135,Black Hawk District,cobalt; nickel; zinc; silver; copper; gold; uranium,Mining District,"<a href=""https://mrdata.usgs.gov/deposit/html/Co-Mr00154"">Black Hawk District</a>: Mining District<table><tr><td>Feature group</td><td>Mineral Region</td></tr><tr><td>Location</td><td>Grant, NM</td></tr><tr><td>Commodity</td><td>cobalt; nickel; zinc; silver; copper; gold; uranium</td></tr></table>",,0,FALSE,FALSE,0,0
136,Turner,gold; copper; silver; zinc; cobalt,Deposit,"<a href=""https://mrdata.usgs.gov/deposit/html/Co-Mo00748"">Turner</a>: Deposit<table><tr><td>Feature group</td><td>Mineral Occurrence</td></tr><tr><td>Location</td><td>Josephine, OR</td></tr><tr><td>Commodity</td><td>gold; copper; silver; zinc; cobalt</td></tr></table>",Elk Valley Rancheria and Off-Reservation Trust Land; Karuk Reservation and Off-Reservation Trust Land; Smith River Rancheria and Off-Reservation Trust Land; Yurok Reservation,4,FALSE,TRUE,1,1
137,Eight Dollar Mountain,nickel; cobalt; chromium,Deposit,"<a href=""https://mrdata.usgs.gov/deposit/html/Co-Mo00561"">Eight Dollar Mountain</a>: Deposit<table><tr><td>Feature group</td><td>Mineral Occurrence</td></tr><tr><td>Location</td><td>Josephine, OR</td></tr><tr><td>Commodity</td><td>nickel; cobalt; chromium</td></tr></table>",Karuk Reservation and Off-Reservation Trust Land; Smith River Rancheria and Off-Reservation Trust Land,2,FALSE,TRUE,1,1
138,Eight Dollar Mountain,nickel; cobalt; chromium,Deposit,"<a href=""https://mrdata.usgs.gov/deposit/html/Co-Mr00155"">Eight Dollar Mountain</a>: Deposit<table><tr><td>Feature group</td><td>Mineral Region</td></tr><tr><td>Location</td><td>Josephine, OR</td></tr><tr><td>Commodity</td><td>nickel; cobalt; chromium</td></tr></table>",Karuk Reservation and Off-Reservation Trust Land; Smith River Rancheria and Off-Reservation Trust Land,2,FALSE,TRUE,1,1
139,Nickel Mountain Mine,nickel; cobalt,Open Pit Mine,"<a href=""https://mrdata.usgs.gov/deposit/html/Co-Mf00577"">Nickel Mountain Mine</a>: Open Pit Mine<table><tr><td>Feature group</td><td>Mine Feature</td></tr><tr><td>Location</td><td>Douglas, OR</td></tr><tr><td>Commodity</td><td>nickel; cobalt</td></tr></table>",Coquille Reservation and Off-Reservation Trust Land; Cow Creek Reservation,2,FALSE,TRUE,1,1
140,Nickel Mountain,nickel; cobalt,Deposit,"<a href=""https://mrdata.usgs.gov/deposit/html/Co-Mo00767"">Nickel Mountain</a>: Deposit<table><tr><td>Feature group</td><td>Mineral Occurrence</td></tr><tr><td>Location</td><td>Douglas, OR</td></tr><tr><td>Commodity</td><td>nickel; cobalt</td></tr></table>",Coquille Reservation and Off-Reservation Trust Land; Cow Creek Reservation,2,FALSE,TRUE,1,1
141,Cornwall Mine,iron; copper; sulfur; cobalt; gold; silver,Open Pit Mine,"<a href=""https://mrdata.usgs.gov/deposit/html/Co-Mf00574"">Cornwall Mine</a>: Open Pit Mine<table><tr><td>Feature group</td><td>Mine Feature</td></tr><tr><td>Location</td><td>Lebanon, PA</td></tr><tr><td>Commodity</td><td>iron; copper; sulfur; cobalt; gold; silver</td></tr></table>",,0,FALSE,FALSE,0,0
142,Cornwall,iron; copper; sulfur; cobalt; gold; silver,Deposit,"<a href=""https://mrdata.usgs.gov/deposit/html/Co-Mo00749"">Cornwall</a>: Deposit<table><tr><td>Feature group</td><td>Mineral Occurrence</td></tr><tr><td>Location</td><td>Lebanon, PA</td></tr><tr><td>Commodity</td><td>iron; copper; sulfur; cobalt; gold; silver</td></tr></table>",,0,FALSE,FALSE,0,0
143,Guanajibo,cobalt; chromium; iron; nickel,Deposit,"<a href=""https://mrdata.usgs.gov/deposit/html/Co-Mo00629"">Guanajibo</a>: Deposit<table><tr><td>Feature group</td><td>Mineral Occurrence</td></tr><tr><td>Location</td><td>Cabo Rojo, PR</td></tr><tr><td>Commodity</td><td>cobalt; chromium; iron; nickel</td></tr></table>",,0,FALSE,FALSE,0,0
144,Punta Guanajibo,cobalt; chromium; iron; nickel,Deposit,"<a href=""https://mrdata.usgs.gov/deposit/html/Co-Mo00630"">Punta Guanajibo</a>: Deposit<table><tr><td>Feature group</td><td>Mineral Occurrence</td></tr><tr><td>Location</td><td>Cabo Rojo, PR</td></tr><tr><td>Commodity</td><td>cobalt; chromium; iron; nickel</td></tr></table>",,0,FALSE,FALSE,0,0
145,Las Mesas,cobalt; chromium; iron; nickel,Deposit,"<a href=""https://mrdata.usgs.gov/deposit/html/Co-Mo00631"">Las Mesas</a>: Deposit<table><tr><td>Feature group</td><td>Mineral Occurrence</td></tr><tr><td>Location</td><td>Mayaguez, PR</td></tr><tr><td>Commodity</td><td>cobalt; chromium; iron; nickel</td></tr></table>",,0,FALSE,FALSE,0,0
146,North deposit,cobalt; chromium; iron; nickel,Deposit,"<a href=""https://mrdata.usgs.gov/deposit/html/Co-Mo00632"">North deposit</a>: Deposit<table><tr><td>Feature group</td><td>Mineral Occurrence</td></tr><tr><td>Location</td><td>Maricao; San German, PR</td></tr><tr><td>Commodity</td><td>cobalt; chromium; iron; nickel</td></tr></table>",,0,FALSE,FALSE,0,0
147,South deposit,cobalt; chromium; iron; nickel,Deposit,"<a href=""https://mrdata.usgs.gov/deposit/html/Co-Mo00633"">South deposit</a>: Deposit<table><tr><td>Feature group</td><td>Mineral Occurrence</td></tr><tr><td>Location</td><td>Maricao; San German, PR</td></tr><tr><td>Commodity</td><td>cobalt; chromium; iron; nickel</td></tr></table>",,0,FALSE,FALSE,0,0
148,West deposit,cobalt; chromium; iron; nickel,Deposit,"<a href=""https://mrdata.usgs.gov/deposit/html/Co-Mo00634"">West deposit</a>: Deposit<table><tr><td>Feature group</td><td>Mineral Occurrence</td></tr><tr><td>Location</td><td>Maricao; San German, PR</td></tr><tr><td>Commodity</td><td>cobalt; chromium; iron; nickel</td></tr></table>",,0,FALSE,FALSE,0,0
149,East deposit,cobalt; chromium; iron; nickel,Deposit,"<a href=""https://mrdata.usgs.gov/deposit/html/Co-Mo00635"">East deposit</a>: Deposit<table><tr><td>Feature group</td><td>Mineral Occurrence</td></tr><tr><td>Location</td><td>Maricao; San German, PR</td></tr><tr><td>Commodity</td><td>cobalt; chromium; iron; nickel</td></tr></table>",,0,FALSE,FALSE,0,0
150,Ducktown District,copper; cobalt; iron; zinc; lead; silver; gold,Mining District,"<a href=""https://mrdata.usgs.gov/deposit/html/Co-Mr00037"">Ducktown District</a>: Mining District<table><tr><td>Feature group</td><td>Mineral Region</td></tr><tr><td>Location</td><td>Polk, TN</td></tr><tr><td>Commodity</td><td>copper; cobalt; iron; zinc; lead; silver; gold</td></tr></table>",Eastern Cherokee Reservation,1,FALSE,TRUE,1,0
151,"Smackover-Lanxess, BSW-4S",bromine,Well,"<a href=""https://mrdata.usgs.gov/deposit/html/Li-Mf00293"">Smackover-Lanxess, BSW-4S</a>: Well<table><tr><td>Feature group</td><td>Mine Feature</td></tr><tr><td>Location</td><td>Union, AR</td></tr><tr><td>Commodity</td><td>bromine</td></tr></table>",,0,FALSE,FALSE,0,0
152,"Smackover-Lanxess, BSW-5S",bromine,Well,"<a href=""https://mrdata.usgs.gov/deposit/html/Li-Mf00294"">Smackover-Lanxess, BSW-5S</a>: Well<table><tr><td>Feature group</td><td>Mine Feature</td></tr><tr><td>Location</td><td>Union, AR</td></tr><tr><td>Commodity</td><td>bromine</td></tr></table>",,0,FALSE,FALSE,0,0
153,"Smackover-Lanxess, BSW-10S",bromine,Well,"<a href=""https://mrdata.usgs.gov/deposit/html/Li-Mf00295"">Smackover-Lanxess, BSW-10S</a>: Well<table><tr><td>Feature group</td><td>Mine Feature</td></tr><tr><td>Location</td><td>Union, AR</td></tr><tr><td>Commodity</td><td>bromine</td></tr></table>",,0,FALSE,FALSE,0,0
154,"Smackover-Lanxess, BSW-20S",bromine,Well,"<a href=""https://mrdata.usgs.gov/deposit/html/Li-Mf00296"">Smackover-Lanxess, BSW-20S</a>: Well<table><tr><td>Feature group</td><td>Mine Feature</td></tr><tr><td>Location</td><td>Union, AR</td></tr><tr><td>Commodity</td><td>bromine</td></tr></table>",,0,FALSE,FALSE,0,0
155,"Smackover-Lanxess, BSW-21S",bromine,Well,"<a href=""https://mrdata.usgs.gov/deposit/html/Li-Mf00297"">Smackover-Lanxess, BSW-21S</a>: Well<table><tr><td>Feature group</td><td>Mine Feature</td></tr><tr><td>Location</td><td>Union, AR</td></tr><tr><td>Commodity</td><td>bromine</td></tr></table>",,0,FALSE,FALSE,0,0
156,"Smackover-Lanxess, BSW-13",bromine,Well,"<a href=""https://mrdata.usgs.gov/deposit/html/Li-Mf00298"">Smackover-Lanxess, BSW-13</a>: Well<table><tr><td>Feature group</td><td>Mine Feature</td></tr><tr><td>Location</td><td>Union, AR</td></tr><tr><td>Commodity</td><td>bromine</td></tr></table>",,0,FALSE,FALSE,0,0
157,"Smackover-Lanxess, BSW-14",bromine,Well,"<a href=""https://mrdata.usgs.gov/deposit/html/Li-Mf00299"">Smackover-Lanxess, BSW-14</a>: Well<table><tr><td>Feature group</td><td>Mine Feature</td></tr><tr><td>Location</td><td>Union, AR</td></tr><tr><td>Commodity</td><td>bromine</td></tr></table>",,0,FALSE,FALSE,0,0
158,"Smackover-Lanxess, BSW-15",bromine,Well,"<a href=""https://mrdata.usgs.gov/deposit/html/Li-Mf00300"">Smackover-Lanxess, BSW-15</a>: Well<table><tr><td>Feature group</td><td>Mine Feature</td></tr><tr><td>Location</td><td>Union, AR</td></tr><tr><td>Commodity</td><td>bromine</td></tr></table>",,0,FALSE,FALSE,0,0
159,"Smackover-Lanxess, Spencer 1",bromine,Well,"<a href=""https://mrdata.usgs.gov/deposit/html/Li-Mf00301"">Smackover-Lanxess, Spencer 1</a>: Well<table><tr><td>Feature group</td><td>Mine Feature</td></tr><tr><td>Location</td><td>Union, AR</td></tr><tr><td>Commodity</td><td>bromine</td></tr></table>",,0,FALSE,FALSE,0,0
160,"Smackover-Lanxess, H. Carroll 1",bromine,Well,"<a href=""https://mrdata.usgs.gov/deposit/html/Li-Mf00302"">Smackover-Lanxess, H. Carroll 1</a>: Well<table><tr><td>Feature group</td><td>Mine Feature</td></tr><tr><td>Location</td><td>Union, AR</td></tr><tr><td>Commodity</td><td>bromine</td></tr></table>",,0,FALSE,FALSE,0,0
161,"Smackover-Lanxess, Joy Kadison 2",bromine,Well,"<a href=""https://mrdata.usgs.gov/deposit/html/Li-Mf00303"">Smackover-Lanxess, Joy Kadison 2</a>: Well<table><tr><td>Feature group</td><td>Mine Feature</td></tr><tr><td>Location</td><td>Union, AR</td></tr><tr><td>Commodity</td><td>bromine</td></tr></table>",,0,FALSE,FALSE,0,0
162,"Smackover-Lanxess, BSW-5M",bromine,Well,"<a href=""https://mrdata.usgs.gov/deposit/html/Li-Mf00306"">Smackover-Lanxess, BSW-5M</a>: Well<table><tr><td>Feature group</td><td>Mine Feature</td></tr><tr><td>Location</td><td>Union, AR</td></tr><tr><td>Commodity</td><td>bromine</td></tr></table>",,0,FALSE,FALSE,0,0
163,"Smackover-Lanxess, BSW-6M",bromine,Well,"<a href=""https://mrdata.usgs.gov/deposit/html/Li-Mf00307"">Smackover-Lanxess, BSW-6M</a>: Well<table><tr><td>Feature group</td><td>Mine Feature</td></tr><tr><td>Location</td><td>Union, AR</td></tr><tr><td>Commodity</td><td>bromine</td></tr></table>",,0,FALSE,FALSE,0,0
164,"Smackover-Lanxess, BSW-7M",bromine,Well,"<a href=""https://mrdata.usgs.gov/deposit/html/Li-Mf00308"">Smackover-Lanxess, BSW-7M</a>: Well<table><tr><td>Feature group</td><td>Mine Feature</td></tr><tr><td>Location</td><td>Union, AR</td></tr><tr><td>Commodity</td><td>bromine</td></tr></table>",,0,FALSE,FALSE,0,0
165,"Smackover-Lanxess, BSW-A8M",bromine,Well,"<a href=""https://mrdata.usgs.gov/deposit/html/Li-Mf00309"">Smackover-Lanxess, BSW-A8M</a>: Well<table><tr><td>Feature group</td><td>Mine Feature</td></tr><tr><td>Location</td><td>Union, AR</td></tr><tr><td>Commodity</td><td>bromine</td></tr></table>",,0,FALSE,FALSE,0,0
166,"Smackover-Lanxess, BSW-10M",bromine,Well,"<a href=""https://mrdata.usgs.gov/deposit/html/Li-Mf00310"">Smackover-Lanxess, BSW-10M</a>: Well<table><tr><td>Feature group</td><td>Mine Feature</td></tr><tr><td>Location</td><td>Union, AR</td></tr><tr><td>Commodity</td><td>bromine</td></tr></table>",,0,FALSE,FALSE,0,0
167,"Smackover-Lanxess, BSW-12M",bromine,Well,"<a href=""https://mrdata.usgs.gov/deposit/html/Li-Mf00311"">Smackover-Lanxess, BSW-12M</a>: Well<table><tr><td>Feature group</td><td>Mine Feature</td></tr><tr><td>Location</td><td>Union, AR</td></tr><tr><td>Commodity</td><td>bromine</td></tr></table>",,0,FALSE,FALSE,0,0
168,"Smackover-Lanxess, BSW-13M",bromine,Well,"<a href=""https://mrdata.usgs.gov/deposit/html/Li-Mf00312"">Smackover-Lanxess, BSW-13M</a>: Well<table><tr><td>Feature group</td><td>Mine Feature</td></tr><tr><td>Location</td><td>Union, AR</td></tr><tr><td>Commodity</td><td>bromine</td></tr></table>",,0,FALSE,FALSE,0,0
169,"Smackover-Lanxess, BSW-14M",bromine,Well,"<a href=""https://mrdata.usgs.gov/deposit/html/Li-Mf00313"">Smackover-Lanxess, BSW-14M</a>: Well<table><tr><td>Feature group</td><td>Mine Feature</td></tr><tr><td>Location</td><td>Union, AR</td></tr><tr><td>Commodity</td><td>bromine</td></tr></table>",,0,FALSE,FALSE,0,0
170,"Smackover-Lanxess, BSW-15M",bromine,Well,"<a href=""https://mrdata.usgs.gov/deposit/html/Li-Mf00314"">Smackover-Lanxess, BSW-15M</a>: Well<table><tr><td>Feature group</td><td>Mine Feature</td></tr><tr><td>Location</td><td>Union, AR</td></tr><tr><td>Commodity</td><td>bromine</td></tr></table>",,0,FALSE,FALSE,0,0
171,"Smackover-Lanxess, BSW-16M",bromine,Well,"<a href=""https://mrdata.usgs.gov/deposit/html/Li-Mf00315"">Smackover-Lanxess, BSW-16M</a>: Well<table><tr><td>Feature group</td><td>Mine Feature</td></tr><tr><td>Location</td><td>Union, AR</td></tr><tr><td>Commodity</td><td>bromine</td></tr></table>",,0,FALSE,FALSE,0,0
172,"Smackover-Lanxess, BSW-17M",bromine,Well,"<a href=""https://mrdata.usgs.gov/deposit/html/Li-Mf00316"">Smackover-Lanxess, BSW-17M</a>: Well<table><tr><td>Feature group</td><td>Mine Feature</td></tr><tr><td>Location</td><td>Union, AR</td></tr><tr><td>Commodity</td><td>bromine</td></tr></table>",,0,FALSE,FALSE,0,0
173,"Smackover-Lanxess, BSW-18M",bromine,Well,"<a href=""https://mrdata.usgs.gov/deposit/html/Li-Mf00317"">Smackover-Lanxess, BSW-18M</a>: Well<table><tr><td>Feature group</td><td>Mine Feature</td></tr><tr><td>Location</td><td>Union, AR</td></tr><tr><td>Commodity</td><td>bromine</td></tr></table>",,0,FALSE,FALSE,0,0
174,"Smackover-Lanxess, BSW-19M",bromine,Well,"<a href=""https://mrdata.usgs.gov/deposit/html/Li-Mf00318"">Smackover-Lanxess, BSW-19M</a>: Well<table><tr><td>Feature group</td><td>Mine Feature</td></tr><tr><td>Location</td><td>Union, AR</td></tr><tr><td>Commodity</td><td>bromine</td></tr></table>",,0,FALSE,FALSE,0,0
175,"Smackover-Lanxess, South Unit",lithium; bromine,Deposit,"<a href=""https://mrdata.usgs.gov/deposit/html/Li-Mo00612"">Smackover-Lanxess, South Unit</a>: Deposit<table><tr><td>Feature group</td><td>Mineral Occurrence</td></tr><tr><td>Location</td><td>Union, AR</td></tr><tr><td>Commodity</td><td>lithium; bromine</td></tr></table>",,0,FALSE,FALSE,0,0
176,"Smackover-Lanxess, Central Unit",lithium; bromine,Deposit,"<a href=""https://mrdata.usgs.gov/deposit/html/Li-Mo00616"">Smackover-Lanxess, Central Unit</a>: Deposit<table><tr><td>Feature group</td><td>Mineral Occurrence</td></tr><tr><td>Location</td><td>Union, AR</td></tr><tr><td>Commodity</td><td>lithium; bromine</td></tr></table>",,0,FALSE,FALSE,0,0
177,"Smackover-Lanxess, West Unit",lithium; bromine,Deposit,"<a href=""https://mrdata.usgs.gov/deposit/html/Li-Mo00617"">Smackover-Lanxess, West Unit</a>: Deposit<table><tr><td>Feature group</td><td>Mineral Occurrence</td></tr><tr><td>Location</td><td>Union, AR</td></tr><tr><td>Commodity</td><td>lithium; bromine</td></tr></table>",,0,FALSE,FALSE,0,0
178,Regional Smackover brine,lithium; bromine,Mineral District,"<a href=""https://mrdata.usgs.gov/deposit/html/Li-Mr00127"">Regional Smackover brine</a>: Mineral District<table><tr><td>Feature group</td><td>Mineral Region</td></tr><tr><td>Location</td><td>Lafayette; Columbia; Ouachita; Union, AR</td></tr><tr><td>Commodity</td><td>lithium; bromine</td></tr></table>",,0,FALSE,FALSE,0,0
179,"Smackover-Tetra, North Resource Area",lithium,Deposit,"<a href=""https://mrdata.usgs.gov/deposit/html/Li-Mo00647"">Smackover-Tetra, North Resource Area</a>: Deposit<table><tr><td>Feature group</td><td>Mineral Occurrence</td></tr><tr><td>Location</td><td>Lafayette; Columbia, AR</td></tr><tr><td>Commodity</td><td>lithium</td></tr></table>",,0,FALSE,FALSE,0,0
180,"Smackover-Tetra, South Resource Area",lithium,Deposit,"<a href=""https://mrdata.usgs.gov/deposit/html/Li-Mo00648"">Smackover-Tetra, South Resource Area</a>: Deposit<table><tr><td>Feature group</td><td>Mineral Occurrence</td></tr><tr><td>Location</td><td>Lafayette; Columbia, AR</td></tr><tr><td>Commodity</td><td>lithium</td></tr></table>",,0,FALSE,FALSE,0,0
181,"Fort Cady, Pilot plant",boron,Brine Mine,"<a href=""https://mrdata.usgs.gov/deposit/html/Li-Mf00304"">Fort Cady, Pilot plant</a>: Brine Mine<table><tr><td>Feature group</td><td>Mine Feature</td></tr><tr><td>Location</td><td>San Bernardino, CA</td></tr><tr><td>Commodity</td><td>boron</td></tr></table>",,0,FALSE,FALSE,0,0
182,"Fort Cady, Fort Cady brine deposit",lithium,Deposit,"<a href=""https://mrdata.usgs.gov/deposit/html/Li-Mo00588"">Fort Cady, Fort Cady brine deposit</a>: Deposit<table><tr><td>Feature group</td><td>Mineral Occurrence</td></tr><tr><td>Location</td><td>San Bernardino, CA</td></tr><tr><td>Commodity</td><td>lithium</td></tr></table>",,0,FALSE,FALSE,0,0
183,"Fort Cady, Fort Cady evaporite deposit",boron,Deposit,"<a href=""https://mrdata.usgs.gov/deposit/html/Li-Mo00611"">Fort Cady, Fort Cady evaporite deposit</a>: Deposit<table><tr><td>Feature group</td><td>Mineral Occurrence</td></tr><tr><td>Location</td><td>San Bernardino, CA</td></tr><tr><td>Commodity</td><td>boron</td></tr></table>",,0,FALSE,FALSE,0,0
184,"Salton Sea, Salton Sea brine deposit",sodium; potassium; calcium; lithium; magnesium; strontium; barium; rubidium; cesium; iron; manganese; lead; zinc; silica; chloride; boron,Deposit,"<a href=""https://mrdata.usgs.gov/deposit/html/Li-Mo00589"">Salton Sea, Salton Sea brine deposit</a>: Deposit<table><tr><td>Feature group</td><td>Mineral Occurrence</td></tr><tr><td>Location</td><td>Imperial, CA</td></tr><tr><td>Commodity</td><td>sodium; potassium; calcium; lithium; magnesium; strontium; barium; rubidium; cesium; iron; manganese; lead; zinc; silica; chloride; boron</td></tr></table>",Torres-Martinez Reservation and Off-Reservation Trust Land,1,FALSE,TRUE,1,0
185,Salton Trough,lithium,Geothermal Reservoir,"<a href=""https://mrdata.usgs.gov/deposit/html/Li-Mr00159"">Salton Trough</a>: Geothermal Reservoir<table><tr><td>Feature group</td><td>Mineral Region</td></tr><tr><td>Location</td><td>San Diego; Riverside; Imperial, CA</td></tr><tr><td>Commodity</td><td>lithium</td></tr></table>",Cabazon Reservation; Torres-Martinez Reservation and Off-Reservation Trust Land,2,FALSE,TRUE,1,1
186,"Searles Lake, Searles Lake mine",lithium,Brine Mine,"<a href=""https://mrdata.usgs.gov/deposit/html/Li-Mf00292"">Searles Lake, Searles Lake mine</a>: Brine Mine<table><tr><td>Feature group</td><td>Mine Feature</td></tr><tr><td>Location</td><td>San Bernardino, CA</td></tr><tr><td>Commodity</td><td>lithium</td></tr></table>",,0,FALSE,FALSE,0,0
187,"Searles Lake, Searles Lake brine deposit",lithium; tungsten,Deposit,"<a href=""https://mrdata.usgs.gov/deposit/html/Li-Mo00593"">Searles Lake, Searles Lake brine deposit</a>: Deposit<table><tr><td>Feature group</td><td>Mineral Occurrence</td></tr><tr><td>Location</td><td>San Bernardino, CA</td></tr><tr><td>Commodity</td><td>lithium; tungsten</td></tr></table>",,0,FALSE,FALSE,0,0
188,"Searles Lake, Searles Lake evaporite deposit",salt; borax,Deposit,"<a href=""https://mrdata.usgs.gov/deposit/html/Li-Mo00697"">Searles Lake, Searles Lake evaporite deposit</a>: Deposit<table><tr><td>Feature group</td><td>Mineral Occurrence</td></tr><tr><td>Location</td><td>San Bernardino, CA</td></tr><tr><td>Commodity</td><td>salt; borax</td></tr></table>",,0,FALSE,FALSE,0,0
189,"Kings Mountain, Kings Mountain mine",lithium,Open Pit Mine,"<a href=""https://mrdata.usgs.gov/deposit/html/Li-Mf00233"">Kings Mountain, Kings Mountain mine</a>: Open Pit Mine<table><tr><td>Feature group</td><td>Mine Feature</td></tr><tr><td>Location</td><td>Cleveland, NC</td></tr><tr><td>Commodity</td><td>lithium</td></tr></table>",Catawba Reservation and Off-Reservation Trust Land,1,FALSE,TRUE,1,0
190,"Kings Mountain, Foote deposit",lithium,Deposit,"<a href=""https://mrdata.usgs.gov/deposit/html/Li-Mo00567"">Kings Mountain, Foote deposit</a>: Deposit<table><tr><td>Feature group</td><td>Mineral Occurrence</td></tr><tr><td>Location</td><td>Cleveland, NC</td></tr><tr><td>Commodity</td><td>lithium</td></tr></table>",Catawba Reservation and Off-Reservation Trust Land,1,FALSE,TRUE,1,0
191,"Bessemer City, Hallman-Beam mine",lithium,Open Pit Mine,"<a href=""https://mrdata.usgs.gov/deposit/html/Li-Mf00287"">Bessemer City, Hallman-Beam mine</a>: Open Pit Mine<table><tr><td>Feature group</td><td>Mine Feature</td></tr><tr><td>Location</td><td>Gaston, NC</td></tr><tr><td>Commodity</td><td>lithium</td></tr></table>",,0,FALSE,FALSE,0,0
192,"Bessemer City, Bessemer City deposit",lithium,Deposit,"<a href=""https://mrdata.usgs.gov/deposit/html/Li-Mo00568"">Bessemer City, Bessemer City deposit</a>: Deposit<table><tr><td>Feature group</td><td>Mineral Occurrence</td></tr><tr><td>Location</td><td>Gaston, NC</td></tr><tr><td>Commodity</td><td>lithium</td></tr></table>",,0,FALSE,FALSE,0,0
193,Kings Mountain District,lithium; tin,Mineral District,"<a href=""https://mrdata.usgs.gov/deposit/html/Li-Mr00161"">Kings Mountain District</a>: Mineral District<table><tr><td>Feature group</td><td>Mineral Region</td></tr><tr><td>Location</td><td>Gaston; Lincoln; Cleveland; Cherokee, NC; SC</td></tr><tr><td>Commodity</td><td>lithium; tin</td></tr></table>",,0,FALSE,FALSE,0,0
194,"Piedmont, Core deposit",lithium; quartz; feldspar; mica,Deposit,"<a href=""https://mrdata.usgs.gov/deposit/html/Li-Mo00639"">Piedmont, Core deposit</a>: Deposit<table><tr><td>Feature group</td><td>Mineral Occurrence</td></tr><tr><td>Location</td><td>Gaston, NC</td></tr><tr><td>Commodity</td><td>lithium; quartz; feldspar; mica</td></tr></table>",,0,FALSE,FALSE,0,0
195,"Kings Valley, Thacker Pass deposit",lithium; potassium; sodium,Deposit,"<a href=""https://mrdata.usgs.gov/deposit/html/Li-Mo00574"">Kings Valley, Thacker Pass deposit</a>: Deposit<table><tr><td>Feature group</td><td>Mineral Occurrence</td></tr><tr><td>Location</td><td>Humboldt, NV</td></tr><tr><td>Commodity</td><td>lithium; potassium; sodium</td></tr></table>",Fort McDermitt Indian Reservation,1,FALSE,TRUE,1,0
196,"Kings Valley, Stage 2 Lens",lithium; potassium; sodium; fluorine,Deposit,"<a href=""https://mrdata.usgs.gov/deposit/html/Li-Mo00576"">Kings Valley, Stage 2 Lens</a>: Deposit<table><tr><td>Feature group</td><td>Mineral Occurrence</td></tr><tr><td>Location</td><td>Humboldt, NV</td></tr><tr><td>Commodity</td><td>lithium; potassium; sodium; fluorine</td></tr></table>",Fort McDermitt Indian Reservation,1,FALSE,TRUE,1,0
197,"Kings Valley, Stage 3 Lens",lithium,Deposit,"<a href=""https://mrdata.usgs.gov/deposit/html/Li-Mo00577"">Kings Valley, Stage 3 Lens</a>: Deposit<table><tr><td>Feature group</td><td>Mineral Occurrence</td></tr><tr><td>Location</td><td>Humboldt, NV</td></tr><tr><td>Commodity</td><td>lithium</td></tr></table>",Fort McDermitt Indian Reservation,1,FALSE,TRUE,1,0
198,"Kings Valley, Stage 4 Lens",lithium,Deposit,"<a href=""https://mrdata.usgs.gov/deposit/html/Li-Mo00580"">Kings Valley, Stage 4 Lens</a>: Deposit<table><tr><td>Feature group</td><td>Mineral Occurrence</td></tr><tr><td>Location</td><td>Humboldt, NV</td></tr><tr><td>Commodity</td><td>lithium</td></tr></table>",Fort McDermitt Indian Reservation,1,FALSE,TRUE,1,0
199,"Kings Valley, Stage 5 Lens",lithium,Deposit,"<a href=""https://mrdata.usgs.gov/deposit/html/Li-Mo00581"">Kings Valley, Stage 5 Lens</a>: Deposit<table><tr><td>Feature group</td><td>Mineral Occurrence</td></tr><tr><td>Location</td><td>Humboldt, NV</td></tr><tr><td>Commodity</td><td>lithium</td></tr></table>",Fort McDermitt Indian Reservation,1,FALSE,TRUE,1,0
200,"Clayton Valley-Zeus, Zeus deposit",lithium,Deposit,"<a href=""https://mrdata.usgs.gov/deposit/html/Li-Mo00582"">Clayton Valley-Zeus, Zeus deposit</a>: Deposit<table><tr><td>Feature group</td><td>Mineral Occurrence</td></tr><tr><td>Location</td><td>Esmeralda, NV</td></tr><tr><td>Commodity</td><td>lithium</td></tr></table>",Timbi-Sha Shoshone Reservation and Off-Reservation Trust Land,1,FALSE,TRUE,1,0
201,"Clayton Valley South, Clayton Valley South deposit",lithium,Deposit,"<a href=""https://mrdata.usgs.gov/deposit/html/Li-Mo00584"">Clayton Valley South, Clayton Valley South deposit</a>: Deposit<table><tr><td>Feature group</td><td>Mineral Occurrence</td></tr><tr><td>Location</td><td>Esmeralda, NV</td></tr><tr><td>Commodity</td><td>lithium</td></tr></table>",Timbi-Sha Shoshone Reservation and Off-Reservation Trust Land,1,FALSE,TRUE,1,0
202,"Rhyolite Ridge, South Basin deposit",lithium; boron; potassium,Deposit,"<a href=""https://mrdata.usgs.gov/deposit/html/Li-Mo00585"">Rhyolite Ridge, South Basin deposit</a>: Deposit<table><tr><td>Feature group</td><td>Mineral Occurrence</td></tr><tr><td>Location</td><td>Esmeralda, NV</td></tr><tr><td>Commodity</td><td>lithium; boron; potassium</td></tr></table>",Timbi-Sha Shoshone Reservation and Off-Reservation Trust Land,1,FALSE,TRUE,1,0
203,"Rhyolite Ridge, North Basin occurrence",lithium; boron; potassium,Prospect,"<a href=""https://mrdata.usgs.gov/deposit/html/Li-Mo00587"">Rhyolite Ridge, North Basin occurrence</a>: Prospect<table><tr><td>Feature group</td><td>Mineral Occurrence</td></tr><tr><td>Location</td><td>Esmeralda, NV</td></tr><tr><td>Commodity</td><td>lithium; boron; potassium</td></tr></table>",Benton Paiute Reservation and Off-Reservation Trust Land; Timbi-Sha Shoshone Reservation and Off-Reservation Trust Land,2,FALSE,TRUE,1,1
204,"Clayton Valley-Cypress, Clayton Valley-Cypress deposit",lithium,Deposit,"<a href=""https://mrdata.usgs.gov/deposit/html/Li-Mo00572"">Clayton Valley-Cypress, Clayton Valley-Cypress deposit</a>: Deposit<table><tr><td>Feature group</td><td>Mineral Occurrence</td></tr><tr><td>Location</td><td>Esmeralda, NV</td></tr><tr><td>Commodity</td><td>lithium</td></tr></table>",Timbi-Sha Shoshone Reservation and Off-Reservation Trust Land,1,FALSE,TRUE,1,0
205,"Clayton Valley brine operation, Silver Peak mine",lithium,Brine Mine,"<a href=""https://mrdata.usgs.gov/deposit/html/Li-Mf00291"">Clayton Valley brine operation, Silver Peak mine</a>: Brine Mine<table><tr><td>Feature group</td><td>Mine Feature</td></tr><tr><td>Location</td><td>Esmeralda, NV</td></tr><tr><td>Commodity</td><td>lithium</td></tr></table>",Timbi-Sha Shoshone Reservation and Off-Reservation Trust Land,1,FALSE,TRUE,1,0
206,"Clayton Valley brine operation, Clayton Valley brine deposit",lithium,Deposit,"<a href=""https://mrdata.usgs.gov/deposit/html/Li-Mo00586"">Clayton Valley brine operation, Clayton Valley brine deposit</a>: Deposit<table><tr><td>Feature group</td><td>Mineral Occurrence</td></tr><tr><td>Location</td><td>Esmeralda, NV</td></tr><tr><td>Commodity</td><td>lithium</td></tr></table>",Timbi-Sha Shoshone Reservation and Off-Reservation Trust Land,1,FALSE,TRUE,1,0
207,Silver Peak Marsh,lithium carbonate; sodium chloride; borates; potash,Mining District,"<a href=""https://mrdata.usgs.gov/deposit/html/Li-Mr00080"">Silver Peak Marsh</a>: Mining District<table><tr><td>Feature group</td><td>Mineral Region</td></tr><tr><td>Location</td><td>Esmeralda, NV</td></tr><tr><td>Commodity</td><td>lithium carbonate; sodium chloride; borates; potash</td></tr></table>",Timbi-Sha Shoshone Reservation and Off-Reservation Trust Land,1,FALSE,TRUE,1,0
208,"Bonnie Claire, Bonnie Claire deposit",lithium,Deposit,"<a href=""https://mrdata.usgs.gov/deposit/html/Li-Mo00640"">Bonnie Claire, Bonnie Claire deposit</a>: Deposit<table><tr><td>Feature group</td><td>Mineral Occurrence</td></tr><tr><td>Location</td><td>Nye, NV</td></tr><tr><td>Commodity</td><td>lithium</td></tr></table>",Timbi-Sha Shoshone Reservation and Off-Reservation Trust Land,1,FALSE,TRUE,1,0
209,McDermitt Caldera,lithium,Mineral District,"<a href=""https://mrdata.usgs.gov/deposit/html/Li-Mr00162"">McDermitt Caldera</a>: Mineral District<table><tr><td>Feature group</td><td>Mineral Region</td></tr><tr><td>Location</td><td>Humboldt; Malheur, NV; OR</td></tr><tr><td>Commodity</td><td>lithium</td></tr></table>",Fort McDermitt Indian Reservation,1,FALSE,TRUE,1,0
210,"Great Salt Lake, North Arm",lithium; magnesium; salt; chlorine; sulfate of potash,Deposit,"<a href=""https://mrdata.usgs.gov/deposit/html/Li-Mo00641"">Great Salt Lake, North Arm</a>: Deposit<table><tr><td>Feature group</td><td>Mineral Occurrence</td></tr><tr><td>Location</td><td>Box Elder; Weber, UT</td></tr><tr><td>Commodity</td><td>lithium; magnesium; salt; chlorine; sulfate of potash</td></tr></table>",,0,FALSE,FALSE,0,0
211,"Great Salt Lake, South Arm",lithium; magnesium; salt; chlorine; sulfate of potash,Deposit,"<a href=""https://mrdata.usgs.gov/deposit/html/Li-Mo00642"">Great Salt Lake, South Arm</a>: Deposit<table><tr><td>Feature group</td><td>Mineral Occurrence</td></tr><tr><td>Location</td><td>Box Elder; Davis; Salt Lake; Tooele; Weber, UT</td></tr><tr><td>Commodity</td><td>lithium; magnesium; salt; chlorine; sulfate of potash</td></tr></table>",,0,FALSE,FALSE,0,0
212,"Smackover-Lanxess, BSW-4S",bromine,Well,"<a href=""https://mrdata.usgs.gov/deposit/html/Li-Mf00293"">Smackover-Lanxess, BSW-4S</a>: Well<table><tr><td>Feature group</td><td>Mine Feature</td></tr><tr><td>Location</td><td>Union, AR</td></tr><tr><td>Commodity</td><td>bromine</td></tr></table>",,0,FALSE,FALSE,0,0
213,"Smackover-Lanxess, BSW-5S",bromine,Well,"<a href=""https://mrdata.usgs.gov/deposit/html/Li-Mf00294"">Smackover-Lanxess, BSW-5S</a>: Well<table><tr><td>Feature group</td><td>Mine Feature</td></tr><tr><td>Location</td><td>Union, AR</td></tr><tr><td>Commodity</td><td>bromine</td></tr></table>",,0,FALSE,FALSE,0,0
214,"Smackover-Lanxess, BSW-10S",bromine,Well,"<a href=""https://mrdata.usgs.gov/deposit/html/Li-Mf00295"">Smackover-Lanxess, BSW-10S</a>: Well<table><tr><td>Feature group</td><td>Mine Feature</td></tr><tr><td>Location</td><td>Union, AR</td></tr><tr><td>Commodity</td><td>bromine</td></tr></table>",,0,FALSE,FALSE,0,0
215,"Smackover-Lanxess, BSW-20S",bromine,Well,"<a href=""https://mrdata.usgs.gov/deposit/html/Li-Mf00296"">Smackover-Lanxess, BSW-20S</a>: Well<table><tr><td>Feature group</td><td>Mine Feature</td></tr><tr><td>Location</td><td>Union, AR</td></tr><tr><td>Commodity</td><td>bromine</td></tr></table>",,0,FALSE,FALSE,0,0
216,"Smackover-Lanxess, BSW-21S",bromine,Well,"<a href=""https://mrdata.usgs.gov/deposit/html/Li-Mf00297"">Smackover-Lanxess, BSW-21S</a>: Well<table><tr><td>Feature group</td><td>Mine Feature</td></tr><tr><td>Location</td><td>Union, AR</td></tr><tr><td>Commodity</td><td>bromine</td></tr></table>",,0,FALSE,FALSE,0,0
217,"Smackover-Lanxess, BSW-13",bromine,Well,"<a href=""https://mrdata.usgs.gov/deposit/html/Li-Mf00298"">Smackover-Lanxess, BSW-13</a>: Well<table><tr><td>Feature group</td><td>Mine Feature</td></tr><tr><td>Location</td><td>Union, AR</td></tr><tr><td>Commodity</td><td>bromine</td></tr></table>",,0,FALSE,FALSE,0,0
218,"Smackover-Lanxess, BSW-14",bromine,Well,"<a href=""https://mrdata.usgs.gov/deposit/html/Li-Mf00299"">Smackover-Lanxess, BSW-14</a>: Well<table><tr><td>Feature group</td><td>Mine Feature</td></tr><tr><td>Location</td><td>Union, AR</td></tr><tr><td>Commodity</td><td>bromine</td></tr></table>",,0,FALSE,FALSE,0,0
219,"Smackover-Lanxess, BSW-15",bromine,Well,"<a href=""https://mrdata.usgs.gov/deposit/html/Li-Mf00300"">Smackover-Lanxess, BSW-15</a>: Well<table><tr><td>Feature group</td><td>Mine Feature</td></tr><tr><td>Location</td><td>Union, AR</td></tr><tr><td>Commodity</td><td>bromine</td></tr></table>",,0,FALSE,FALSE,0,0
220,"Smackover-Lanxess, Spencer 1",bromine,Well,"<a href=""https://mrdata.usgs.gov/deposit/html/Li-Mf00301"">Smackover-Lanxess, Spencer 1</a>: Well<table><tr><td>Feature group</td><td>Mine Feature</td></tr><tr><td>Location</td><td>Union, AR</td></tr><tr><td>Commodity</td><td>bromine</td></tr></table>",,0,FALSE,FALSE,0,0
221,"Smackover-Lanxess, H. Carroll 1",bromine,Well,"<a href=""https://mrdata.usgs.gov/deposit/html/Li-Mf00302"">Smackover-Lanxess, H. Carroll 1</a>: Well<table><tr><td>Feature group</td><td>Mine Feature</td></tr><tr><td>Location</td><td>Union, AR</td></tr><tr><td>Commodity</td><td>bromine</td></tr></table>",,0,FALSE,FALSE,0,0
222,"Smackover-Lanxess, Joy Kadison 2",bromine,Well,"<a href=""https://mrdata.usgs.gov/deposit/html/Li-Mf00303"">Smackover-Lanxess, Joy Kadison 2</a>: Well<table><tr><td>Feature group</td><td>Mine Feature</td></tr><tr><td>Location</td><td>Union, AR</td></tr><tr><td>Commodity</td><td>bromine</td></tr></table>",,0,FALSE,FALSE,0,0
223,"Smackover-Lanxess, BSW-5M",bromine,Well,"<a href=""https://mrdata.usgs.gov/deposit/html/Li-Mf00306"">Smackover-Lanxess, BSW-5M</a>: Well<table><tr><td>Feature group</td><td>Mine Feature</td></tr><tr><td>Location</td><td>Union, AR</td></tr><tr><td>Commodity</td><td>bromine</td></tr></table>",,0,FALSE,FALSE,0,0
224,"Smackover-Lanxess, BSW-6M",bromine,Well,"<a href=""https://mrdata.usgs.gov/deposit/html/Li-Mf00307"">Smackover-Lanxess, BSW-6M</a>: Well<table><tr><td>Feature group</td><td>Mine Feature</td></tr><tr><td>Location</td><td>Union, AR</td></tr><tr><td>Commodity</td><td>bromine</td></tr></table>",,0,FALSE,FALSE,0,0
225,"Smackover-Lanxess, BSW-7M",bromine,Well,"<a href=""https://mrdata.usgs.gov/deposit/html/Li-Mf00308"">Smackover-Lanxess, BSW-7M</a>: Well<table><tr><td>Feature group</td><td>Mine Feature</td></tr><tr><td>Location</td><td>Union, AR</td></tr><tr><td>Commodity</td><td>bromine</td></tr></table>",,0,FALSE,FALSE,0,0
226,"Smackover-Lanxess, BSW-A8M",bromine,Well,"<a href=""https://mrdata.usgs.gov/deposit/html/Li-Mf00309"">Smackover-Lanxess, BSW-A8M</a>: Well<table><tr><td>Feature group</td><td>Mine Feature</td></tr><tr><td>Location</td><td>Union, AR</td></tr><tr><td>Commodity</td><td>bromine</td></tr></table>",,0,FALSE,FALSE,0,0
227,"Smackover-Lanxess, BSW-10M",bromine,Well,"<a href=""https://mrdata.usgs.gov/deposit/html/Li-Mf00310"">Smackover-Lanxess, BSW-10M</a>: Well<table><tr><td>Feature group</td><td>Mine Feature</td></tr><tr><td>Location</td><td>Union, AR</td></tr><tr><td>Commodity</td><td>bromine</td></tr></table>",,0,FALSE,FALSE,0,0
228,"Smackover-Lanxess, BSW-12M",bromine,Well,"<a href=""https://mrdata.usgs.gov/deposit/html/Li-Mf00311"">Smackover-Lanxess, BSW-12M</a>: Well<table><tr><td>Feature group</td><td>Mine Feature</td></tr><tr><td>Location</td><td>Union, AR</td></tr><tr><td>Commodity</td><td>bromine</td></tr></table>",,0,FALSE,FALSE,0,0
229,"Smackover-Lanxess, BSW-13M",bromine,Well,"<a href=""https://mrdata.usgs.gov/deposit/html/Li-Mf00312"">Smackover-Lanxess, BSW-13M</a>: Well<table><tr><td>Feature group</td><td>Mine Feature</td></tr><tr><td>Location</td><td>Union, AR</td></tr><tr><td>Commodity</td><td>bromine</td></tr></table>",,0,FALSE,FALSE,0,0
230,"Smackover-Lanxess, BSW-14M",bromine,Well,"<a href=""https://mrdata.usgs.gov/deposit/html/Li-Mf00313"">Smackover-Lanxess, BSW-14M</a>: Well<table><tr><td>Feature group</td><td>Mine Feature</td></tr><tr><td>Location</td><td>Union, AR</td></tr><tr><td>Commodity</td><td>bromine</td></tr></table>",,0,FALSE,FALSE,0,0
231,"Smackover-Lanxess, BSW-15M",bromine,Well,"<a href=""https://mrdata.usgs.gov/deposit/html/Li-Mf00314"">Smackover-Lanxess, BSW-15M</a>: Well<table><tr><td>Feature group</td><td>Mine Feature</td></tr><tr><td>Location</td><td>Union, AR</td></tr><tr><td>Commodity</td><td>bromine</td></tr></table>",,0,FALSE,FALSE,0,0
232,"Smackover-Lanxess, BSW-16M",bromine,Well,"<a href=""https://mrdata.usgs.gov/deposit/html/Li-Mf00315"">Smackover-Lanxess, BSW-16M</a>: Well<table><tr><td>Feature group</td><td>Mine Feature</td></tr><tr><td>Location</td><td>Union, AR</td></tr><tr><td>Commodity</td><td>bromine</td></tr></table>",,0,FALSE,FALSE,0,0
233,"Smackover-Lanxess, BSW-17M",bromine,Well,"<a href=""https://mrdata.usgs.gov/deposit/html/Li-Mf00316"">Smackover-Lanxess, BSW-17M</a>: Well<table><tr><td>Feature group</td><td>Mine Feature</td></tr><tr><td>Location</td><td>Union, AR</td></tr><tr><td>Commodity</td><td>bromine</td></tr></table>",,0,FALSE,FALSE,0,0
234,"Smackover-Lanxess, BSW-18M",bromine,Well,"<a href=""https://mrdata.usgs.gov/deposit/html/Li-Mf00317"">Smackover-Lanxess, BSW-18M</a>: Well<table><tr><td>Feature group</td><td>Mine Feature</td></tr><tr><td>Location</td><td>Union, AR</td></tr><tr><td>Commodity</td><td>bromine</td></tr></table>",,0,FALSE,FALSE,0,0
235,"Smackover-Lanxess, BSW-19M",bromine,Well,"<a href=""https://mrdata.usgs.gov/deposit/html/Li-Mf00318"">Smackover-Lanxess, BSW-19M</a>: Well<table><tr><td>Feature group</td><td>Mine Feature</td></tr><tr><td>Location</td><td>Union, AR</td></tr><tr><td>Commodity</td><td>bromine</td></tr></table>",,0,FALSE,FALSE,0,0
236,"Smackover-Lanxess, South Unit",lithium; bromine,Deposit,"<a href=""https://mrdata.usgs.gov/deposit/html/Li-Mo00612"">Smackover-Lanxess, South Unit</a>: Deposit<table><tr><td>Feature group</td><td>Mineral Occurrence</td></tr><tr><td>Location</td><td>Union, AR</td></tr><tr><td>Commodity</td><td>lithium; bromine</td></tr></table>",,0,FALSE,FALSE,0,0
237,"Smackover-Lanxess, Central Unit",lithium; bromine,Deposit,"<a href=""https://mrdata.usgs.gov/deposit/html/Li-Mo00616"">Smackover-Lanxess, Central Unit</a>: Deposit<table><tr><td>Feature group</td><td>Mineral Occurrence</td></tr><tr><td>Location</td><td>Union, AR</td></tr><tr><td>Commodity</td><td>lithium; bromine</td></tr></table>",,0,FALSE,FALSE,0,0
238,"Smackover-Lanxess, West Unit",lithium; bromine,Deposit,"<a href=""https://mrdata.usgs.gov/deposit/html/Li-Mo00617"">Smackover-Lanxess, West Unit</a>: Deposit<table><tr><td>Feature group</td><td>Mineral Occurrence</td></tr><tr><td>Location</td><td>Union, AR</td></tr><tr><td>Commodity</td><td>lithium; bromine</td></tr></table>",,0,FALSE,FALSE,0,0
239,Regional Smackover brine,lithium; bromine,Mineral District,"<a href=""https://mrdata.usgs.gov/deposit/html/Li-Mr00127"">Regional Smackover brine</a>: Mineral District<table><tr><td>Feature group</td><td>Mineral Region</td></tr><tr><td>Location</td><td>Lafayette; Columbia; Ouachita; Union, AR</td></tr><tr><td>Commodity</td><td>lithium; bromine</td></tr></table>",,0,FALSE,FALSE,0,0
240,"Smackover-Tetra, North Resource Area",lithium,Deposit,"<a href=""https://mrdata.usgs.gov/deposit/html/Li-Mo00647"">Smackover-Tetra, North Resource Area</a>: Deposit<table><tr><td>Feature group</td><td>Mineral Occurrence</td></tr><tr><td>Location</td><td>Lafayette; Columbia, AR</td></tr><tr><td>Commodity</td><td>lithium</td></tr></table>",,0,FALSE,FALSE,0,0
241,"Smackover-Tetra, South Resource Area",lithium,Deposit,"<a href=""https://mrdata.usgs.gov/deposit/html/Li-Mo00648"">Smackover-Tetra, South Resource Area</a>: Deposit<table><tr><td>Feature group</td><td>Mineral Occurrence</td></tr><tr><td>Location</td><td>Lafayette; Columbia, AR</td></tr><tr><td>Commodity</td><td>lithium</td></tr></table>",,0,FALSE,FALSE,0,0
242,"Fort Cady, Pilot plant",boron,Brine Mine,"<a href=""https://mrdata.usgs.gov/deposit/html/Li-Mf00304"">Fort Cady, Pilot plant</a>: Brine Mine<table><tr><td>Feature group</td><td>Mine Feature</td></tr><tr><td>Location</td><td>San Bernardino, CA</td></tr><tr><td>Commodity</td><td>boron</td></tr></table>",,0,FALSE,FALSE,0,0
243,"Fort Cady, Fort Cady brine deposit",lithium,Deposit,"<a href=""https://mrdata.usgs.gov/deposit/html/Li-Mo00588"">Fort Cady, Fort Cady brine deposit</a>: Deposit<table><tr><td>Feature group</td><td>Mineral Occurrence</td></tr><tr><td>Location</td><td>San Bernardino, CA</td></tr><tr><td>Commodity</td><td>lithium</td></tr></table>",,0,FALSE,FALSE,0,0
244,"Fort Cady, Fort Cady evaporite deposit",boron,Deposit,"<a href=""https://mrdata.usgs.gov/deposit/html/Li-Mo00611"">Fort Cady, Fort Cady evaporite deposit</a>: Deposit<table><tr><td>Feature group</td><td>Mineral Occurrence</td></tr><tr><td>Location</td><td>San Bernardino, CA</td></tr><tr><td>Commodity</td><td>boron</td></tr></table>",,0,FALSE,FALSE,0,0
245,"Salton Sea, Salton Sea brine deposit",sodium; potassium; calcium; lithium; magnesium; strontium; barium; rubidium; cesium; iron; manganese; lead; zinc; silica; chloride; boron,Deposit,"<a href=""https://mrdata.usgs.gov/deposit/html/Li-Mo00589"">Salton Sea, Salton Sea brine deposit</a>: Deposit<table><tr><td>Feature group</td><td>Mineral Occurrence</td></tr><tr><td>Location</td><td>Imperial, CA</td></tr><tr><td>Commodity</td><td>sodium; potassium; calcium; lithium; magnesium; strontium; barium; rubidium; cesium; iron; manganese; lead; zinc; silica; chloride; boron</td></tr></table>",Torres-Martinez Reservation and Off-Reservation Trust Land,1,FALSE,TRUE,1,0
246,Salton Trough,lithium,Geothermal Reservoir,"<a href=""https://mrdata.usgs.gov/deposit/html/Li-Mr00159"">Salton Trough</a>: Geothermal Reservoir<table><tr><td>Feature group</td><td>Mineral Region</td></tr><tr><td>Location</td><td>San Diego; Riverside; Imperial, CA</td></tr><tr><td>Commodity</td><td>lithium</td></tr></table>",Cabazon Reservation; Torres-Martinez Reservation and Off-Reservation Trust Land,2,FALSE,TRUE,1,1
247,"Searles Lake, Searles Lake mine",lithium,Brine Mine,"<a href=""https://mrdata.usgs.gov/deposit/html/Li-Mf00292"">Searles Lake, Searles Lake mine</a>: Brine Mine<table><tr><td>Feature group</td><td>Mine Feature</td></tr><tr><td>Location</td><td>San Bernardino, CA</td></tr><tr><td>Commodity</td><td>lithium</td></tr></table>",,0,FALSE,FALSE,0,0
248,"Searles Lake, Searles Lake brine deposit",lithium; tungsten,Deposit,"<a href=""https://mrdata.usgs.gov/deposit/html/Li-Mo00593"">Searles Lake, Searles Lake brine deposit</a>: Deposit<table><tr><td>Feature group</td><td>Mineral Occurrence</td></tr><tr><td>Location</td><td>San Bernardino, CA</td></tr><tr><td>Commodity</td><td>lithium; tungsten</td></tr></table>",,0,FALSE,FALSE,0,0
249,"Searles Lake, Searles Lake evaporite deposit",salt; borax,Deposit,"<a href=""https://mrdata.usgs.gov/deposit/html/Li-Mo00697"">Searles Lake, Searles Lake evaporite deposit</a>: Deposit<table><tr><td>Feature group</td><td>Mineral Occurrence</td></tr><tr><td>Location</td><td>San Bernardino, CA</td></tr><tr><td>Commodity</td><td>salt; borax</td></tr></table>",,0,FALSE,FALSE,0,0
250,"Kings Mountain, Kings Mountain mine",lithium,Open Pit Mine,"<a href=""https://mrdata.usgs.gov/deposit/html/Li-Mf00233"">Kings Mountain, Kings Mountain mine</a>: Open Pit Mine<table><tr><td>Feature group</td><td>Mine Feature</td></tr><tr><td>Location</td><td>Cleveland, NC</td></tr><tr><td>Commodity</td><td>lithium</td></tr></table>",Catawba Reservation and Off-Reservation Trust Land,1,FALSE,TRUE,1,0
251,"Kings Mountain, Foote deposit",lithium,Deposit,"<a href=""https://mrdata.usgs.gov/deposit/html/Li-Mo00567"">Kings Mountain, Foote deposit</a>: Deposit<table><tr><td>Feature group</td><td>Mineral Occurrence</td></tr><tr><td>Location</td><td>Cleveland, NC</td></tr><tr><td>Commodity</td><td>lithium</td></tr></table>",Catawba Reservation and Off-Reservation Trust Land,1,FALSE,TRUE,1,0
252,"Bessemer City, Hallman-Beam mine",lithium,Open Pit Mine,"<a href=""https://mrdata.usgs.gov/deposit/html/Li-Mf00287"">Bessemer City, Hallman-Beam mine</a>: Open Pit Mine<table><tr><td>Feature group</td><td>Mine Feature</td></tr><tr><td>Location</td><td>Gaston, NC</td></tr><tr><td>Commodity</td><td>lithium</td></tr></table>",,0,FALSE,FALSE,0,0
253,"Bessemer City, Bessemer City deposit",lithium,Deposit,"<a href=""https://mrdata.usgs.gov/deposit/html/Li-Mo00568"">Bessemer City, Bessemer City deposit</a>: Deposit<table><tr><td>Feature group</td><td>Mineral Occurrence</td></tr><tr><td>Location</td><td>Gaston, NC</td></tr><tr><td>Commodity</td><td>lithium</td></tr></table>",,0,FALSE,FALSE,0,0
254,Kings Mountain District,lithium; tin,Mineral District,"<a href=""https://mrdata.usgs.gov/deposit/html/Li-Mr00161"">Kings Mountain District</a>: Mineral District<table><tr><td>Feature group</td><td>Mineral Region</td></tr><tr><td>Location</td><td>Gaston; Lincoln; Cleveland; Cherokee, NC; SC</td></tr><tr><td>Commodity</td><td>lithium; tin</td></tr></table>",,0,FALSE,FALSE,0,0
255,"Piedmont, Core deposit",lithium; quartz; feldspar; mica,Deposit,"<a href=""https://mrdata.usgs.gov/deposit/html/Li-Mo00639"">Piedmont, Core deposit</a>: Deposit<table><tr><td>Feature group</td><td>Mineral Occurrence</td></tr><tr><td>Location</td><td>Gaston, NC</td></tr><tr><td>Commodity</td><td>lithium; quartz; feldspar; mica</td></tr></table>",,0,FALSE,FALSE,0,0
256,"Kings Valley, Thacker Pass deposit",lithium; potassium; sodium,Deposit,"<a href=""https://mrdata.usgs.gov/deposit/html/Li-Mo00574"">Kings Valley, Thacker Pass deposit</a>: Deposit<table><tr><td>Feature group</td><td>Mineral Occurrence</td></tr><tr><td>Location</td><td>Humboldt, NV</td></tr><tr><td>Commodity</td><td>lithium; potassium; sodium</td></tr></table>",Fort McDermitt Indian Reservation,1,FALSE,TRUE,1,0
257,"Kings Valley, Stage 2 Lens",lithium; potassium; sodium; fluorine,Deposit,"<a href=""https://mrdata.usgs.gov/deposit/html/Li-Mo00576"">Kings Valley, Stage 2 Lens</a>: Deposit<table><tr><td>Feature group</td><td>Mineral Occurrence</td></tr><tr><td>Location</td><td>Humboldt, NV</td></tr><tr><td>Commodity</td><td>lithium; potassium; sodium; fluorine</td></tr></table>",Fort McDermitt Indian Reservation,1,FALSE,TRUE,1,0
258,"Kings Valley, Stage 3 Lens",lithium,Deposit,"<a href=""https://mrdata.usgs.gov/deposit/html/Li-Mo00577"">Kings Valley, Stage 3 Lens</a>: Deposit<table><tr><td>Feature group</td><td>Mineral Occurrence</td></tr><tr><td>Location</td><td>Humboldt, NV</td></tr><tr><td>Commodity</td><td>lithium</td></tr></table>",Fort McDermitt Indian Reservation,1,FALSE,TRUE,1,0
259,"Kings Valley, Stage 4 Lens",lithium,Deposit,"<a href=""https://mrdata.usgs.gov/deposit/html/Li-Mo00580"">Kings Valley, Stage 4 Lens</a>: Deposit<table><tr><td>Feature group</td><td>Mineral Occurrence</td></tr><tr><td>Location</td><td>Humboldt, NV</td></tr><tr><td>Commodity</td><td>lithium</td></tr></table>",Fort McDermitt Indian Reservation,1,FALSE,TRUE,1,0
260,"Kings Valley, Stage 5 Lens",lithium,Deposit,"<a href=""https://mrdata.usgs.gov/deposit/html/Li-Mo00581"">Kings Valley, Stage 5 Lens</a>: Deposit<table><tr><td>Feature group</td><td>Mineral Occurrence</td></tr><tr><td>Location</td><td>Humboldt, NV</td></tr><tr><td>Commodity</td><td>lithium</td></tr></table>",Fort McDermitt Indian Reservation,1,FALSE,TRUE,1,0
261,"Clayton Valley-Zeus, Zeus deposit",lithium,Deposit,"<a href=""https://mrdata.usgs.gov/deposit/html/Li-Mo00582"">Clayton Valley-Zeus, Zeus deposit</a>: Deposit<table><tr><td>Feature group</td><td>Mineral Occurrence</td></tr><tr><td>Location</td><td>Esmeralda, NV</td></tr><tr><td>Commodity</td><td>lithium</td></tr></table>",Timbi-Sha Shoshone Reservation and Off-Reservation Trust Land,1,FALSE,TRUE,1,0
262,"Clayton Valley South, Clayton Valley South deposit",lithium,Deposit,"<a href=""https://mrdata.usgs.gov/deposit/html/Li-Mo00584"">Clayton Valley South, Clayton Valley South deposit</a>: Deposit<table><tr><td>Feature group</td><td>Mineral Occurrence</td></tr><tr><td>Location</td><td>Esmeralda, NV</td></tr><tr><td>Commodity</td><td>lithium</td></tr></table>",Timbi-Sha Shoshone Reservation and Off-Reservation Trust Land,1,FALSE,TRUE,1,0
263,"Rhyolite Ridge, South Basin deposit",lithium; boron; potassium,Deposit,"<a href=""https://mrdata.usgs.gov/deposit/html/Li-Mo00585"">Rhyolite Ridge, South Basin deposit</a>: Deposit<table><tr><td>Feature group</td><td>Mineral Occurrence</td></tr><tr><td>Location</td><td>Esmeralda, NV</td></tr><tr><td>Commodity</td><td>lithium; boron; potassium</td></tr></table>",Timbi-Sha Shoshone Reservation and Off-Reservation Trust Land,1,FALSE,TRUE,1,0
264,"Rhyolite Ridge, North Basin occurrence",lithium; boron; potassium,Prospect,"<a href=""https://mrdata.usgs.gov/deposit/html/Li-Mo00587"">Rhyolite Ridge, North Basin occurrence</a>: Prospect<table><tr><td>Feature group</td><td>Mineral Occurrence</td></tr><tr><td>Location</td><td>Esmeralda, NV</td></tr><tr><td>Commodity</td><td>lithium; boron; potassium</td></tr></table>",Benton Paiute Reservation and Off-Reservation Trust Land; Timbi-Sha Shoshone Reservation and Off-Reservation Trust Land,2,FALSE,TRUE,1,1
265,"Clayton Valley-Cypress, Clayton Valley-Cypress deposit",lithium,Deposit,"<a href=""https://mrdata.usgs.gov/deposit/html/Li-Mo00572"">Clayton Valley-Cypress, Clayton Valley-Cypress deposit</a>: Deposit<table><tr><td>Feature group</td><td>Mineral Occurrence</td></tr><tr><td>Location</td><td>Esmeralda, NV</td></tr><tr><td>Commodity</td><td>lithium</td></tr></table>",Timbi-Sha Shoshone Reservation and Off-Reservation Trust Land,1,FALSE,TRUE,1,0
266,"Clayton Valley brine operation, Silver Peak mine",lithium,Brine Mine,"<a href=""https://mrdata.usgs.gov/deposit/html/Li-Mf00291"">Clayton Valley brine operation, Silver Peak mine</a>: Brine Mine<table><tr><td>Feature group</td><td>Mine Feature</td></tr><tr><td>Location</td><td>Esmeralda, NV</td></tr><tr><td>Commodity</td><td>lithium</td></tr></table>",Timbi-Sha Shoshone Reservation and Off-Reservation Trust Land,1,FALSE,TRUE,1,0
267,"Clayton Valley brine operation, Clayton Valley brine deposit",lithium,Deposit,"<a href=""https://mrdata.usgs.gov/deposit/html/Li-Mo00586"">Clayton Valley brine operation, Clayton Valley brine deposit</a>: Deposit<table><tr><td>Feature group</td><td>Mineral Occurrence</td></tr><tr><td>Location</td><td>Esmeralda, NV</td></tr><tr><td>Commodity</td><td>lithium</td></tr></table>",Timbi-Sha Shoshone Reservation and Off-Reservation Trust Land,1,FALSE,TRUE,1,0
268,Silver Peak Marsh,lithium carbonate; sodium chloride; borates; potash,Mining District,"<a href=""https://mrdata.usgs.gov/deposit/html/Li-Mr00080"">Silver Peak Marsh</a>: Mining District<table><tr><td>Feature group</td><td>Mineral Region</td></tr><tr><td>Location</td><td>Esmeralda, NV</td></tr><tr><td>Commodity</td><td>lithium carbonate; sodium chloride; borates; potash</td></tr></table>",Timbi-Sha Shoshone Reservation and Off-Reservation Trust Land,1,FALSE,TRUE,1,0
269,"Bonnie Claire, Bonnie Claire deposit",lithium,Deposit,"<a href=""https://mrdata.usgs.gov/deposit/html/Li-Mo00640"">Bonnie Claire, Bonnie Claire deposit</a>: Deposit<table><tr><td>Feature group</td><td>Mineral Occurrence</td></tr><tr><td>Location</td><td>Nye, NV</td></tr><tr><td>Commodity</td><td>lithium</td></tr></table>",Timbi-Sha Shoshone Reservation and Off-Reservation Trust Land,1,FALSE,TRUE,1,0
270,McDermitt Caldera,lithium,Mineral District,"<a href=""https://mrdata.usgs.gov/deposit/html/Li-Mr00162"">McDermitt Caldera</a>: Mineral District<table><tr><td>Feature group</td><td>Mineral Region</td></tr><tr><td>Location</td><td>Humboldt; Malheur, NV; OR</td></tr><tr><td>Commodity</td><td>lithium</td></tr></table>",Fort McDermitt Indian Reservation,1,FALSE,TRUE,1,0
271,"Great Salt Lake, North Arm",lithium; magnesium; salt; chlorine; sulfate of potash,Deposit,"<a href=""https://mrdata.usgs.gov/deposit/html/Li-Mo00641"">Great Salt Lake, North Arm</a>: Deposit<table><tr><td>Feature group</td><td>Mineral Occurrence</td></tr><tr><td>Location</td><td>Box Elder; Weber, UT</td></tr><tr><td>Commodity</td><td>lithium; magnesium; salt; chlorine; sulfate of potash</td></tr></table>",,0,FALSE,FALSE,0,0
272,"Great Salt Lake, South Arm",lithium; magnesium; salt; chlorine; sulfate of potash,Deposit,"<a href=""https://mrdata.usgs.gov/deposit/html/Li-Mo00642"">Great Salt Lake, South Arm</a>: Deposit<table><tr><td>Feature group</td><td>Mineral Occurrence</td></tr><tr><td>Location</td><td>Box Elder; Davis; Salt Lake; Tooele; Weber, UT</td></tr><tr><td>Commodity</td><td>lithium; magnesium; salt; chlorine; sulfate of potash</td></tr></table>",,0,FALSE,FALSE,0,0
273,"Bokan Mountain, Ross-Adams Mine",uranium,Open Pit Mine,"<a href=""https://mrdata.usgs.gov/deposit/html/REE-Mf00237"">Bokan Mountain, Ross-Adams Mine</a>: Open Pit Mine<table><tr><td>Feature group</td><td>Mine Feature</td></tr><tr><td>Location</td><td>Prince of Wales-Hyder, AK</td></tr><tr><td>Commodity</td><td>uranium</td></tr></table>",Annette Island Reserve; Hydaburg ANVSA,2,FALSE,TRUE,1,1
274,"Bokan Mountain, Cheri",rare earth elements,Deposit,"<a href=""https://mrdata.usgs.gov/deposit/html/REE-Mo00219"">Bokan Mountain, Cheri</a>: Deposit<table><tr><td>Feature group</td><td>Mineral Occurrence</td></tr><tr><td>Location</td><td>Prince of Wales-Hyder, AK</td></tr><tr><td>Commodity</td><td>rare earth elements</td></tr></table>",Annette Island Reserve,1,FALSE,TRUE,1,0
275,"Bokan Mountain, Geiger",rare earth elements,Deposit,"<a href=""https://mrdata.usgs.gov/deposit/html/REE-Mo00244"">Bokan Mountain, Geiger</a>: Deposit<table><tr><td>Feature group</td><td>Mineral Occurrence</td></tr><tr><td>Location</td><td>Prince of Wales-Hyder, AK</td></tr><tr><td>Commodity</td><td>rare earth elements</td></tr></table>",Annette Island Reserve; Hydaburg ANVSA; Ketchikan ANVSA; Saxman ANVSA,4,FALSE,TRUE,1,1
276,"Bokan Mountain, Geoduck Zone",rare earth elements; thorium,Deposit,"<a href=""https://mrdata.usgs.gov/deposit/html/REE-Mo00245"">Bokan Mountain, Geoduck Zone</a>: Deposit<table><tr><td>Feature group</td><td>Mineral Occurrence</td></tr><tr><td>Location</td><td>Prince of Wales-Hyder, AK</td></tr><tr><td>Commodity</td><td>rare earth elements; thorium</td></tr></table>",Annette Island Reserve,1,FALSE,TRUE,1,0
277,"Bokan Mountain, I&L Zone",rare earth elements,Deposit,"<a href=""https://mrdata.usgs.gov/deposit/html/REE-Mo00246"">Bokan Mountain, I&L Zone</a>: Deposit<table><tr><td>Feature group</td><td>Mineral Occurrence</td></tr><tr><td>Location</td><td>Prince of Wales-Hyder, AK</td></tr><tr><td>Commodity</td><td>rare earth elements</td></tr></table>",Annette Island Reserve; Hydaburg ANVSA,2,FALSE,TRUE,1,1
278,"Bokan Mountain, Ross-Adams",uranium; rare earth elements; thorium,Deposit,"<a href=""https://mrdata.usgs.gov/deposit/html/REE-Mo00247"">Bokan Mountain, Ross-Adams</a>: Deposit<table><tr><td>Feature group</td><td>Mineral Occurrence</td></tr><tr><td>Location</td><td>Prince of Wales-Hyder, AK</td></tr><tr><td>Commodity</td><td>uranium; rare earth elements; thorium</td></tr></table>",Annette Island Reserve; Hydaburg ANVSA,2,FALSE,TRUE,1,1
279,"Bokan Mountain, Sunday Lake Zone",rare earth elements,Deposit,"<a href=""https://mrdata.usgs.gov/deposit/html/REE-Mo00248"">Bokan Mountain, Sunday Lake Zone</a>: Deposit<table><tr><td>Feature group</td><td>Mineral Occurrence</td></tr><tr><td>Location</td><td>Prince of Wales-Hyder, AK</td></tr><tr><td>Commodity</td><td>rare earth elements</td></tr></table>",Annette Island Reserve; Hydaburg ANVSA,2,FALSE,TRUE,1,1
280,"Bokan Mountain, Upper Cheri",rare earth elements,Deposit,"<a href=""https://mrdata.usgs.gov/deposit/html/REE-Mo00250"">Bokan Mountain, Upper Cheri</a>: Deposit<table><tr><td>Feature group</td><td>Mineral Occurrence</td></tr><tr><td>Location</td><td>Prince of Wales-Hyder, AK</td></tr><tr><td>Commodity</td><td>rare earth elements</td></tr></table>",Annette Island Reserve,1,FALSE,TRUE,1,0
281,"Bokan Mountain, Dotson Zone",rare earth elements,Deposit,"<a href=""https://mrdata.usgs.gov/deposit/html/REE-Mo00252"">Bokan Mountain, Dotson Zone</a>: Deposit<table><tr><td>Feature group</td><td>Mineral Occurrence</td></tr><tr><td>Location</td><td>Prince of Wales-Hyder, AK</td></tr><tr><td>Commodity</td><td>rare earth elements</td></tr></table>",Annette Island Reserve; Hydaburg ANVSA,2,FALSE,TRUE,1,1
282,"Bokan Mountain, Wennie",rare earth elements,Prospect,"<a href=""https://mrdata.usgs.gov/deposit/html/REE-Mo00294"">Bokan Mountain, Wennie</a>: Prospect<table><tr><td>Feature group</td><td>Mineral Occurrence</td></tr><tr><td>Location</td><td>Prince of Wales-Hyder, AK</td></tr><tr><td>Commodity</td><td>rare earth elements</td></tr></table>",Annette Island Reserve; Hydaburg ANVSA,2,FALSE,TRUE,1,1
283,"Bokan Mountain, I, L, and M",niobium; rare earth elements; thorium; uranium; zirconium,Deposit,"<a href=""https://mrdata.usgs.gov/deposit/html/REE-Mo00554"">Bokan Mountain, I, L, and M</a>: Deposit<table><tr><td>Feature group</td><td>Mineral Occurrence</td></tr><tr><td>Location</td><td>Prince of Wales-Hyder, AK</td></tr><tr><td>Commodity</td><td>niobium; rare earth elements; thorium; uranium; zirconium</td></tr></table>",Annette Island Reserve; Hydaburg ANVSA,2,FALSE,TRUE,1,1
284,"Bokan Mountain, Irene-D",niobium; rare earth elements; uranium; yttrium; zirconium;,Prospect,"<a href=""https://mrdata.usgs.gov/deposit/html/REE-Mo00555"">Bokan Mountain, Irene-D</a>: Prospect<table><tr><td>Feature group</td><td>Mineral Occurrence</td></tr><tr><td>Location</td><td>Prince of Wales-Hyder, AK</td></tr><tr><td>Commodity</td><td>niobium; rare earth elements; uranium; yttrium; zirconium;</td></tr></table>",Annette Island Reserve; Hydaburg ANVSA; Ketchikan ANVSA; Saxman ANVSA,4,FALSE,TRUE,1,1
285,"Bokan Mountain, Little Jim and Little Joe",niobium; rare earth elements; thorium; titanium; uranium; zirconium; hafnium,Prospect,"<a href=""https://mrdata.usgs.gov/deposit/html/REE-Mo00556"">Bokan Mountain, Little Jim and Little Joe</a>: Prospect<table><tr><td>Feature group</td><td>Mineral Occurrence</td></tr><tr><td>Location</td><td>Prince of Wales-Hyder, AK</td></tr><tr><td>Commodity</td><td>niobium; rare earth elements; thorium; titanium; uranium; zirconium; hafnium</td></tr></table>",Annette Island Reserve; Hydaburg ANVSA; Ketchikan ANVSA,3,FALSE,TRUE,1,1
286,"Bokan Mountain, Boots",rare earth elements; thorium; uranium,Prospect,"<a href=""https://mrdata.usgs.gov/deposit/html/REE-Mo00557"">Bokan Mountain, Boots</a>: Prospect<table><tr><td>Feature group</td><td>Mineral Occurrence</td></tr><tr><td>Location</td><td>Prince of Wales-Hyder, AK</td></tr><tr><td>Commodity</td><td>rare earth elements; thorium; uranium</td></tr></table>",Annette Island Reserve; Hydaburg ANVSA; Ketchikan ANVSA; Saxman ANVSA,4,FALSE,TRUE,1,1
287,"Bokan Mountain, Shore",niobium; uranium; thorium; rare earth elements; zirconium; zinc; titanium; beryllium; tin; tantalum; lead; strontium,Showing,"<a href=""https://mrdata.usgs.gov/deposit/html/REE-Mo00565"">Bokan Mountain, Shore</a>: Showing<table><tr><td>Feature group</td><td>Mineral Occurrence</td></tr><tr><td>Location</td><td>Prince of Wales-Hyder, AK</td></tr><tr><td>Commodity</td><td>niobium; uranium; thorium; rare earth elements; zirconium; zinc; titanium; beryllium; tin; tantalum; lead; strontium</td></tr></table>",Annette Island Reserve; Ketchikan ANVSA,2,FALSE,TRUE,1,1
288,"Draken Claims, Silver Lining Prospect",gold; thorium; tungsten; uranium; rare earth elements; silver; arsenic; copper; lead; tungsten,Showing,"<a href=""https://mrdata.usgs.gov/deposit/html/REE-Mo00627"">Draken Claims, Silver Lining Prospect</a>: Showing<table><tr><td>Feature group</td><td>Mineral Occurrence</td></tr><tr><td>Location</td><td>Southeast Fairbanks, AK</td></tr><tr><td>Commodity</td><td>gold; thorium; tungsten; uranium; rare earth elements; silver; arsenic; copper; lead; tungsten</td></tr></table>",Tanacross ANVSA; Tetlin ANVSA,2,FALSE,TRUE,1,1
289,"Salmon Bay, Salmon Bay Prospect",rare earth elements,Prospect,"<a href=""https://mrdata.usgs.gov/deposit/html/REE-Mo00471"">Salmon Bay, Salmon Bay Prospect</a>: Prospect<table><tr><td>Feature group</td><td>Mineral Occurrence</td></tr><tr><td>Location</td><td>Prince of Wales-Hyder, AK</td></tr><tr><td>Commodity</td><td>rare earth elements</td></tr></table>",Petersburg ANVSA; Wrangell ANVSA,2,FALSE,TRUE,1,1
290,"Dora Bay, Dora Bay Occurrence",rare earth elements,Showing,"<a href=""https://mrdata.usgs.gov/deposit/html/REE-Mo00497"">Dora Bay, Dora Bay Occurrence</a>: Showing<table><tr><td>Feature group</td><td>Mineral Occurrence</td></tr><tr><td>Location</td><td>Prince of Wales-Outer Ketchikan, AK</td></tr><tr><td>Commodity</td><td>rare earth elements</td></tr></table>",Annette Island Reserve; Craig ANVSA; Hydaburg ANVSA; Kasaan ANVSA; Ketchikan ANVSA; Saxman ANVSA,6,FALSE,TRUE,1,1
291,"Aichilik River, Aichilik River Showing",rare earth elements,Showing,"<a href=""https://mrdata.usgs.gov/deposit/html/REE-Mo00583"">Aichilik River, Aichilik River Showing</a>: Showing<table><tr><td>Feature group</td><td>Mineral Occurrence</td></tr><tr><td>Location</td><td>North Slope, AK</td></tr><tr><td>Commodity</td><td>rare earth elements</td></tr></table>",,0,FALSE,FALSE,0,0
292,"Boston Ridge, Boston Ridge Prospect",rare earth elements; thorium; uranium,Prospect,"<a href=""https://mrdata.usgs.gov/deposit/html/REE-Mo00626"">Boston Ridge, Boston Ridge Prospect</a>: Prospect<table><tr><td>Feature group</td><td>Mineral Occurrence</td></tr><tr><td>Location</td><td>Yukon-Koyukuk, AK</td></tr><tr><td>Commodity</td><td>rare earth elements; thorium; uranium</td></tr></table>",,0,FALSE,FALSE,0,0
293,"Cape Darby, Cape Darby Showing",rare earth elements; uranium; tungsten,Showing,"<a href=""https://mrdata.usgs.gov/deposit/html/REE-Mo00599"">Cape Darby, Cape Darby Showing</a>: Showing<table><tr><td>Feature group</td><td>Mineral Occurrence</td></tr><tr><td>Location</td><td>Nome, AK</td></tr><tr><td>Commodity</td><td>rare earth elements; uranium; tungsten</td></tr></table>",Elim ANVSA; Golovin ANVSA; White Mountain ANVSA,3,FALSE,TRUE,1,1
294,"Clear Creek, Clear Creek Showing",rare earth elements; uranium,Showing,"<a href=""https://mrdata.usgs.gov/deposit/html/REE-Mo00603"">Clear Creek, Clear Creek Showing</a>: Showing<table><tr><td>Feature group</td><td>Mineral Occurrence</td></tr><tr><td>Location</td><td>Nome, AK</td></tr><tr><td>Commodity</td><td>rare earth elements; uranium</td></tr></table>",Elim ANVSA; Golovin ANVSA; Koyuk ANVSA; White Mountain ANVSA,4,FALSE,TRUE,1,1
295,"Eudialyte, Eudialyte Occurrence",rare earth elements; zirconium; thorium; uranium,Prospect,"<a href=""https://mrdata.usgs.gov/deposit/html/REE-Mo00596"">Eudialyte, Eudialyte Occurrence</a>: Prospect<table><tr><td>Feature group</td><td>Mineral Occurrence</td></tr><tr><td>Location</td><td>Yukon-Koyukuk, AK</td></tr><tr><td>Commodity</td><td>rare earth elements; zirconium; thorium; uranium</td></tr></table>",,0,FALSE,FALSE,0,0
296,"Golovnin Bay, Golovnin Bay Showing",rare earth elements; uranium; tungsten,Showing,"<a href=""https://mrdata.usgs.gov/deposit/html/REE-Mo00600"">Golovnin Bay, Golovnin Bay Showing</a>: Showing<table><tr><td>Feature group</td><td>Mineral Occurrence</td></tr><tr><td>Location</td><td>Nome, AK</td></tr><tr><td>Commodity</td><td>rare earth elements; uranium; tungsten</td></tr></table>",Council ANVSA; Elim ANVSA; Golovin ANVSA; White Mountain ANVSA,4,FALSE,TRUE,1,1
297,"Hot Springs Creek, Hot Springs Creek Showing",rare earth elements; thorium; uranium; tungsten,Showing,"<a href=""https://mrdata.usgs.gov/deposit/html/REE-Mo00592"">Hot Springs Creek, Hot Springs Creek Showing</a>: Showing<table><tr><td>Feature group</td><td>Mineral Occurrence</td></tr><tr><td>Location</td><td>Yukon-Koyukuk, AK</td></tr><tr><td>Commodity</td><td>rare earth elements; thorium; uranium; tungsten</td></tr></table>",Circle ANVSA,1,FALSE,TRUE,1,0
298,"Karshner Creek, Karshner Creek Showing",rare earth elements; titanium; zirconium,Showing,"<a href=""https://mrdata.usgs.gov/deposit/html/REE-Mo00613"">Karshner Creek, Karshner Creek Showing</a>: Showing<table><tr><td>Feature group</td><td>Mineral Occurrence</td></tr><tr><td>Location</td><td>Yukon-Koyukuk, AK</td></tr><tr><td>Commodity</td><td>rare earth elements; titanium; zirconium</td></tr></table>",Manley Hot Springs,1,TRUE,FALSE,1,0
299,"Kilolitna River, Kilolitna River Prospect",rare earth elements; tin; niobium; tungsten; tantalum; zirconium,Prospect,"<a href=""https://mrdata.usgs.gov/deposit/html/REE-Mo00573"">Kilolitna River, Kilolitna River Prospect</a>: Prospect<table><tr><td>Feature group</td><td>Mineral Occurrence</td></tr><tr><td>Location</td><td>Yukon-Koyukuk, AK</td></tr><tr><td>Commodity</td><td>rare earth elements; tin; niobium; tungsten; tantalum; zirconium</td></tr></table>",,0,FALSE,FALSE,0,0
300,"Kwiniuk River, Kwiniuk River Showing",copper; rare earth elements; tungsten,Showing,"<a href=""https://mrdata.usgs.gov/deposit/html/REE-Mo00602"">Kwiniuk River, Kwiniuk River Showing</a>: Showing<table><tr><td>Feature group</td><td>Mineral Occurrence</td></tr><tr><td>Location</td><td>Nome, AK</td></tr><tr><td>Commodity</td><td>copper; rare earth elements; tungsten</td></tr></table>",Elim,1,TRUE,FALSE,1,0
301,"Lucky Six, Lucky Six Prospect",copper; lead; rare earth elements; thorium; uranium; zirconium,Prospect,"<a href=""https://mrdata.usgs.gov/deposit/html/REE-Mo00620"">Lucky Six, Lucky Six Prospect</a>: Prospect<table><tr><td>Feature group</td><td>Mineral Occurrence</td></tr><tr><td>Location</td><td>Haines, AK</td></tr><tr><td>Commodity</td><td>copper; lead; rare earth elements; thorium; uranium; zirconium</td></tr></table>",Chilkoot ANVSA,1,FALSE,TRUE,1,0
302,"No Name Creek, No Name Creek Deposit",rare earth elements; tin; silver; niobium; tantalum; titanium; tungsten; zirconium; gold,Deposit,"<a href=""https://mrdata.usgs.gov/deposit/html/REE-Mo00579"">No Name Creek, No Name Creek Deposit</a>: Deposit<table><tr><td>Feature group</td><td>Mineral Occurrence</td></tr><tr><td>Location</td><td>Yukon-Koyukuk, AK</td></tr><tr><td>Commodity</td><td>rare earth elements; tin; silver; niobium; tantalum; titanium; tungsten; zirconium; gold</td></tr></table>",Stevens Village ANVSA,1,FALSE,TRUE,1,0
303,"Paystreak and Marker Veins, Paystreak Vein",uranium; thorium; rare earth elements; molybdenum,Prospect,"<a href=""https://mrdata.usgs.gov/deposit/html/REE-Mo00594"">Paystreak and Marker Veins, Paystreak Vein</a>: Prospect<table><tr><td>Feature group</td><td>Mineral Occurrence</td></tr><tr><td>Location</td><td>Prince of Wales-Hyder, AK</td></tr><tr><td>Commodity</td><td>uranium; thorium; rare earth elements; molybdenum</td></tr></table>",Wrangell ANVSA,1,FALSE,TRUE,1,0
304,"Paystreak and Marker Veins, Marker Vein",uranium; thorium; rare earth elements; molybdenum,Prospect,"<a href=""https://mrdata.usgs.gov/deposit/html/REE-Mo00691"">Paystreak and Marker Veins, Marker Vein</a>: Prospect<table><tr><td>Feature group</td><td>Mineral Occurrence</td></tr><tr><td>Location</td><td>Prince of Wales-Hyder, AK</td></tr><tr><td>Commodity</td><td>uranium; thorium; rare earth elements; molybdenum</td></tr></table>",Wrangell ANVSA,1,FALSE,TRUE,1,0
305,"Ray River, Ray River Deposit",tin; rare earth elements; gold; niobium; titanium; tungsten; zirconium,Deposit,"<a href=""https://mrdata.usgs.gov/deposit/html/REE-Mo00575"">Ray River, Ray River Deposit</a>: Deposit<table><tr><td>Feature group</td><td>Mineral Occurrence</td></tr><tr><td>Location</td><td>Yukon-Koyukuk, AK</td></tr><tr><td>Commodity</td><td>tin; rare earth elements; gold; niobium; titanium; tungsten; zirconium</td></tr></table>",Rampart ANVSA,1,FALSE,TRUE,1,0
306,"Ruby Creek, Ruby Creek Showing",rare earth elements; thorium,Showing,"<a href=""https://mrdata.usgs.gov/deposit/html/REE-Mo00622"">Ruby Creek, Ruby Creek Showing</a>: Showing<table><tr><td>Feature group</td><td>Mineral Occurrence</td></tr><tr><td>Location</td><td>Southeast Fairbanks, AK</td></tr><tr><td>Commodity</td><td>rare earth elements; thorium</td></tr></table>",,0,FALSE,FALSE,0,0
307,"Section 35, Section 35 Showing",beryllium; niobium; thorium; uranium; zirconium; rare earth elements,Showing,"<a href=""https://mrdata.usgs.gov/deposit/html/REE-Mo00566"">Section 35, Section 35 Showing</a>: Showing<table><tr><td>Feature group</td><td>Mineral Occurrence</td></tr><tr><td>Location</td><td>Southeast Fairbanks, AK</td></tr><tr><td>Commodity</td><td>beryllium; niobium; thorium; uranium; zirconium; rare earth elements</td></tr></table>",Tanacross ANVSA; Tetlin ANVSA,2,FALSE,TRUE,1,1
308,"Tofty Ridge, Tofty Ridge Prospect",rare earth elements; niobium; silver; uranium; niobium,Prospect,"<a href=""https://mrdata.usgs.gov/deposit/html/REE-Mo00558"">Tofty Ridge, Tofty Ridge Prospect</a>: Prospect<table><tr><td>Feature group</td><td>Mineral Occurrence</td></tr><tr><td>Location</td><td>Yukon-Koyukuk, AK</td></tr><tr><td>Commodity</td><td>rare earth elements; niobium; silver; uranium; niobium</td></tr></table>",Manley Hot Springs ANVSA; Rampart ANVSA; Tanana ANVSA,3,FALSE,TRUE,1,1
309,"Unnamed (Half-Way Pillar), Unnamed (Half-Way Pillar) Showing",rare earth elements; lead,Showing,"<a href=""https://mrdata.usgs.gov/deposit/html/REE-Mo00590"">Unnamed (Half-Way Pillar), Unnamed (Half-Way Pillar) Showing</a>: Showing<table><tr><td>Feature group</td><td>Mineral Occurrence</td></tr><tr><td>Location</td><td>Yukon-Koyukuk, AK</td></tr><tr><td>Commodity</td><td>rare earth elements; lead</td></tr></table>",Canyon Village ANVSA,1,FALSE,TRUE,1,0
310,"Unnamed (east fork of Kilolitna River), Unnamed (east fork of Kilolitna River) Prospect",rare earth elements; tin; niobium; tungsten; tantalum; zirconium,Prospect,"<a href=""https://mrdata.usgs.gov/deposit/html/REE-Mo00578"">Unnamed (east fork of Kilolitna River), Unnamed (east fork of Kilolitna River) Prospect</a>: Prospect<table><tr><td>Feature group</td><td>Mineral Occurrence</td></tr><tr><td>Location</td><td>Yukon-Koyukuk, AK</td></tr><tr><td>Commodity</td><td>rare earth elements; tin; niobium; tungsten; tantalum; zirconium</td></tr></table>",,0,FALSE,FALSE,0,0
311,"Unnamed (east of Berg Mountain), Unnamed (east of Berg Mountain) Showing",rare earth elements,Showing,"<a href=""https://mrdata.usgs.gov/deposit/html/REE-Mo00621"">Unnamed (east of Berg Mountain), Unnamed (east of Berg Mountain) Showing</a>: Showing<table><tr><td>Feature group</td><td>Mineral Occurrence</td></tr><tr><td>Location</td><td>Hoonah-Angoon, AK</td></tr><tr><td>Commodity</td><td>rare earth elements</td></tr></table>",Chilkat ANVSA; Chilkoot ANVSA,2,FALSE,TRUE,1,1
312,"Unnamed (east of Eagle Creek), Unnamed (east of Eagle Creek) Showing",rare earth elements; thorium; uranium,Showing,"<a href=""https://mrdata.usgs.gov/deposit/html/REE-Mo00601"">Unnamed (east of Eagle Creek), Unnamed (east of Eagle Creek) Showing</a>: Showing<table><tr><td>Feature group</td><td>Mineral Occurrence</td></tr><tr><td>Location</td><td>Nome, AK</td></tr><tr><td>Commodity</td><td>rare earth elements; thorium; uranium</td></tr></table>",Council ANVSA; Elim ANVSA; Golovin ANVSA; White Mountain ANVSA,4,FALSE,TRUE,1,1
313,"Unnamed (in Zane Hills), Unnamed (in Zane Hills) Showing",rare earth elements; thorium; uranium,Showing,"<a href=""https://mrdata.usgs.gov/deposit/html/REE-Mo00624"">Unnamed (in Zane Hills), Unnamed (in Zane Hills) Showing</a>: Showing<table><tr><td>Feature group</td><td>Mineral Occurrence</td></tr><tr><td>Location</td><td>Yukon-Koyukuk, AK</td></tr><tr><td>Commodity</td><td>rare earth elements; thorium; uranium</td></tr></table>",Huslia ANVSA,1,FALSE,TRUE,1,0
314,"Unnamed (near Mallard Bay), Unnamed (near Mallard Bay) Showing",gold; copper; rare earth elements; uranium; zinc,Showing,"<a href=""https://mrdata.usgs.gov/deposit/html/REE-Mo00553"">Unnamed (near Mallard Bay), Unnamed (near Mallard Bay) Showing</a>: Showing<table><tr><td>Feature group</td><td>Mineral Occurrence</td></tr><tr><td>Location</td><td>Prince of Wales-Hyder, AK</td></tr><tr><td>Commodity</td><td>gold; copper; rare earth elements; uranium; zinc</td></tr></table>",Annette Island Reserve,1,FALSE,TRUE,1,0
315,"Unnamed (near Salmon Bay), Unnamed (near Salmon Bay) Prospect",rare earth elements; thorium; uranium;,Prospect,"<a href=""https://mrdata.usgs.gov/deposit/html/REE-Mo00595"">Unnamed (near Salmon Bay), Unnamed (near Salmon Bay) Prospect</a>: Prospect<table><tr><td>Feature group</td><td>Mineral Occurrence</td></tr><tr><td>Location</td><td>Prince of Wales-Hyder, AK</td></tr><tr><td>Commodity</td><td>rare earth elements; thorium; uranium;</td></tr></table>",Petersburg ANVSA; Wrangell ANVSA,2,FALSE,TRUE,1,1
316,"Unnamed (near Salmon River), Unnamed (near Salmon River) Showing",rare earth elements; zinc; niobium; titanium; zinc; arsenic; strontium; thorium; yttrium; zirconium,Showing,"<a href=""https://mrdata.usgs.gov/deposit/html/REE-Mo00618"">Unnamed (near Salmon River), Unnamed (near Salmon River) Showing</a>: Showing<table><tr><td>Feature group</td><td>Mineral Occurrence</td></tr><tr><td>Location</td><td>Hoonah-Angoon, AK</td></tr><tr><td>Commodity</td><td>rare earth elements; zinc; niobium; titanium; zinc; arsenic; strontium; thorium; yttrium; zirconium</td></tr></table>",Douglas ANVSA; Hoonah ANVSA,2,FALSE,TRUE,1,1
317,"Unnamed (near Swift River), Unnamed (near Swift River) Showing",rare earth elements,Showing,"<a href=""https://mrdata.usgs.gov/deposit/html/REE-Mo00614"">Unnamed (near Swift River), Unnamed (near Swift River) Showing</a>: Showing<table><tr><td>Feature group</td><td>Mineral Occurrence</td></tr><tr><td>Location</td><td>Bethel, AK</td></tr><tr><td>Commodity</td><td>rare earth elements</td></tr></table>",Lime Village ANVSA,1,FALSE,TRUE,1,0
318,"Unnamed (north shore, Stone Rock Bay), Unnamed (north shore, Stone Rock Bay) Prospect",gold; copper; rare earth elements; uranium; zinc,Prospect,"<a href=""https://mrdata.usgs.gov/deposit/html/REE-Mo00552"">Unnamed (north shore, Stone Rock Bay), Unnamed (north shore, Stone Rock Bay) Prospect</a>: Prospect<table><tr><td>Feature group</td><td>Mineral Occurrence</td></tr><tr><td>Location</td><td>Prince of Wales-Hyder, AK</td></tr><tr><td>Commodity</td><td>gold; copper; rare earth elements; uranium; zinc</td></tr></table>",Annette Island Reserve,1,FALSE,TRUE,1,0
319,"Unnamed (northeast of lower Sue Creek), New York Creek Placer Mine",gold; silver,Placer Mine,"<a href=""https://mrdata.usgs.gov/deposit/html/REE-Mf00557"">Unnamed (northeast of lower Sue Creek), New York Creek Placer Mine</a>: Placer Mine<table><tr><td>Feature group</td><td>Mine Feature</td></tr><tr><td>Location</td><td>Bethel, AK</td></tr><tr><td>Commodity</td><td>gold; silver</td></tr></table>",Napaimute,1,TRUE,FALSE,1,0
320,"Unnamed (northeast of lower Sue Creek), Unnamed (northeast of lower Sue Creek) Deposit",cerium; lanthanum; samarium; thorium; uranium; tungsten; zirconium; gold; copper; mercury; lead; silver,Deposit,"<a href=""https://mrdata.usgs.gov/deposit/html/REE-Mo00645"">Unnamed (northeast of lower Sue Creek), Unnamed (northeast of lower Sue Creek) Deposit</a>: Deposit<table><tr><td>Feature group</td><td>Mineral Occurrence</td></tr><tr><td>Location</td><td>Bethel, AK</td></tr><tr><td>Commodity</td><td>cerium; lanthanum; samarium; thorium; uranium; tungsten; zirconium; gold; copper; mercury; lead; silver</td></tr></table>",Aniak ANVSA; Chuathbaluk ANVSA; Crooked Creek ANVSA; Georgetown ANVSA; Napaimute ANVSA; Red Devil ANVSA,6,FALSE,TRUE,1,1
321,"Unnamed (northeast ridge of Caribou Mountain), Unnamed (northeast ridge of Caribou Mountain) Showing",rare earth elements; thorium; uranium,Showing,"<a href=""https://mrdata.usgs.gov/deposit/html/REE-Mo00625"">Unnamed (northeast ridge of Caribou Mountain), Unnamed (northeast ridge of Caribou Mountain) Showing</a>: Showing<table><tr><td>Feature group</td><td>Mineral Occurrence</td></tr><tr><td>Location</td><td>Yukon-Koyukuk, AK</td></tr><tr><td>Commodity</td><td>rare earth elements; thorium; uranium</td></tr></table>",Huslia ANVSA,1,FALSE,TRUE,1,0
322,"Unnamed (on Rock Creek), Unnamed (on Rock Creek) Showing",rare earth elements; uranium,Showing,"<a href=""https://mrdata.usgs.gov/deposit/html/REE-Mo00610"">Unnamed (on Rock Creek), Unnamed (on Rock Creek) Showing</a>: Showing<table><tr><td>Feature group</td><td>Mineral Occurrence</td></tr><tr><td>Location</td><td>Nome, AK</td></tr><tr><td>Commodity</td><td>rare earth elements; uranium</td></tr></table>",Council ANVSA; Elim ANVSA; Golovin ANVSA; Koyuk ANVSA,4,FALSE,TRUE,1,1
323,"Unnamed (on Slate Creek), Unnamed (on Slate Creek) Showing",rare earth elements; thorium; uranium,Showing,"<a href=""https://mrdata.usgs.gov/deposit/html/REE-Mo00623"">Unnamed (on Slate Creek), Unnamed (on Slate Creek) Showing</a>: Showing<table><tr><td>Feature group</td><td>Mineral Occurrence</td></tr><tr><td>Location</td><td>Southeast Fairbanks, AK</td></tr><tr><td>Commodity</td><td>rare earth elements; thorium; uranium</td></tr></table>",,0,FALSE,FALSE,0,0
324,"Unnamed (tributary to Clear Creek), Unnamed (tributary to Clear Creek) Sample Loc 2983",rare earth elements; tin; uranium; tungsten,Showing,"<a href=""https://mrdata.usgs.gov/deposit/html/REE-Mo00604"">Unnamed (tributary to Clear Creek), Unnamed (tributary to Clear Creek) Sample Loc 2983</a>: Showing<table><tr><td>Feature group</td><td>Mineral Occurrence</td></tr><tr><td>Location</td><td>Nome, AK</td></tr><tr><td>Commodity</td><td>rare earth elements; tin; uranium; tungsten</td></tr></table>",Elim ANVSA; Golovin ANVSA; Koyuk ANVSA,3,FALSE,TRUE,1,1
325,"Unnamed (tributary to Clear Creek), Unnamed (tributary to Clear Creek) Sample Loc 2974",rare earth elements; uranium,Showing,"<a href=""https://mrdata.usgs.gov/deposit/html/REE-Mo00605"">Unnamed (tributary to Clear Creek), Unnamed (tributary to Clear Creek) Sample Loc 2974</a>: Showing<table><tr><td>Feature group</td><td>Mineral Occurrence</td></tr><tr><td>Location</td><td>Nome, AK</td></tr><tr><td>Commodity</td><td>rare earth elements; uranium</td></tr></table>",Elim ANVSA; Golovin ANVSA; Koyuk ANVSA,3,FALSE,TRUE,1,1
326,"Unnamed (tributary to Clear Creek), Unnamed (tributary to Clear Creek) Sample Loc 2993",rare earth elements; uranium,Showing,"<a href=""https://mrdata.usgs.gov/deposit/html/REE-Mo00606"">Unnamed (tributary to Clear Creek), Unnamed (tributary to Clear Creek) Sample Loc 2993</a>: Showing<table><tr><td>Feature group</td><td>Mineral Occurrence</td></tr><tr><td>Location</td><td>Nome, AK</td></tr><tr><td>Commodity</td><td>rare earth elements; uranium</td></tr></table>",Council ANVSA; Elim ANVSA; Golovin ANVSA; Koyuk ANVSA; White Mountain ANVSA,5,FALSE,TRUE,1,1
327,"Unnamed (tributary to Clear Creek), Unnamed (tributary to Clear Creek) Sample Loc 2992",rare earth elements; uranium,Showing,"<a href=""https://mrdata.usgs.gov/deposit/html/REE-Mo00607"">Unnamed (tributary to Clear Creek), Unnamed (tributary to Clear Creek) Sample Loc 2992</a>: Showing<table><tr><td>Feature group</td><td>Mineral Occurrence</td></tr><tr><td>Location</td><td>Nome, AK</td></tr><tr><td>Commodity</td><td>rare earth elements; uranium</td></tr></table>",Elim ANVSA; Golovin ANVSA; Koyuk ANVSA,3,FALSE,TRUE,1,1
328,"Unnamed (tributary to Clear Creek), Unnamed (tributary to Clear Creek) Sample Loc 2995, 2996",rare earth elements; uranium,Showing,"<a href=""https://mrdata.usgs.gov/deposit/html/REE-Mo00608"">Unnamed (tributary to Clear Creek), Unnamed (tributary to Clear Creek) Sample Loc 2995, 2996</a>: Showing<table><tr><td>Feature group</td><td>Mineral Occurrence</td></tr><tr><td>Location</td><td>Nome, AK</td></tr><tr><td>Commodity</td><td>rare earth elements; uranium</td></tr></table>",Council ANVSA; Elim ANVSA; Golovin ANVSA; Koyuk ANVSA; White Mountain ANVSA,5,FALSE,TRUE,1,1
329,"Unnamed (tributary to Vulcan Creek), Unnamed (tributary to Vulcan Creek) Showing",rare earth elements; uranium,Showing,"<a href=""https://mrdata.usgs.gov/deposit/html/REE-Mo00609"">Unnamed (tributary to Vulcan Creek), Unnamed (tributary to Vulcan Creek) Showing</a>: Showing<table><tr><td>Feature group</td><td>Mineral Occurrence</td></tr><tr><td>Location</td><td>Nome, AK</td></tr><tr><td>Commodity</td><td>rare earth elements; uranium</td></tr></table>",Elim ANVSA; Golovin ANVSA; Koyuk ANVSA,3,FALSE,TRUE,1,1
330,"Unnamed (upper Idaho Gulch), Unnamed (upper Idaho Gulch) Deposit",niobium; silver; rare earth elements; uranium; zirconium; phosphorus pentoxide,Deposit,"<a href=""https://mrdata.usgs.gov/deposit/html/REE-Mo00551"">Unnamed (upper Idaho Gulch), Unnamed (upper Idaho Gulch) Deposit</a>: Deposit<table><tr><td>Feature group</td><td>Mineral Occurrence</td></tr><tr><td>Location</td><td>Yukon-Koyukuk, AK</td></tr><tr><td>Commodity</td><td>niobium; silver; rare earth elements; uranium; zirconium; phosphorus pentoxide</td></tr></table>",Manley Hot Springs ANVSA; Rampart ANVSA; Tanana ANVSA,3,FALSE,TRUE,1,1
331,"William Henry, William Henry Prospect",copper; lead; rare earth elements; zinc; gold,Prospect,"<a href=""https://mrdata.usgs.gov/deposit/html/REE-Mo00619"">William Henry, William Henry Prospect</a>: Prospect<table><tr><td>Feature group</td><td>Mineral Occurrence</td></tr><tr><td>Location</td><td>Haines, AK</td></tr><tr><td>Commodity</td><td>copper; lead; rare earth elements; zinc; gold</td></tr></table>",Chilkoot ANVSA,1,FALSE,TRUE,1,0
332,"Windy Fork Placer, Windy Fork Placer Showing",cerium; lanthanum; niobium; titanium; zirconium; iron; tin; thorium; uranium,Showing,"<a href=""https://mrdata.usgs.gov/deposit/html/REE-Mo00597"">Windy Fork Placer, Windy Fork Placer Showing</a>: Showing<table><tr><td>Feature group</td><td>Mineral Occurrence</td></tr><tr><td>Location</td><td>Yukon-Koyukuk, AK</td></tr><tr><td>Commodity</td><td>cerium; lanthanum; niobium; titanium; zirconium; iron; tin; thorium; uranium</td></tr></table>",,0,FALSE,FALSE,0,0
333,Magnet Cove District,barite; titanium; vanadium; niobium; rare earth elements,Mineral District,"<a href=""https://mrdata.usgs.gov/deposit/html/REE-Mr00004"">Magnet Cove District</a>: Mineral District<table><tr><td>Feature group</td><td>Mineral Region</td></tr><tr><td>Location</td><td>Garland; Hot Spring; Saline, AR</td></tr><tr><td>Commodity</td><td>barite; titanium; vanadium; niobium; rare earth elements</td></tr></table>",,0,FALSE,FALSE,0,0
334,"La Paz, La Paz Deposit",rare earth elements,Deposit,"<a href=""https://mrdata.usgs.gov/deposit/html/REE-Mo00253"">La Paz, La Paz Deposit</a>: Deposit<table><tr><td>Feature group</td><td>Mineral Occurrence</td></tr><tr><td>Location</td><td>La Paz, AZ</td></tr><tr><td>Commodity</td><td>rare earth elements</td></tr></table>",Chemehuevi Reservation; Colorado River Indian Reservation,2,FALSE,TRUE,1,1
335,"Mountain Pass, Mountain Pass Mine",rare earth elements; gold,Open Pit Mine,"<a href=""https://mrdata.usgs.gov/deposit/html/REE-Mf00238"">Mountain Pass, Mountain Pass Mine</a>: Open Pit Mine<table><tr><td>Feature group</td><td>Mine Feature</td></tr><tr><td>Location</td><td>San Bernardino, CA</td></tr><tr><td>Commodity</td><td>rare earth elements; gold</td></tr></table>",,0,FALSE,FALSE,0,0
336,"Mountain Pass, Sulphide Queen Body",rare earth elements,Deposit,"<a href=""https://mrdata.usgs.gov/deposit/html/REE-Mo00254"">Mountain Pass, Sulphide Queen Body</a>: Deposit<table><tr><td>Feature group</td><td>Mineral Occurrence</td></tr><tr><td>Location</td><td>San Bernardino, CA</td></tr><tr><td>Commodity</td><td>rare earth elements</td></tr></table>",,0,FALSE,FALSE,0,0
337,"Music Valley, Baby Blue",rare earth elements; thorium,Deposit,"<a href=""https://mrdata.usgs.gov/deposit/html/REE-Mo00300"">Music Valley, Baby Blue</a>: Deposit<table><tr><td>Feature group</td><td>Mineral Occurrence</td></tr><tr><td>Location</td><td>Riverside, CA</td></tr><tr><td>Commodity</td><td>rare earth elements; thorium</td></tr></table>",Agua Caliente Indian Reservation and Off-Reservation Trust Land; Augustine Reservation; Cabazon Reservation; Torres-Martinez Reservation and Off-Reservation Trust Land; Twenty-Nine Palms Reservation and Off-Reservation Trust Land,5,FALSE,TRUE,1,1
338,"Music Valley, U-Thor",rare earth elements; thorium,Deposit,"<a href=""https://mrdata.usgs.gov/deposit/html/REE-Mo00301"">Music Valley, U-Thor</a>: Deposit<table><tr><td>Feature group</td><td>Mineral Occurrence</td></tr><tr><td>Location</td><td>Riverside, CA</td></tr><tr><td>Commodity</td><td>rare earth elements; thorium</td></tr></table>",Agua Caliente Indian Reservation and Off-Reservation Trust Land; Augustine Reservation; Cabazon Reservation; Torres-Martinez Reservation and Off-Reservation Trust Land; Twenty-Nine Palms Reservation and Off-Reservation Trust Land,5,FALSE,TRUE,1,1
339,"Music Valley, Hansen",rare earth elements; thorium,Deposit,"<a href=""https://mrdata.usgs.gov/deposit/html/REE-Mo00302"">Music Valley, Hansen</a>: Deposit<table><tr><td>Feature group</td><td>Mineral Occurrence</td></tr><tr><td>Location</td><td>Riverside, CA</td></tr><tr><td>Commodity</td><td>rare earth elements; thorium</td></tr></table>",Agua Caliente Indian Reservation and Off-Reservation Trust Land; Augustine Reservation; Cabazon Reservation; Torres-Martinez Reservation and Off-Reservation Trust Land; Twenty-Nine Palms Reservation and Off-Reservation Trust Land,5,FALSE,TRUE,1,1
340,"Music Valley, Uranus Prospects",rare earth elements; thorium,Deposit,"<a href=""https://mrdata.usgs.gov/deposit/html/REE-Mo00303"">Music Valley, Uranus Prospects</a>: Deposit<table><tr><td>Feature group</td><td>Mineral Occurrence</td></tr><tr><td>Location</td><td>Riverside, CA</td></tr><tr><td>Commodity</td><td>rare earth elements; thorium</td></tr></table>",Agua Caliente Indian Reservation and Off-Reservation Trust Land; Augustine Reservation; Cabazon Reservation; Torres-Martinez Reservation and Off-Reservation Trust Land; Twenty-Nine Palms Reservation and Off-Reservation Trust Land,5,FALSE,TRUE,1,1
341,"Iron Hill Carbonatite Complex, Iron Hill Carbonatite",rare earth elements; niobium; thorium; uranium; vanadium,Deposit,"<a href=""https://mrdata.usgs.gov/deposit/html/REE-Mo00286"">Iron Hill Carbonatite Complex, Iron Hill Carbonatite</a>: Deposit<table><tr><td>Feature group</td><td>Mineral Occurrence</td></tr><tr><td>Location</td><td>Gunnison, CO</td></tr><tr><td>Commodity</td><td>rare earth elements; niobium; thorium; uranium; vanadium</td></tr></table>",,0,FALSE,FALSE,0,0
342,"Iron Hill Carbonatite Complex, Iron Hill Pyroxenite",titanium; vanadium; iron; vermiculite,Deposit,"<a href=""https://mrdata.usgs.gov/deposit/html/REE-Mo00335"">Iron Hill Carbonatite Complex, Iron Hill Pyroxenite</a>: Deposit<table><tr><td>Feature group</td><td>Mineral Occurrence</td></tr><tr><td>Location</td><td>Gunnison, CO</td></tr><tr><td>Commodity</td><td>titanium; vanadium; iron; vermiculite</td></tr></table>",,0,FALSE,FALSE,0,0
343,"Climax, Climax Mine",molybdenum; tin; tungsten,Open Pit Mine,"<a href=""https://mrdata.usgs.gov/deposit/html/REE-Mf00240"">Climax, Climax Mine</a>: Open Pit Mine<table><tr><td>Feature group</td><td>Mine Feature</td></tr><tr><td>Location</td><td>Lake, CO</td></tr><tr><td>Commodity</td><td>molybdenum; tin; tungsten</td></tr></table>",,0,FALSE,FALSE,0,0
344,"Climax, Climax Deposit",molybdenum; tungsten; rhenium; platinum-group elements; tin; rare earth elements,Deposit,"<a href=""https://mrdata.usgs.gov/deposit/html/REE-Mo00262"">Climax, Climax Deposit</a>: Deposit<table><tr><td>Feature group</td><td>Mineral Occurrence</td></tr><tr><td>Location</td><td>Lake, CO</td></tr><tr><td>Commodity</td><td>molybdenum; tungsten; rhenium; platinum-group elements; tin; rare earth elements</td></tr></table>",,0,FALSE,FALSE,0,0
345,Wet Mountains Area,thorium; rare earth elements,Area,"<a href=""https://mrdata.usgs.gov/deposit/html/REE-Mr00053"">Wet Mountains Area</a>: Area<table><tr><td>Feature group</td><td>Mineral Region</td></tr><tr><td>Location</td><td>Custer; Fremont; Huerfano, CO</td></tr><tr><td>Commodity</td><td>thorium; rare earth elements</td></tr></table>",,0,FALSE,FALSE,0,0
346,Powderhorn District,niobium; tantalum; titanium; rare earth elements; iron; vanadium,Mining District,"<a href=""https://mrdata.usgs.gov/deposit/html/REE-Mr00046"">Powderhorn District</a>: Mining District<table><tr><td>Feature group</td><td>Mineral Region</td></tr><tr><td>Location</td><td>Gunnison; Saguache, CO</td></tr><tr><td>Commodity</td><td>niobium; tantalum; titanium; rare earth elements; iron; vanadium</td></tr></table>",,0,FALSE,FALSE,0,0
347,"Powderhorn Exploration Project, Satellite",rare earth elements,Showing,"<a href=""https://mrdata.usgs.gov/deposit/html/REE-Mo00350"">Powderhorn Exploration Project, Satellite</a>: Showing<table><tr><td>Feature group</td><td>Mineral Occurrence</td></tr><tr><td>Location</td><td>Gunnison, CO</td></tr><tr><td>Commodity</td><td>rare earth elements</td></tr></table>",,0,FALSE,FALSE,0,0
348,"Powderhorn Exploration Project, Rudolph Hill",rare earth elements,Showing,"<a href=""https://mrdata.usgs.gov/deposit/html/REE-Mo00351"">Powderhorn Exploration Project, Rudolph Hill</a>: Showing<table><tr><td>Feature group</td><td>Mineral Occurrence</td></tr><tr><td>Location</td><td>Gunnison, CO</td></tr><tr><td>Commodity</td><td>rare earth elements</td></tr></table>",,0,FALSE,FALSE,0,0
349,Climax District,molybdenum; tungsten; rhenium; platinum-group elements; tin; rare earth elements,Mining District,"<a href=""https://mrdata.usgs.gov/deposit/html/REE-Mr00069"">Climax District</a>: Mining District<table><tr><td>Feature group</td><td>Mineral Region</td></tr><tr><td>Location</td><td>Lake, CO</td></tr><tr><td>Commodity</td><td>molybdenum; tungsten; rhenium; platinum-group elements; tin; rare earth elements</td></tr></table>",,0,FALSE,FALSE,0,0
350,"Green Cove Springs, Green Cove Springs Mine",heavy minerals,Strip Mine,"<a href=""https://mrdata.usgs.gov/deposit/html/REE-Mf00339"">Green Cove Springs, Green Cove Springs Mine</a>: Strip Mine<table><tr><td>Feature group</td><td>Mine Feature</td></tr><tr><td>Location</td><td>Clay, FL</td></tr><tr><td>Commodity</td><td>heavy minerals</td></tr></table>",,0,FALSE,FALSE,0,0
351,"Green Cove Springs, Green Cove Springs Deposit",titanium; ilmenite; rutile; zircon; rare earth elements (in monazite); staurolite; leucoxene,Deposit,"<a href=""https://mrdata.usgs.gov/deposit/html/REE-Mo00287"">Green Cove Springs, Green Cove Springs Deposit</a>: Deposit<table><tr><td>Feature group</td><td>Mineral Occurrence</td></tr><tr><td>Location</td><td>Clay; Putnam, FL</td></tr><tr><td>Commodity</td><td>titanium; ilmenite; rutile; zircon; rare earth elements (in monazite); staurolite; leucoxene</td></tr></table>",,0,FALSE,FALSE,0,0
352,"Trail Ridge, Trail Ridge Mine",titanium,Open Pit Mine,"<a href=""https://mrdata.usgs.gov/deposit/html/REE-Mf00260"">Trail Ridge, Trail Ridge Mine</a>: Open Pit Mine<table><tr><td>Feature group</td><td>Mine Feature</td></tr><tr><td>Location</td><td>Clay, FL</td></tr><tr><td>Commodity</td><td>titanium</td></tr></table>",,0,FALSE,FALSE,0,0
353,"Trail Ridge, Highland Mine",zirconium; hafnium; titanium,Open Pit Mine,"<a href=""https://mrdata.usgs.gov/deposit/html/REE-Mf00261"">Trail Ridge, Highland Mine</a>: Open Pit Mine<table><tr><td>Feature group</td><td>Mine Feature</td></tr><tr><td>Location</td><td>Clay, FL</td></tr><tr><td>Commodity</td><td>zirconium; hafnium; titanium</td></tr></table>",,0,FALSE,FALSE,0,0
354,"Trail Ridge, Maxville Mine",zirconium; hafnium; titanium,Open Pit Mine,"<a href=""https://mrdata.usgs.gov/deposit/html/REE-Mf00262"">Trail Ridge, Maxville Mine</a>: Open Pit Mine<table><tr><td>Feature group</td><td>Mine Feature</td></tr><tr><td>Location</td><td>Clay; Baker; Duval, FL</td></tr><tr><td>Commodity</td><td>zirconium; hafnium; titanium</td></tr></table>",,0,FALSE,FALSE,0,0
355,"Trail Ridge, Trail Ridge Zone",titanium minerals; zircon,Deposit,"<a href=""https://mrdata.usgs.gov/deposit/html/REE-Mo00483"">Trail Ridge, Trail Ridge Zone</a>: Deposit<table><tr><td>Feature group</td><td>Mineral Occurrence</td></tr><tr><td>Location</td><td>Clay, FL</td></tr><tr><td>Commodity</td><td>titanium minerals; zircon</td></tr></table>",,0,FALSE,FALSE,0,0
356,"Trail Ridge, Maxville Zone",zirconium; hafnium; titanium; rare earth elements (in monazite),Deposit,"<a href=""https://mrdata.usgs.gov/deposit/html/REE-Mo00484"">Trail Ridge, Maxville Zone</a>: Deposit<table><tr><td>Feature group</td><td>Mineral Occurrence</td></tr><tr><td>Location</td><td>Clay; Baker; Duval, FL</td></tr><tr><td>Commodity</td><td>zirconium; hafnium; titanium; rare earth elements (in monazite)</td></tr></table>",,0,FALSE,FALSE,0,0
357,"Trail Ridge, Highland Zone",zirconium; hafnium; titanium,Deposit,"<a href=""https://mrdata.usgs.gov/deposit/html/REE-Mo00485"">Trail Ridge, Highland Zone</a>: Deposit<table><tr><td>Feature group</td><td>Mineral Occurrence</td></tr><tr><td>Location</td><td>Clay, FL</td></tr><tr><td>Commodity</td><td>zirconium; hafnium; titanium</td></tr></table>",,0,FALSE,FALSE,0,0
358,"Ponte Vedra, Mineral City",ilmenite; rutile; zircon; rare earth elements (in monazite),Deposit,"<a href=""https://mrdata.usgs.gov/deposit/html/REE-Mf00319"">Ponte Vedra, Mineral City</a>: Deposit<table><tr><td>Feature group</td><td>Mine Feature</td></tr><tr><td>Location</td><td>St. Johns, FL</td></tr><tr><td>Commodity</td><td>ilmenite; rutile; zircon; rare earth elements (in monazite)</td></tr></table>",,0,FALSE,FALSE,0,0
359,"Ponte Vedra, Ponte Vedra Deposit",ilmenite; rutile; zircon; rare earth elements (in monazite),Deposit,"<a href=""https://mrdata.usgs.gov/deposit/html/REE-Mo00292"">Ponte Vedra, Ponte Vedra Deposit</a>: Deposit<table><tr><td>Feature group</td><td>Mineral Occurrence</td></tr><tr><td>Location</td><td>St. Johns, FL</td></tr><tr><td>Commodity</td><td>ilmenite; rutile; zircon; rare earth elements (in monazite)</td></tr></table>",,0,FALSE,FALSE,0,0
360,"Jacksonville, Jacksonville Mine",heavy minerals,Unspecified Mine Feature,"<a href=""https://mrdata.usgs.gov/deposit/html/REE-Mf00530"">Jacksonville, Jacksonville Mine</a>: Unspecified Mine Feature<table><tr><td>Feature group</td><td>Mine Feature</td></tr><tr><td>Location</td><td>Duval, FL</td></tr><tr><td>Commodity</td><td>heavy minerals</td></tr></table>",,0,FALSE,FALSE,0,0
361,"Jacksonville, Jacksonville Deposit",ilmenite; rutile; zircon; rare earth elements (in monazite); garnet; xenotime,Deposit,"<a href=""https://mrdata.usgs.gov/deposit/html/REE-Mo00291"">Jacksonville, Jacksonville Deposit</a>: Deposit<table><tr><td>Feature group</td><td>Mineral Occurrence</td></tr><tr><td>Location</td><td>Duval, FL</td></tr><tr><td>Commodity</td><td>ilmenite; rutile; zircon; rare earth elements (in monazite); garnet; xenotime</td></tr></table>",,0,FALSE,FALSE,0,0
362,"Melbourne, Melbourne Deposit",ilmenite; rutile; zircon; rare earth elements (in monazite),Deposit,"<a href=""https://mrdata.usgs.gov/deposit/html/REE-Mo00529"">Melbourne, Melbourne Deposit</a>: Deposit<table><tr><td>Feature group</td><td>Mineral Occurrence</td></tr><tr><td>Location</td><td>Brevard, FL</td></tr><tr><td>Commodity</td><td>ilmenite; rutile; zircon; rare earth elements (in monazite)</td></tr></table>",,0,FALSE,FALSE,0,0
363,"Vero Beach, Vero Beach Deposit",ilmenite; rutile; zircon; rare earth elements (in monazite and xenotime); garnet,Deposit,"<a href=""https://mrdata.usgs.gov/deposit/html/REE-Mo00530"">Vero Beach, Vero Beach Deposit</a>: Deposit<table><tr><td>Feature group</td><td>Mineral Occurrence</td></tr><tr><td>Location</td><td>Indian River, FL</td></tr><tr><td>Commodity</td><td>ilmenite; rutile; zircon; rare earth elements (in monazite and xenotime); garnet</td></tr></table>",Fort Pierce Reservation,1,FALSE,TRUE,1,0
364,"Boulogne, Boulougne Mine",titanium; zircon; rare earth elements (in monazite),Unspecified Mine Feature,"<a href=""https://mrdata.usgs.gov/deposit/html/REE-Mf00529"">Boulogne, Boulougne Mine</a>: Unspecified Mine Feature<table><tr><td>Feature group</td><td>Mine Feature</td></tr><tr><td>Location</td><td>Nassau, FL</td></tr><tr><td>Commodity</td><td>titanium; zircon; rare earth elements (in monazite)</td></tr></table>",,0,FALSE,FALSE,0,0
365,"Boulogne, Boulougne Deposit",titanium; zircon; rare earth elements (in monazite),Deposit,"<a href=""https://mrdata.usgs.gov/deposit/html/REE-Mo00290"">Boulogne, Boulougne Deposit</a>: Deposit<table><tr><td>Feature group</td><td>Mineral Occurrence</td></tr><tr><td>Location</td><td>Nassau, FL</td></tr><tr><td>Commodity</td><td>titanium; zircon; rare earth elements (in monazite)</td></tr></table>",,0,FALSE,FALSE,0,0
366,"Little Talbot Island, Little Talbot Island Prospect",rare earth elements (in monazite); thorium (in monazite),Prospect,"<a href=""https://mrdata.usgs.gov/deposit/html/REE-Mo00305"">Little Talbot Island, Little Talbot Island Prospect</a>: Prospect<table><tr><td>Feature group</td><td>Mineral Occurrence</td></tr><tr><td>Location</td><td>Duval, FL</td></tr><tr><td>Commodity</td><td>rare earth elements (in monazite); thorium (in monazite)</td></tr></table>",,0,FALSE,FALSE,0,0
367,"Cumberland Island, Cumberland Island Deposit",titanium; rare earth elements (in monazite),Deposit,"<a href=""https://mrdata.usgs.gov/deposit/html/REE-Mo00288"">Cumberland Island, Cumberland Island Deposit</a>: Deposit<table><tr><td>Feature group</td><td>Mineral Occurrence</td></tr><tr><td>Location</td><td>Camden, GA</td></tr><tr><td>Commodity</td><td>titanium; rare earth elements (in monazite)</td></tr></table>",,0,FALSE,FALSE,0,0
368,"Folkston, Folkston Plant",titanium product; zircon; monazite,Processing Plant,"<a href=""https://mrdata.usgs.gov/deposit/html/REE-Mf00340"">Folkston, Folkston Plant</a>: Processing Plant<table><tr><td>Feature group</td><td>Mine Feature</td></tr><tr><td>Location</td><td>Charlton, GA</td></tr><tr><td>Commodity</td><td>titanium product; zircon; monazite</td></tr></table>",,0,FALSE,FALSE,0,0
369,"Folkston, Folkston Deposit",titanium; zircon; rare earth elements (in monazite),Deposit,"<a href=""https://mrdata.usgs.gov/deposit/html/REE-Mo00289"">Folkston, Folkston Deposit</a>: Deposit<table><tr><td>Feature group</td><td>Mineral Occurrence</td></tr><tr><td>Location</td><td>Charlton, GA</td></tr><tr><td>Commodity</td><td>titanium; zircon; rare earth elements (in monazite)</td></tr></table>",,0,FALSE,FALSE,0,0
370,"Cabin Bluff, Cabin Bluff Deposit",titanium; zircon; rare earth elements (in monazite),Deposit,"<a href=""https://mrdata.usgs.gov/deposit/html/REE-Mo00652"">Cabin Bluff, Cabin Bluff Deposit</a>: Deposit<table><tr><td>Feature group</td><td>Mineral Occurrence</td></tr><tr><td>Location</td><td>Camden, GA</td></tr><tr><td>Commodity</td><td>titanium; zircon; rare earth elements (in monazite)</td></tr></table>",,0,FALSE,FALSE,0,0
371,"Cabin Bluff, Ceylon",titanium; zircon; rare earth elements (in monazite),Deposit,"<a href=""https://mrdata.usgs.gov/deposit/html/REE-Mo00660"">Cabin Bluff, Ceylon</a>: Deposit<table><tr><td>Feature group</td><td>Mineral Occurrence</td></tr><tr><td>Location</td><td>Camden, GA</td></tr><tr><td>Commodity</td><td>titanium; zircon; rare earth elements (in monazite)</td></tr></table>",,0,FALSE,FALSE,0,0
372,"Cabin Bluff, Ocean Pond",titanium; zircon; rare earth elements (in monazite),Deposit,"<a href=""https://mrdata.usgs.gov/deposit/html/REE-Mo00661"">Cabin Bluff, Ocean Pond</a>: Deposit<table><tr><td>Feature group</td><td>Mineral Occurrence</td></tr><tr><td>Location</td><td>Camden, GA</td></tr><tr><td>Commodity</td><td>titanium; zircon; rare earth elements (in monazite)</td></tr></table>",,0,FALSE,FALSE,0,0
373,"Cabin Bluff, Pine Barren",titanium; zircon; rare earth elements (in monazite),Deposit,"<a href=""https://mrdata.usgs.gov/deposit/html/REE-Mo00662"">Cabin Bluff, Pine Barren</a>: Deposit<table><tr><td>Feature group</td><td>Mineral Occurrence</td></tr><tr><td>Location</td><td>Camden, GA</td></tr><tr><td>Commodity</td><td>titanium; zircon; rare earth elements (in monazite)</td></tr></table>",,0,FALSE,FALSE,0,0
374,"Cabin Bluff, Copeland",titanium; zircon; rare earth elements (in monazite),Deposit,"<a href=""https://mrdata.usgs.gov/deposit/html/REE-Mo00663"">Cabin Bluff, Copeland</a>: Deposit<table><tr><td>Feature group</td><td>Mineral Occurrence</td></tr><tr><td>Location</td><td>Camden, GA</td></tr><tr><td>Commodity</td><td>titanium; zircon; rare earth elements (in monazite)</td></tr></table>",,0,FALSE,FALSE,0,0
375,"Altama, Altama Orebody",titanium; zircon; rare earth elements (in monazite),Deposit,"<a href=""https://mrdata.usgs.gov/deposit/html/REE-Mo00653"">Altama, Altama Orebody</a>: Deposit<table><tr><td>Feature group</td><td>Mineral Occurrence</td></tr><tr><td>Location</td><td>Glynn, GA</td></tr><tr><td>Commodity</td><td>titanium; zircon; rare earth elements (in monazite)</td></tr></table>",,0,FALSE,FALSE,0,0
376,"Silver Queen, Silver Queen 52B Veins",rare earth elements; thorium,Prospect,"<a href=""https://mrdata.usgs.gov/deposit/html/REE-Mo00293"">Silver Queen, Silver Queen 52B Veins</a>: Prospect<table><tr><td>Feature group</td><td>Mineral Occurrence</td></tr><tr><td>Location</td><td>Lemhi, ID</td></tr><tr><td>Commodity</td><td>rare earth elements; thorium</td></tr></table>",,0,FALSE,FALSE,0,0
377,"Silver Queen, Silver Queen 38A Veins",rare earth elements; thorium,Prospect,"<a href=""https://mrdata.usgs.gov/deposit/html/REE-Mo00379"">Silver Queen, Silver Queen 38A Veins</a>: Prospect<table><tr><td>Feature group</td><td>Mineral Occurrence</td></tr><tr><td>Location</td><td>Lemhi, ID</td></tr><tr><td>Commodity</td><td>rare earth elements; thorium</td></tr></table>",,0,FALSE,FALSE,0,0
378,Bear Valley Monazite Placer District,rare earth elements (in monazite); yttrium (in euxenite); tantalum (in euxenite); niobium (in euxenite); thorium; uranium,Placer District,"<a href=""https://mrdata.usgs.gov/deposit/html/REE-Mr00019"">Bear Valley Monazite Placer District</a>: Placer District<table><tr><td>Feature group</td><td>Mineral Region</td></tr><tr><td>Location</td><td>Valley, ID</td></tr><tr><td>Commodity</td><td>rare earth elements (in monazite); yttrium (in euxenite); tantalum (in euxenite); niobium (in euxenite); thorium; uranium</td></tr></table>",,0,FALSE,FALSE,0,0
379,Boise Basin Monazite Placer District,rare earth elements (in monazite); garnet; ilmenite; thorium; zircon,Placer District,"<a href=""https://mrdata.usgs.gov/deposit/html/REE-Mr00020"">Boise Basin Monazite Placer District</a>: Placer District<table><tr><td>Feature group</td><td>Mineral Region</td></tr><tr><td>Location</td><td>Boise, ID</td></tr><tr><td>Commodity</td><td>rare earth elements (in monazite); garnet; ilmenite; thorium; zircon</td></tr></table>",,0,FALSE,FALSE,0,0
380,Burgdorf-Warren Monazite Placer District,rare earth elements (in monazite); gold; thorium; uranium,Placer District,"<a href=""https://mrdata.usgs.gov/deposit/html/REE-Mr00021"">Burgdorf-Warren Monazite Placer District</a>: Placer District<table><tr><td>Feature group</td><td>Mineral Region</td></tr><tr><td>Location</td><td>Idaho, ID</td></tr><tr><td>Commodity</td><td>rare earth elements (in monazite); gold; thorium; uranium</td></tr></table>",,0,FALSE,FALSE,0,0
381,Clearwater River Monazite Placer District,rare earth elements (in monazite),Placer District,"<a href=""https://mrdata.usgs.gov/deposit/html/REE-Mr00017"">Clearwater River Monazite Placer District</a>: Placer District<table><tr><td>Feature group</td><td>Mineral Region</td></tr><tr><td>Location</td><td>Clearwater, ID</td></tr><tr><td>Commodity</td><td>rare earth elements (in monazite)</td></tr></table>",Nez Perce Reservation,1,FALSE,TRUE,1,0
382,Dismal Swamp Monazite Placer District,rare earth elements (in monazite),Placer District,"<a href=""https://mrdata.usgs.gov/deposit/html/REE-Mr00027"">Dismal Swamp Monazite Placer District</a>: Placer District<table><tr><td>Feature group</td><td>Mineral Region</td></tr><tr><td>Location</td><td>Elmore, ID</td></tr><tr><td>Commodity</td><td>rare earth elements (in monazite)</td></tr></table>",,0,FALSE,FALSE,0,0
383,Dixie-Florence Monazite Placer District,rare earth elements (in monazite),Placer District,"<a href=""https://mrdata.usgs.gov/deposit/html/REE-Mr00022"">Dixie-Florence Monazite Placer District</a>: Placer District<table><tr><td>Feature group</td><td>Mineral Region</td></tr><tr><td>Location</td><td>Idaho, ID</td></tr><tr><td>Commodity</td><td>rare earth elements (in monazite)</td></tr></table>",Nez Perce Reservation,1,FALSE,TRUE,1,0
384,Elk City-Newsome Monazite Placer District,rare earth elements (in monazite); gold; garnet; zircon; ilmenite; thorium,Placer District,"<a href=""https://mrdata.usgs.gov/deposit/html/REE-Mr00023"">Elk City-Newsome Monazite Placer District</a>: Placer District<table><tr><td>Feature group</td><td>Mineral Region</td></tr><tr><td>Location</td><td>Idaho, ID</td></tr><tr><td>Commodity</td><td>rare earth elements (in monazite); gold; garnet; zircon; ilmenite; thorium</td></tr></table>",Nez Perce Reservation,1,FALSE,TRUE,1,0
385,Long Valley Monazite Placer District,rare earth elements (in monazite); ilmenite; zircon; garnet; thorium (in monazite); thorium; uranium,Placer District,"<a href=""https://mrdata.usgs.gov/deposit/html/REE-Mr00018"">Long Valley Monazite Placer District</a>: Placer District<table><tr><td>Feature group</td><td>Mineral Region</td></tr><tr><td>Location</td><td>Valley, ID</td></tr><tr><td>Commodity</td><td>rare earth elements (in monazite); ilmenite; zircon; garnet; thorium (in monazite); thorium; uranium</td></tr></table>",,0,FALSE,FALSE,0,0
386,Rock Creek-Camp Creek Monazite Placer District,rare earth elements (in monazite),Placer District,"<a href=""https://mrdata.usgs.gov/deposit/html/REE-Mr00026"">Rock Creek-Camp Creek Monazite Placer District</a>: Placer District<table><tr><td>Feature group</td><td>Mineral Region</td></tr><tr><td>Location</td><td>Blaine; Camas, ID</td></tr><tr><td>Commodity</td><td>rare earth elements (in monazite)</td></tr></table>",,0,FALSE,FALSE,0,0
387,Salmon River Monazite Placer District,rare earth elements (in monazite),Placer District,"<a href=""https://mrdata.usgs.gov/deposit/html/REE-Mr00025"">Salmon River Monazite Placer District</a>: Placer District<table><tr><td>Feature group</td><td>Mineral Region</td></tr><tr><td>Location</td><td>Lemhi, ID</td></tr><tr><td>Commodity</td><td>rare earth elements (in monazite)</td></tr></table>",,0,FALSE,FALSE,0,0
388,Stanley Basin Monazite Placer District,rare earth elements (in monazite),Placer District,"<a href=""https://mrdata.usgs.gov/deposit/html/REE-Mr00024"">Stanley Basin Monazite Placer District</a>: Placer District<table><tr><td>Feature group</td><td>Mineral Region</td></tr><tr><td>Location</td><td>Custer, ID</td></tr><tr><td>Commodity</td><td>rare earth elements (in monazite)</td></tr></table>",,0,FALSE,FALSE,0,0
389,Lemhi Pass District,rare earth elements; thorium,Mining District,"<a href=""https://mrdata.usgs.gov/deposit/html/REE-Mr00081"">Lemhi Pass District</a>: Mining District<table><tr><td>Feature group</td><td>Mineral Region</td></tr><tr><td>Location</td><td>Lemhi; Beaverhead, ID; MT</td></tr><tr><td>Commodity</td><td>rare earth elements; thorium</td></tr></table>",,0,FALSE,FALSE,0,0
390,"Lucky Horseshoe, Lucky Horseshoe Adit",rare earth elements; thorium,Adit,"<a href=""https://mrdata.usgs.gov/deposit/html/REE-Mf00348"">Lucky Horseshoe, Lucky Horseshoe Adit</a>: Adit<table><tr><td>Feature group</td><td>Mine Feature</td></tr><tr><td>Location</td><td>Lemhi, ID</td></tr><tr><td>Commodity</td><td>rare earth elements; thorium</td></tr></table>",,0,FALSE,FALSE,0,0
391,"Lucky Horseshoe, Lucky Horseshoe Caved Adit",rare earth elements; thorium,Adit,"<a href=""https://mrdata.usgs.gov/deposit/html/REE-Mf00349"">Lucky Horseshoe, Lucky Horseshoe Caved Adit</a>: Adit<table><tr><td>Feature group</td><td>Mine Feature</td></tr><tr><td>Location</td><td>Lemhi, ID</td></tr><tr><td>Commodity</td><td>rare earth elements; thorium</td></tr></table>",,0,FALSE,FALSE,0,0
392,"Lucky Horseshoe, Lucky Horseshoe Vein",rare earth elements; thorium,Prospect,"<a href=""https://mrdata.usgs.gov/deposit/html/REE-Mo00377"">Lucky Horseshoe, Lucky Horseshoe Vein</a>: Prospect<table><tr><td>Feature group</td><td>Mineral Occurrence</td></tr><tr><td>Location</td><td>Lemhi, ID</td></tr><tr><td>Commodity</td><td>rare earth elements; thorium</td></tr></table>",,0,FALSE,FALSE,0,0
393,"Hall Mountain Group, No. 1",rare earth elements; thorium,Deposit,"<a href=""https://mrdata.usgs.gov/deposit/html/REE-Mo00388"">Hall Mountain Group, No. 1</a>: Deposit<table><tr><td>Feature group</td><td>Mineral Occurrence</td></tr><tr><td>Location</td><td>Boundary, ID</td></tr><tr><td>Commodity</td><td>rare earth elements; thorium</td></tr></table>",Kootenai Reservation and Off-Reservation Trust Land,1,FALSE,TRUE,1,0
394,"Hall Mountain Group, No. 2",rare earth elements; thorium,Deposit,"<a href=""https://mrdata.usgs.gov/deposit/html/REE-Mo00389"">Hall Mountain Group, No. 2</a>: Deposit<table><tr><td>Feature group</td><td>Mineral Occurrence</td></tr><tr><td>Location</td><td>Boundary, ID</td></tr><tr><td>Commodity</td><td>rare earth elements; thorium</td></tr></table>",Kootenai Reservation and Off-Reservation Trust Land,1,FALSE,TRUE,1,0
395,"Hall Mountain Group, No. 3",rare earth elements; thorium,Deposit,"<a href=""https://mrdata.usgs.gov/deposit/html/REE-Mo00390"">Hall Mountain Group, No. 3</a>: Deposit<table><tr><td>Feature group</td><td>Mineral Occurrence</td></tr><tr><td>Location</td><td>Boundary, ID</td></tr><tr><td>Commodity</td><td>rare earth elements; thorium</td></tr></table>",Kootenai Reservation and Off-Reservation Trust Land,1,FALSE,TRUE,1,0
396,"Hall Mountain Group, No. 4",rare earth elements; thorium,Deposit,"<a href=""https://mrdata.usgs.gov/deposit/html/REE-Mo00391"">Hall Mountain Group, No. 4</a>: Deposit<table><tr><td>Feature group</td><td>Mineral Occurrence</td></tr><tr><td>Location</td><td>Boundary, ID</td></tr><tr><td>Commodity</td><td>rare earth elements; thorium</td></tr></table>",Kootenai Reservation and Off-Reservation Trust Land,1,FALSE,TRUE,1,0
397,"Hall Mountain Group, No. 5",rare earth elements; thorium,Deposit,"<a href=""https://mrdata.usgs.gov/deposit/html/REE-Mo00392"">Hall Mountain Group, No. 5</a>: Deposit<table><tr><td>Feature group</td><td>Mineral Occurrence</td></tr><tr><td>Location</td><td>Boundary, ID</td></tr><tr><td>Commodity</td><td>rare earth elements; thorium</td></tr></table>",Kootenai Reservation and Off-Reservation Trust Land,1,FALSE,TRUE,1,0
398,"Hall Mountain Group, No. 6",rare earth elements; thorium,Deposit,"<a href=""https://mrdata.usgs.gov/deposit/html/REE-Mo00393"">Hall Mountain Group, No. 6</a>: Deposit<table><tr><td>Feature group</td><td>Mineral Occurrence</td></tr><tr><td>Location</td><td>Boundary, ID</td></tr><tr><td>Commodity</td><td>rare earth elements; thorium</td></tr></table>",Kootenai Reservation and Off-Reservation Trust Land,1,FALSE,TRUE,1,0
399,"Hall Mountain Group, No. 7",rare earth elements; thorium,Deposit,"<a href=""https://mrdata.usgs.gov/deposit/html/REE-Mo00394"">Hall Mountain Group, No. 7</a>: Deposit<table><tr><td>Feature group</td><td>Mineral Occurrence</td></tr><tr><td>Location</td><td>Boundary, ID</td></tr><tr><td>Commodity</td><td>rare earth elements; thorium</td></tr></table>",Kootenai Reservation and Off-Reservation Trust Land,1,FALSE,TRUE,1,0
400,"Hall Mountain Group, No. 8",rare earth elements; thorium,Deposit,"<a href=""https://mrdata.usgs.gov/deposit/html/REE-Mo00395"">Hall Mountain Group, No. 8</a>: Deposit<table><tr><td>Feature group</td><td>Mineral Occurrence</td></tr><tr><td>Location</td><td>Boundary, ID</td></tr><tr><td>Commodity</td><td>rare earth elements; thorium</td></tr></table>",Kootenai Reservation and Off-Reservation Trust Land,1,FALSE,TRUE,1,0
401,"Hall Mountain Group, No. 9",rare earth elements; thorium,Deposit,"<a href=""https://mrdata.usgs.gov/deposit/html/REE-Mo00396"">Hall Mountain Group, No. 9</a>: Deposit<table><tr><td>Feature group</td><td>Mineral Occurrence</td></tr><tr><td>Location</td><td>Boundary, ID</td></tr><tr><td>Commodity</td><td>rare earth elements; thorium</td></tr></table>",Kootenai Reservation and Off-Reservation Trust Land,1,FALSE,TRUE,1,0
402,"Hall Mountain Group, No. 10",rare earth elements; thorium,Deposit,"<a href=""https://mrdata.usgs.gov/deposit/html/REE-Mo00397"">Hall Mountain Group, No. 10</a>: Deposit<table><tr><td>Feature group</td><td>Mineral Occurrence</td></tr><tr><td>Location</td><td>Boundary, ID</td></tr><tr><td>Commodity</td><td>rare earth elements; thorium</td></tr></table>",Kootenai Reservation and Off-Reservation Trust Land,1,FALSE,TRUE,1,0
403,"Hall Mountain Group, No. 11",rare earth elements; thorium,Deposit,"<a href=""https://mrdata.usgs.gov/deposit/html/REE-Mo00398"">Hall Mountain Group, No. 11</a>: Deposit<table><tr><td>Feature group</td><td>Mineral Occurrence</td></tr><tr><td>Location</td><td>Boundary, ID</td></tr><tr><td>Commodity</td><td>rare earth elements; thorium</td></tr></table>",Kootenai Reservation and Off-Reservation Trust Land,1,FALSE,TRUE,1,0
404,"Hall Mountain Group, No. 12",rare earth elements; thorium,Deposit,"<a href=""https://mrdata.usgs.gov/deposit/html/REE-Mo00399"">Hall Mountain Group, No. 12</a>: Deposit<table><tr><td>Feature group</td><td>Mineral Occurrence</td></tr><tr><td>Location</td><td>Boundary, ID</td></tr><tr><td>Commodity</td><td>rare earth elements; thorium</td></tr></table>",Kootenai Reservation and Off-Reservation Trust Land,1,FALSE,TRUE,1,0
405,"Hall Mountain Group, No. 13",rare earth elements; thorium,Deposit,"<a href=""https://mrdata.usgs.gov/deposit/html/REE-Mo00400"">Hall Mountain Group, No. 13</a>: Deposit<table><tr><td>Feature group</td><td>Mineral Occurrence</td></tr><tr><td>Location</td><td>Boundary, ID</td></tr><tr><td>Commodity</td><td>rare earth elements; thorium</td></tr></table>",Kootenai Reservation and Off-Reservation Trust Land,1,FALSE,TRUE,1,0
406,"Hall Mountain Group, No. 14",rare earth elements; thorium,Deposit,"<a href=""https://mrdata.usgs.gov/deposit/html/REE-Mo00401"">Hall Mountain Group, No. 14</a>: Deposit<table><tr><td>Feature group</td><td>Mineral Occurrence</td></tr><tr><td>Location</td><td>Boundary, ID</td></tr><tr><td>Commodity</td><td>rare earth elements; thorium</td></tr></table>",Kootenai Reservation and Off-Reservation Trust Land,1,FALSE,TRUE,1,0
407,Diamond Creek District,rare earth elements; thorium; gold,Mineral District,"<a href=""https://mrdata.usgs.gov/deposit/html/REE-Mr00097"">Diamond Creek District</a>: Mineral District<table><tr><td>Feature group</td><td>Mineral Region</td></tr><tr><td>Location</td><td>Lemhi, ID</td></tr><tr><td>Commodity</td><td>rare earth elements; thorium; gold</td></tr></table>",,0,FALSE,FALSE,0,0
408,"Blackfoot Bridge, Blackfoot Bridge Mine",phosphate,Open Pit Mine,"<a href=""https://mrdata.usgs.gov/deposit/html/REE-Mf00427"">Blackfoot Bridge, Blackfoot Bridge Mine</a>: Open Pit Mine<table><tr><td>Feature group</td><td>Mine Feature</td></tr><tr><td>Location</td><td>Caribou, ID</td></tr><tr><td>Commodity</td><td>phosphate</td></tr></table>",Fort Hall Reservation and Off-Reservation Trust Land,1,FALSE,TRUE,1,0
409,"Blackfoot Bridge, Blackfoot Bridge Deposit",phosphate; rare earth elements,Deposit,"<a href=""https://mrdata.usgs.gov/deposit/html/REE-Mo00532"">Blackfoot Bridge, Blackfoot Bridge Deposit</a>: Deposit<table><tr><td>Feature group</td><td>Mineral Occurrence</td></tr><tr><td>Location</td><td>Caribou, ID</td></tr><tr><td>Commodity</td><td>phosphate; rare earth elements</td></tr></table>",Fort Hall Reservation and Off-Reservation Trust Land,1,FALSE,TRUE,1,0
410,"Caldwell Canyon, Caldwell Canyon Mine",phosphate,Open Pit Mine,"<a href=""https://mrdata.usgs.gov/deposit/html/REE-Mf00428"">Caldwell Canyon, Caldwell Canyon Mine</a>: Open Pit Mine<table><tr><td>Feature group</td><td>Mine Feature</td></tr><tr><td>Location</td><td>Caribou, ID</td></tr><tr><td>Commodity</td><td>phosphate</td></tr></table>",Fort Hall Reservation and Off-Reservation Trust Land,1,FALSE,TRUE,1,0
411,"Caldwell Canyon, Caldwell Canyon Deposit",phosphate; rare earth elements,Deposit,"<a href=""https://mrdata.usgs.gov/deposit/html/REE-Mo00533"">Caldwell Canyon, Caldwell Canyon Deposit</a>: Deposit<table><tr><td>Feature group</td><td>Mineral Occurrence</td></tr><tr><td>Location</td><td>Caribou, ID</td></tr><tr><td>Commodity</td><td>phosphate; rare earth elements</td></tr></table>",Fort Hall Reservation and Off-Reservation Trust Land,1,FALSE,TRUE,1,0
412,"Champ, Champ Mine",phosphate,Open Pit Mine,"<a href=""https://mrdata.usgs.gov/deposit/html/REE-Mf00429"">Champ, Champ Mine</a>: Open Pit Mine<table><tr><td>Feature group</td><td>Mine Feature</td></tr><tr><td>Location</td><td>Caribou, ID</td></tr><tr><td>Commodity</td><td>phosphate</td></tr></table>",,0,FALSE,FALSE,0,0
413,"Champ, Champ Deposit",phosphate; rare earth elements,Deposit,"<a href=""https://mrdata.usgs.gov/deposit/html/REE-Mo00534"">Champ, Champ Deposit</a>: Deposit<table><tr><td>Feature group</td><td>Mineral Occurrence</td></tr><tr><td>Location</td><td>Caribou, ID</td></tr><tr><td>Commodity</td><td>phosphate; rare earth elements</td></tr></table>",,0,FALSE,FALSE,0,0
414,"Conda, Conda Mine",phosphate,Open Pit Mine,"<a href=""https://mrdata.usgs.gov/deposit/html/REE-Mf00430"">Conda, Conda Mine</a>: Open Pit Mine<table><tr><td>Feature group</td><td>Mine Feature</td></tr><tr><td>Location</td><td>Caribou, ID</td></tr><tr><td>Commodity</td><td>phosphate</td></tr></table>",Fort Hall Reservation and Off-Reservation Trust Land,1,FALSE,TRUE,1,0
415,"Conda, Conda Deposit",phosphate; rare earth elements,Deposit,"<a href=""https://mrdata.usgs.gov/deposit/html/REE-Mo00535"">Conda, Conda Deposit</a>: Deposit<table><tr><td>Feature group</td><td>Mineral Occurrence</td></tr><tr><td>Location</td><td>Caribou, ID</td></tr><tr><td>Commodity</td><td>phosphate; rare earth elements</td></tr></table>",Fort Hall Reservation and Off-Reservation Trust Land,1,FALSE,TRUE,1,0
416,"Gay-South Forty, Gay-South Forty Mines",phosphate,Open Pit Mine,"<a href=""https://mrdata.usgs.gov/deposit/html/REE-Mf00431"">Gay-South Forty, Gay-South Forty Mines</a>: Open Pit Mine<table><tr><td>Feature group</td><td>Mine Feature</td></tr><tr><td>Location</td><td>Bingham, ID</td></tr><tr><td>Commodity</td><td>phosphate</td></tr></table>",Fort Hall,1,TRUE,FALSE,1,0
417,"Gay-South Forty, Gay-South Forty Deposit",phosphate; rare earth elements,Deposit,"<a href=""https://mrdata.usgs.gov/deposit/html/REE-Mo00536"">Gay-South Forty, Gay-South Forty Deposit</a>: Deposit<table><tr><td>Feature group</td><td>Mineral Occurrence</td></tr><tr><td>Location</td><td>Bingham, ID</td></tr><tr><td>Commodity</td><td>phosphate; rare earth elements</td></tr></table>",Fort Hall,1,TRUE,FALSE,1,0
418,"Henry, Henry Strip Mine",phosphate,Strip Mine,"<a href=""https://mrdata.usgs.gov/deposit/html/REE-Mf00432"">Henry, Henry Strip Mine</a>: Strip Mine<table><tr><td>Feature group</td><td>Mine Feature</td></tr><tr><td>Location</td><td>Caribou, ID</td></tr><tr><td>Commodity</td><td>phosphate</td></tr></table>",Fort Hall Reservation and Off-Reservation Trust Land,1,FALSE,TRUE,1,0
419,"Henry, Henry Deposit",phosphate; rare earth elements,Deposit,"<a href=""https://mrdata.usgs.gov/deposit/html/REE-Mo00537"">Henry, Henry Deposit</a>: Deposit<table><tr><td>Feature group</td><td>Mineral Occurrence</td></tr><tr><td>Location</td><td>Caribou, ID</td></tr><tr><td>Commodity</td><td>phosphate; rare earth elements</td></tr></table>",Fort Hall Reservation and Off-Reservation Trust Land,1,FALSE,TRUE,1,0
420,"Husky, Husky Deposit",phosphate; rare earth elements,Deposit,"<a href=""https://mrdata.usgs.gov/deposit/html/REE-Mo00495"">Husky, Husky Deposit</a>: Deposit<table><tr><td>Feature group</td><td>Mineral Occurrence</td></tr><tr><td>Location</td><td>Caribou, ID</td></tr><tr><td>Commodity</td><td>phosphate; rare earth elements</td></tr></table>",,0,FALSE,FALSE,0,0
421,"Maybe Canyon, Maybe Canyon Mine",phosphate,Open Pit Mine,"<a href=""https://mrdata.usgs.gov/deposit/html/REE-Mf00433"">Maybe Canyon, Maybe Canyon Mine</a>: Open Pit Mine<table><tr><td>Feature group</td><td>Mine Feature</td></tr><tr><td>Location</td><td>Caribou, ID</td></tr><tr><td>Commodity</td><td>phosphate</td></tr></table>",Fort Hall Reservation and Off-Reservation Trust Land,1,FALSE,TRUE,1,0
422,"Maybe Canyon, Maybe Canyon Deposit",phosphate; rare earth elements,Deposit,"<a href=""https://mrdata.usgs.gov/deposit/html/REE-Mo00538"">Maybe Canyon, Maybe Canyon Deposit</a>: Deposit<table><tr><td>Feature group</td><td>Mineral Occurrence</td></tr><tr><td>Location</td><td>Caribou, ID</td></tr><tr><td>Commodity</td><td>phosphate; rare earth elements</td></tr></table>",Fort Hall Reservation and Off-Reservation Trust Land,1,FALSE,TRUE,1,0
423,"Mountain Fuel, Mountain Fuel Mine",phosphate,Open Pit Mine,"<a href=""https://mrdata.usgs.gov/deposit/html/REE-Mf00434"">Mountain Fuel, Mountain Fuel Mine</a>: Open Pit Mine<table><tr><td>Feature group</td><td>Mine Feature</td></tr><tr><td>Location</td><td>Caribou, ID</td></tr><tr><td>Commodity</td><td>phosphate</td></tr></table>",,0,FALSE,FALSE,0,0
424,"Mountain Fuel, Mountain Fuel Deposit",phosphate; rare earth elements,Deposit,"<a href=""https://mrdata.usgs.gov/deposit/html/REE-Mo00539"">Mountain Fuel, Mountain Fuel Deposit</a>: Deposit<table><tr><td>Feature group</td><td>Mineral Occurrence</td></tr><tr><td>Location</td><td>Caribou, ID</td></tr><tr><td>Commodity</td><td>phosphate; rare earth elements</td></tr></table>",,0,FALSE,FALSE,0,0
425,"North Henry, North Henry Mine",phosphate,Open Pit Mine,"<a href=""https://mrdata.usgs.gov/deposit/html/REE-Mf00435"">North Henry, North Henry Mine</a>: Open Pit Mine<table><tr><td>Feature group</td><td>Mine Feature</td></tr><tr><td>Location</td><td>Caribou, ID</td></tr><tr><td>Commodity</td><td>phosphate</td></tr></table>",Fort Hall Reservation and Off-Reservation Trust Land,1,FALSE,TRUE,1,0
426,"North Henry, North Henry Deposit",phosphate; rare earth elements,Deposit,"<a href=""https://mrdata.usgs.gov/deposit/html/REE-Mo00540"">North Henry, North Henry Deposit</a>: Deposit<table><tr><td>Feature group</td><td>Mineral Occurrence</td></tr><tr><td>Location</td><td>Caribou, ID</td></tr><tr><td>Commodity</td><td>phosphate; rare earth elements</td></tr></table>",Fort Hall Reservation and Off-Reservation Trust Land,1,FALSE,TRUE,1,0
427,"Smokey Canyon, Smokey Canyon Mine",phosphate,Open Pit Mine,"<a href=""https://mrdata.usgs.gov/deposit/html/REE-Mf00436"">Smokey Canyon, Smokey Canyon Mine</a>: Open Pit Mine<table><tr><td>Feature group</td><td>Mine Feature</td></tr><tr><td>Location</td><td>Caribou, ID</td></tr><tr><td>Commodity</td><td>phosphate</td></tr></table>",,0,FALSE,FALSE,0,0
428,"Smokey Canyon, Smoky Canyon Deposit",phosphate; rare earth elements,Deposit,"<a href=""https://mrdata.usgs.gov/deposit/html/REE-Mo00541"">Smokey Canyon, Smoky Canyon Deposit</a>: Deposit<table><tr><td>Feature group</td><td>Mineral Occurrence</td></tr><tr><td>Location</td><td>Caribou, ID</td></tr><tr><td>Commodity</td><td>phosphate; rare earth elements</td></tr></table>",,0,FALSE,FALSE,0,0
429,"Wooley Valley, Wooley Valley Mine",phosphate,Open Pit Mine,"<a href=""https://mrdata.usgs.gov/deposit/html/REE-Mf00437"">Wooley Valley, Wooley Valley Mine</a>: Open Pit Mine<table><tr><td>Feature group</td><td>Mine Feature</td></tr><tr><td>Location</td><td>Caribou, ID</td></tr><tr><td>Commodity</td><td>phosphate</td></tr></table>",Fort Hall Reservation and Off-Reservation Trust Land,1,FALSE,TRUE,1,0
430,"Wooley Valley, Wooley Valley Deposit",phosphate; rare earth elements,Deposit,"<a href=""https://mrdata.usgs.gov/deposit/html/REE-Mo00542"">Wooley Valley, Wooley Valley Deposit</a>: Deposit<table><tr><td>Feature group</td><td>Mineral Occurrence</td></tr><tr><td>Location</td><td>Caribou, ID</td></tr><tr><td>Commodity</td><td>phosphate; rare earth elements</td></tr></table>",Fort Hall Reservation and Off-Reservation Trust Land,1,FALSE,TRUE,1,0
431,"Swan Lake Gulch, Swan Lake Gulch Deposit",phosphate; rare earth elements,Deposit,"<a href=""https://mrdata.usgs.gov/deposit/html/REE-Mo00544"">Swan Lake Gulch, Swan Lake Gulch Deposit</a>: Deposit<table><tr><td>Feature group</td><td>Mineral Occurrence</td></tr><tr><td>Location</td><td>Caribou, ID</td></tr><tr><td>Commodity</td><td>phosphate; rare earth elements</td></tr></table>",Fort Hall Reservation and Off-Reservation Trust Land,1,FALSE,TRUE,1,0
432,"Trail Creek, Trail Creek Deposit",phosphate; rare earth elements,Deposit,"<a href=""https://mrdata.usgs.gov/deposit/html/REE-Mo00545"">Trail Creek, Trail Creek Deposit</a>: Deposit<table><tr><td>Feature group</td><td>Mineral Occurrence</td></tr><tr><td>Location</td><td>Caribou, ID</td></tr><tr><td>Commodity</td><td>phosphate; rare earth elements</td></tr></table>",Fort Hall Reservation and Off-Reservation Trust Land,1,FALSE,TRUE,1,0
433,"Monumental Summit, Monumental Summit Rare-Earth Prospect",rare earth elements,Deposit,"<a href=""https://mrdata.usgs.gov/deposit/html/REE-Mo00654"">Monumental Summit, Monumental Summit Rare-Earth Prospect</a>: Deposit<table><tr><td>Feature group</td><td>Mineral Occurrence</td></tr><tr><td>Location</td><td>Valley, ID</td></tr><tr><td>Commodity</td><td>rare earth elements</td></tr></table>",,0,FALSE,FALSE,0,0
434,Mineral Hill District,rare earth elements; thorium,Mineral District,"<a href=""https://mrdata.usgs.gov/deposit/html/REE-Mr00130"">Mineral Hill District</a>: Mineral District<table><tr><td>Feature group</td><td>Mineral Region</td></tr><tr><td>Location</td><td>Lemhi, MT</td></tr><tr><td>Commodity</td><td>rare earth elements; thorium</td></tr></table>",,0,FALSE,FALSE,0,0
435,"Hicks Dome, Hicks Dome Deposit",fluorite; beryllium; rare earth elements; thorium,Deposit,"<a href=""https://mrdata.usgs.gov/deposit/html/REE-Mo00285"">Hicks Dome, Hicks Dome Deposit</a>: Deposit<table><tr><td>Feature group</td><td>Mineral Occurrence</td></tr><tr><td>Location</td><td>Hardin, IL</td></tr><tr><td>Commodity</td><td>fluorite; beryllium; rare earth elements; thorium</td></tr></table>",,0,FALSE,FALSE,0,0
436,"Pea Ridge, Pea Ridge Mine",iron; magnetite; pyrite; rare earth elements,Underground Workings,"<a href=""https://mrdata.usgs.gov/deposit/html/REE-Mf00239"">Pea Ridge, Pea Ridge Mine</a>: Underground Workings<table><tr><td>Feature group</td><td>Mine Feature</td></tr><tr><td>Location</td><td>Washington, MO</td></tr><tr><td>Commodity</td><td>iron; magnetite; pyrite; rare earth elements</td></tr></table>",,0,FALSE,FALSE,0,0
437,"Pea Ridge, Pea Ridge Deposit",iron; magnetite; pyrite,Deposit,"<a href=""https://mrdata.usgs.gov/deposit/html/REE-Mo00256"">Pea Ridge, Pea Ridge Deposit</a>: Deposit<table><tr><td>Feature group</td><td>Mineral Occurrence</td></tr><tr><td>Location</td><td>Washington, MO</td></tr><tr><td>Commodity</td><td>iron; magnetite; pyrite</td></tr></table>",,0,FALSE,FALSE,0,0
438,"Pea Ridge, V-12 Pipe",rare earth elements,Deposit,"<a href=""https://mrdata.usgs.gov/deposit/html/REE-Mo00257"">Pea Ridge, V-12 Pipe</a>: Deposit<table><tr><td>Feature group</td><td>Mineral Occurrence</td></tr><tr><td>Location</td><td>Washington, MO</td></tr><tr><td>Commodity</td><td>rare earth elements</td></tr></table>",,0,FALSE,FALSE,0,0
439,"Pea Ridge, V-14 Pipe",rare earth elements,Deposit,"<a href=""https://mrdata.usgs.gov/deposit/html/REE-Mo00258"">Pea Ridge, V-14 Pipe</a>: Deposit<table><tr><td>Feature group</td><td>Mineral Occurrence</td></tr><tr><td>Location</td><td>Washington, MO</td></tr><tr><td>Commodity</td><td>rare earth elements</td></tr></table>",,0,FALSE,FALSE,0,0
440,"Pea Ridge, X-11 Pipe",rare earth elements,Deposit,"<a href=""https://mrdata.usgs.gov/deposit/html/REE-Mo00259"">Pea Ridge, X-11 Pipe</a>: Deposit<table><tr><td>Feature group</td><td>Mineral Occurrence</td></tr><tr><td>Location</td><td>Washington, MO</td></tr><tr><td>Commodity</td><td>rare earth elements</td></tr></table>",,0,FALSE,FALSE,0,0
441,"Pea Ridge, X-13 Pipe",rare earth elements,Deposit,"<a href=""https://mrdata.usgs.gov/deposit/html/REE-Mo00260"">Pea Ridge, X-13 Pipe</a>: Deposit<table><tr><td>Feature group</td><td>Mineral Occurrence</td></tr><tr><td>Location</td><td>Washington, MO</td></tr><tr><td>Commodity</td><td>rare earth elements</td></tr></table>",,0,FALSE,FALSE,0,0
442,"Last Chance, Last Chance Deposit",rare earth elements; thorium,Deposit,"<a href=""https://mrdata.usgs.gov/deposit/html/REE-Mo00306"">Last Chance, Last Chance Deposit</a>: Deposit<table><tr><td>Feature group</td><td>Mineral Occurrence</td></tr><tr><td>Location</td><td>Beaverhead, MT</td></tr><tr><td>Commodity</td><td>rare earth elements; thorium</td></tr></table>",,0,FALSE,FALSE,0,0
443,"Rocky Boy, Rocky Boy Stock",rare earth elements,Showing,"<a href=""https://mrdata.usgs.gov/deposit/html/REE-Mo00655"">Rocky Boy, Rocky Boy Stock</a>: Showing<table><tr><td>Feature group</td><td>Mineral Occurrence</td></tr><tr><td>Location</td><td>Hill, MT</td></tr><tr><td>Commodity</td><td>rare earth elements</td></tr></table>",Rocky Boy's,1,TRUE,FALSE,1,0
444,"Snowbird, Snowbird Deposit",rare earth elements,Deposit,"<a href=""https://mrdata.usgs.gov/deposit/html/REE-Mo00656"">Snowbird, Snowbird Deposit</a>: Deposit<table><tr><td>Feature group</td><td>Mineral Occurrence</td></tr><tr><td>Location</td><td>Mineral, MT</td></tr><tr><td>Commodity</td><td>rare earth elements</td></tr></table>",Flathead Reservation,1,FALSE,TRUE,1,0
445,"Southern Ravalli County, Sheep Creek-Beaver Creek-West Fork-Woods Creek Deposits",rare earth elements; niobium,Prospect,"<a href=""https://mrdata.usgs.gov/deposit/html/REE-Mo00657"">Southern Ravalli County, Sheep Creek-Beaver Creek-West Fork-Woods Creek Deposits</a>: Prospect<table><tr><td>Feature group</td><td>Mineral Occurrence</td></tr><tr><td>Location</td><td>Ravalli, MT</td></tr><tr><td>Commodity</td><td>rare earth elements; niobium</td></tr></table>",,0,FALSE,FALSE,0,0
446,"Christy-Destiny, Christy-Destiny Mine",rare earth elements (in monazite and xenotime); gold; sand; gravel,Unspecified Mine Feature,"<a href=""https://mrdata.usgs.gov/deposit/html/REE-Mf00378"">Christy-Destiny, Christy-Destiny Mine</a>: Unspecified Mine Feature<table><tr><td>Feature group</td><td>Mine Feature</td></tr><tr><td>Location</td><td>McDowell, NC</td></tr><tr><td>Commodity</td><td>rare earth elements (in monazite and xenotime); gold; sand; gravel</td></tr></table>",,0,FALSE,FALSE,0,0
447,"Christy-Destiny, Unnamed Placer",rare earth elements (in monazite and xenotime); gold; sand; gravel,Deposit,"<a href=""https://mrdata.usgs.gov/deposit/html/REE-Mo00295"">Christy-Destiny, Unnamed Placer</a>: Deposit<table><tr><td>Feature group</td><td>Mineral Occurrence</td></tr><tr><td>Location</td><td>McDowell, NC</td></tr><tr><td>Commodity</td><td>rare earth elements (in monazite and xenotime); gold; sand; gravel</td></tr></table>",,0,FALSE,FALSE,0,0
448,"Sandy Run Creek, Sandy Run Creek Prospect",rare earth elements (in monazite); rutile; ilmenite; zircon,Prospect,"<a href=""https://mrdata.usgs.gov/deposit/html/REE-Mo00463"">Sandy Run Creek, Sandy Run Creek Prospect</a>: Prospect<table><tr><td>Feature group</td><td>Mineral Occurrence</td></tr><tr><td>Location</td><td>Cleveland, NC</td></tr><tr><td>Commodity</td><td>rare earth elements (in monazite); rutile; ilmenite; zircon</td></tr></table>",,0,FALSE,FALSE,0,0
449,"Buffalo Creek, Buffalo Creek Prospect",rare earth elements (in monazite); rutile; ilmenite; zircon,Prospect,"<a href=""https://mrdata.usgs.gov/deposit/html/REE-Mo00466"">Buffalo Creek, Buffalo Creek Prospect</a>: Prospect<table><tr><td>Feature group</td><td>Mineral Occurrence</td></tr><tr><td>Location</td><td>Cleveland, NC</td></tr><tr><td>Commodity</td><td>rare earth elements (in monazite); rutile; ilmenite; zircon</td></tr></table>",,0,FALSE,FALSE,0,0
450,"Knob Creek, Knob Creek Prospect",rare earth elements (in monazite); rutile; ilmenite; zircon,Prospect,"<a href=""https://mrdata.usgs.gov/deposit/html/REE-Mo00468"">Knob Creek, Knob Creek Prospect</a>: Prospect<table><tr><td>Feature group</td><td>Mineral Occurrence</td></tr><tr><td>Location</td><td>Cleveland, NC</td></tr><tr><td>Commodity</td><td>rare earth elements (in monazite); rutile; ilmenite; zircon</td></tr></table>",,0,FALSE,FALSE,0,0
451,"First Broad River, First Broad River Prospect",rare earth elements (in monazite); rutile; ilmenite; zircon,Prospect,"<a href=""https://mrdata.usgs.gov/deposit/html/REE-Mo00469"">First Broad River, First Broad River Prospect</a>: Prospect<table><tr><td>Feature group</td><td>Mineral Occurrence</td></tr><tr><td>Location</td><td>Cleveland, NC</td></tr><tr><td>Commodity</td><td>rare earth elements (in monazite); rutile; ilmenite; zircon</td></tr></table>",,0,FALSE,FALSE,0,0
452,"South Muddy Creek, South Muddy Creek Prospect",rare earth elements (in monazite); gold,Prospect,"<a href=""https://mrdata.usgs.gov/deposit/html/REE-Mo00315"">South Muddy Creek, South Muddy Creek Prospect</a>: Prospect<table><tr><td>Feature group</td><td>Mineral Occurrence</td></tr><tr><td>Location</td><td>McDowell, NC</td></tr><tr><td>Commodity</td><td>rare earth elements (in monazite); gold</td></tr></table>",,0,FALSE,FALSE,0,0
453,"Silver Creek, Silver Creek Prospect",rare earth elements (in monazite); gold,Prospect,"<a href=""https://mrdata.usgs.gov/deposit/html/REE-Mo00346"">Silver Creek, Silver Creek Prospect</a>: Prospect<table><tr><td>Feature group</td><td>Mineral Occurrence</td></tr><tr><td>Location</td><td>Burke, NC</td></tr><tr><td>Commodity</td><td>rare earth elements (in monazite); gold</td></tr></table>",,0,FALSE,FALSE,0,0
454,"Elk Creek, Elk Creek Deposit",niobium; scandium; titanium; rare earth elements,Deposit,"<a href=""https://mrdata.usgs.gov/deposit/html/REE-Mo00255"">Elk Creek, Elk Creek Deposit</a>: Deposit<table><tr><td>Feature group</td><td>Mineral Occurrence</td></tr><tr><td>Location</td><td>Johnson, NE</td></tr><tr><td>Commodity</td><td>niobium; scandium; titanium; rare earth elements</td></tr></table>",Sac and Fox Nation Reservation and Off-Reservation Trust Land,1,FALSE,TRUE,1,0
455,"Scrub Oaks, Scrub Oaks Mine",iron,Shaft Mine,"<a href=""https://mrdata.usgs.gov/deposit/html/REE-Mf00342"">Scrub Oaks, Scrub Oaks Mine</a>: Shaft Mine<table><tr><td>Feature group</td><td>Mine Feature</td></tr><tr><td>Location</td><td>Morris, NJ</td></tr><tr><td>Commodity</td><td>iron</td></tr></table>",Ramapough SDTSA,1,FALSE,TRUE,1,0
456,"Scrub Oaks, Scrub Oaks Orebody",iron; rare earth elements,Deposit,"<a href=""https://mrdata.usgs.gov/deposit/html/REE-Mo00376"">Scrub Oaks, Scrub Oaks Orebody</a>: Deposit<table><tr><td>Feature group</td><td>Mineral Occurrence</td></tr><tr><td>Location</td><td>Morris, NJ</td></tr><tr><td>Commodity</td><td>iron; rare earth elements</td></tr></table>",Ramapough SDTSA,1,FALSE,TRUE,1,0
457,"Pajarito Mountain, Pajarito Mountain Deposit",zirconium; rare earth elements,Deposit,"<a href=""https://mrdata.usgs.gov/deposit/html/REE-Mo00276"">Pajarito Mountain, Pajarito Mountain Deposit</a>: Deposit<table><tr><td>Feature group</td><td>Mineral Occurrence</td></tr><tr><td>Location</td><td>Otero, NM</td></tr><tr><td>Commodity</td><td>zirconium; rare earth elements</td></tr></table>",Mescalero,1,TRUE,FALSE,1,0
458,"Gallinas Mountains Project, Gallinas Mountains Project Showing",rare earth elements,Showing,"<a href=""https://mrdata.usgs.gov/deposit/html/REE-Mo00282"">Gallinas Mountains Project, Gallinas Mountains Project Showing</a>: Showing<table><tr><td>Feature group</td><td>Mineral Occurrence</td></tr><tr><td>Location</td><td>Lincoln, NM</td></tr><tr><td>Commodity</td><td>rare earth elements</td></tr></table>",,0,FALSE,FALSE,0,0
459,Gallinas Mountains District,gold; silver; copper; fluorine; iron; zinc; lead; rare earth elements; uranium; thorium; tellurium; molybdenum; asbestos,Mining District,"<a href=""https://mrdata.usgs.gov/deposit/html/REE-Mr00028"">Gallinas Mountains District</a>: Mining District<table><tr><td>Feature group</td><td>Mineral Region</td></tr><tr><td>Location</td><td>Lincoln, NM</td></tr><tr><td>Commodity</td><td>gold; silver; copper; fluorine; iron; zinc; lead; rare earth elements; uranium; thorium; tellurium; molybdenum; asbestos</td></tr></table>",,0,FALSE,FALSE,0,0
460,Lemitar Mountains District,copper; lead; barium; silver; manganese; uranium; rare earth elements; fluorine; zinc; titanium; niobium; thorium,Mining District,"<a href=""https://mrdata.usgs.gov/deposit/html/REE-Mr00029"">Lemitar Mountains District</a>: Mining District<table><tr><td>Feature group</td><td>Mineral Region</td></tr><tr><td>Location</td><td>Socorro, NM</td></tr><tr><td>Commodity</td><td>copper; lead; barium; silver; manganese; uranium; rare earth elements; fluorine; zinc; titanium; niobium; thorium</td></tr></table>",Navajo Nation Reservation and Off-Reservation Trust Land,1,FALSE,TRUE,1,0
461,Capitan Mountains District,thorium; rare earth elements; iron; uranium; manganese; coal; copper; gold; silver; beryllium; asbestos; fluorine; garnet,Mining District,"<a href=""https://mrdata.usgs.gov/deposit/html/REE-Mr00054"">Capitan Mountains District</a>: Mining District<table><tr><td>Feature group</td><td>Mineral Region</td></tr><tr><td>Location</td><td>Lincoln, NM</td></tr><tr><td>Commodity</td><td>thorium; rare earth elements; iron; uranium; manganese; coal; copper; gold; silver; beryllium; asbestos; fluorine; garnet</td></tr></table>",Mescalero Reservation,1,FALSE,TRUE,1,0
462,El Porvenir District,molybdenum; uranium; mica; rare earth elements; copper; silver; gold; thorium; fluorine; tungsten; bismuth; tantalum; niobium; mica; asbestos; beryllium,Mining District,"<a href=""https://mrdata.usgs.gov/deposit/html/REE-Mr00042"">El Porvenir District</a>: Mining District<table><tr><td>Feature group</td><td>Mineral Region</td></tr><tr><td>Location</td><td>San Miguel, NM</td></tr><tr><td>Commodity</td><td>molybdenum; uranium; mica; rare earth elements; copper; silver; gold; thorium; fluorine; tungsten; bismuth; tantalum; niobium; mica; asbestos; beryllium</td></tr></table>",Nambe Pueblo and Off-Reservation Trust Land; Picuris Pueblo; Pueblo of Pojoaque and Off-Reservation Trust Land; Tesuque Pueblo and Off-Reservation Trust Land,4,FALSE,TRUE,1,1
463,White Signal District,copper; uranium; gold; silver; lead; bismuth; fluorine; radium; garnet; rare earth elements; thorium; zinc; niobium; tantalum; turquoise; beryllium; barium; mica; tellurium,Mining District,"<a href=""https://mrdata.usgs.gov/deposit/html/REE-Mr00044"">White Signal District</a>: Mining District<table><tr><td>Feature group</td><td>Mineral Region</td></tr><tr><td>Location</td><td>Grant, NM</td></tr><tr><td>Commodity</td><td>copper; uranium; gold; silver; lead; bismuth; fluorine; radium; garnet; rare earth elements; thorium; zinc; niobium; tantalum; turquoise; beryllium; barium; mica; tellurium</td></tr></table>",,0,FALSE,FALSE,0,0
464,Laughlin Peak District,rare earth elements; gold; silver; uranium; thorium; niobium; iron; beryllium; zeolites,Mining District,"<a href=""https://mrdata.usgs.gov/deposit/html/REE-Mr00057"">Laughlin Peak District</a>: Mining District<table><tr><td>Feature group</td><td>Mineral Region</td></tr><tr><td>Location</td><td>Colfax, NM</td></tr><tr><td>Commodity</td><td>rare earth elements; gold; silver; uranium; thorium; niobium; iron; beryllium; zeolites</td></tr></table>",,0,FALSE,FALSE,0,0
465,Chupadera Mountains District,gold; silver; copper; lead; zinc; barium; uranium; thorium; niobium; titanium; rare earth elements,Mining District,"<a href=""https://mrdata.usgs.gov/deposit/html/REE-Mr00098"">Chupadera Mountains District</a>: Mining District<table><tr><td>Feature group</td><td>Mineral Region</td></tr><tr><td>Location</td><td>Socorro, NM</td></tr><tr><td>Commodity</td><td>gold; silver; copper; lead; zinc; barium; uranium; thorium; niobium; titanium; rare earth elements</td></tr></table>",,0,FALSE,FALSE,0,0
466,Petaca District,mica; niobium; tantalum; beryllium; quartz; feldspar; kyanite; rare earth elements; uranium; tin; thorium; copper; bismuth; fluorine; molybdenum; asbestos; pyrophyllite; garnet,Mining District,"<a href=""https://mrdata.usgs.gov/deposit/html/REE-Mr00045"">Petaca District</a>: Mining District<table><tr><td>Feature group</td><td>Mineral Region</td></tr><tr><td>Location</td><td>Rio Arriba, NM</td></tr><tr><td>Commodity</td><td>mica; niobium; tantalum; beryllium; quartz; feldspar; kyanite; rare earth elements; uranium; tin; thorium; copper; bismuth; fluorine; molybdenum; asbestos; pyrophyllite; garnet</td></tr></table>",Jicarilla Apache Nation Reservation and Off-Reservation Trust Land; Ohkay Owingeh; Picuris Pueblo; Santa Clara Pueblo and Off-Reservation Trust Land; Taos Pueblo and Off-Reservation Trust Land,5,FALSE,TRUE,1,1
467,Caballo Mountains District,lead; fluorine; manganese; gold; silver; iron; copper; uranium; molybdenum; vanadium; thorium; barium; rare earth elements; tungsten; niobium; titanium; platinum group elements; beryllium; zinc,Mining District,"<a href=""https://mrdata.usgs.gov/deposit/html/REE-Mr00099"">Caballo Mountains District</a>: Mining District<table><tr><td>Feature group</td><td>Mineral Region</td></tr><tr><td>Location</td><td>Sierra, NM</td></tr><tr><td>Commodity</td><td>lead; fluorine; manganese; gold; silver; iron; copper; uranium; molybdenum; vanadium; thorium; barium; rare earth elements; tungsten; niobium; titanium; platinum group elements; beryllium; zinc</td></tr></table>",,0,FALSE,FALSE,0,0
468,Cornudas Mountains District,rare earth elements; nepheline syenite; silver; beryllium; gold; uranium; thorium; niobium; zirconium; zeolites,Mining District,"<a href=""https://mrdata.usgs.gov/deposit/html/REE-Mr00055"">Cornudas Mountains District</a>: Mining District<table><tr><td>Feature group</td><td>Mineral Region</td></tr><tr><td>Location</td><td>Otero, NM</td></tr><tr><td>Commodity</td><td>rare earth elements; nepheline syenite; silver; beryllium; gold; uranium; thorium; niobium; zirconium; zeolites</td></tr></table>",Ysleta del Sur Pueblo and Off-Reservation Trust Land,1,FALSE,TRUE,1,0
469,Pajarito District,iron; zircon; rare earth elements; fluorine,Mining District,"<a href=""https://mrdata.usgs.gov/deposit/html/REE-Mr00056"">Pajarito District</a>: Mining District<table><tr><td>Feature group</td><td>Mineral Region</td></tr><tr><td>Location</td><td>Otero, NM</td></tr><tr><td>Commodity</td><td>iron; zircon; rare earth elements; fluorine</td></tr></table>",Mescalero,1,TRUE,FALSE,1,0
470,"Thor, Lopez Trend",rare earth elements,Prospect,"<a href=""https://mrdata.usgs.gov/deposit/html/REE-Mo00269"">Thor, Lopez Trend</a>: Prospect<table><tr><td>Feature group</td><td>Mineral Occurrence</td></tr><tr><td>Location</td><td>Clark, NV</td></tr><tr><td>Commodity</td><td>rare earth elements</td></tr></table>",,0,FALSE,FALSE,0,0
471,"Thor, Black Butte",rare earth elements,Prospect,"<a href=""https://mrdata.usgs.gov/deposit/html/REE-Mo00299"">Thor, Black Butte</a>: Prospect<table><tr><td>Feature group</td><td>Mineral Occurrence</td></tr><tr><td>Location</td><td>Clark, NV</td></tr><tr><td>Commodity</td><td>rare earth elements</td></tr></table>",,0,FALSE,FALSE,0,0
472,"Thor, Ned",rare earth elements,Prospect,"<a href=""https://mrdata.usgs.gov/deposit/html/REE-Mo00304"">Thor, Ned</a>: Prospect<table><tr><td>Feature group</td><td>Mineral Occurrence</td></tr><tr><td>Location</td><td>Clark, NV</td></tr><tr><td>Commodity</td><td>rare earth elements</td></tr></table>",,0,FALSE,FALSE,0,0
473,Crescent District,silver; gold; lead; copper; turquoise; molybdenum; vanadium; beryllium; thorium; uranium; perlite; rare earth elements,Mining District,"<a href=""https://mrdata.usgs.gov/deposit/html/REE-Mr00038"">Crescent District</a>: Mining District<table><tr><td>Feature group</td><td>Mineral Region</td></tr><tr><td>Location</td><td>Clark, NV</td></tr><tr><td>Commodity</td><td>silver; gold; lead; copper; turquoise; molybdenum; vanadium; beryllium; thorium; uranium; perlite; rare earth elements</td></tr></table>",,0,FALSE,FALSE,0,0
474,Mineville District,iron; thorium; uranium; phosphorus; rare earth elements,Mining District,"<a href=""https://mrdata.usgs.gov/deposit/html/REE-Mr00062"">Mineville District</a>: Mining District<table><tr><td>Feature group</td><td>Mineral Region</td></tr><tr><td>Location</td><td>Essex, NY</td></tr><tr><td>Commodity</td><td>iron; thorium; uranium; phosphorus; rare earth elements</td></tr></table>",,0,FALSE,FALSE,0,0
475,"Port Leyden, Port Leyden Mine",iron; titanium; rare earth elements,Shaft Mine,"<a href=""https://mrdata.usgs.gov/deposit/html/REE-Mf00275"">Port Leyden, Port Leyden Mine</a>: Shaft Mine<table><tr><td>Feature group</td><td>Mine Feature</td></tr><tr><td>Location</td><td>Lewis, NY</td></tr><tr><td>Commodity</td><td>iron; titanium; rare earth elements</td></tr></table>",Oneida Indian Nation Reservation,1,FALSE,TRUE,1,0
476,"Port Leyden, Port Leyden Orebody",iron; titanium; rare earth elements,Deposit,"<a href=""https://mrdata.usgs.gov/deposit/html/REE-Mo00355"">Port Leyden, Port Leyden Orebody</a>: Deposit<table><tr><td>Feature group</td><td>Mineral Occurrence</td></tr><tr><td>Location</td><td>Lewis, NY</td></tr><tr><td>Commodity</td><td>iron; titanium; rare earth elements</td></tr></table>",Oneida Indian Nation Reservation,1,FALSE,TRUE,1,0
477,"Cheever, Cheever Mine",iron,Unspecified Mine Feature,"<a href=""https://mrdata.usgs.gov/deposit/html/REE-Mf00334"">Cheever, Cheever Mine</a>: Unspecified Mine Feature<table><tr><td>Feature group</td><td>Mine Feature</td></tr><tr><td>Location</td><td>Essex, NY</td></tr><tr><td>Commodity</td><td>iron</td></tr></table>",,0,FALSE,FALSE,0,0
478,"Cheever, Cheever Orebody",iron; rare earth elements,Deposit,"<a href=""https://mrdata.usgs.gov/deposit/html/REE-Mo00366"">Cheever, Cheever Orebody</a>: Deposit<table><tr><td>Feature group</td><td>Mineral Occurrence</td></tr><tr><td>Location</td><td>Essex, NY</td></tr><tr><td>Commodity</td><td>iron; rare earth elements</td></tr></table>",,0,FALSE,FALSE,0,0
479,"Mineville Group, 21 Mine",iron,Underground Workings,"<a href=""https://mrdata.usgs.gov/deposit/html/REE-Mf00335"">Mineville Group, 21 Mine</a>: Underground Workings<table><tr><td>Feature group</td><td>Mine Feature</td></tr><tr><td>Location</td><td>Essex, NY</td></tr><tr><td>Commodity</td><td>iron</td></tr></table>",,0,FALSE,FALSE,0,0
480,"Mineville Group, Joker Shaft",iron,Mine Shaft,"<a href=""https://mrdata.usgs.gov/deposit/html/REE-Mf00336"">Mineville Group, Joker Shaft</a>: Mine Shaft<table><tr><td>Feature group</td><td>Mine Feature</td></tr><tr><td>Location</td><td>Essex, NY</td></tr><tr><td>Commodity</td><td>iron</td></tr></table>",,0,FALSE,FALSE,0,0
481,"Mineville Group, Sanford Pit",iron; rare earth elements,Open Pit Mine,"<a href=""https://mrdata.usgs.gov/deposit/html/REE-Mf00337"">Mineville Group, Sanford Pit</a>: Open Pit Mine<table><tr><td>Feature group</td><td>Mine Feature</td></tr><tr><td>Location</td><td>Essex, NY</td></tr><tr><td>Commodity</td><td>iron; rare earth elements</td></tr></table>",,0,FALSE,FALSE,0,0
482,"Mineville Group, Welch Shaft",iron; rare earth elements,Mine Shaft,"<a href=""https://mrdata.usgs.gov/deposit/html/REE-Mf00338"">Mineville Group, Welch Shaft</a>: Mine Shaft<table><tr><td>Feature group</td><td>Mine Feature</td></tr><tr><td>Location</td><td>Essex, NY</td></tr><tr><td>Commodity</td><td>iron; rare earth elements</td></tr></table>",,0,FALSE,FALSE,0,0
483,"Mineville Group, Old Bed Orebody",iron; rare earth elements,Deposit,"<a href=""https://mrdata.usgs.gov/deposit/html/REE-Mo00364"">Mineville Group, Old Bed Orebody</a>: Deposit<table><tr><td>Feature group</td><td>Mineral Occurrence</td></tr><tr><td>Location</td><td>Essex, NY</td></tr><tr><td>Commodity</td><td>iron; rare earth elements</td></tr></table>",,0,FALSE,FALSE,0,0
484,"Mineville Group, Joker Orebody",iron; rare earth elements,Deposit,"<a href=""https://mrdata.usgs.gov/deposit/html/REE-Mo00367"">Mineville Group, Joker Orebody</a>: Deposit<table><tr><td>Feature group</td><td>Mineral Occurrence</td></tr><tr><td>Location</td><td>Essex, NY</td></tr><tr><td>Commodity</td><td>iron; rare earth elements</td></tr></table>",,0,FALSE,FALSE,0,0
485,"Smith, Smith Mine",iron; thorium; uranium; phosphorus; rare earth elements,Underground Workings,"<a href=""https://mrdata.usgs.gov/deposit/html/REE-Mf00282"">Smith, Smith Mine</a>: Underground Workings<table><tr><td>Feature group</td><td>Mine Feature</td></tr><tr><td>Location</td><td>Essex, NY</td></tr><tr><td>Commodity</td><td>iron; thorium; uranium; phosphorus; rare earth elements</td></tr></table>",,0,FALSE,FALSE,0,0
486,"Smith, Smith Orebody",iron; rare earth elements; phosphorus,Deposit,"<a href=""https://mrdata.usgs.gov/deposit/html/REE-Mo00365"">Smith, Smith Orebody</a>: Deposit<table><tr><td>Feature group</td><td>Mineral Occurrence</td></tr><tr><td>Location</td><td>Essex, NY</td></tr><tr><td>Commodity</td><td>iron; rare earth elements; phosphorus</td></tr></table>",,0,FALSE,FALSE,0,0
487,"Pelfshire, Pelfshire Pits",iron,Unspecified Mine Feature,"<a href=""https://mrdata.usgs.gov/deposit/html/REE-Mf00281"">Pelfshire, Pelfshire Pits</a>: Unspecified Mine Feature<table><tr><td>Feature group</td><td>Mine Feature</td></tr><tr><td>Location</td><td>Essex, NY</td></tr><tr><td>Commodity</td><td>iron</td></tr></table>",,0,FALSE,FALSE,0,0
488,"Pelfshire, Pilfershire Orebody",iron; rare earth elements,Deposit,"<a href=""https://mrdata.usgs.gov/deposit/html/REE-Mo00368"">Pelfshire, Pilfershire Orebody</a>: Deposit<table><tr><td>Feature group</td><td>Mineral Occurrence</td></tr><tr><td>Location</td><td>Essex, NY</td></tr><tr><td>Commodity</td><td>iron; rare earth elements</td></tr></table>",,0,FALSE,FALSE,0,0
489,"Sherman, Sherman Mine",iron,Unspecified Mine Feature,"<a href=""https://mrdata.usgs.gov/deposit/html/REE-Mf00283"">Sherman, Sherman Mine</a>: Unspecified Mine Feature<table><tr><td>Feature group</td><td>Mine Feature</td></tr><tr><td>Location</td><td>Essex, NY</td></tr><tr><td>Commodity</td><td>iron</td></tr></table>",,0,FALSE,FALSE,0,0
490,"Sherman, Sherman Orebody",iron; rare earth elements,Deposit,"<a href=""https://mrdata.usgs.gov/deposit/html/REE-Mo00369"">Sherman, Sherman Orebody</a>: Deposit<table><tr><td>Feature group</td><td>Mineral Occurrence</td></tr><tr><td>Location</td><td>Essex, NY</td></tr><tr><td>Commodity</td><td>iron; rare earth elements</td></tr></table>",,0,FALSE,FALSE,0,0
491,"Hilton Head Island, Hilton Head Island Deposit",rare earth elements (in monazite); ilmenite; rutile; zircon,Deposit,"<a href=""https://mrdata.usgs.gov/deposit/html/REE-Mo00296"">Hilton Head Island, Hilton Head Island Deposit</a>: Deposit<table><tr><td>Feature group</td><td>Mineral Occurrence</td></tr><tr><td>Location</td><td>Beaufort, SC</td></tr><tr><td>Commodity</td><td>rare earth elements (in monazite); ilmenite; rutile; zircon</td></tr></table>",,0,FALSE,FALSE,0,0
492,"Horse Creek, Heavy Minerals Co. Mine",rare earth elements (in monazite),Open Pit Mine,"<a href=""https://mrdata.usgs.gov/deposit/html/REE-Mf00361"">Horse Creek, Heavy Minerals Co. Mine</a>: Open Pit Mine<table><tr><td>Feature group</td><td>Mine Feature</td></tr><tr><td>Location</td><td>Aiken, SC</td></tr><tr><td>Commodity</td><td>rare earth elements (in monazite)</td></tr></table>",Beaver Creek SDTSA,1,FALSE,TRUE,1,0
493,"Horse Creek, Horse Creek Deposit",rare earth elements (in monazite),Deposit,"<a href=""https://mrdata.usgs.gov/deposit/html/REE-Mo00297"">Horse Creek, Horse Creek Deposit</a>: Deposit<table><tr><td>Feature group</td><td>Mineral Occurrence</td></tr><tr><td>Location</td><td>Aiken, SC</td></tr><tr><td>Commodity</td><td>rare earth elements (in monazite)</td></tr></table>",Beaver Creek SDTSA,1,FALSE,TRUE,1,0
494,"Broad River, Broad River Prospect",rare earth elements (in monazite),Prospect,"<a href=""https://mrdata.usgs.gov/deposit/html/REE-Mo00470"">Broad River, Broad River Prospect</a>: Prospect<table><tr><td>Feature group</td><td>Mineral Occurrence</td></tr><tr><td>Location</td><td>Cherokee, SC</td></tr><tr><td>Commodity</td><td>rare earth elements (in monazite)</td></tr></table>",,0,FALSE,FALSE,0,0
495,"Thicketty Creek, Thicketty Creek Prospect",rare earth elements (in monazite); rutile; ilmenite; zircon,Prospect,"<a href=""https://mrdata.usgs.gov/deposit/html/REE-Mo00464"">Thicketty Creek, Thicketty Creek Prospect</a>: Prospect<table><tr><td>Feature group</td><td>Mineral Occurrence</td></tr><tr><td>Location</td><td>Cherokee, SC</td></tr><tr><td>Commodity</td><td>rare earth elements (in monazite); rutile; ilmenite; zircon</td></tr></table>",,0,FALSE,FALSE,0,0
496,"North Tyger River, North Tyger River Prospect",rare earth elements (in monazite); rutile; ilmenite; zircon,Prospect,"<a href=""https://mrdata.usgs.gov/deposit/html/REE-Mo00465"">North Tyger River, North Tyger River Prospect</a>: Prospect<table><tr><td>Feature group</td><td>Mineral Occurrence</td></tr><tr><td>Location</td><td>Spartanburg, SC</td></tr><tr><td>Commodity</td><td>rare earth elements (in monazite); rutile; ilmenite; zircon</td></tr></table>",,0,FALSE,FALSE,0,0
497,"Rabon Creek, Rabon Creek Prospect",rare earth elements (in monazite); rutile; ilmenite; zircon,Prospect,"<a href=""https://mrdata.usgs.gov/deposit/html/REE-Mo00467"">Rabon Creek, Rabon Creek Prospect</a>: Prospect<table><tr><td>Feature group</td><td>Mineral Occurrence</td></tr><tr><td>Location</td><td>Laurens, SC</td></tr><tr><td>Commodity</td><td>rare earth elements (in monazite); rutile; ilmenite; zircon</td></tr></table>",,0,FALSE,FALSE,0,0
498,"Hollow Creek, Hollow Creek Prospect",rare earth elements (in monazite); gold,Prospect,"<a href=""https://mrdata.usgs.gov/deposit/html/REE-Mo00307"">Hollow Creek, Hollow Creek Prospect</a>: Prospect<table><tr><td>Feature group</td><td>Mineral Occurrence</td></tr><tr><td>Location</td><td>Aiken, SC</td></tr><tr><td>Commodity</td><td>rare earth elements (in monazite); gold</td></tr></table>",Beaver Creek SDTSA,1,FALSE,TRUE,1,0
499,"Big Generostee Creek, Big Generostee Creek Prospect",rare earth elements (in monazite); gold,Prospect,"<a href=""https://mrdata.usgs.gov/deposit/html/REE-Mo00308"">Big Generostee Creek, Big Generostee Creek Prospect</a>: Prospect<table><tr><td>Feature group</td><td>Mineral Occurrence</td></tr><tr><td>Location</td><td>Anderson, SC</td></tr><tr><td>Commodity</td><td>rare earth elements (in monazite); gold</td></tr></table>",,0,FALSE,FALSE,0,0
500,"Oak Grove, Oak Grove Deposit",heavy minerals; rare earth elements,Deposit,"<a href=""https://mrdata.usgs.gov/deposit/html/REE-Mo00496"">Oak Grove, Oak Grove Deposit</a>: Deposit<table><tr><td>Feature group</td><td>Mineral Occurrence</td></tr><tr><td>Location</td><td>Henry, TN</td></tr><tr><td>Commodity</td><td>heavy minerals; rare earth elements</td></tr></table>",,0,FALSE,FALSE,0,0
501,"Silica, Silica Mine",silica,Open Pit Mine,"<a href=""https://mrdata.usgs.gov/deposit/html/REE-Mf00438"">Silica, Silica Mine</a>: Open Pit Mine<table><tr><td>Feature group</td><td>Mine Feature</td></tr><tr><td>Location</td><td>Benton, TN</td></tr><tr><td>Commodity</td><td>silica</td></tr></table>",,0,FALSE,FALSE,0,0
502,"Silica, Silica Deposit",phosphate; rare earth elements,Deposit,"<a href=""https://mrdata.usgs.gov/deposit/html/REE-Mo00543"">Silica, Silica Deposit</a>: Deposit<table><tr><td>Feature group</td><td>Mineral Occurrence</td></tr><tr><td>Location</td><td>Benton, TN</td></tr><tr><td>Commodity</td><td>phosphate; rare earth elements</td></tr></table>",,0,FALSE,FALSE,0,0
503,"Round Top, West End Structure Upper Portal",beryllium,Portal Mine,"<a href=""https://mrdata.usgs.gov/deposit/html/REE-Mf00232"">Round Top, West End Structure Upper Portal</a>: Portal Mine<table><tr><td>Feature group</td><td>Mine Feature</td></tr><tr><td>Location</td><td>Hudspeth, TX</td></tr><tr><td>Commodity</td><td>beryllium</td></tr></table>",,0,FALSE,FALSE,0,0
504,"Round Top, Round Top Deposit",rare earth elements; hafnium; niobium; tantalum; thorium; tin; uranium,Deposit,"<a href=""https://mrdata.usgs.gov/deposit/html/REE-Mo00233"">Round Top, Round Top Deposit</a>: Deposit<table><tr><td>Feature group</td><td>Mineral Occurrence</td></tr><tr><td>Location</td><td>Hudspeth, TX</td></tr><tr><td>Commodity</td><td>rare earth elements; hafnium; niobium; tantalum; thorium; tin; uranium</td></tr></table>",,0,FALSE,FALSE,0,0
505,"Rode Ranch, Rode Ranch Prospect",rare earth elements,Prospect,"<a href=""https://mrdata.usgs.gov/deposit/html/REE-Mo00659"">Rode Ranch, Rode Ranch Prospect</a>: Prospect<table><tr><td>Feature group</td><td>Mineral Occurrence</td></tr><tr><td>Location</td><td>Llano, TX</td></tr><tr><td>Commodity</td><td>rare earth elements</td></tr></table>",,0,FALSE,FALSE,0,0
506,"Little Friar Mountain, Little Friar Mountain Mine",rare earth elements,Unspecified Mine Feature,"<a href=""https://mrdata.usgs.gov/deposit/html/REE-Mf00556"">Little Friar Mountain, Little Friar Mountain Mine</a>: Unspecified Mine Feature<table><tr><td>Feature group</td><td>Mine Feature</td></tr><tr><td>Location</td><td>Amherst, VA</td></tr><tr><td>Commodity</td><td>rare earth elements</td></tr></table>",,0,FALSE,FALSE,0,0
507,"Little Friar Mountain, Little Friar Mountain Deposit",rare earth elements,Deposit,"<a href=""https://mrdata.usgs.gov/deposit/html/REE-Mo00658"">Little Friar Mountain, Little Friar Mountain Deposit</a>: Deposit<table><tr><td>Feature group</td><td>Mineral Occurrence</td></tr><tr><td>Location</td><td>Amherst, VA</td></tr><tr><td>Commodity</td><td>rare earth elements</td></tr></table>",,0,FALSE,FALSE,0,0
508,"Bear Lodge, Bull Hill",rare earth elements; thorium,Deposit,"<a href=""https://mrdata.usgs.gov/deposit/html/REE-Mo00240"">Bear Lodge, Bull Hill</a>: Deposit<table><tr><td>Feature group</td><td>Mineral Occurrence</td></tr><tr><td>Location</td><td>Crook, WY</td></tr><tr><td>Commodity</td><td>rare earth elements; thorium</td></tr></table>",,0,FALSE,FALSE,0,0
509,"Bear Lodge, Carbon",rare earth elements; thorium,Deposit,"<a href=""https://mrdata.usgs.gov/deposit/html/REE-Mo00241"">Bear Lodge, Carbon</a>: Deposit<table><tr><td>Feature group</td><td>Mineral Occurrence</td></tr><tr><td>Location</td><td>Crook, WY</td></tr><tr><td>Commodity</td><td>rare earth elements; thorium</td></tr></table>",,0,FALSE,FALSE,0,0
510,"Bear Lodge, Whitetail Ridge",rare earth elements; thorium,Deposit,"<a href=""https://mrdata.usgs.gov/deposit/html/REE-Mo00242"">Bear Lodge, Whitetail Ridge</a>: Deposit<table><tr><td>Feature group</td><td>Mineral Occurrence</td></tr><tr><td>Location</td><td>Crook, WY</td></tr><tr><td>Commodity</td><td>rare earth elements; thorium</td></tr></table>",,0,FALSE,FALSE,0,0
511,"Bear Lodge, Taylor",rare earth elements; thorium,Deposit,"<a href=""https://mrdata.usgs.gov/deposit/html/REE-Mo00249"">Bear Lodge, Taylor</a>: Deposit<table><tr><td>Feature group</td><td>Mineral Occurrence</td></tr><tr><td>Location</td><td>Crook, WY</td></tr><tr><td>Commodity</td><td>rare earth elements; thorium</td></tr></table>",,0,FALSE,FALSE,0,0
512,"Bear Lodge, Unnamed Prospect",rare earth elements; thorium,Deposit,"<a href=""https://mrdata.usgs.gov/deposit/html/REE-Mo00251"">Bear Lodge, Unnamed Prospect</a>: Deposit<table><tr><td>Feature group</td><td>Mineral Occurrence</td></tr><tr><td>Location</td><td>Crook, WY</td></tr><tr><td>Commodity</td><td>rare earth elements; thorium</td></tr></table>",,0,FALSE,FALSE,0,0
513,Bear Lodge District,rare earth elements; gold,Mineral District,"<a href=""https://mrdata.usgs.gov/deposit/html/REE-Mr00010"">Bear Lodge District</a>: Mineral District<table><tr><td>Feature group</td><td>Mineral Region</td></tr><tr><td>Location</td><td>Crook, WY</td></tr><tr><td>Commodity</td><td>rare earth elements; gold</td></tr></table>",,0,FALSE,FALSE,0,0
514,"Platt, Platt Mine",uranium; rare earth elements,Mine Shaft,"<a href=""https://mrdata.usgs.gov/deposit/html/REE-Mf00531"">Platt, Platt Mine</a>: Mine Shaft<table><tr><td>Feature group</td><td>Mine Feature</td></tr><tr><td>Location</td><td>Carbon, WY</td></tr><tr><td>Commodity</td><td>uranium; rare earth elements</td></tr></table>",,0,FALSE,FALSE,0,0
515,"Platt, Platt Deposit",uranium; rare earth elements,Deposit,"<a href=""https://mrdata.usgs.gov/deposit/html/REE-Mo00687"">Platt, Platt Deposit</a>: Deposit<table><tr><td>Feature group</td><td>Mineral Occurrence</td></tr><tr><td>Location</td><td>Carbon, WY</td></tr><tr><td>Commodity</td><td>uranium; rare earth elements</td></tr></table>",,0,FALSE,FALSE,0,0
516,"Onemile Creek, Onemile Creek Prospect",uranium; rare earth elements; thorium,Prospect,"<a href=""https://mrdata.usgs.gov/deposit/html/REE-Mo00664"">Onemile Creek, Onemile Creek Prospect</a>: Prospect<table><tr><td>Feature group</td><td>Mineral Occurrence</td></tr><tr><td>Location</td><td>Carbon, WY</td></tr><tr><td>Commodity</td><td>uranium; rare earth elements; thorium</td></tr></table>",,0,FALSE,FALSE,0,0
517,"Beaver Creek, Beaver Creek Mine",rare earth elements,Prospect Pit,"<a href=""https://mrdata.usgs.gov/deposit/html/REE-Mf00532"">Beaver Creek, Beaver Creek Mine</a>: Prospect Pit<table><tr><td>Feature group</td><td>Mine Feature</td></tr><tr><td>Location</td><td>Johnson, WY</td></tr><tr><td>Commodity</td><td>rare earth elements</td></tr></table>",,0,FALSE,FALSE,0,0
518,"Beaver Creek, Beaver Creek Prospect",rare earth elements,Prospect,"<a href=""https://mrdata.usgs.gov/deposit/html/REE-Mo00665"">Beaver Creek, Beaver Creek Prospect</a>: Prospect<table><tr><td>Feature group</td><td>Mineral Occurrence</td></tr><tr><td>Location</td><td>Johnson, WY</td></tr><tr><td>Commodity</td><td>rare earth elements</td></tr></table>",,0,FALSE,FALSE,0,0
519,"Gafco, Gafco Placer Claims",rare earth elements; uranium; thorium,Showing,"<a href=""https://mrdata.usgs.gov/deposit/html/REE-Mo00666"">Gafco, Gafco Placer Claims</a>: Showing<table><tr><td>Feature group</td><td>Mineral Occurrence</td></tr><tr><td>Location</td><td>Carbon, WY</td></tr><tr><td>Commodity</td><td>rare earth elements; uranium; thorium</td></tr></table>",,0,FALSE,FALSE,0,0
520,"Ranger, Ranger no. 1 Claim",uranium; rare earth elements; thorium,Showing,"<a href=""https://mrdata.usgs.gov/deposit/html/REE-Mo00667"">Ranger, Ranger no. 1 Claim</a>: Showing<table><tr><td>Feature group</td><td>Mineral Occurrence</td></tr><tr><td>Location</td><td>Natrona, WY</td></tr><tr><td>Commodity</td><td>uranium; rare earth elements; thorium</td></tr></table>",,0,FALSE,FALSE,0,0
521,"Grass Creek, Grass Creek Showing",heavy minerals; rare earth elements,Showing,"<a href=""https://mrdata.usgs.gov/deposit/html/REE-Mo00668"">Grass Creek, Grass Creek Showing</a>: Showing<table><tr><td>Feature group</td><td>Mineral Occurrence</td></tr><tr><td>Location</td><td>Hot Springs, WY</td></tr><tr><td>Commodity</td><td>heavy minerals; rare earth elements</td></tr></table>",Wind River Reservation and Off-Reservation Trust Land,1,FALSE,TRUE,1,0
522,"Cottonwood Creek, Cottonwood Creek Showing",heavy minerals; rare earth elements,Showing,"<a href=""https://mrdata.usgs.gov/deposit/html/REE-Mo00669"">Cottonwood Creek, Cottonwood Creek Showing</a>: Showing<table><tr><td>Feature group</td><td>Mineral Occurrence</td></tr><tr><td>Location</td><td>Hot Springs, WY</td></tr><tr><td>Commodity</td><td>heavy minerals; rare earth elements</td></tr></table>",Wind River Reservation and Off-Reservation Trust Land,1,FALSE,TRUE,1,0
523,"Spring Gap, Spring Gap Prospect",heavy minerals; rare earth elements,Prospect,"<a href=""https://mrdata.usgs.gov/deposit/html/REE-Mo00670"">Spring Gap, Spring Gap Prospect</a>: Prospect<table><tr><td>Feature group</td><td>Mineral Occurrence</td></tr><tr><td>Location</td><td>Uinta, WY</td></tr><tr><td>Commodity</td><td>heavy minerals; rare earth elements</td></tr></table>",,0,FALSE,FALSE,0,0
524,"Frontier Formation-Spring Gap, Frontier Formation-Spring Gap Prospect",heavy minerals; rare earth elements,Prospect,"<a href=""https://mrdata.usgs.gov/deposit/html/REE-Mo00671"">Frontier Formation-Spring Gap, Frontier Formation-Spring Gap Prospect</a>: Prospect<table><tr><td>Feature group</td><td>Mineral Occurrence</td></tr><tr><td>Location</td><td>Uinta, WY</td></tr><tr><td>Commodity</td><td>heavy minerals; rare earth elements</td></tr></table>",,0,FALSE,FALSE,0,0
525,"North Sheldon Gulch, North Sheldon Gulch Showing",phosphate; rare earth elements,Showing,"<a href=""https://mrdata.usgs.gov/deposit/html/REE-Mo00672"">North Sheldon Gulch, North Sheldon Gulch Showing</a>: Showing<table><tr><td>Feature group</td><td>Mineral Occurrence</td></tr><tr><td>Location</td><td>Big Horn, WY</td></tr><tr><td>Commodity</td><td>phosphate; rare earth elements</td></tr></table>",,0,FALSE,FALSE,0,0
526,"Middle Fork Pine Creek, Middle Fork Pine Creek Deposit",phosphate; rare earth elements,Deposit,"<a href=""https://mrdata.usgs.gov/deposit/html/REE-Mo00673"">Middle Fork Pine Creek, Middle Fork Pine Creek Deposit</a>: Deposit<table><tr><td>Feature group</td><td>Mineral Occurrence</td></tr><tr><td>Location</td><td>Lincoln, WY</td></tr><tr><td>Commodity</td><td>phosphate; rare earth elements</td></tr></table>",,0,FALSE,FALSE,0,0
527,"Raymond Canyon, Raymond Canyon Deposit",phosphate; rare earth elements,Deposit,"<a href=""https://mrdata.usgs.gov/deposit/html/REE-Mo00674"">Raymond Canyon, Raymond Canyon Deposit</a>: Deposit<table><tr><td>Feature group</td><td>Mineral Occurrence</td></tr><tr><td>Location</td><td>Lincoln, WY</td></tr><tr><td>Commodity</td><td>phosphate; rare earth elements</td></tr></table>",,0,FALSE,FALSE,0,0
528,"Snow King Mountain, Snow King Mountain Deposit",phosphate; rare earth elements,Deposit,"<a href=""https://mrdata.usgs.gov/deposit/html/REE-Mo00675"">Snow King Mountain, Snow King Mountain Deposit</a>: Deposit<table><tr><td>Feature group</td><td>Mineral Occurrence</td></tr><tr><td>Location</td><td>Teton, WY</td></tr><tr><td>Commodity</td><td>phosphate; rare earth elements</td></tr></table>",,0,FALSE,FALSE,0,0
529,"Table Mountain, Table Mountain Deposit",phosphate; rare earth elements,Deposit,"<a href=""https://mrdata.usgs.gov/deposit/html/REE-Mo00676"">Table Mountain, Table Mountain Deposit</a>: Deposit<table><tr><td>Feature group</td><td>Mineral Occurrence</td></tr><tr><td>Location</td><td>Teton, WY</td></tr><tr><td>Commodity</td><td>phosphate; rare earth elements</td></tr></table>",,0,FALSE,FALSE,0,0
530,"Crystal Creek, Crystal Creek Deposit",phosphate; rare earth elements,Deposit,"<a href=""https://mrdata.usgs.gov/deposit/html/REE-Mo00677"">Crystal Creek, Crystal Creek Deposit</a>: Deposit<table><tr><td>Feature group</td><td>Mineral Occurrence</td></tr><tr><td>Location</td><td>Teton, WY</td></tr><tr><td>Commodity</td><td>phosphate; rare earth elements</td></tr></table>",,0,FALSE,FALSE,0,0
531,"Crystal Creek Canyon, Crystal Creek Canyon Deposit",phosphate; rare earth elements,Deposit,"<a href=""https://mrdata.usgs.gov/deposit/html/REE-Mo00678"">Crystal Creek Canyon, Crystal Creek Canyon Deposit</a>: Deposit<table><tr><td>Feature group</td><td>Mineral Occurrence</td></tr><tr><td>Location</td><td>Teton, WY</td></tr><tr><td>Commodity</td><td>phosphate; rare earth elements</td></tr></table>",,0,FALSE,FALSE,0,0
532,"Unnamed (S of Shorty Creek), Unnamed (S of Shorty Creek) Deposit",phosphate; rare earth elements,Deposit,"<a href=""https://mrdata.usgs.gov/deposit/html/REE-Mo00679"">Unnamed (S of Shorty Creek), Unnamed (S of Shorty Creek) Deposit</a>: Deposit<table><tr><td>Feature group</td><td>Mineral Occurrence</td></tr><tr><td>Location</td><td>Teton, WY</td></tr><tr><td>Commodity</td><td>phosphate; rare earth elements</td></tr></table>",,0,FALSE,FALSE,0,0
533,"Crystal Peak, Crystal Peak Deposit",phosphate; rare earth elements,Deposit,"<a href=""https://mrdata.usgs.gov/deposit/html/REE-Mo00680"">Crystal Peak, Crystal Peak Deposit</a>: Deposit<table><tr><td>Feature group</td><td>Mineral Occurrence</td></tr><tr><td>Location</td><td>Teton, WY</td></tr><tr><td>Commodity</td><td>phosphate; rare earth elements</td></tr></table>",,0,FALSE,FALSE,0,0
534,"Granite Creek, Granite Creek Deposit",phosphate; rare earth elements,Deposit,"<a href=""https://mrdata.usgs.gov/deposit/html/REE-Mo00681"">Granite Creek, Granite Creek Deposit</a>: Deposit<table><tr><td>Feature group</td><td>Mineral Occurrence</td></tr><tr><td>Location</td><td>Teton, WY</td></tr><tr><td>Commodity</td><td>phosphate; rare earth elements</td></tr></table>",,0,FALSE,FALSE,0,0
535,"Bear Cabin Creek, Bear Cabin Creek Deposit",phosphate; rare earth elements,Deposit,"<a href=""https://mrdata.usgs.gov/deposit/html/REE-Mo00682"">Bear Cabin Creek, Bear Cabin Creek Deposit</a>: Deposit<table><tr><td>Feature group</td><td>Mineral Occurrence</td></tr><tr><td>Location</td><td>Teton, WY</td></tr><tr><td>Commodity</td><td>phosphate; rare earth elements</td></tr></table>",,0,FALSE,FALSE,0,0
536,"Unnamed (Little Grizzly Basin), Unnamed (Little Grizzly Basin) Deposit",phosphate; rare earth elements,Deposit,"<a href=""https://mrdata.usgs.gov/deposit/html/REE-Mo00683"">Unnamed (Little Grizzly Basin), Unnamed (Little Grizzly Basin) Deposit</a>: Deposit<table><tr><td>Feature group</td><td>Mineral Occurrence</td></tr><tr><td>Location</td><td>Teton, WY</td></tr><tr><td>Commodity</td><td>phosphate; rare earth elements</td></tr></table>",,0,FALSE,FALSE,0,0
537,"Tosi Creek, Tosi Creek Deposit",phosphate; rare earth elements,Deposit,"<a href=""https://mrdata.usgs.gov/deposit/html/REE-Mo00684"">Tosi Creek, Tosi Creek Deposit</a>: Deposit<table><tr><td>Feature group</td><td>Mineral Occurrence</td></tr><tr><td>Location</td><td>Sublette, WY</td></tr><tr><td>Commodity</td><td>phosphate; rare earth elements</td></tr></table>",,0,FALSE,FALSE,0,0
538,"Bald Mountain, Bald Mountain Deposit",gold; titanium minerals; rare earth elements; thorium; zircon,Deposit,"<a href=""https://mrdata.usgs.gov/deposit/html/REE-Mo00685"">Bald Mountain, Bald Mountain Deposit</a>: Deposit<table><tr><td>Feature group</td><td>Mineral Occurrence</td></tr><tr><td>Location</td><td>Big Horn, WY</td></tr><tr><td>Commodity</td><td>gold; titanium minerals; rare earth elements; thorium; zircon</td></tr></table>",Crow Reservation and Off-Reservation Trust Land,1,FALSE,TRUE,1,0
539,"Bald Mountain, Rooster Hill",gold; titanium minerals; rare earth elements; thorium; zircon,Deposit,"<a href=""https://mrdata.usgs.gov/deposit/html/REE-Mo00686"">Bald Mountain, Rooster Hill</a>: Deposit<table><tr><td>Feature group</td><td>Mineral Occurrence</td></tr><tr><td>Location</td><td>Sheridan, WY</td></tr><tr><td>Commodity</td><td>gold; titanium minerals; rare earth elements; thorium; zircon</td></tr></table>",Crow Reservation and Off-Reservation Trust Land,1,FALSE,TRUE,1,0
540,"Bokan Mountain, Ross-Adams Mine",uranium,Open Pit Mine,"<a href=""https://mrdata.usgs.gov/deposit/html/REE-Mf00237"">Bokan Mountain, Ross-Adams Mine</a>: Open Pit Mine<table><tr><td>Feature group</td><td>Mine Feature</td></tr><tr><td>Location</td><td>Prince of Wales-Hyder, AK</td></tr><tr><td>Commodity</td><td>uranium</td></tr></table>",Annette Island Reserve; Hydaburg ANVSA,2,FALSE,TRUE,1,1
541,"Bokan Mountain, Cheri",rare earth elements,Deposit,"<a href=""https://mrdata.usgs.gov/deposit/html/REE-Mo00219"">Bokan Mountain, Cheri</a>: Deposit<table><tr><td>Feature group</td><td>Mineral Occurrence</td></tr><tr><td>Location</td><td>Prince of Wales-Hyder, AK</td></tr><tr><td>Commodity</td><td>rare earth elements</td></tr></table>",Annette Island Reserve,1,FALSE,TRUE,1,0
542,"Bokan Mountain, Geiger",rare earth elements,Deposit,"<a href=""https://mrdata.usgs.gov/deposit/html/REE-Mo00244"">Bokan Mountain, Geiger</a>: Deposit<table><tr><td>Feature group</td><td>Mineral Occurrence</td></tr><tr><td>Location</td><td>Prince of Wales-Hyder, AK</td></tr><tr><td>Commodity</td><td>rare earth elements</td></tr></table>",Annette Island Reserve; Hydaburg ANVSA; Ketchikan ANVSA; Saxman ANVSA,4,FALSE,TRUE,1,1
543,"Bokan Mountain, Geoduck Zone",rare earth elements; thorium,Deposit,"<a href=""https://mrdata.usgs.gov/deposit/html/REE-Mo00245"">Bokan Mountain, Geoduck Zone</a>: Deposit<table><tr><td>Feature group</td><td>Mineral Occurrence</td></tr><tr><td>Location</td><td>Prince of Wales-Hyder, AK</td></tr><tr><td>Commodity</td><td>rare earth elements; thorium</td></tr></table>",Annette Island Reserve,1,FALSE,TRUE,1,0
544,"Bokan Mountain, I&L Zone",rare earth elements,Deposit,"<a href=""https://mrdata.usgs.gov/deposit/html/REE-Mo00246"">Bokan Mountain, I&L Zone</a>: Deposit<table><tr><td>Feature group</td><td>Mineral Occurrence</td></tr><tr><td>Location</td><td>Prince of Wales-Hyder, AK</td></tr><tr><td>Commodity</td><td>rare earth elements</td></tr></table>",Annette Island Reserve; Hydaburg ANVSA,2,FALSE,TRUE,1,1
545,"Bokan Mountain, Ross-Adams",uranium; rare earth elements; thorium,Deposit,"<a href=""https://mrdata.usgs.gov/deposit/html/REE-Mo00247"">Bokan Mountain, Ross-Adams</a>: Deposit<table><tr><td>Feature group</td><td>Mineral Occurrence</td></tr><tr><td>Location</td><td>Prince of Wales-Hyder, AK</td></tr><tr><td>Commodity</td><td>uranium; rare earth elements; thorium</td></tr></table>",Annette Island Reserve; Hydaburg ANVSA,2,FALSE,TRUE,1,1
546,"Bokan Mountain, Sunday Lake Zone",rare earth elements,Deposit,"<a href=""https://mrdata.usgs.gov/deposit/html/REE-Mo00248"">Bokan Mountain, Sunday Lake Zone</a>: Deposit<table><tr><td>Feature group</td><td>Mineral Occurrence</td></tr><tr><td>Location</td><td>Prince of Wales-Hyder, AK</td></tr><tr><td>Commodity</td><td>rare earth elements</td></tr></table>",Annette Island Reserve; Hydaburg ANVSA,2,FALSE,TRUE,1,1
547,"Bokan Mountain, Upper Cheri",rare earth elements,Deposit,"<a href=""https://mrdata.usgs.gov/deposit/html/REE-Mo00250"">Bokan Mountain, Upper Cheri</a>: Deposit<table><tr><td>Feature group</td><td>Mineral Occurrence</td></tr><tr><td>Location</td><td>Prince of Wales-Hyder, AK</td></tr><tr><td>Commodity</td><td>rare earth elements</td></tr></table>",Annette Island Reserve,1,FALSE,TRUE,1,0
548,"Bokan Mountain, Dotson Zone",rare earth elements,Deposit,"<a href=""https://mrdata.usgs.gov/deposit/html/REE-Mo00252"">Bokan Mountain, Dotson Zone</a>: Deposit<table><tr><td>Feature group</td><td>Mineral Occurrence</td></tr><tr><td>Location</td><td>Prince of Wales-Hyder, AK</td></tr><tr><td>Commodity</td><td>rare earth elements</td></tr></table>",Annette Island Reserve; Hydaburg ANVSA,2,FALSE,TRUE,1,1
549,"Bokan Mountain, Wennie",rare earth elements,Prospect,"<a href=""https://mrdata.usgs.gov/deposit/html/REE-Mo00294"">Bokan Mountain, Wennie</a>: Prospect<table><tr><td>Feature group</td><td>Mineral Occurrence</td></tr><tr><td>Location</td><td>Prince of Wales-Hyder, AK</td></tr><tr><td>Commodity</td><td>rare earth elements</td></tr></table>",Annette Island Reserve; Hydaburg ANVSA,2,FALSE,TRUE,1,1
550,"Bokan Mountain, I, L, and M",niobium; rare earth elements; thorium; uranium; zirconium,Deposit,"<a href=""https://mrdata.usgs.gov/deposit/html/REE-Mo00554"">Bokan Mountain, I, L, and M</a>: Deposit<table><tr><td>Feature group</td><td>Mineral Occurrence</td></tr><tr><td>Location</td><td>Prince of Wales-Hyder, AK</td></tr><tr><td>Commodity</td><td>niobium; rare earth elements; thorium; uranium; zirconium</td></tr></table>",Annette Island Reserve; Hydaburg ANVSA,2,FALSE,TRUE,1,1
551,"Bokan Mountain, Irene-D",niobium; rare earth elements; uranium; yttrium; zirconium;,Prospect,"<a href=""https://mrdata.usgs.gov/deposit/html/REE-Mo00555"">Bokan Mountain, Irene-D</a>: Prospect<table><tr><td>Feature group</td><td>Mineral Occurrence</td></tr><tr><td>Location</td><td>Prince of Wales-Hyder, AK</td></tr><tr><td>Commodity</td><td>niobium; rare earth elements; uranium; yttrium; zirconium;</td></tr></table>",Annette Island Reserve; Hydaburg ANVSA; Ketchikan ANVSA; Saxman ANVSA,4,FALSE,TRUE,1,1
552,"Bokan Mountain, Little Jim and Little Joe",niobium; rare earth elements; thorium; titanium; uranium; zirconium; hafnium,Prospect,"<a href=""https://mrdata.usgs.gov/deposit/html/REE-Mo00556"">Bokan Mountain, Little Jim and Little Joe</a>: Prospect<table><tr><td>Feature group</td><td>Mineral Occurrence</td></tr><tr><td>Location</td><td>Prince of Wales-Hyder, AK</td></tr><tr><td>Commodity</td><td>niobium; rare earth elements; thorium; titanium; uranium; zirconium; hafnium</td></tr></table>",Annette Island Reserve; Hydaburg ANVSA; Ketchikan ANVSA,3,FALSE,TRUE,1,1
553,"Bokan Mountain, Boots",rare earth elements; thorium; uranium,Prospect,"<a href=""https://mrdata.usgs.gov/deposit/html/REE-Mo00557"">Bokan Mountain, Boots</a>: Prospect<table><tr><td>Feature group</td><td>Mineral Occurrence</td></tr><tr><td>Location</td><td>Prince of Wales-Hyder, AK</td></tr><tr><td>Commodity</td><td>rare earth elements; thorium; uranium</td></tr></table>",Annette Island Reserve; Hydaburg ANVSA; Ketchikan ANVSA; Saxman ANVSA,4,FALSE,TRUE,1,1
554,"Bokan Mountain, Shore",niobium; uranium; thorium; rare earth elements; zirconium; zinc; titanium; beryllium; tin; tantalum; lead; strontium,Showing,"<a href=""https://mrdata.usgs.gov/deposit/html/REE-Mo00565"">Bokan Mountain, Shore</a>: Showing<table><tr><td>Feature group</td><td>Mineral Occurrence</td></tr><tr><td>Location</td><td>Prince of Wales-Hyder, AK</td></tr><tr><td>Commodity</td><td>niobium; uranium; thorium; rare earth elements; zirconium; zinc; titanium; beryllium; tin; tantalum; lead; strontium</td></tr></table>",Annette Island Reserve; Ketchikan ANVSA,2,FALSE,TRUE,1,1
555,"Draken Claims, Silver Lining Prospect",gold; thorium; tungsten; uranium; rare earth elements; silver; arsenic; copper; lead; tungsten,Showing,"<a href=""https://mrdata.usgs.gov/deposit/html/REE-Mo00627"">Draken Claims, Silver Lining Prospect</a>: Showing<table><tr><td>Feature group</td><td>Mineral Occurrence</td></tr><tr><td>Location</td><td>Southeast Fairbanks, AK</td></tr><tr><td>Commodity</td><td>gold; thorium; tungsten; uranium; rare earth elements; silver; arsenic; copper; lead; tungsten</td></tr></table>",Tanacross ANVSA; Tetlin ANVSA,2,FALSE,TRUE,1,1
556,"Salmon Bay, Salmon Bay Prospect",rare earth elements,Prospect,"<a href=""https://mrdata.usgs.gov/deposit/html/REE-Mo00471"">Salmon Bay, Salmon Bay Prospect</a>: Prospect<table><tr><td>Feature group</td><td>Mineral Occurrence</td></tr><tr><td>Location</td><td>Prince of Wales-Hyder, AK</td></tr><tr><td>Commodity</td><td>rare earth elements</td></tr></table>",Petersburg ANVSA; Wrangell ANVSA,2,FALSE,TRUE,1,1
557,"Dora Bay, Dora Bay Occurrence",rare earth elements,Showing,"<a href=""https://mrdata.usgs.gov/deposit/html/REE-Mo00497"">Dora Bay, Dora Bay Occurrence</a>: Showing<table><tr><td>Feature group</td><td>Mineral Occurrence</td></tr><tr><td>Location</td><td>Prince of Wales-Outer Ketchikan, AK</td></tr><tr><td>Commodity</td><td>rare earth elements</td></tr></table>",Annette Island Reserve; Craig ANVSA; Hydaburg ANVSA; Kasaan ANVSA; Ketchikan ANVSA; Saxman ANVSA,6,FALSE,TRUE,1,1
558,"Aichilik River, Aichilik River Showing",rare earth elements,Showing,"<a href=""https://mrdata.usgs.gov/deposit/html/REE-Mo00583"">Aichilik River, Aichilik River Showing</a>: Showing<table><tr><td>Feature group</td><td>Mineral Occurrence</td></tr><tr><td>Location</td><td>North Slope, AK</td></tr><tr><td>Commodity</td><td>rare earth elements</td></tr></table>",,0,FALSE,FALSE,0,0
559,"Boston Ridge, Boston Ridge Prospect",rare earth elements; thorium; uranium,Prospect,"<a href=""https://mrdata.usgs.gov/deposit/html/REE-Mo00626"">Boston Ridge, Boston Ridge Prospect</a>: Prospect<table><tr><td>Feature group</td><td>Mineral Occurrence</td></tr><tr><td>Location</td><td>Yukon-Koyukuk, AK</td></tr><tr><td>Commodity</td><td>rare earth elements; thorium; uranium</td></tr></table>",,0,FALSE,FALSE,0,0
560,"Cape Darby, Cape Darby Showing",rare earth elements; uranium; tungsten,Showing,"<a href=""https://mrdata.usgs.gov/deposit/html/REE-Mo00599"">Cape Darby, Cape Darby Showing</a>: Showing<table><tr><td>Feature group</td><td>Mineral Occurrence</td></tr><tr><td>Location</td><td>Nome, AK</td></tr><tr><td>Commodity</td><td>rare earth elements; uranium; tungsten</td></tr></table>",Elim ANVSA; Golovin ANVSA; White Mountain ANVSA,3,FALSE,TRUE,1,1
561,"Clear Creek, Clear Creek Showing",rare earth elements; uranium,Showing,"<a href=""https://mrdata.usgs.gov/deposit/html/REE-Mo00603"">Clear Creek, Clear Creek Showing</a>: Showing<table><tr><td>Feature group</td><td>Mineral Occurrence</td></tr><tr><td>Location</td><td>Nome, AK</td></tr><tr><td>Commodity</td><td>rare earth elements; uranium</td></tr></table>",Elim ANVSA; Golovin ANVSA; Koyuk ANVSA; White Mountain ANVSA,4,FALSE,TRUE,1,1
562,"Eudialyte, Eudialyte Occurrence",rare earth elements; zirconium; thorium; uranium,Prospect,"<a href=""https://mrdata.usgs.gov/deposit/html/REE-Mo00596"">Eudialyte, Eudialyte Occurrence</a>: Prospect<table><tr><td>Feature group</td><td>Mineral Occurrence</td></tr><tr><td>Location</td><td>Yukon-Koyukuk, AK</td></tr><tr><td>Commodity</td><td>rare earth elements; zirconium; thorium; uranium</td></tr></table>",,0,FALSE,FALSE,0,0
563,"Golovnin Bay, Golovnin Bay Showing",rare earth elements; uranium; tungsten,Showing,"<a href=""https://mrdata.usgs.gov/deposit/html/REE-Mo00600"">Golovnin Bay, Golovnin Bay Showing</a>: Showing<table><tr><td>Feature group</td><td>Mineral Occurrence</td></tr><tr><td>Location</td><td>Nome, AK</td></tr><tr><td>Commodity</td><td>rare earth elements; uranium; tungsten</td></tr></table>",Council ANVSA; Elim ANVSA; Golovin ANVSA; White Mountain ANVSA,4,FALSE,TRUE,1,1
564,"Hot Springs Creek, Hot Springs Creek Showing",rare earth elements; thorium; uranium; tungsten,Showing,"<a href=""https://mrdata.usgs.gov/deposit/html/REE-Mo00592"">Hot Springs Creek, Hot Springs Creek Showing</a>: Showing<table><tr><td>Feature group</td><td>Mineral Occurrence</td></tr><tr><td>Location</td><td>Yukon-Koyukuk, AK</td></tr><tr><td>Commodity</td><td>rare earth elements; thorium; uranium; tungsten</td></tr></table>",Circle ANVSA,1,FALSE,TRUE,1,0
565,"Karshner Creek, Karshner Creek Showing",rare earth elements; titanium; zirconium,Showing,"<a href=""https://mrdata.usgs.gov/deposit/html/REE-Mo00613"">Karshner Creek, Karshner Creek Showing</a>: Showing<table><tr><td>Feature group</td><td>Mineral Occurrence</td></tr><tr><td>Location</td><td>Yukon-Koyukuk, AK</td></tr><tr><td>Commodity</td><td>rare earth elements; titanium; zirconium</td></tr></table>",Manley Hot Springs,1,TRUE,FALSE,1,0
566,"Kilolitna River, Kilolitna River Prospect",rare earth elements; tin; niobium; tungsten; tantalum; zirconium,Prospect,"<a href=""https://mrdata.usgs.gov/deposit/html/REE-Mo00573"">Kilolitna River, Kilolitna River Prospect</a>: Prospect<table><tr><td>Feature group</td><td>Mineral Occurrence</td></tr><tr><td>Location</td><td>Yukon-Koyukuk, AK</td></tr><tr><td>Commodity</td><td>rare earth elements; tin; niobium; tungsten; tantalum; zirconium</td></tr></table>",,0,FALSE,FALSE,0,0
567,"Kwiniuk River, Kwiniuk River Showing",copper; rare earth elements; tungsten,Showing,"<a href=""https://mrdata.usgs.gov/deposit/html/REE-Mo00602"">Kwiniuk River, Kwiniuk River Showing</a>: Showing<table><tr><td>Feature group</td><td>Mineral Occurrence</td></tr><tr><td>Location</td><td>Nome, AK</td></tr><tr><td>Commodity</td><td>copper; rare earth elements; tungsten</td></tr></table>",Elim,1,TRUE,FALSE,1,0
568,"Lucky Six, Lucky Six Prospect",copper; lead; rare earth elements; thorium; uranium; zirconium,Prospect,"<a href=""https://mrdata.usgs.gov/deposit/html/REE-Mo00620"">Lucky Six, Lucky Six Prospect</a>: Prospect<table><tr><td>Feature group</td><td>Mineral Occurrence</td></tr><tr><td>Location</td><td>Haines, AK</td></tr><tr><td>Commodity</td><td>copper; lead; rare earth elements; thorium; uranium; zirconium</td></tr></table>",Chilkoot ANVSA,1,FALSE,TRUE,1,0
569,"No Name Creek, No Name Creek Deposit",rare earth elements; tin; silver; niobium; tantalum; titanium; tungsten; zirconium; gold,Deposit,"<a href=""https://mrdata.usgs.gov/deposit/html/REE-Mo00579"">No Name Creek, No Name Creek Deposit</a>: Deposit<table><tr><td>Feature group</td><td>Mineral Occurrence</td></tr><tr><td>Location</td><td>Yukon-Koyukuk, AK</td></tr><tr><td>Commodity</td><td>rare earth elements; tin; silver; niobium; tantalum; titanium; tungsten; zirconium; gold</td></tr></table>",Stevens Village ANVSA,1,FALSE,TRUE,1,0
570,"Paystreak and Marker Veins, Paystreak Vein",uranium; thorium; rare earth elements; molybdenum,Prospect,"<a href=""https://mrdata.usgs.gov/deposit/html/REE-Mo00594"">Paystreak and Marker Veins, Paystreak Vein</a>: Prospect<table><tr><td>Feature group</td><td>Mineral Occurrence</td></tr><tr><td>Location</td><td>Prince of Wales-Hyder, AK</td></tr><tr><td>Commodity</td><td>uranium; thorium; rare earth elements; molybdenum</td></tr></table>",Wrangell ANVSA,1,FALSE,TRUE,1,0
571,"Paystreak and Marker Veins, Marker Vein",uranium; thorium; rare earth elements; molybdenum,Prospect,"<a href=""https://mrdata.usgs.gov/deposit/html/REE-Mo00691"">Paystreak and Marker Veins, Marker Vein</a>: Prospect<table><tr><td>Feature group</td><td>Mineral Occurrence</td></tr><tr><td>Location</td><td>Prince of Wales-Hyder, AK</td></tr><tr><td>Commodity</td><td>uranium; thorium; rare earth elements; molybdenum</td></tr></table>",Wrangell ANVSA,1,FALSE,TRUE,1,0
572,"Ray River, Ray River Deposit",tin; rare earth elements; gold; niobium; titanium; tungsten; zirconium,Deposit,"<a href=""https://mrdata.usgs.gov/deposit/html/REE-Mo00575"">Ray River, Ray River Deposit</a>: Deposit<table><tr><td>Feature group</td><td>Mineral Occurrence</td></tr><tr><td>Location</td><td>Yukon-Koyukuk, AK</td></tr><tr><td>Commodity</td><td>tin; rare earth elements; gold; niobium; titanium; tungsten; zirconium</td></tr></table>",Rampart ANVSA,1,FALSE,TRUE,1,0
573,"Ruby Creek, Ruby Creek Showing",rare earth elements; thorium,Showing,"<a href=""https://mrdata.usgs.gov/deposit/html/REE-Mo00622"">Ruby Creek, Ruby Creek Showing</a>: Showing<table><tr><td>Feature group</td><td>Mineral Occurrence</td></tr><tr><td>Location</td><td>Southeast Fairbanks, AK</td></tr><tr><td>Commodity</td><td>rare earth elements; thorium</td></tr></table>",,0,FALSE,FALSE,0,0
574,"Section 35, Section 35 Showing",beryllium; niobium; thorium; uranium; zirconium; rare earth elements,Showing,"<a href=""https://mrdata.usgs.gov/deposit/html/REE-Mo00566"">Section 35, Section 35 Showing</a>: Showing<table><tr><td>Feature group</td><td>Mineral Occurrence</td></tr><tr><td>Location</td><td>Southeast Fairbanks, AK</td></tr><tr><td>Commodity</td><td>beryllium; niobium; thorium; uranium; zirconium; rare earth elements</td></tr></table>",Tanacross ANVSA; Tetlin ANVSA,2,FALSE,TRUE,1,1
575,"Tofty Ridge, Tofty Ridge Prospect",rare earth elements; niobium; silver; uranium; niobium,Prospect,"<a href=""https://mrdata.usgs.gov/deposit/html/REE-Mo00558"">Tofty Ridge, Tofty Ridge Prospect</a>: Prospect<table><tr><td>Feature group</td><td>Mineral Occurrence</td></tr><tr><td>Location</td><td>Yukon-Koyukuk, AK</td></tr><tr><td>Commodity</td><td>rare earth elements; niobium; silver; uranium; niobium</td></tr></table>",Manley Hot Springs ANVSA; Rampart ANVSA; Tanana ANVSA,3,FALSE,TRUE,1,1
576,"Unnamed (Half-Way Pillar), Unnamed (Half-Way Pillar) Showing",rare earth elements; lead,Showing,"<a href=""https://mrdata.usgs.gov/deposit/html/REE-Mo00590"">Unnamed (Half-Way Pillar), Unnamed (Half-Way Pillar) Showing</a>: Showing<table><tr><td>Feature group</td><td>Mineral Occurrence</td></tr><tr><td>Location</td><td>Yukon-Koyukuk, AK</td></tr><tr><td>Commodity</td><td>rare earth elements; lead</td></tr></table>",Canyon Village ANVSA,1,FALSE,TRUE,1,0
577,"Unnamed (east fork of Kilolitna River), Unnamed (east fork of Kilolitna River) Prospect",rare earth elements; tin; niobium; tungsten; tantalum; zirconium,Prospect,"<a href=""https://mrdata.usgs.gov/deposit/html/REE-Mo00578"">Unnamed (east fork of Kilolitna River), Unnamed (east fork of Kilolitna River) Prospect</a>: Prospect<table><tr><td>Feature group</td><td>Mineral Occurrence</td></tr><tr><td>Location</td><td>Yukon-Koyukuk, AK</td></tr><tr><td>Commodity</td><td>rare earth elements; tin; niobium; tungsten; tantalum; zirconium</td></tr></table>",,0,FALSE,FALSE,0,0
578,"Unnamed (east of Berg Mountain), Unnamed (east of Berg Mountain) Showing",rare earth elements,Showing,"<a href=""https://mrdata.usgs.gov/deposit/html/REE-Mo00621"">Unnamed (east of Berg Mountain), Unnamed (east of Berg Mountain) Showing</a>: Showing<table><tr><td>Feature group</td><td>Mineral Occurrence</td></tr><tr><td>Location</td><td>Hoonah-Angoon, AK</td></tr><tr><td>Commodity</td><td>rare earth elements</td></tr></table>",Chilkat ANVSA; Chilkoot ANVSA,2,FALSE,TRUE,1,1
579,"Unnamed (east of Eagle Creek), Unnamed (east of Eagle Creek) Showing",rare earth elements; thorium; uranium,Showing,"<a href=""https://mrdata.usgs.gov/deposit/html/REE-Mo00601"">Unnamed (east of Eagle Creek), Unnamed (east of Eagle Creek) Showing</a>: Showing<table><tr><td>Feature group</td><td>Mineral Occurrence</td></tr><tr><td>Location</td><td>Nome, AK</td></tr><tr><td>Commodity</td><td>rare earth elements; thorium; uranium</td></tr></table>",Council ANVSA; Elim ANVSA; Golovin ANVSA; White Mountain ANVSA,4,FALSE,TRUE,1,1
580,"Unnamed (in Zane Hills), Unnamed (in Zane Hills) Showing",rare earth elements; thorium; uranium,Showing,"<a href=""https://mrdata.usgs.gov/deposit/html/REE-Mo00624"">Unnamed (in Zane Hills), Unnamed (in Zane Hills) Showing</a>: Showing<table><tr><td>Feature group</td><td>Mineral Occurrence</td></tr><tr><td>Location</td><td>Yukon-Koyukuk, AK</td></tr><tr><td>Commodity</td><td>rare earth elements; thorium; uranium</td></tr></table>",Huslia ANVSA,1,FALSE,TRUE,1,0
581,"Unnamed (near Mallard Bay), Unnamed (near Mallard Bay) Showing",gold; copper; rare earth elements; uranium; zinc,Showing,"<a href=""https://mrdata.usgs.gov/deposit/html/REE-Mo00553"">Unnamed (near Mallard Bay), Unnamed (near Mallard Bay) Showing</a>: Showing<table><tr><td>Feature group</td><td>Mineral Occurrence</td></tr><tr><td>Location</td><td>Prince of Wales-Hyder, AK</td></tr><tr><td>Commodity</td><td>gold; copper; rare earth elements; uranium; zinc</td></tr></table>",Annette Island Reserve,1,FALSE,TRUE,1,0
582,"Unnamed (near Salmon Bay), Unnamed (near Salmon Bay) Prospect",rare earth elements; thorium; uranium;,Prospect,"<a href=""https://mrdata.usgs.gov/deposit/html/REE-Mo00595"">Unnamed (near Salmon Bay), Unnamed (near Salmon Bay) Prospect</a>: Prospect<table><tr><td>Feature group</td><td>Mineral Occurrence</td></tr><tr><td>Location</td><td>Prince of Wales-Hyder, AK</td></tr><tr><td>Commodity</td><td>rare earth elements; thorium; uranium;</td></tr></table>",Petersburg ANVSA; Wrangell ANVSA,2,FALSE,TRUE,1,1
583,"Unnamed (near Salmon River), Unnamed (near Salmon River) Showing",rare earth elements; zinc; niobium; titanium; zinc; arsenic; strontium; thorium; yttrium; zirconium,Showing,"<a href=""https://mrdata.usgs.gov/deposit/html/REE-Mo00618"">Unnamed (near Salmon River), Unnamed (near Salmon River) Showing</a>: Showing<table><tr><td>Feature group</td><td>Mineral Occurrence</td></tr><tr><td>Location</td><td>Hoonah-Angoon, AK</td></tr><tr><td>Commodity</td><td>rare earth elements; zinc; niobium; titanium; zinc; arsenic; strontium; thorium; yttrium; zirconium</td></tr></table>",Douglas ANVSA; Hoonah ANVSA,2,FALSE,TRUE,1,1
584,"Unnamed (near Swift River), Unnamed (near Swift River) Showing",rare earth elements,Showing,"<a href=""https://mrdata.usgs.gov/deposit/html/REE-Mo00614"">Unnamed (near Swift River), Unnamed (near Swift River) Showing</a>: Showing<table><tr><td>Feature group</td><td>Mineral Occurrence</td></tr><tr><td>Location</td><td>Bethel, AK</td></tr><tr><td>Commodity</td><td>rare earth elements</td></tr></table>",Lime Village ANVSA,1,FALSE,TRUE,1,0
585,"Unnamed (north shore, Stone Rock Bay), Unnamed (north shore, Stone Rock Bay) Prospect",gold; copper; rare earth elements; uranium; zinc,Prospect,"<a href=""https://mrdata.usgs.gov/deposit/html/REE-Mo00552"">Unnamed (north shore, Stone Rock Bay), Unnamed (north shore, Stone Rock Bay) Prospect</a>: Prospect<table><tr><td>Feature group</td><td>Mineral Occurrence</td></tr><tr><td>Location</td><td>Prince of Wales-Hyder, AK</td></tr><tr><td>Commodity</td><td>gold; copper; rare earth elements; uranium; zinc</td></tr></table>",Annette Island Reserve,1,FALSE,TRUE,1,0
586,"Unnamed (northeast of lower Sue Creek), New York Creek Placer Mine",gold; silver,Placer Mine,"<a href=""https://mrdata.usgs.gov/deposit/html/REE-Mf00557"">Unnamed (northeast of lower Sue Creek), New York Creek Placer Mine</a>: Placer Mine<table><tr><td>Feature group</td><td>Mine Feature</td></tr><tr><td>Location</td><td>Bethel, AK</td></tr><tr><td>Commodity</td><td>gold; silver</td></tr></table>",Napaimute,1,TRUE,FALSE,1,0
587,"Unnamed (northeast of lower Sue Creek), Unnamed (northeast of lower Sue Creek) Deposit",cerium; lanthanum; samarium; thorium; uranium; tungsten; zirconium; gold; copper; mercury; lead; silver,Deposit,"<a href=""https://mrdata.usgs.gov/deposit/html/REE-Mo00645"">Unnamed (northeast of lower Sue Creek), Unnamed (northeast of lower Sue Creek) Deposit</a>: Deposit<table><tr><td>Feature group</td><td>Mineral Occurrence</td></tr><tr><td>Location</td><td>Bethel, AK</td></tr><tr><td>Commodity</td><td>cerium; lanthanum; samarium; thorium; uranium; tungsten; zirconium; gold; copper; mercury; lead; silver</td></tr></table>",Aniak ANVSA; Chuathbaluk ANVSA; Crooked Creek ANVSA; Georgetown ANVSA; Napaimute ANVSA; Red Devil ANVSA,6,FALSE,TRUE,1,1
588,"Unnamed (northeast ridge of Caribou Mountain), Unnamed (northeast ridge of Caribou Mountain) Showing",rare earth elements; thorium; uranium,Showing,"<a href=""https://mrdata.usgs.gov/deposit/html/REE-Mo00625"">Unnamed (northeast ridge of Caribou Mountain), Unnamed (northeast ridge of Caribou Mountain) Showing</a>: Showing<table><tr><td>Feature group</td><td>Mineral Occurrence</td></tr><tr><td>Location</td><td>Yukon-Koyukuk, AK</td></tr><tr><td>Commodity</td><td>rare earth elements; thorium; uranium</td></tr></table>",Huslia ANVSA,1,FALSE,TRUE,1,0
589,"Unnamed (on Rock Creek), Unnamed (on Rock Creek) Showing",rare earth elements; uranium,Showing,"<a href=""https://mrdata.usgs.gov/deposit/html/REE-Mo00610"">Unnamed (on Rock Creek), Unnamed (on Rock Creek) Showing</a>: Showing<table><tr><td>Feature group</td><td>Mineral Occurrence</td></tr><tr><td>Location</td><td>Nome, AK</td></tr><tr><td>Commodity</td><td>rare earth elements; uranium</td></tr></table>",Council ANVSA; Elim ANVSA; Golovin ANVSA; Koyuk ANVSA,4,FALSE,TRUE,1,1
590,"Unnamed (on Slate Creek), Unnamed (on Slate Creek) Showing",rare earth elements; thorium; uranium,Showing,"<a href=""https://mrdata.usgs.gov/deposit/html/REE-Mo00623"">Unnamed (on Slate Creek), Unnamed (on Slate Creek) Showing</a>: Showing<table><tr><td>Feature group</td><td>Mineral Occurrence</td></tr><tr><td>Location</td><td>Southeast Fairbanks, AK</td></tr><tr><td>Commodity</td><td>rare earth elements; thorium; uranium</td></tr></table>",,0,FALSE,FALSE,0,0
591,"Unnamed (tributary to Clear Creek), Unnamed (tributary to Clear Creek) Sample Loc 2983",rare earth elements; tin; uranium; tungsten,Showing,"<a href=""https://mrdata.usgs.gov/deposit/html/REE-Mo00604"">Unnamed (tributary to Clear Creek), Unnamed (tributary to Clear Creek) Sample Loc 2983</a>: Showing<table><tr><td>Feature group</td><td>Mineral Occurrence</td></tr><tr><td>Location</td><td>Nome, AK</td></tr><tr><td>Commodity</td><td>rare earth elements; tin; uranium; tungsten</td></tr></table>",Elim ANVSA; Golovin ANVSA; Koyuk ANVSA,3,FALSE,TRUE,1,1
592,"Unnamed (tributary to Clear Creek), Unnamed (tributary to Clear Creek) Sample Loc 2974",rare earth elements; uranium,Showing,"<a href=""https://mrdata.usgs.gov/deposit/html/REE-Mo00605"">Unnamed (tributary to Clear Creek), Unnamed (tributary to Clear Creek) Sample Loc 2974</a>: Showing<table><tr><td>Feature group</td><td>Mineral Occurrence</td></tr><tr><td>Location</td><td>Nome, AK</td></tr><tr><td>Commodity</td><td>rare earth elements; uranium</td></tr></table>",Elim ANVSA; Golovin ANVSA; Koyuk ANVSA,3,FALSE,TRUE,1,1
593,"Unnamed (tributary to Clear Creek), Unnamed (tributary to Clear Creek) Sample Loc 2993",rare earth elements; uranium,Showing,"<a href=""https://mrdata.usgs.gov/deposit/html/REE-Mo00606"">Unnamed (tributary to Clear Creek), Unnamed (tributary to Clear Creek) Sample Loc 2993</a>: Showing<table><tr><td>Feature group</td><td>Mineral Occurrence</td></tr><tr><td>Location</td><td>Nome, AK</td></tr><tr><td>Commodity</td><td>rare earth elements; uranium</td></tr></table>",Council ANVSA; Elim ANVSA; Golovin ANVSA; Koyuk ANVSA; White Mountain ANVSA,5,FALSE,TRUE,1,1
594,"Unnamed (tributary to Clear Creek), Unnamed (tributary to Clear Creek) Sample Loc 2992",rare earth elements; uranium,Showing,"<a href=""https://mrdata.usgs.gov/deposit/html/REE-Mo00607"">Unnamed (tributary to Clear Creek), Unnamed (tributary to Clear Creek) Sample Loc 2992</a>: Showing<table><tr><td>Feature group</td><td>Mineral Occurrence</td></tr><tr><td>Location</td><td>Nome, AK</td></tr><tr><td>Commodity</td><td>rare earth elements; uranium</td></tr></table>",Elim ANVSA; Golovin ANVSA; Koyuk ANVSA,3,FALSE,TRUE,1,1
595,"Unnamed (tributary to Clear Creek), Unnamed (tributary to Clear Creek) Sample Loc 2995, 2996",rare earth elements; uranium,Showing,"<a href=""https://mrdata.usgs.gov/deposit/html/REE-Mo00608"">Unnamed (tributary to Clear Creek), Unnamed (tributary to Clear Creek) Sample Loc 2995, 2996</a>: Showing<table><tr><td>Feature group</td><td>Mineral Occurrence</td></tr><tr><td>Location</td><td>Nome, AK</td></tr><tr><td>Commodity</td><td>rare earth elements; uranium</td></tr></table>",Council ANVSA; Elim ANVSA; Golovin ANVSA; Koyuk ANVSA; White Mountain ANVSA,5,FALSE,TRUE,1,1
596,"Unnamed (tributary to Vulcan Creek), Unnamed (tributary to Vulcan Creek) Showing",rare earth elements; uranium,Showing,"<a href=""https://mrdata.usgs.gov/deposit/html/REE-Mo00609"">Unnamed (tributary to Vulcan Creek), Unnamed (tributary to Vulcan Creek) Showing</a>: Showing<table><tr><td>Feature group</td><td>Mineral Occurrence</td></tr><tr><td>Location</td><td>Nome, AK</td></tr><tr><td>Commodity</td><td>rare earth elements; uranium</td></tr></table>",Elim ANVSA; Golovin ANVSA; Koyuk ANVSA,3,FALSE,TRUE,1,1
597,"Unnamed (upper Idaho Gulch), Unnamed (upper Idaho Gulch) Deposit",niobium; silver; rare earth elements; uranium; zirconium; phosphorus pentoxide,Deposit,"<a href=""https://mrdata.usgs.gov/deposit/html/REE-Mo00551"">Unnamed (upper Idaho Gulch), Unnamed (upper Idaho Gulch) Deposit</a>: Deposit<table><tr><td>Feature group</td><td>Mineral Occurrence</td></tr><tr><td>Location</td><td>Yukon-Koyukuk, AK</td></tr><tr><td>Commodity</td><td>niobium; silver; rare earth elements; uranium; zirconium; phosphorus pentoxide</td></tr></table>",Manley Hot Springs ANVSA; Rampart ANVSA; Tanana ANVSA,3,FALSE,TRUE,1,1
598,"William Henry, William Henry Prospect",copper; lead; rare earth elements; zinc; gold,Prospect,"<a href=""https://mrdata.usgs.gov/deposit/html/REE-Mo00619"">William Henry, William Henry Prospect</a>: Prospect<table><tr><td>Feature group</td><td>Mineral Occurrence</td></tr><tr><td>Location</td><td>Haines, AK</td></tr><tr><td>Commodity</td><td>copper; lead; rare earth elements; zinc; gold</td></tr></table>",Chilkoot ANVSA,1,FALSE,TRUE,1,0
599,"Windy Fork Placer, Windy Fork Placer Showing",cerium; lanthanum; niobium; titanium; zirconium; iron; tin; thorium; uranium,Showing,"<a href=""https://mrdata.usgs.gov/deposit/html/REE-Mo00597"">Windy Fork Placer, Windy Fork Placer Showing</a>: Showing<table><tr><td>Feature group</td><td>Mineral Occurrence</td></tr><tr><td>Location</td><td>Yukon-Koyukuk, AK</td></tr><tr><td>Commodity</td><td>cerium; lanthanum; niobium; titanium; zirconium; iron; tin; thorium; uranium</td></tr></table>",,0,FALSE,FALSE,0,0
600,Magnet Cove District,barite; titanium; vanadium; niobium; rare earth elements,Mineral District,"<a href=""https://mrdata.usgs.gov/deposit/html/REE-Mr00004"">Magnet Cove District</a>: Mineral District<table><tr><td>Feature group</td><td>Mineral Region</td></tr><tr><td>Location</td><td>Garland; Hot Spring; Saline, AR</td></tr><tr><td>Commodity</td><td>barite; titanium; vanadium; niobium; rare earth elements</td></tr></table>",,0,FALSE,FALSE,0,0
601,"La Paz, La Paz Deposit",rare earth elements,Deposit,"<a href=""https://mrdata.usgs.gov/deposit/html/REE-Mo00253"">La Paz, La Paz Deposit</a>: Deposit<table><tr><td>Feature group</td><td>Mineral Occurrence</td></tr><tr><td>Location</td><td>La Paz, AZ</td></tr><tr><td>Commodity</td><td>rare earth elements</td></tr></table>",Chemehuevi Reservation; Colorado River Indian Reservation,2,FALSE,TRUE,1,1
602,"Mountain Pass, Mountain Pass Mine",rare earth elements; gold,Open Pit Mine,"<a href=""https://mrdata.usgs.gov/deposit/html/REE-Mf00238"">Mountain Pass, Mountain Pass Mine</a>: Open Pit Mine<table><tr><td>Feature group</td><td>Mine Feature</td></tr><tr><td>Location</td><td>San Bernardino, CA</td></tr><tr><td>Commodity</td><td>rare earth elements; gold</td></tr></table>",,0,FALSE,FALSE,0,0
603,"Mountain Pass, Sulphide Queen Body",rare earth elements,Deposit,"<a href=""https://mrdata.usgs.gov/deposit/html/REE-Mo00254"">Mountain Pass, Sulphide Queen Body</a>: Deposit<table><tr><td>Feature group</td><td>Mineral Occurrence</td></tr><tr><td>Location</td><td>San Bernardino, CA</td></tr><tr><td>Commodity</td><td>rare earth elements</td></tr></table>",,0,FALSE,FALSE,0,0
604,"Music Valley, Baby Blue",rare earth elements; thorium,Deposit,"<a href=""https://mrdata.usgs.gov/deposit/html/REE-Mo00300"">Music Valley, Baby Blue</a>: Deposit<table><tr><td>Feature group</td><td>Mineral Occurrence</td></tr><tr><td>Location</td><td>Riverside, CA</td></tr><tr><td>Commodity</td><td>rare earth elements; thorium</td></tr></table>",Agua Caliente Indian Reservation and Off-Reservation Trust Land; Augustine Reservation; Cabazon Reservation; Torres-Martinez Reservation and Off-Reservation Trust Land; Twenty-Nine Palms Reservation and Off-Reservation Trust Land,5,FALSE,TRUE,1,1
605,"Music Valley, U-Thor",rare earth elements; thorium,Deposit,"<a href=""https://mrdata.usgs.gov/deposit/html/REE-Mo00301"">Music Valley, U-Thor</a>: Deposit<table><tr><td>Feature group</td><td>Mineral Occurrence</td></tr><tr><td>Location</td><td>Riverside, CA</td></tr><tr><td>Commodity</td><td>rare earth elements; thorium</td></tr></table>",Agua Caliente Indian Reservation and Off-Reservation Trust Land; Augustine Reservation; Cabazon Reservation; Torres-Martinez Reservation and Off-Reservation Trust Land; Twenty-Nine Palms Reservation and Off-Reservation Trust Land,5,FALSE,TRUE,1,1
606,"Music Valley, Hansen",rare earth elements; thorium,Deposit,"<a href=""https://mrdata.usgs.gov/deposit/html/REE-Mo00302"">Music Valley, Hansen</a>: Deposit<table><tr><td>Feature group</td><td>Mineral Occurrence</td></tr><tr><td>Location</td><td>Riverside, CA</td></tr><tr><td>Commodity</td><td>rare earth elements; thorium</td></tr></table>",Agua Caliente Indian Reservation and Off-Reservation Trust Land; Augustine Reservation; Cabazon Reservation; Torres-Martinez Reservation and Off-Reservation Trust Land; Twenty-Nine Palms Reservation and Off-Reservation Trust Land,5,FALSE,TRUE,1,1
607,"Music Valley, Uranus Prospects",rare earth elements; thorium,Deposit,"<a href=""https://mrdata.usgs.gov/deposit/html/REE-Mo00303"">Music Valley, Uranus Prospects</a>: Deposit<table><tr><td>Feature group</td><td>Mineral Occurrence</td></tr><tr><td>Location</td><td>Riverside, CA</td></tr><tr><td>Commodity</td><td>rare earth elements; thorium</td></tr></table>",Agua Caliente Indian Reservation and Off-Reservation Trust Land; Augustine Reservation; Cabazon Reservation; Torres-Martinez Reservation and Off-Reservation Trust Land; Twenty-Nine Palms Reservation and Off-Reservation Trust Land,5,FALSE,TRUE,1,1
608,"Iron Hill Carbonatite Complex, Iron Hill Carbonatite",rare earth elements; niobium; thorium; uranium; vanadium,Deposit,"<a href=""https://mrdata.usgs.gov/deposit/html/REE-Mo00286"">Iron Hill Carbonatite Complex, Iron Hill Carbonatite</a>: Deposit<table><tr><td>Feature group</td><td>Mineral Occurrence</td></tr><tr><td>Location</td><td>Gunnison, CO</td></tr><tr><td>Commodity</td><td>rare earth elements; niobium; thorium; uranium; vanadium</td></tr></table>",,0,FALSE,FALSE,0,0
609,"Iron Hill Carbonatite Complex, Iron Hill Pyroxenite",titanium; vanadium; iron; vermiculite,Deposit,"<a href=""https://mrdata.usgs.gov/deposit/html/REE-Mo00335"">Iron Hill Carbonatite Complex, Iron Hill Pyroxenite</a>: Deposit<table><tr><td>Feature group</td><td>Mineral Occurrence</td></tr><tr><td>Location</td><td>Gunnison, CO</td></tr><tr><td>Commodity</td><td>titanium; vanadium; iron; vermiculite</td></tr></table>",,0,FALSE,FALSE,0,0
610,"Climax, Climax Mine",molybdenum; tin; tungsten,Open Pit Mine,"<a href=""https://mrdata.usgs.gov/deposit/html/REE-Mf00240"">Climax, Climax Mine</a>: Open Pit Mine<table><tr><td>Feature group</td><td>Mine Feature</td></tr><tr><td>Location</td><td>Lake, CO</td></tr><tr><td>Commodity</td><td>molybdenum; tin; tungsten</td></tr></table>",,0,FALSE,FALSE,0,0
611,"Climax, Climax Deposit",molybdenum; tungsten; rhenium; platinum-group elements; tin; rare earth elements,Deposit,"<a href=""https://mrdata.usgs.gov/deposit/html/REE-Mo00262"">Climax, Climax Deposit</a>: Deposit<table><tr><td>Feature group</td><td>Mineral Occurrence</td></tr><tr><td>Location</td><td>Lake, CO</td></tr><tr><td>Commodity</td><td>molybdenum; tungsten; rhenium; platinum-group elements; tin; rare earth elements</td></tr></table>",,0,FALSE,FALSE,0,0
612,Wet Mountains Area,thorium; rare earth elements,Area,"<a href=""https://mrdata.usgs.gov/deposit/html/REE-Mr00053"">Wet Mountains Area</a>: Area<table><tr><td>Feature group</td><td>Mineral Region</td></tr><tr><td>Location</td><td>Custer; Fremont; Huerfano, CO</td></tr><tr><td>Commodity</td><td>thorium; rare earth elements</td></tr></table>",,0,FALSE,FALSE,0,0
613,Powderhorn District,niobium; tantalum; titanium; rare earth elements; iron; vanadium,Mining District,"<a href=""https://mrdata.usgs.gov/deposit/html/REE-Mr00046"">Powderhorn District</a>: Mining District<table><tr><td>Feature group</td><td>Mineral Region</td></tr><tr><td>Location</td><td>Gunnison; Saguache, CO</td></tr><tr><td>Commodity</td><td>niobium; tantalum; titanium; rare earth elements; iron; vanadium</td></tr></table>",,0,FALSE,FALSE,0,0
614,"Powderhorn Exploration Project, Satellite",rare earth elements,Showing,"<a href=""https://mrdata.usgs.gov/deposit/html/REE-Mo00350"">Powderhorn Exploration Project, Satellite</a>: Showing<table><tr><td>Feature group</td><td>Mineral Occurrence</td></tr><tr><td>Location</td><td>Gunnison, CO</td></tr><tr><td>Commodity</td><td>rare earth elements</td></tr></table>",,0,FALSE,FALSE,0,0
615,"Powderhorn Exploration Project, Rudolph Hill",rare earth elements,Showing,"<a href=""https://mrdata.usgs.gov/deposit/html/REE-Mo00351"">Powderhorn Exploration Project, Rudolph Hill</a>: Showing<table><tr><td>Feature group</td><td>Mineral Occurrence</td></tr><tr><td>Location</td><td>Gunnison, CO</td></tr><tr><td>Commodity</td><td>rare earth elements</td></tr></table>",,0,FALSE,FALSE,0,0
616,Climax District,molybdenum; tungsten; rhenium; platinum-group elements; tin; rare earth elements,Mining District,"<a href=""https://mrdata.usgs.gov/deposit/html/REE-Mr00069"">Climax District</a>: Mining District<table><tr><td>Feature group</td><td>Mineral Region</td></tr><tr><td>Location</td><td>Lake, CO</td></tr><tr><td>Commodity</td><td>molybdenum; tungsten; rhenium; platinum-group elements; tin; rare earth elements</td></tr></table>",,0,FALSE,FALSE,0,0
617,"Green Cove Springs, Green Cove Springs Mine",heavy minerals,Strip Mine,"<a href=""https://mrdata.usgs.gov/deposit/html/REE-Mf00339"">Green Cove Springs, Green Cove Springs Mine</a>: Strip Mine<table><tr><td>Feature group</td><td>Mine Feature</td></tr><tr><td>Location</td><td>Clay, FL</td></tr><tr><td>Commodity</td><td>heavy minerals</td></tr></table>",,0,FALSE,FALSE,0,0
618,"Green Cove Springs, Green Cove Springs Deposit",titanium; ilmenite; rutile; zircon; rare earth elements (in monazite); staurolite; leucoxene,Deposit,"<a href=""https://mrdata.usgs.gov/deposit/html/REE-Mo00287"">Green Cove Springs, Green Cove Springs Deposit</a>: Deposit<table><tr><td>Feature group</td><td>Mineral Occurrence</td></tr><tr><td>Location</td><td>Clay; Putnam, FL</td></tr><tr><td>Commodity</td><td>titanium; ilmenite; rutile; zircon; rare earth elements (in monazite); staurolite; leucoxene</td></tr></table>",,0,FALSE,FALSE,0,0
619,"Trail Ridge, Trail Ridge Mine",titanium,Open Pit Mine,"<a href=""https://mrdata.usgs.gov/deposit/html/REE-Mf00260"">Trail Ridge, Trail Ridge Mine</a>: Open Pit Mine<table><tr><td>Feature group</td><td>Mine Feature</td></tr><tr><td>Location</td><td>Clay, FL</td></tr><tr><td>Commodity</td><td>titanium</td></tr></table>",,0,FALSE,FALSE,0,0
620,"Trail Ridge, Highland Mine",zirconium; hafnium; titanium,Open Pit Mine,"<a href=""https://mrdata.usgs.gov/deposit/html/REE-Mf00261"">Trail Ridge, Highland Mine</a>: Open Pit Mine<table><tr><td>Feature group</td><td>Mine Feature</td></tr><tr><td>Location</td><td>Clay, FL</td></tr><tr><td>Commodity</td><td>zirconium; hafnium; titanium</td></tr></table>",,0,FALSE,FALSE,0,0
621,"Trail Ridge, Maxville Mine",zirconium; hafnium; titanium,Open Pit Mine,"<a href=""https://mrdata.usgs.gov/deposit/html/REE-Mf00262"">Trail Ridge, Maxville Mine</a>: Open Pit Mine<table><tr><td>Feature group</td><td>Mine Feature</td></tr><tr><td>Location</td><td>Clay; Baker; Duval, FL</td></tr><tr><td>Commodity</td><td>zirconium; hafnium; titanium</td></tr></table>",,0,FALSE,FALSE,0,0
622,"Trail Ridge, Trail Ridge Zone",titanium minerals; zircon,Deposit,"<a href=""https://mrdata.usgs.gov/deposit/html/REE-Mo00483"">Trail Ridge, Trail Ridge Zone</a>: Deposit<table><tr><td>Feature group</td><td>Mineral Occurrence</td></tr><tr><td>Location</td><td>Clay, FL</td></tr><tr><td>Commodity</td><td>titanium minerals; zircon</td></tr></table>",,0,FALSE,FALSE,0,0
623,"Trail Ridge, Maxville Zone",zirconium; hafnium; titanium; rare earth elements (in monazite),Deposit,"<a href=""https://mrdata.usgs.gov/deposit/html/REE-Mo00484"">Trail Ridge, Maxville Zone</a>: Deposit<table><tr><td>Feature group</td><td>Mineral Occurrence</td></tr><tr><td>Location</td><td>Clay; Baker; Duval, FL</td></tr><tr><td>Commodity</td><td>zirconium; hafnium; titanium; rare earth elements (in monazite)</td></tr></table>",,0,FALSE,FALSE,0,0
624,"Trail Ridge, Highland Zone",zirconium; hafnium; titanium,Deposit,"<a href=""https://mrdata.usgs.gov/deposit/html/REE-Mo00485"">Trail Ridge, Highland Zone</a>: Deposit<table><tr><td>Feature group</td><td>Mineral Occurrence</td></tr><tr><td>Location</td><td>Clay, FL</td></tr><tr><td>Commodity</td><td>zirconium; hafnium; titanium</td></tr></table>",,0,FALSE,FALSE,0,0
625,"Ponte Vedra, Mineral City",ilmenite; rutile; zircon; rare earth elements (in monazite),Deposit,"<a href=""https://mrdata.usgs.gov/deposit/html/REE-Mf00319"">Ponte Vedra, Mineral City</a>: Deposit<table><tr><td>Feature group</td><td>Mine Feature</td></tr><tr><td>Location</td><td>St. Johns, FL</td></tr><tr><td>Commodity</td><td>ilmenite; rutile; zircon; rare earth elements (in monazite)</td></tr></table>",,0,FALSE,FALSE,0,0
626,"Ponte Vedra, Ponte Vedra Deposit",ilmenite; rutile; zircon; rare earth elements (in monazite),Deposit,"<a href=""https://mrdata.usgs.gov/deposit/html/REE-Mo00292"">Ponte Vedra, Ponte Vedra Deposit</a>: Deposit<table><tr><td>Feature group</td><td>Mineral Occurrence</td></tr><tr><td>Location</td><td>St. Johns, FL</td></tr><tr><td>Commodity</td><td>ilmenite; rutile; zircon; rare earth elements (in monazite)</td></tr></table>",,0,FALSE,FALSE,0,0
627,"Jacksonville, Jacksonville Mine",heavy minerals,Unspecified Mine Feature,"<a href=""https://mrdata.usgs.gov/deposit/html/REE-Mf00530"">Jacksonville, Jacksonville Mine</a>: Unspecified Mine Feature<table><tr><td>Feature group</td><td>Mine Feature</td></tr><tr><td>Location</td><td>Duval, FL</td></tr><tr><td>Commodity</td><td>heavy minerals</td></tr></table>",,0,FALSE,FALSE,0,0
628,"Jacksonville, Jacksonville Deposit",ilmenite; rutile; zircon; rare earth elements (in monazite); garnet; xenotime,Deposit,"<a href=""https://mrdata.usgs.gov/deposit/html/REE-Mo00291"">Jacksonville, Jacksonville Deposit</a>: Deposit<table><tr><td>Feature group</td><td>Mineral Occurrence</td></tr><tr><td>Location</td><td>Duval, FL</td></tr><tr><td>Commodity</td><td>ilmenite; rutile; zircon; rare earth elements (in monazite); garnet; xenotime</td></tr></table>",,0,FALSE,FALSE,0,0
629,"Melbourne, Melbourne Deposit",ilmenite; rutile; zircon; rare earth elements (in monazite),Deposit,"<a href=""https://mrdata.usgs.gov/deposit/html/REE-Mo00529"">Melbourne, Melbourne Deposit</a>: Deposit<table><tr><td>Feature group</td><td>Mineral Occurrence</td></tr><tr><td>Location</td><td>Brevard, FL</td></tr><tr><td>Commodity</td><td>ilmenite; rutile; zircon; rare earth elements (in monazite)</td></tr></table>",,0,FALSE,FALSE,0,0
630,"Vero Beach, Vero Beach Deposit",ilmenite; rutile; zircon; rare earth elements (in monazite and xenotime); garnet,Deposit,"<a href=""https://mrdata.usgs.gov/deposit/html/REE-Mo00530"">Vero Beach, Vero Beach Deposit</a>: Deposit<table><tr><td>Feature group</td><td>Mineral Occurrence</td></tr><tr><td>Location</td><td>Indian River, FL</td></tr><tr><td>Commodity</td><td>ilmenite; rutile; zircon; rare earth elements (in monazite and xenotime); garnet</td></tr></table>",Fort Pierce Reservation,1,FALSE,TRUE,1,0
631,"Boulogne, Boulougne Mine",titanium; zircon; rare earth elements (in monazite),Unspecified Mine Feature,"<a href=""https://mrdata.usgs.gov/deposit/html/REE-Mf00529"">Boulogne, Boulougne Mine</a>: Unspecified Mine Feature<table><tr><td>Feature group</td><td>Mine Feature</td></tr><tr><td>Location</td><td>Nassau, FL</td></tr><tr><td>Commodity</td><td>titanium; zircon; rare earth elements (in monazite)</td></tr></table>",,0,FALSE,FALSE,0,0
632,"Boulogne, Boulougne Deposit",titanium; zircon; rare earth elements (in monazite),Deposit,"<a href=""https://mrdata.usgs.gov/deposit/html/REE-Mo00290"">Boulogne, Boulougne Deposit</a>: Deposit<table><tr><td>Feature group</td><td>Mineral Occurrence</td></tr><tr><td>Location</td><td>Nassau, FL</td></tr><tr><td>Commodity</td><td>titanium; zircon; rare earth elements (in monazite)</td></tr></table>",,0,FALSE,FALSE,0,0
633,"Little Talbot Island, Little Talbot Island Prospect",rare earth elements (in monazite); thorium (in monazite),Prospect,"<a href=""https://mrdata.usgs.gov/deposit/html/REE-Mo00305"">Little Talbot Island, Little Talbot Island Prospect</a>: Prospect<table><tr><td>Feature group</td><td>Mineral Occurrence</td></tr><tr><td>Location</td><td>Duval, FL</td></tr><tr><td>Commodity</td><td>rare earth elements (in monazite); thorium (in monazite)</td></tr></table>",,0,FALSE,FALSE,0,0
634,"Cumberland Island, Cumberland Island Deposit",titanium; rare earth elements (in monazite),Deposit,"<a href=""https://mrdata.usgs.gov/deposit/html/REE-Mo00288"">Cumberland Island, Cumberland Island Deposit</a>: Deposit<table><tr><td>Feature group</td><td>Mineral Occurrence</td></tr><tr><td>Location</td><td>Camden, GA</td></tr><tr><td>Commodity</td><td>titanium; rare earth elements (in monazite)</td></tr></table>",,0,FALSE,FALSE,0,0
635,"Folkston, Folkston Plant",titanium product; zircon; monazite,Processing Plant,"<a href=""https://mrdata.usgs.gov/deposit/html/REE-Mf00340"">Folkston, Folkston Plant</a>: Processing Plant<table><tr><td>Feature group</td><td>Mine Feature</td></tr><tr><td>Location</td><td>Charlton, GA</td></tr><tr><td>Commodity</td><td>titanium product; zircon; monazite</td></tr></table>",,0,FALSE,FALSE,0,0
636,"Folkston, Folkston Deposit",titanium; zircon; rare earth elements (in monazite),Deposit,"<a href=""https://mrdata.usgs.gov/deposit/html/REE-Mo00289"">Folkston, Folkston Deposit</a>: Deposit<table><tr><td>Feature group</td><td>Mineral Occurrence</td></tr><tr><td>Location</td><td>Charlton, GA</td></tr><tr><td>Commodity</td><td>titanium; zircon; rare earth elements (in monazite)</td></tr></table>",,0,FALSE,FALSE,0,0
637,"Cabin Bluff, Cabin Bluff Deposit",titanium; zircon; rare earth elements (in monazite),Deposit,"<a href=""https://mrdata.usgs.gov/deposit/html/REE-Mo00652"">Cabin Bluff, Cabin Bluff Deposit</a>: Deposit<table><tr><td>Feature group</td><td>Mineral Occurrence</td></tr><tr><td>Location</td><td>Camden, GA</td></tr><tr><td>Commodity</td><td>titanium; zircon; rare earth elements (in monazite)</td></tr></table>",,0,FALSE,FALSE,0,0
638,"Cabin Bluff, Ceylon",titanium; zircon; rare earth elements (in monazite),Deposit,"<a href=""https://mrdata.usgs.gov/deposit/html/REE-Mo00660"">Cabin Bluff, Ceylon</a>: Deposit<table><tr><td>Feature group</td><td>Mineral Occurrence</td></tr><tr><td>Location</td><td>Camden, GA</td></tr><tr><td>Commodity</td><td>titanium; zircon; rare earth elements (in monazite)</td></tr></table>",,0,FALSE,FALSE,0,0
639,"Cabin Bluff, Ocean Pond",titanium; zircon; rare earth elements (in monazite),Deposit,"<a href=""https://mrdata.usgs.gov/deposit/html/REE-Mo00661"">Cabin Bluff, Ocean Pond</a>: Deposit<table><tr><td>Feature group</td><td>Mineral Occurrence</td></tr><tr><td>Location</td><td>Camden, GA</td></tr><tr><td>Commodity</td><td>titanium; zircon; rare earth elements (in monazite)</td></tr></table>",,0,FALSE,FALSE,0,0
640,"Cabin Bluff, Pine Barren",titanium; zircon; rare earth elements (in monazite),Deposit,"<a href=""https://mrdata.usgs.gov/deposit/html/REE-Mo00662"">Cabin Bluff, Pine Barren</a>: Deposit<table><tr><td>Feature group</td><td>Mineral Occurrence</td></tr><tr><td>Location</td><td>Camden, GA</td></tr><tr><td>Commodity</td><td>titanium; zircon; rare earth elements (in monazite)</td></tr></table>",,0,FALSE,FALSE,0,0
641,"Cabin Bluff, Copeland",titanium; zircon; rare earth elements (in monazite),Deposit,"<a href=""https://mrdata.usgs.gov/deposit/html/REE-Mo00663"">Cabin Bluff, Copeland</a>: Deposit<table><tr><td>Feature group</td><td>Mineral Occurrence</td></tr><tr><td>Location</td><td>Camden, GA</td></tr><tr><td>Commodity</td><td>titanium; zircon; rare earth elements (in monazite)</td></tr></table>",,0,FALSE,FALSE,0,0
642,"Altama, Altama Orebody",titanium; zircon; rare earth elements (in monazite),Deposit,"<a href=""https://mrdata.usgs.gov/deposit/html/REE-Mo00653"">Altama, Altama Orebody</a>: Deposit<table><tr><td>Feature group</td><td>Mineral Occurrence</td></tr><tr><td>Location</td><td>Glynn, GA</td></tr><tr><td>Commodity</td><td>titanium; zircon; rare earth elements (in monazite)</td></tr></table>",,0,FALSE,FALSE,0,0
643,"Silver Queen, Silver Queen 52B Veins",rare earth elements; thorium,Prospect,"<a href=""https://mrdata.usgs.gov/deposit/html/REE-Mo00293"">Silver Queen, Silver Queen 52B Veins</a>: Prospect<table><tr><td>Feature group</td><td>Mineral Occurrence</td></tr><tr><td>Location</td><td>Lemhi, ID</td></tr><tr><td>Commodity</td><td>rare earth elements; thorium</td></tr></table>",,0,FALSE,FALSE,0,0
644,"Silver Queen, Silver Queen 38A Veins",rare earth elements; thorium,Prospect,"<a href=""https://mrdata.usgs.gov/deposit/html/REE-Mo00379"">Silver Queen, Silver Queen 38A Veins</a>: Prospect<table><tr><td>Feature group</td><td>Mineral Occurrence</td></tr><tr><td>Location</td><td>Lemhi, ID</td></tr><tr><td>Commodity</td><td>rare earth elements; thorium</td></tr></table>",,0,FALSE,FALSE,0,0
645,Bear Valley Monazite Placer District,rare earth elements (in monazite); yttrium (in euxenite); tantalum (in euxenite); niobium (in euxenite); thorium; uranium,Placer District,"<a href=""https://mrdata.usgs.gov/deposit/html/REE-Mr00019"">Bear Valley Monazite Placer District</a>: Placer District<table><tr><td>Feature group</td><td>Mineral Region</td></tr><tr><td>Location</td><td>Valley, ID</td></tr><tr><td>Commodity</td><td>rare earth elements (in monazite); yttrium (in euxenite); tantalum (in euxenite); niobium (in euxenite); thorium; uranium</td></tr></table>",,0,FALSE,FALSE,0,0
646,Boise Basin Monazite Placer District,rare earth elements (in monazite); garnet; ilmenite; thorium; zircon,Placer District,"<a href=""https://mrdata.usgs.gov/deposit/html/REE-Mr00020"">Boise Basin Monazite Placer District</a>: Placer District<table><tr><td>Feature group</td><td>Mineral Region</td></tr><tr><td>Location</td><td>Boise, ID</td></tr><tr><td>Commodity</td><td>rare earth elements (in monazite); garnet; ilmenite; thorium; zircon</td></tr></table>",,0,FALSE,FALSE,0,0
647,Burgdorf-Warren Monazite Placer District,rare earth elements (in monazite); gold; thorium; uranium,Placer District,"<a href=""https://mrdata.usgs.gov/deposit/html/REE-Mr00021"">Burgdorf-Warren Monazite Placer District</a>: Placer District<table><tr><td>Feature group</td><td>Mineral Region</td></tr><tr><td>Location</td><td>Idaho, ID</td></tr><tr><td>Commodity</td><td>rare earth elements (in monazite); gold; thorium; uranium</td></tr></table>",,0,FALSE,FALSE,0,0
648,Clearwater River Monazite Placer District,rare earth elements (in monazite),Placer District,"<a href=""https://mrdata.usgs.gov/deposit/html/REE-Mr00017"">Clearwater River Monazite Placer District</a>: Placer District<table><tr><td>Feature group</td><td>Mineral Region</td></tr><tr><td>Location</td><td>Clearwater, ID</td></tr><tr><td>Commodity</td><td>rare earth elements (in monazite)</td></tr></table>",Nez Perce Reservation,1,FALSE,TRUE,1,0
649,Dismal Swamp Monazite Placer District,rare earth elements (in monazite),Placer District,"<a href=""https://mrdata.usgs.gov/deposit/html/REE-Mr00027"">Dismal Swamp Monazite Placer District</a>: Placer District<table><tr><td>Feature group</td><td>Mineral Region</td></tr><tr><td>Location</td><td>Elmore, ID</td></tr><tr><td>Commodity</td><td>rare earth elements (in monazite)</td></tr></table>",,0,FALSE,FALSE,0,0
650,Dixie-Florence Monazite Placer District,rare earth elements (in monazite),Placer District,"<a href=""https://mrdata.usgs.gov/deposit/html/REE-Mr00022"">Dixie-Florence Monazite Placer District</a>: Placer District<table><tr><td>Feature group</td><td>Mineral Region</td></tr><tr><td>Location</td><td>Idaho, ID</td></tr><tr><td>Commodity</td><td>rare earth elements (in monazite)</td></tr></table>",Nez Perce Reservation,1,FALSE,TRUE,1,0
651,Elk City-Newsome Monazite Placer District,rare earth elements (in monazite); gold; garnet; zircon; ilmenite; thorium,Placer District,"<a href=""https://mrdata.usgs.gov/deposit/html/REE-Mr00023"">Elk City-Newsome Monazite Placer District</a>: Placer District<table><tr><td>Feature group</td><td>Mineral Region</td></tr><tr><td>Location</td><td>Idaho, ID</td></tr><tr><td>Commodity</td><td>rare earth elements (in monazite); gold; garnet; zircon; ilmenite; thorium</td></tr></table>",Nez Perce Reservation,1,FALSE,TRUE,1,0
652,Long Valley Monazite Placer District,rare earth elements (in monazite); ilmenite; zircon; garnet; thorium (in monazite); thorium; uranium,Placer District,"<a href=""https://mrdata.usgs.gov/deposit/html/REE-Mr00018"">Long Valley Monazite Placer District</a>: Placer District<table><tr><td>Feature group</td><td>Mineral Region</td></tr><tr><td>Location</td><td>Valley, ID</td></tr><tr><td>Commodity</td><td>rare earth elements (in monazite); ilmenite; zircon; garnet; thorium (in monazite); thorium; uranium</td></tr></table>",,0,FALSE,FALSE,0,0
653,Rock Creek-Camp Creek Monazite Placer District,rare earth elements (in monazite),Placer District,"<a href=""https://mrdata.usgs.gov/deposit/html/REE-Mr00026"">Rock Creek-Camp Creek Monazite Placer District</a>: Placer District<table><tr><td>Feature group</td><td>Mineral Region</td></tr><tr><td>Location</td><td>Blaine; Camas, ID</td></tr><tr><td>Commodity</td><td>rare earth elements (in monazite)</td></tr></table>",,0,FALSE,FALSE,0,0
654,Salmon River Monazite Placer District,rare earth elements (in monazite),Placer District,"<a href=""https://mrdata.usgs.gov/deposit/html/REE-Mr00025"">Salmon River Monazite Placer District</a>: Placer District<table><tr><td>Feature group</td><td>Mineral Region</td></tr><tr><td>Location</td><td>Lemhi, ID</td></tr><tr><td>Commodity</td><td>rare earth elements (in monazite)</td></tr></table>",,0,FALSE,FALSE,0,0
655,Stanley Basin Monazite Placer District,rare earth elements (in monazite),Placer District,"<a href=""https://mrdata.usgs.gov/deposit/html/REE-Mr00024"">Stanley Basin Monazite Placer District</a>: Placer District<table><tr><td>Feature group</td><td>Mineral Region</td></tr><tr><td>Location</td><td>Custer, ID</td></tr><tr><td>Commodity</td><td>rare earth elements (in monazite)</td></tr></table>",,0,FALSE,FALSE,0,0
656,Lemhi Pass District,rare earth elements; thorium,Mining District,"<a href=""https://mrdata.usgs.gov/deposit/html/REE-Mr00081"">Lemhi Pass District</a>: Mining District<table><tr><td>Feature group</td><td>Mineral Region</td></tr><tr><td>Location</td><td>Lemhi; Beaverhead, ID; MT</td></tr><tr><td>Commodity</td><td>rare earth elements; thorium</td></tr></table>",,0,FALSE,FALSE,0,0
657,"Lucky Horseshoe, Lucky Horseshoe Adit",rare earth elements; thorium,Adit,"<a href=""https://mrdata.usgs.gov/deposit/html/REE-Mf00348"">Lucky Horseshoe, Lucky Horseshoe Adit</a>: Adit<table><tr><td>Feature group</td><td>Mine Feature</td></tr><tr><td>Location</td><td>Lemhi, ID</td></tr><tr><td>Commodity</td><td>rare earth elements; thorium</td></tr></table>",,0,FALSE,FALSE,0,0
658,"Lucky Horseshoe, Lucky Horseshoe Caved Adit",rare earth elements; thorium,Adit,"<a href=""https://mrdata.usgs.gov/deposit/html/REE-Mf00349"">Lucky Horseshoe, Lucky Horseshoe Caved Adit</a>: Adit<table><tr><td>Feature group</td><td>Mine Feature</td></tr><tr><td>Location</td><td>Lemhi, ID</td></tr><tr><td>Commodity</td><td>rare earth elements; thorium</td></tr></table>",,0,FALSE,FALSE,0,0
659,"Lucky Horseshoe, Lucky Horseshoe Vein",rare earth elements; thorium,Prospect,"<a href=""https://mrdata.usgs.gov/deposit/html/REE-Mo00377"">Lucky Horseshoe, Lucky Horseshoe Vein</a>: Prospect<table><tr><td>Feature group</td><td>Mineral Occurrence</td></tr><tr><td>Location</td><td>Lemhi, ID</td></tr><tr><td>Commodity</td><td>rare earth elements; thorium</td></tr></table>",,0,FALSE,FALSE,0,0
660,"Hall Mountain Group, No. 1",rare earth elements; thorium,Deposit,"<a href=""https://mrdata.usgs.gov/deposit/html/REE-Mo00388"">Hall Mountain Group, No. 1</a>: Deposit<table><tr><td>Feature group</td><td>Mineral Occurrence</td></tr><tr><td>Location</td><td>Boundary, ID</td></tr><tr><td>Commodity</td><td>rare earth elements; thorium</td></tr></table>",Kootenai Reservation and Off-Reservation Trust Land,1,FALSE,TRUE,1,0
661,"Hall Mountain Group, No. 2",rare earth elements; thorium,Deposit,"<a href=""https://mrdata.usgs.gov/deposit/html/REE-Mo00389"">Hall Mountain Group, No. 2</a>: Deposit<table><tr><td>Feature group</td><td>Mineral Occurrence</td></tr><tr><td>Location</td><td>Boundary, ID</td></tr><tr><td>Commodity</td><td>rare earth elements; thorium</td></tr></table>",Kootenai Reservation and Off-Reservation Trust Land,1,FALSE,TRUE,1,0
662,"Hall Mountain Group, No. 3",rare earth elements; thorium,Deposit,"<a href=""https://mrdata.usgs.gov/deposit/html/REE-Mo00390"">Hall Mountain Group, No. 3</a>: Deposit<table><tr><td>Feature group</td><td>Mineral Occurrence</td></tr><tr><td>Location</td><td>Boundary, ID</td></tr><tr><td>Commodity</td><td>rare earth elements; thorium</td></tr></table>",Kootenai Reservation and Off-Reservation Trust Land,1,FALSE,TRUE,1,0
663,"Hall Mountain Group, No. 4",rare earth elements; thorium,Deposit,"<a href=""https://mrdata.usgs.gov/deposit/html/REE-Mo00391"">Hall Mountain Group, No. 4</a>: Deposit<table><tr><td>Feature group</td><td>Mineral Occurrence</td></tr><tr><td>Location</td><td>Boundary, ID</td></tr><tr><td>Commodity</td><td>rare earth elements; thorium</td></tr></table>",Kootenai Reservation and Off-Reservation Trust Land,1,FALSE,TRUE,1,0
664,"Hall Mountain Group, No. 5",rare earth elements; thorium,Deposit,"<a href=""https://mrdata.usgs.gov/deposit/html/REE-Mo00392"">Hall Mountain Group, No. 5</a>: Deposit<table><tr><td>Feature group</td><td>Mineral Occurrence</td></tr><tr><td>Location</td><td>Boundary, ID</td></tr><tr><td>Commodity</td><td>rare earth elements; thorium</td></tr></table>",Kootenai Reservation and Off-Reservation Trust Land,1,FALSE,TRUE,1,0
665,"Hall Mountain Group, No. 6",rare earth elements; thorium,Deposit,"<a href=""https://mrdata.usgs.gov/deposit/html/REE-Mo00393"">Hall Mountain Group, No. 6</a>: Deposit<table><tr><td>Feature group</td><td>Mineral Occurrence</td></tr><tr><td>Location</td><td>Boundary, ID</td></tr><tr><td>Commodity</td><td>rare earth elements; thorium</td></tr></table>",Kootenai Reservation and Off-Reservation Trust Land,1,FALSE,TRUE,1,0
666,"Hall Mountain Group, No. 7",rare earth elements; thorium,Deposit,"<a href=""https://mrdata.usgs.gov/deposit/html/REE-Mo00394"">Hall Mountain Group, No. 7</a>: Deposit<table><tr><td>Feature group</td><td>Mineral Occurrence</td></tr><tr><td>Location</td><td>Boundary, ID</td></tr><tr><td>Commodity</td><td>rare earth elements; thorium</td></tr></table>",Kootenai Reservation and Off-Reservation Trust Land,1,FALSE,TRUE,1,0
667,"Hall Mountain Group, No. 8",rare earth elements; thorium,Deposit,"<a href=""https://mrdata.usgs.gov/deposit/html/REE-Mo00395"">Hall Mountain Group, No. 8</a>: Deposit<table><tr><td>Feature group</td><td>Mineral Occurrence</td></tr><tr><td>Location</td><td>Boundary, ID</td></tr><tr><td>Commodity</td><td>rare earth elements; thorium</td></tr></table>",Kootenai Reservation and Off-Reservation Trust Land,1,FALSE,TRUE,1,0
668,"Hall Mountain Group, No. 9",rare earth elements; thorium,Deposit,"<a href=""https://mrdata.usgs.gov/deposit/html/REE-Mo00396"">Hall Mountain Group, No. 9</a>: Deposit<table><tr><td>Feature group</td><td>Mineral Occurrence</td></tr><tr><td>Location</td><td>Boundary, ID</td></tr><tr><td>Commodity</td><td>rare earth elements; thorium</td></tr></table>",Kootenai Reservation and Off-Reservation Trust Land,1,FALSE,TRUE,1,0
669,"Hall Mountain Group, No. 10",rare earth elements; thorium,Deposit,"<a href=""https://mrdata.usgs.gov/deposit/html/REE-Mo00397"">Hall Mountain Group, No. 10</a>: Deposit<table><tr><td>Feature group</td><td>Mineral Occurrence</td></tr><tr><td>Location</td><td>Boundary, ID</td></tr><tr><td>Commodity</td><td>rare earth elements; thorium</td></tr></table>",Kootenai Reservation and Off-Reservation Trust Land,1,FALSE,TRUE,1,0
670,"Hall Mountain Group, No. 11",rare earth elements; thorium,Deposit,"<a href=""https://mrdata.usgs.gov/deposit/html/REE-Mo00398"">Hall Mountain Group, No. 11</a>: Deposit<table><tr><td>Feature group</td><td>Mineral Occurrence</td></tr><tr><td>Location</td><td>Boundary, ID</td></tr><tr><td>Commodity</td><td>rare earth elements; thorium</td></tr></table>",Kootenai Reservation and Off-Reservation Trust Land,1,FALSE,TRUE,1,0
671,"Hall Mountain Group, No. 12",rare earth elements; thorium,Deposit,"<a href=""https://mrdata.usgs.gov/deposit/html/REE-Mo00399"">Hall Mountain Group, No. 12</a>: Deposit<table><tr><td>Feature group</td><td>Mineral Occurrence</td></tr><tr><td>Location</td><td>Boundary, ID</td></tr><tr><td>Commodity</td><td>rare earth elements; thorium</td></tr></table>",Kootenai Reservation and Off-Reservation Trust Land,1,FALSE,TRUE,1,0
672,"Hall Mountain Group, No. 13",rare earth elements; thorium,Deposit,"<a href=""https://mrdata.usgs.gov/deposit/html/REE-Mo00400"">Hall Mountain Group, No. 13</a>: Deposit<table><tr><td>Feature group</td><td>Mineral Occurrence</td></tr><tr><td>Location</td><td>Boundary, ID</td></tr><tr><td>Commodity</td><td>rare earth elements; thorium</td></tr></table>",Kootenai Reservation and Off-Reservation Trust Land,1,FALSE,TRUE,1,0
673,"Hall Mountain Group, No. 14",rare earth elements; thorium,Deposit,"<a href=""https://mrdata.usgs.gov/deposit/html/REE-Mo00401"">Hall Mountain Group, No. 14</a>: Deposit<table><tr><td>Feature group</td><td>Mineral Occurrence</td></tr><tr><td>Location</td><td>Boundary, ID</td></tr><tr><td>Commodity</td><td>rare earth elements; thorium</td></tr></table>",Kootenai Reservation and Off-Reservation Trust Land,1,FALSE,TRUE,1,0
674,Diamond Creek District,rare earth elements; thorium; gold,Mineral District,"<a href=""https://mrdata.usgs.gov/deposit/html/REE-Mr00097"">Diamond Creek District</a>: Mineral District<table><tr><td>Feature group</td><td>Mineral Region</td></tr><tr><td>Location</td><td>Lemhi, ID</td></tr><tr><td>Commodity</td><td>rare earth elements; thorium; gold</td></tr></table>",,0,FALSE,FALSE,0,0
675,"Blackfoot Bridge, Blackfoot Bridge Mine",phosphate,Open Pit Mine,"<a href=""https://mrdata.usgs.gov/deposit/html/REE-Mf00427"">Blackfoot Bridge, Blackfoot Bridge Mine</a>: Open Pit Mine<table><tr><td>Feature group</td><td>Mine Feature</td></tr><tr><td>Location</td><td>Caribou, ID</td></tr><tr><td>Commodity</td><td>phosphate</td></tr></table>",Fort Hall Reservation and Off-Reservation Trust Land,1,FALSE,TRUE,1,0
676,"Blackfoot Bridge, Blackfoot Bridge Deposit",phosphate; rare earth elements,Deposit,"<a href=""https://mrdata.usgs.gov/deposit/html/REE-Mo00532"">Blackfoot Bridge, Blackfoot Bridge Deposit</a>: Deposit<table><tr><td>Feature group</td><td>Mineral Occurrence</td></tr><tr><td>Location</td><td>Caribou, ID</td></tr><tr><td>Commodity</td><td>phosphate; rare earth elements</td></tr></table>",Fort Hall Reservation and Off-Reservation Trust Land,1,FALSE,TRUE,1,0
677,"Caldwell Canyon, Caldwell Canyon Mine",phosphate,Open Pit Mine,"<a href=""https://mrdata.usgs.gov/deposit/html/REE-Mf00428"">Caldwell Canyon, Caldwell Canyon Mine</a>: Open Pit Mine<table><tr><td>Feature group</td><td>Mine Feature</td></tr><tr><td>Location</td><td>Caribou, ID</td></tr><tr><td>Commodity</td><td>phosphate</td></tr></table>",Fort Hall Reservation and Off-Reservation Trust Land,1,FALSE,TRUE,1,0
678,"Caldwell Canyon, Caldwell Canyon Deposit",phosphate; rare earth elements,Deposit,"<a href=""https://mrdata.usgs.gov/deposit/html/REE-Mo00533"">Caldwell Canyon, Caldwell Canyon Deposit</a>: Deposit<table><tr><td>Feature group</td><td>Mineral Occurrence</td></tr><tr><td>Location</td><td>Caribou, ID</td></tr><tr><td>Commodity</td><td>phosphate; rare earth elements</td></tr></table>",Fort Hall Reservation and Off-Reservation Trust Land,1,FALSE,TRUE,1,0
679,"Champ, Champ Mine",phosphate,Open Pit Mine,"<a href=""https://mrdata.usgs.gov/deposit/html/REE-Mf00429"">Champ, Champ Mine</a>: Open Pit Mine<table><tr><td>Feature group</td><td>Mine Feature</td></tr><tr><td>Location</td><td>Caribou, ID</td></tr><tr><td>Commodity</td><td>phosphate</td></tr></table>",,0,FALSE,FALSE,0,0
680,"Champ, Champ Deposit",phosphate; rare earth elements,Deposit,"<a href=""https://mrdata.usgs.gov/deposit/html/REE-Mo00534"">Champ, Champ Deposit</a>: Deposit<table><tr><td>Feature group</td><td>Mineral Occurrence</td></tr><tr><td>Location</td><td>Caribou, ID</td></tr><tr><td>Commodity</td><td>phosphate; rare earth elements</td></tr></table>",,0,FALSE,FALSE,0,0
681,"Conda, Conda Mine",phosphate,Open Pit Mine,"<a href=""https://mrdata.usgs.gov/deposit/html/REE-Mf00430"">Conda, Conda Mine</a>: Open Pit Mine<table><tr><td>Feature group</td><td>Mine Feature</td></tr><tr><td>Location</td><td>Caribou, ID</td></tr><tr><td>Commodity</td><td>phosphate</td></tr></table>",Fort Hall Reservation and Off-Reservation Trust Land,1,FALSE,TRUE,1,0
682,"Conda, Conda Deposit",phosphate; rare earth elements,Deposit,"<a href=""https://mrdata.usgs.gov/deposit/html/REE-Mo00535"">Conda, Conda Deposit</a>: Deposit<table><tr><td>Feature group</td><td>Mineral Occurrence</td></tr><tr><td>Location</td><td>Caribou, ID</td></tr><tr><td>Commodity</td><td>phosphate; rare earth elements</td></tr></table>",Fort Hall Reservation and Off-Reservation Trust Land,1,FALSE,TRUE,1,0
683,"Gay-South Forty, Gay-South Forty Mines",phosphate,Open Pit Mine,"<a href=""https://mrdata.usgs.gov/deposit/html/REE-Mf00431"">Gay-South Forty, Gay-South Forty Mines</a>: Open Pit Mine<table><tr><td>Feature group</td><td>Mine Feature</td></tr><tr><td>Location</td><td>Bingham, ID</td></tr><tr><td>Commodity</td><td>phosphate</td></tr></table>",Fort Hall,1,TRUE,FALSE,1,0
684,"Gay-South Forty, Gay-South Forty Deposit",phosphate; rare earth elements,Deposit,"<a href=""https://mrdata.usgs.gov/deposit/html/REE-Mo00536"">Gay-South Forty, Gay-South Forty Deposit</a>: Deposit<table><tr><td>Feature group</td><td>Mineral Occurrence</td></tr><tr><td>Location</td><td>Bingham, ID</td></tr><tr><td>Commodity</td><td>phosphate; rare earth elements</td></tr></table>",Fort Hall,1,TRUE,FALSE,1,0
685,"Henry, Henry Strip Mine",phosphate,Strip Mine,"<a href=""https://mrdata.usgs.gov/deposit/html/REE-Mf00432"">Henry, Henry Strip Mine</a>: Strip Mine<table><tr><td>Feature group</td><td>Mine Feature</td></tr><tr><td>Location</td><td>Caribou, ID</td></tr><tr><td>Commodity</td><td>phosphate</td></tr></table>",Fort Hall Reservation and Off-Reservation Trust Land,1,FALSE,TRUE,1,0
686,"Henry, Henry Deposit",phosphate; rare earth elements,Deposit,"<a href=""https://mrdata.usgs.gov/deposit/html/REE-Mo00537"">Henry, Henry Deposit</a>: Deposit<table><tr><td>Feature group</td><td>Mineral Occurrence</td></tr><tr><td>Location</td><td>Caribou, ID</td></tr><tr><td>Commodity</td><td>phosphate; rare earth elements</td></tr></table>",Fort Hall Reservation and Off-Reservation Trust Land,1,FALSE,TRUE,1,0
687,"Husky, Husky Deposit",phosphate; rare earth elements,Deposit,"<a href=""https://mrdata.usgs.gov/deposit/html/REE-Mo00495"">Husky, Husky Deposit</a>: Deposit<table><tr><td>Feature group</td><td>Mineral Occurrence</td></tr><tr><td>Location</td><td>Caribou, ID</td></tr><tr><td>Commodity</td><td>phosphate; rare earth elements</td></tr></table>",,0,FALSE,FALSE,0,0
688,"Maybe Canyon, Maybe Canyon Mine",phosphate,Open Pit Mine,"<a href=""https://mrdata.usgs.gov/deposit/html/REE-Mf00433"">Maybe Canyon, Maybe Canyon Mine</a>: Open Pit Mine<table><tr><td>Feature group</td><td>Mine Feature</td></tr><tr><td>Location</td><td>Caribou, ID</td></tr><tr><td>Commodity</td><td>phosphate</td></tr></table>",Fort Hall Reservation and Off-Reservation Trust Land,1,FALSE,TRUE,1,0
689,"Maybe Canyon, Maybe Canyon Deposit",phosphate; rare earth elements,Deposit,"<a href=""https://mrdata.usgs.gov/deposit/html/REE-Mo00538"">Maybe Canyon, Maybe Canyon Deposit</a>: Deposit<table><tr><td>Feature group</td><td>Mineral Occurrence</td></tr><tr><td>Location</td><td>Caribou, ID</td></tr><tr><td>Commodity</td><td>phosphate; rare earth elements</td></tr></table>",Fort Hall Reservation and Off-Reservation Trust Land,1,FALSE,TRUE,1,0
690,"Mountain Fuel, Mountain Fuel Mine",phosphate,Open Pit Mine,"<a href=""https://mrdata.usgs.gov/deposit/html/REE-Mf00434"">Mountain Fuel, Mountain Fuel Mine</a>: Open Pit Mine<table><tr><td>Feature group</td><td>Mine Feature</td></tr><tr><td>Location</td><td>Caribou, ID</td></tr><tr><td>Commodity</td><td>phosphate</td></tr></table>",,0,FALSE,FALSE,0,0
691,"Mountain Fuel, Mountain Fuel Deposit",phosphate; rare earth elements,Deposit,"<a href=""https://mrdata.usgs.gov/deposit/html/REE-Mo00539"">Mountain Fuel, Mountain Fuel Deposit</a>: Deposit<table><tr><td>Feature group</td><td>Mineral Occurrence</td></tr><tr><td>Location</td><td>Caribou, ID</td></tr><tr><td>Commodity</td><td>phosphate; rare earth elements</td></tr></table>",,0,FALSE,FALSE,0,0
692,"North Henry, North Henry Mine",phosphate,Open Pit Mine,"<a href=""https://mrdata.usgs.gov/deposit/html/REE-Mf00435"">North Henry, North Henry Mine</a>: Open Pit Mine<table><tr><td>Feature group</td><td>Mine Feature</td></tr><tr><td>Location</td><td>Caribou, ID</td></tr><tr><td>Commodity</td><td>phosphate</td></tr></table>",Fort Hall Reservation and Off-Reservation Trust Land,1,FALSE,TRUE,1,0
693,"North Henry, North Henry Deposit",phosphate; rare earth elements,Deposit,"<a href=""https://mrdata.usgs.gov/deposit/html/REE-Mo00540"">North Henry, North Henry Deposit</a>: Deposit<table><tr><td>Feature group</td><td>Mineral Occurrence</td></tr><tr><td>Location</td><td>Caribou, ID</td></tr><tr><td>Commodity</td><td>phosphate; rare earth elements</td></tr></table>",Fort Hall Reservation and Off-Reservation Trust Land,1,FALSE,TRUE,1,0
694,"Smokey Canyon, Smokey Canyon Mine",phosphate,Open Pit Mine,"<a href=""https://mrdata.usgs.gov/deposit/html/REE-Mf00436"">Smokey Canyon, Smokey Canyon Mine</a>: Open Pit Mine<table><tr><td>Feature group</td><td>Mine Feature</td></tr><tr><td>Location</td><td>Caribou, ID</td></tr><tr><td>Commodity</td><td>phosphate</td></tr></table>",,0,FALSE,FALSE,0,0
695,"Smokey Canyon, Smoky Canyon Deposit",phosphate; rare earth elements,Deposit,"<a href=""https://mrdata.usgs.gov/deposit/html/REE-Mo00541"">Smokey Canyon, Smoky Canyon Deposit</a>: Deposit<table><tr><td>Feature group</td><td>Mineral Occurrence</td></tr><tr><td>Location</td><td>Caribou, ID</td></tr><tr><td>Commodity</td><td>phosphate; rare earth elements</td></tr></table>",,0,FALSE,FALSE,0,0
696,"Wooley Valley, Wooley Valley Mine",phosphate,Open Pit Mine,"<a href=""https://mrdata.usgs.gov/deposit/html/REE-Mf00437"">Wooley Valley, Wooley Valley Mine</a>: Open Pit Mine<table><tr><td>Feature group</td><td>Mine Feature</td></tr><tr><td>Location</td><td>Caribou, ID</td></tr><tr><td>Commodity</td><td>phosphate</td></tr></table>",Fort Hall Reservation and Off-Reservation Trust Land,1,FALSE,TRUE,1,0
697,"Wooley Valley, Wooley Valley Deposit",phosphate; rare earth elements,Deposit,"<a href=""https://mrdata.usgs.gov/deposit/html/REE-Mo00542"">Wooley Valley, Wooley Valley Deposit</a>: Deposit<table><tr><td>Feature group</td><td>Mineral Occurrence</td></tr><tr><td>Location</td><td>Caribou, ID</td></tr><tr><td>Commodity</td><td>phosphate; rare earth elements</td></tr></table>",Fort Hall Reservation and Off-Reservation Trust Land,1,FALSE,TRUE,1,0
698,"Swan Lake Gulch, Swan Lake Gulch Deposit",phosphate; rare earth elements,Deposit,"<a href=""https://mrdata.usgs.gov/deposit/html/REE-Mo00544"">Swan Lake Gulch, Swan Lake Gulch Deposit</a>: Deposit<table><tr><td>Feature group</td><td>Mineral Occurrence</td></tr><tr><td>Location</td><td>Caribou, ID</td></tr><tr><td>Commodity</td><td>phosphate; rare earth elements</td></tr></table>",Fort Hall Reservation and Off-Reservation Trust Land,1,FALSE,TRUE,1,0
699,"Trail Creek, Trail Creek Deposit",phosphate; rare earth elements,Deposit,"<a href=""https://mrdata.usgs.gov/deposit/html/REE-Mo00545"">Trail Creek, Trail Creek Deposit</a>: Deposit<table><tr><td>Feature group</td><td>Mineral Occurrence</td></tr><tr><td>Location</td><td>Caribou, ID</td></tr><tr><td>Commodity</td><td>phosphate; rare earth elements</td></tr></table>",Fort Hall Reservation and Off-Reservation Trust Land,1,FALSE,TRUE,1,0
700,"Monumental Summit, Monumental Summit Rare-Earth Prospect",rare earth elements,Deposit,"<a href=""https://mrdata.usgs.gov/deposit/html/REE-Mo00654"">Monumental Summit, Monumental Summit Rare-Earth Prospect</a>: Deposit<table><tr><td>Feature group</td><td>Mineral Occurrence</td></tr><tr><td>Location</td><td>Valley, ID</td></tr><tr><td>Commodity</td><td>rare earth elements</td></tr></table>",,0,FALSE,FALSE,0,0
701,Mineral Hill District,rare earth elements; thorium,Mineral District,"<a href=""https://mrdata.usgs.gov/deposit/html/REE-Mr00130"">Mineral Hill District</a>: Mineral District<table><tr><td>Feature group</td><td>Mineral Region</td></tr><tr><td>Location</td><td>Lemhi, MT</td></tr><tr><td>Commodity</td><td>rare earth elements; thorium</td></tr></table>",,0,FALSE,FALSE,0,0
702,"Hicks Dome, Hicks Dome Deposit",fluorite; beryllium; rare earth elements; thorium,Deposit,"<a href=""https://mrdata.usgs.gov/deposit/html/REE-Mo00285"">Hicks Dome, Hicks Dome Deposit</a>: Deposit<table><tr><td>Feature group</td><td>Mineral Occurrence</td></tr><tr><td>Location</td><td>Hardin, IL</td></tr><tr><td>Commodity</td><td>fluorite; beryllium; rare earth elements; thorium</td></tr></table>",,0,FALSE,FALSE,0,0
703,"Pea Ridge, Pea Ridge Mine",iron; magnetite; pyrite; rare earth elements,Underground Workings,"<a href=""https://mrdata.usgs.gov/deposit/html/REE-Mf00239"">Pea Ridge, Pea Ridge Mine</a>: Underground Workings<table><tr><td>Feature group</td><td>Mine Feature</td></tr><tr><td>Location</td><td>Washington, MO</td></tr><tr><td>Commodity</td><td>iron; magnetite; pyrite; rare earth elements</td></tr></table>",,0,FALSE,FALSE,0,0
704,"Pea Ridge, Pea Ridge Deposit",iron; magnetite; pyrite,Deposit,"<a href=""https://mrdata.usgs.gov/deposit/html/REE-Mo00256"">Pea Ridge, Pea Ridge Deposit</a>: Deposit<table><tr><td>Feature group</td><td>Mineral Occurrence</td></tr><tr><td>Location</td><td>Washington, MO</td></tr><tr><td>Commodity</td><td>iron; magnetite; pyrite</td></tr></table>",,0,FALSE,FALSE,0,0
705,"Pea Ridge, V-12 Pipe",rare earth elements,Deposit,"<a href=""https://mrdata.usgs.gov/deposit/html/REE-Mo00257"">Pea Ridge, V-12 Pipe</a>: Deposit<table><tr><td>Feature group</td><td>Mineral Occurrence</td></tr><tr><td>Location</td><td>Washington, MO</td></tr><tr><td>Commodity</td><td>rare earth elements</td></tr></table>",,0,FALSE,FALSE,0,0
706,"Pea Ridge, V-14 Pipe",rare earth elements,Deposit,"<a href=""https://mrdata.usgs.gov/deposit/html/REE-Mo00258"">Pea Ridge, V-14 Pipe</a>: Deposit<table><tr><td>Feature group</td><td>Mineral Occurrence</td></tr><tr><td>Location</td><td>Washington, MO</td></tr><tr><td>Commodity</td><td>rare earth elements</td></tr></table>",,0,FALSE,FALSE,0,0
707,"Pea Ridge, X-11 Pipe",rare earth elements,Deposit,"<a href=""https://mrdata.usgs.gov/deposit/html/REE-Mo00259"">Pea Ridge, X-11 Pipe</a>: Deposit<table><tr><td>Feature group</td><td>Mineral Occurrence</td></tr><tr><td>Location</td><td>Washington, MO</td></tr><tr><td>Commodity</td><td>rare earth elements</td></tr></table>",,0,FALSE,FALSE,0,0
708,"Pea Ridge, X-13 Pipe",rare earth elements,Deposit,"<a href=""https://mrdata.usgs.gov/deposit/html/REE-Mo00260"">Pea Ridge, X-13 Pipe</a>: Deposit<table><tr><td>Feature group</td><td>Mineral Occurrence</td></tr><tr><td>Location</td><td>Washington, MO</td></tr><tr><td>Commodity</td><td>rare earth elements</td></tr></table>",,0,FALSE,FALSE,0,0
709,"Last Chance, Last Chance Deposit",rare earth elements; thorium,Deposit,"<a href=""https://mrdata.usgs.gov/deposit/html/REE-Mo00306"">Last Chance, Last Chance Deposit</a>: Deposit<table><tr><td>Feature group</td><td>Mineral Occurrence</td></tr><tr><td>Location</td><td>Beaverhead, MT</td></tr><tr><td>Commodity</td><td>rare earth elements; thorium</td></tr></table>",,0,FALSE,FALSE,0,0
710,"Rocky Boy, Rocky Boy Stock",rare earth elements,Showing,"<a href=""https://mrdata.usgs.gov/deposit/html/REE-Mo00655"">Rocky Boy, Rocky Boy Stock</a>: Showing<table><tr><td>Feature group</td><td>Mineral Occurrence</td></tr><tr><td>Location</td><td>Hill, MT</td></tr><tr><td>Commodity</td><td>rare earth elements</td></tr></table>",Rocky Boy's,1,TRUE,FALSE,1,0
711,"Snowbird, Snowbird Deposit",rare earth elements,Deposit,"<a href=""https://mrdata.usgs.gov/deposit/html/REE-Mo00656"">Snowbird, Snowbird Deposit</a>: Deposit<table><tr><td>Feature group</td><td>Mineral Occurrence</td></tr><tr><td>Location</td><td>Mineral, MT</td></tr><tr><td>Commodity</td><td>rare earth elements</td></tr></table>",Flathead Reservation,1,FALSE,TRUE,1,0
712,"Southern Ravalli County, Sheep Creek-Beaver Creek-West Fork-Woods Creek Deposits",rare earth elements; niobium,Prospect,"<a href=""https://mrdata.usgs.gov/deposit/html/REE-Mo00657"">Southern Ravalli County, Sheep Creek-Beaver Creek-West Fork-Woods Creek Deposits</a>: Prospect<table><tr><td>Feature group</td><td>Mineral Occurrence</td></tr><tr><td>Location</td><td>Ravalli, MT</td></tr><tr><td>Commodity</td><td>rare earth elements; niobium</td></tr></table>",,0,FALSE,FALSE,0,0
713,"Christy-Destiny, Christy-Destiny Mine",rare earth elements (in monazite and xenotime); gold; sand; gravel,Unspecified Mine Feature,"<a href=""https://mrdata.usgs.gov/deposit/html/REE-Mf00378"">Christy-Destiny, Christy-Destiny Mine</a>: Unspecified Mine Feature<table><tr><td>Feature group</td><td>Mine Feature</td></tr><tr><td>Location</td><td>McDowell, NC</td></tr><tr><td>Commodity</td><td>rare earth elements (in monazite and xenotime); gold; sand; gravel</td></tr></table>",,0,FALSE,FALSE,0,0
714,"Christy-Destiny, Unnamed Placer",rare earth elements (in monazite and xenotime); gold; sand; gravel,Deposit,"<a href=""https://mrdata.usgs.gov/deposit/html/REE-Mo00295"">Christy-Destiny, Unnamed Placer</a>: Deposit<table><tr><td>Feature group</td><td>Mineral Occurrence</td></tr><tr><td>Location</td><td>McDowell, NC</td></tr><tr><td>Commodity</td><td>rare earth elements (in monazite and xenotime); gold; sand; gravel</td></tr></table>",,0,FALSE,FALSE,0,0
715,"Sandy Run Creek, Sandy Run Creek Prospect",rare earth elements (in monazite); rutile; ilmenite; zircon,Prospect,"<a href=""https://mrdata.usgs.gov/deposit/html/REE-Mo00463"">Sandy Run Creek, Sandy Run Creek Prospect</a>: Prospect<table><tr><td>Feature group</td><td>Mineral Occurrence</td></tr><tr><td>Location</td><td>Cleveland, NC</td></tr><tr><td>Commodity</td><td>rare earth elements (in monazite); rutile; ilmenite; zircon</td></tr></table>",,0,FALSE,FALSE,0,0
716,"Buffalo Creek, Buffalo Creek Prospect",rare earth elements (in monazite); rutile; ilmenite; zircon,Prospect,"<a href=""https://mrdata.usgs.gov/deposit/html/REE-Mo00466"">Buffalo Creek, Buffalo Creek Prospect</a>: Prospect<table><tr><td>Feature group</td><td>Mineral Occurrence</td></tr><tr><td>Location</td><td>Cleveland, NC</td></tr><tr><td>Commodity</td><td>rare earth elements (in monazite); rutile; ilmenite; zircon</td></tr></table>",,0,FALSE,FALSE,0,0
717,"Knob Creek, Knob Creek Prospect",rare earth elements (in monazite); rutile; ilmenite; zircon,Prospect,"<a href=""https://mrdata.usgs.gov/deposit/html/REE-Mo00468"">Knob Creek, Knob Creek Prospect</a>: Prospect<table><tr><td>Feature group</td><td>Mineral Occurrence</td></tr><tr><td>Location</td><td>Cleveland, NC</td></tr><tr><td>Commodity</td><td>rare earth elements (in monazite); rutile; ilmenite; zircon</td></tr></table>",,0,FALSE,FALSE,0,0
718,"First Broad River, First Broad River Prospect",rare earth elements (in monazite); rutile; ilmenite; zircon,Prospect,"<a href=""https://mrdata.usgs.gov/deposit/html/REE-Mo00469"">First Broad River, First Broad River Prospect</a>: Prospect<table><tr><td>Feature group</td><td>Mineral Occurrence</td></tr><tr><td>Location</td><td>Cleveland, NC</td></tr><tr><td>Commodity</td><td>rare earth elements (in monazite); rutile; ilmenite; zircon</td></tr></table>",,0,FALSE,FALSE,0,0
719,"South Muddy Creek, South Muddy Creek Prospect",rare earth elements (in monazite); gold,Prospect,"<a href=""https://mrdata.usgs.gov/deposit/html/REE-Mo00315"">South Muddy Creek, South Muddy Creek Prospect</a>: Prospect<table><tr><td>Feature group</td><td>Mineral Occurrence</td></tr><tr><td>Location</td><td>McDowell, NC</td></tr><tr><td>Commodity</td><td>rare earth elements (in monazite); gold</td></tr></table>",,0,FALSE,FALSE,0,0
720,"Silver Creek, Silver Creek Prospect",rare earth elements (in monazite); gold,Prospect,"<a href=""https://mrdata.usgs.gov/deposit/html/REE-Mo00346"">Silver Creek, Silver Creek Prospect</a>: Prospect<table><tr><td>Feature group</td><td>Mineral Occurrence</td></tr><tr><td>Location</td><td>Burke, NC</td></tr><tr><td>Commodity</td><td>rare earth elements (in monazite); gold</td></tr></table>",,0,FALSE,FALSE,0,0
721,"Elk Creek, Elk Creek Deposit",niobium; scandium; titanium; rare earth elements,Deposit,"<a href=""https://mrdata.usgs.gov/deposit/html/REE-Mo00255"">Elk Creek, Elk Creek Deposit</a>: Deposit<table><tr><td>Feature group</td><td>Mineral Occurrence</td></tr><tr><td>Location</td><td>Johnson, NE</td></tr><tr><td>Commodity</td><td>niobium; scandium; titanium; rare earth elements</td></tr></table>",Sac and Fox Nation Reservation and Off-Reservation Trust Land,1,FALSE,TRUE,1,0
722,"Scrub Oaks, Scrub Oaks Mine",iron,Shaft Mine,"<a href=""https://mrdata.usgs.gov/deposit/html/REE-Mf00342"">Scrub Oaks, Scrub Oaks Mine</a>: Shaft Mine<table><tr><td>Feature group</td><td>Mine Feature</td></tr><tr><td>Location</td><td>Morris, NJ</td></tr><tr><td>Commodity</td><td>iron</td></tr></table>",Ramapough SDTSA,1,FALSE,TRUE,1,0
723,"Scrub Oaks, Scrub Oaks Orebody",iron; rare earth elements,Deposit,"<a href=""https://mrdata.usgs.gov/deposit/html/REE-Mo00376"">Scrub Oaks, Scrub Oaks Orebody</a>: Deposit<table><tr><td>Feature group</td><td>Mineral Occurrence</td></tr><tr><td>Location</td><td>Morris, NJ</td></tr><tr><td>Commodity</td><td>iron; rare earth elements</td></tr></table>",Ramapough SDTSA,1,FALSE,TRUE,1,0
724,"Pajarito Mountain, Pajarito Mountain Deposit",zirconium; rare earth elements,Deposit,"<a href=""https://mrdata.usgs.gov/deposit/html/REE-Mo00276"">Pajarito Mountain, Pajarito Mountain Deposit</a>: Deposit<table><tr><td>Feature group</td><td>Mineral Occurrence</td></tr><tr><td>Location</td><td>Otero, NM</td></tr><tr><td>Commodity</td><td>zirconium; rare earth elements</td></tr></table>",Mescalero,1,TRUE,FALSE,1,0
725,"Gallinas Mountains Project, Gallinas Mountains Project Showing",rare earth elements,Showing,"<a href=""https://mrdata.usgs.gov/deposit/html/REE-Mo00282"">Gallinas Mountains Project, Gallinas Mountains Project Showing</a>: Showing<table><tr><td>Feature group</td><td>Mineral Occurrence</td></tr><tr><td>Location</td><td>Lincoln, NM</td></tr><tr><td>Commodity</td><td>rare earth elements</td></tr></table>",,0,FALSE,FALSE,0,0
726,Gallinas Mountains District,gold; silver; copper; fluorine; iron; zinc; lead; rare earth elements; uranium; thorium; tellurium; molybdenum; asbestos,Mining District,"<a href=""https://mrdata.usgs.gov/deposit/html/REE-Mr00028"">Gallinas Mountains District</a>: Mining District<table><tr><td>Feature group</td><td>Mineral Region</td></tr><tr><td>Location</td><td>Lincoln, NM</td></tr><tr><td>Commodity</td><td>gold; silver; copper; fluorine; iron; zinc; lead; rare earth elements; uranium; thorium; tellurium; molybdenum; asbestos</td></tr></table>",,0,FALSE,FALSE,0,0
727,Lemitar Mountains District,copper; lead; barium; silver; manganese; uranium; rare earth elements; fluorine; zinc; titanium; niobium; thorium,Mining District,"<a href=""https://mrdata.usgs.gov/deposit/html/REE-Mr00029"">Lemitar Mountains District</a>: Mining District<table><tr><td>Feature group</td><td>Mineral Region</td></tr><tr><td>Location</td><td>Socorro, NM</td></tr><tr><td>Commodity</td><td>copper; lead; barium; silver; manganese; uranium; rare earth elements; fluorine; zinc; titanium; niobium; thorium</td></tr></table>",Navajo Nation Reservation and Off-Reservation Trust Land,1,FALSE,TRUE,1,0
728,Capitan Mountains District,thorium; rare earth elements; iron; uranium; manganese; coal; copper; gold; silver; beryllium; asbestos; fluorine; garnet,Mining District,"<a href=""https://mrdata.usgs.gov/deposit/html/REE-Mr00054"">Capitan Mountains District</a>: Mining District<table><tr><td>Feature group</td><td>Mineral Region</td></tr><tr><td>Location</td><td>Lincoln, NM</td></tr><tr><td>Commodity</td><td>thorium; rare earth elements; iron; uranium; manganese; coal; copper; gold; silver; beryllium; asbestos; fluorine; garnet</td></tr></table>",Mescalero Reservation,1,FALSE,TRUE,1,0
729,El Porvenir District,molybdenum; uranium; mica; rare earth elements; copper; silver; gold; thorium; fluorine; tungsten; bismuth; tantalum; niobium; mica; asbestos; beryllium,Mining District,"<a href=""https://mrdata.usgs.gov/deposit/html/REE-Mr00042"">El Porvenir District</a>: Mining District<table><tr><td>Feature group</td><td>Mineral Region</td></tr><tr><td>Location</td><td>San Miguel, NM</td></tr><tr><td>Commodity</td><td>molybdenum; uranium; mica; rare earth elements; copper; silver; gold; thorium; fluorine; tungsten; bismuth; tantalum; niobium; mica; asbestos; beryllium</td></tr></table>",Nambe Pueblo and Off-Reservation Trust Land; Picuris Pueblo; Pueblo of Pojoaque and Off-Reservation Trust Land; Tesuque Pueblo and Off-Reservation Trust Land,4,FALSE,TRUE,1,1
730,White Signal District,copper; uranium; gold; silver; lead; bismuth; fluorine; radium; garnet; rare earth elements; thorium; zinc; niobium; tantalum; turquoise; beryllium; barium; mica; tellurium,Mining District,"<a href=""https://mrdata.usgs.gov/deposit/html/REE-Mr00044"">White Signal District</a>: Mining District<table><tr><td>Feature group</td><td>Mineral Region</td></tr><tr><td>Location</td><td>Grant, NM</td></tr><tr><td>Commodity</td><td>copper; uranium; gold; silver; lead; bismuth; fluorine; radium; garnet; rare earth elements; thorium; zinc; niobium; tantalum; turquoise; beryllium; barium; mica; tellurium</td></tr></table>",,0,FALSE,FALSE,0,0
731,Laughlin Peak District,rare earth elements; gold; silver; uranium; thorium; niobium; iron; beryllium; zeolites,Mining District,"<a href=""https://mrdata.usgs.gov/deposit/html/REE-Mr00057"">Laughlin Peak District</a>: Mining District<table><tr><td>Feature group</td><td>Mineral Region</td></tr><tr><td>Location</td><td>Colfax, NM</td></tr><tr><td>Commodity</td><td>rare earth elements; gold; silver; uranium; thorium; niobium; iron; beryllium; zeolites</td></tr></table>",,0,FALSE,FALSE,0,0
732,Chupadera Mountains District,gold; silver; copper; lead; zinc; barium; uranium; thorium; niobium; titanium; rare earth elements,Mining District,"<a href=""https://mrdata.usgs.gov/deposit/html/REE-Mr00098"">Chupadera Mountains District</a>: Mining District<table><tr><td>Feature group</td><td>Mineral Region</td></tr><tr><td>Location</td><td>Socorro, NM</td></tr><tr><td>Commodity</td><td>gold; silver; copper; lead; zinc; barium; uranium; thorium; niobium; titanium; rare earth elements</td></tr></table>",,0,FALSE,FALSE,0,0
733,Petaca District,mica; niobium; tantalum; beryllium; quartz; feldspar; kyanite; rare earth elements; uranium; tin; thorium; copper; bismuth; fluorine; molybdenum; asbestos; pyrophyllite; garnet,Mining District,"<a href=""https://mrdata.usgs.gov/deposit/html/REE-Mr00045"">Petaca District</a>: Mining District<table><tr><td>Feature group</td><td>Mineral Region</td></tr><tr><td>Location</td><td>Rio Arriba, NM</td></tr><tr><td>Commodity</td><td>mica; niobium; tantalum; beryllium; quartz; feldspar; kyanite; rare earth elements; uranium; tin; thorium; copper; bismuth; fluorine; molybdenum; asbestos; pyrophyllite; garnet</td></tr></table>",Jicarilla Apache Nation Reservation and Off-Reservation Trust Land; Ohkay Owingeh; Picuris Pueblo; Santa Clara Pueblo and Off-Reservation Trust Land; Taos Pueblo and Off-Reservation Trust Land,5,FALSE,TRUE,1,1
734,Caballo Mountains District,lead; fluorine; manganese; gold; silver; iron; copper; uranium; molybdenum; vanadium; thorium; barium; rare earth elements; tungsten; niobium; titanium; platinum group elements; beryllium; zinc,Mining District,"<a href=""https://mrdata.usgs.gov/deposit/html/REE-Mr00099"">Caballo Mountains District</a>: Mining District<table><tr><td>Feature group</td><td>Mineral Region</td></tr><tr><td>Location</td><td>Sierra, NM</td></tr><tr><td>Commodity</td><td>lead; fluorine; manganese; gold; silver; iron; copper; uranium; molybdenum; vanadium; thorium; barium; rare earth elements; tungsten; niobium; titanium; platinum group elements; beryllium; zinc</td></tr></table>",,0,FALSE,FALSE,0,0
735,Cornudas Mountains District,rare earth elements; nepheline syenite; silver; beryllium; gold; uranium; thorium; niobium; zirconium; zeolites,Mining District,"<a href=""https://mrdata.usgs.gov/deposit/html/REE-Mr00055"">Cornudas Mountains District</a>: Mining District<table><tr><td>Feature group</td><td>Mineral Region</td></tr><tr><td>Location</td><td>Otero, NM</td></tr><tr><td>Commodity</td><td>rare earth elements; nepheline syenite; silver; beryllium; gold; uranium; thorium; niobium; zirconium; zeolites</td></tr></table>",Ysleta del Sur Pueblo and Off-Reservation Trust Land,1,FALSE,TRUE,1,0
736,Pajarito District,iron; zircon; rare earth elements; fluorine,Mining District,"<a href=""https://mrdata.usgs.gov/deposit/html/REE-Mr00056"">Pajarito District</a>: Mining District<table><tr><td>Feature group</td><td>Mineral Region</td></tr><tr><td>Location</td><td>Otero, NM</td></tr><tr><td>Commodity</td><td>iron; zircon; rare earth elements; fluorine</td></tr></table>",Mescalero,1,TRUE,FALSE,1,0
737,"Thor, Lopez Trend",rare earth elements,Prospect,"<a href=""https://mrdata.usgs.gov/deposit/html/REE-Mo00269"">Thor, Lopez Trend</a>: Prospect<table><tr><td>Feature group</td><td>Mineral Occurrence</td></tr><tr><td>Location</td><td>Clark, NV</td></tr><tr><td>Commodity</td><td>rare earth elements</td></tr></table>",,0,FALSE,FALSE,0,0
738,"Thor, Black Butte",rare earth elements,Prospect,"<a href=""https://mrdata.usgs.gov/deposit/html/REE-Mo00299"">Thor, Black Butte</a>: Prospect<table><tr><td>Feature group</td><td>Mineral Occurrence</td></tr><tr><td>Location</td><td>Clark, NV</td></tr><tr><td>Commodity</td><td>rare earth elements</td></tr></table>",,0,FALSE,FALSE,0,0
739,"Thor, Ned",rare earth elements,Prospect,"<a href=""https://mrdata.usgs.gov/deposit/html/REE-Mo00304"">Thor, Ned</a>: Prospect<table><tr><td>Feature group</td><td>Mineral Occurrence</td></tr><tr><td>Location</td><td>Clark, NV</td></tr><tr><td>Commodity</td><td>rare earth elements</td></tr></table>",,0,FALSE,FALSE,0,0
740,Crescent District,silver; gold; lead; copper; turquoise; molybdenum; vanadium; beryllium; thorium; uranium; perlite; rare earth elements,Mining District,"<a href=""https://mrdata.usgs.gov/deposit/html/REE-Mr00038"">Crescent District</a>: Mining District<table><tr><td>Feature group</td><td>Mineral Region</td></tr><tr><td>Location</td><td>Clark, NV</td></tr><tr><td>Commodity</td><td>silver; gold; lead; copper; turquoise; molybdenum; vanadium; beryllium; thorium; uranium; perlite; rare earth elements</td></tr></table>",,0,FALSE,FALSE,0,0
741,Mineville District,iron; thorium; uranium; phosphorus; rare earth elements,Mining District,"<a href=""https://mrdata.usgs.gov/deposit/html/REE-Mr00062"">Mineville District</a>: Mining District<table><tr><td>Feature group</td><td>Mineral Region</td></tr><tr><td>Location</td><td>Essex, NY</td></tr><tr><td>Commodity</td><td>iron; thorium; uranium; phosphorus; rare earth elements</td></tr></table>",,0,FALSE,FALSE,0,0
742,"Port Leyden, Port Leyden Mine",iron; titanium; rare earth elements,Shaft Mine,"<a href=""https://mrdata.usgs.gov/deposit/html/REE-Mf00275"">Port Leyden, Port Leyden Mine</a>: Shaft Mine<table><tr><td>Feature group</td><td>Mine Feature</td></tr><tr><td>Location</td><td>Lewis, NY</td></tr><tr><td>Commodity</td><td>iron; titanium; rare earth elements</td></tr></table>",Oneida Indian Nation Reservation,1,FALSE,TRUE,1,0
743,"Port Leyden, Port Leyden Orebody",iron; titanium; rare earth elements,Deposit,"<a href=""https://mrdata.usgs.gov/deposit/html/REE-Mo00355"">Port Leyden, Port Leyden Orebody</a>: Deposit<table><tr><td>Feature group</td><td>Mineral Occurrence</td></tr><tr><td>Location</td><td>Lewis, NY</td></tr><tr><td>Commodity</td><td>iron; titanium; rare earth elements</td></tr></table>",Oneida Indian Nation Reservation,1,FALSE,TRUE,1,0
744,"Cheever, Cheever Mine",iron,Unspecified Mine Feature,"<a href=""https://mrdata.usgs.gov/deposit/html/REE-Mf00334"">Cheever, Cheever Mine</a>: Unspecified Mine Feature<table><tr><td>Feature group</td><td>Mine Feature</td></tr><tr><td>Location</td><td>Essex, NY</td></tr><tr><td>Commodity</td><td>iron</td></tr></table>",,0,FALSE,FALSE,0,0
745,"Cheever, Cheever Orebody",iron; rare earth elements,Deposit,"<a href=""https://mrdata.usgs.gov/deposit/html/REE-Mo00366"">Cheever, Cheever Orebody</a>: Deposit<table><tr><td>Feature group</td><td>Mineral Occurrence</td></tr><tr><td>Location</td><td>Essex, NY</td></tr><tr><td>Commodity</td><td>iron; rare earth elements</td></tr></table>",,0,FALSE,FALSE,0,0
746,"Mineville Group, 21 Mine",iron,Underground Workings,"<a href=""https://mrdata.usgs.gov/deposit/html/REE-Mf00335"">Mineville Group, 21 Mine</a>: Underground Workings<table><tr><td>Feature group</td><td>Mine Feature</td></tr><tr><td>Location</td><td>Essex, NY</td></tr><tr><td>Commodity</td><td>iron</td></tr></table>",,0,FALSE,FALSE,0,0
747,"Mineville Group, Joker Shaft",iron,Mine Shaft,"<a href=""https://mrdata.usgs.gov/deposit/html/REE-Mf00336"">Mineville Group, Joker Shaft</a>: Mine Shaft<table><tr><td>Feature group</td><td>Mine Feature</td></tr><tr><td>Location</td><td>Essex, NY</td></tr><tr><td>Commodity</td><td>iron</td></tr></table>",,0,FALSE,FALSE,0,0
748,"Mineville Group, Sanford Pit",iron; rare earth elements,Open Pit Mine,"<a href=""https://mrdata.usgs.gov/deposit/html/REE-Mf00337"">Mineville Group, Sanford Pit</a>: Open Pit Mine<table><tr><td>Feature group</td><td>Mine Feature</td></tr><tr><td>Location</td><td>Essex, NY</td></tr><tr><td>Commodity</td><td>iron; rare earth elements</td></tr></table>",,0,FALSE,FALSE,0,0
749,"Mineville Group, Welch Shaft",iron; rare earth elements,Mine Shaft,"<a href=""https://mrdata.usgs.gov/deposit/html/REE-Mf00338"">Mineville Group, Welch Shaft</a>: Mine Shaft<table><tr><td>Feature group</td><td>Mine Feature</td></tr><tr><td>Location</td><td>Essex, NY</td></tr><tr><td>Commodity</td><td>iron; rare earth elements</td></tr></table>",,0,FALSE,FALSE,0,0
750,"Mineville Group, Old Bed Orebody",iron; rare earth elements,Deposit,"<a href=""https://mrdata.usgs.gov/deposit/html/REE-Mo00364"">Mineville Group, Old Bed Orebody</a>: Deposit<table><tr><td>Feature group</td><td>Mineral Occurrence</td></tr><tr><td>Location</td><td>Essex, NY</td></tr><tr><td>Commodity</td><td>iron; rare earth elements</td></tr></table>",,0,FALSE,FALSE,0,0
751,"Mineville Group, Joker Orebody",iron; rare earth elements,Deposit,"<a href=""https://mrdata.usgs.gov/deposit/html/REE-Mo00367"">Mineville Group, Joker Orebody</a>: Deposit<table><tr><td>Feature group</td><td>Mineral Occurrence</td></tr><tr><td>Location</td><td>Essex, NY</td></tr><tr><td>Commodity</td><td>iron; rare earth elements</td></tr></table>",,0,FALSE,FALSE,0,0
752,"Smith, Smith Mine",iron; thorium; uranium; phosphorus; rare earth elements,Underground Workings,"<a href=""https://mrdata.usgs.gov/deposit/html/REE-Mf00282"">Smith, Smith Mine</a>: Underground Workings<table><tr><td>Feature group</td><td>Mine Feature</td></tr><tr><td>Location</td><td>Essex, NY</td></tr><tr><td>Commodity</td><td>iron; thorium; uranium; phosphorus; rare earth elements</td></tr></table>",,0,FALSE,FALSE,0,0
753,"Smith, Smith Orebody",iron; rare earth elements; phosphorus,Deposit,"<a href=""https://mrdata.usgs.gov/deposit/html/REE-Mo00365"">Smith, Smith Orebody</a>: Deposit<table><tr><td>Feature group</td><td>Mineral Occurrence</td></tr><tr><td>Location</td><td>Essex, NY</td></tr><tr><td>Commodity</td><td>iron; rare earth elements; phosphorus</td></tr></table>",,0,FALSE,FALSE,0,0
754,"Pelfshire, Pelfshire Pits",iron,Unspecified Mine Feature,"<a href=""https://mrdata.usgs.gov/deposit/html/REE-Mf00281"">Pelfshire, Pelfshire Pits</a>: Unspecified Mine Feature<table><tr><td>Feature group</td><td>Mine Feature</td></tr><tr><td>Location</td><td>Essex, NY</td></tr><tr><td>Commodity</td><td>iron</td></tr></table>",,0,FALSE,FALSE,0,0
755,"Pelfshire, Pilfershire Orebody",iron; rare earth elements,Deposit,"<a href=""https://mrdata.usgs.gov/deposit/html/REE-Mo00368"">Pelfshire, Pilfershire Orebody</a>: Deposit<table><tr><td>Feature group</td><td>Mineral Occurrence</td></tr><tr><td>Location</td><td>Essex, NY</td></tr><tr><td>Commodity</td><td>iron; rare earth elements</td></tr></table>",,0,FALSE,FALSE,0,0
756,"Sherman, Sherman Mine",iron,Unspecified Mine Feature,"<a href=""https://mrdata.usgs.gov/deposit/html/REE-Mf00283"">Sherman, Sherman Mine</a>: Unspecified Mine Feature<table><tr><td>Feature group</td><td>Mine Feature</td></tr><tr><td>Location</td><td>Essex, NY</td></tr><tr><td>Commodity</td><td>iron</td></tr></table>",,0,FALSE,FALSE,0,0
757,"Sherman, Sherman Orebody",iron; rare earth elements,Deposit,"<a href=""https://mrdata.usgs.gov/deposit/html/REE-Mo00369"">Sherman, Sherman Orebody</a>: Deposit<table><tr><td>Feature group</td><td>Mineral Occurrence</td></tr><tr><td>Location</td><td>Essex, NY</td></tr><tr><td>Commodity</td><td>iron; rare earth elements</td></tr></table>",,0,FALSE,FALSE,0,0
758,"Hilton Head Island, Hilton Head Island Deposit",rare earth elements (in monazite); ilmenite; rutile; zircon,Deposit,"<a href=""https://mrdata.usgs.gov/deposit/html/REE-Mo00296"">Hilton Head Island, Hilton Head Island Deposit</a>: Deposit<table><tr><td>Feature group</td><td>Mineral Occurrence</td></tr><tr><td>Location</td><td>Beaufort, SC</td></tr><tr><td>Commodity</td><td>rare earth elements (in monazite); ilmenite; rutile; zircon</td></tr></table>",,0,FALSE,FALSE,0,0
759,"Horse Creek, Heavy Minerals Co. Mine",rare earth elements (in monazite),Open Pit Mine,"<a href=""https://mrdata.usgs.gov/deposit/html/REE-Mf00361"">Horse Creek, Heavy Minerals Co. Mine</a>: Open Pit Mine<table><tr><td>Feature group</td><td>Mine Feature</td></tr><tr><td>Location</td><td>Aiken, SC</td></tr><tr><td>Commodity</td><td>rare earth elements (in monazite)</td></tr></table>",Beaver Creek SDTSA,1,FALSE,TRUE,1,0
760,"Horse Creek, Horse Creek Deposit",rare earth elements (in monazite),Deposit,"<a href=""https://mrdata.usgs.gov/deposit/html/REE-Mo00297"">Horse Creek, Horse Creek Deposit</a>: Deposit<table><tr><td>Feature group</td><td>Mineral Occurrence</td></tr><tr><td>Location</td><td>Aiken, SC</td></tr><tr><td>Commodity</td><td>rare earth elements (in monazite)</td></tr></table>",Beaver Creek SDTSA,1,FALSE,TRUE,1,0
761,"Broad River, Broad River Prospect",rare earth elements (in monazite),Prospect,"<a href=""https://mrdata.usgs.gov/deposit/html/REE-Mo00470"">Broad River, Broad River Prospect</a>: Prospect<table><tr><td>Feature group</td><td>Mineral Occurrence</td></tr><tr><td>Location</td><td>Cherokee, SC</td></tr><tr><td>Commodity</td><td>rare earth elements (in monazite)</td></tr></table>",,0,FALSE,FALSE,0,0
762,"Thicketty Creek, Thicketty Creek Prospect",rare earth elements (in monazite); rutile; ilmenite; zircon,Prospect,"<a href=""https://mrdata.usgs.gov/deposit/html/REE-Mo00464"">Thicketty Creek, Thicketty Creek Prospect</a>: Prospect<table><tr><td>Feature group</td><td>Mineral Occurrence</td></tr><tr><td>Location</td><td>Cherokee, SC</td></tr><tr><td>Commodity</td><td>rare earth elements (in monazite); rutile; ilmenite; zircon</td></tr></table>",,0,FALSE,FALSE,0,0
763,"North Tyger River, North Tyger River Prospect",rare earth elements (in monazite); rutile; ilmenite; zircon,Prospect,"<a href=""https://mrdata.usgs.gov/deposit/html/REE-Mo00465"">North Tyger River, North Tyger River Prospect</a>: Prospect<table><tr><td>Feature group</td><td>Mineral Occurrence</td></tr><tr><td>Location</td><td>Spartanburg, SC</td></tr><tr><td>Commodity</td><td>rare earth elements (in monazite); rutile; ilmenite; zircon</td></tr></table>",,0,FALSE,FALSE,0,0
764,"Rabon Creek, Rabon Creek Prospect",rare earth elements (in monazite); rutile; ilmenite; zircon,Prospect,"<a href=""https://mrdata.usgs.gov/deposit/html/REE-Mo00467"">Rabon Creek, Rabon Creek Prospect</a>: Prospect<table><tr><td>Feature group</td><td>Mineral Occurrence</td></tr><tr><td>Location</td><td>Laurens, SC</td></tr><tr><td>Commodity</td><td>rare earth elements (in monazite); rutile; ilmenite; zircon</td></tr></table>",,0,FALSE,FALSE,0,0
765,"Hollow Creek, Hollow Creek Prospect",rare earth elements (in monazite); gold,Prospect,"<a href=""https://mrdata.usgs.gov/deposit/html/REE-Mo00307"">Hollow Creek, Hollow Creek Prospect</a>: Prospect<table><tr><td>Feature group</td><td>Mineral Occurrence</td></tr><tr><td>Location</td><td>Aiken, SC</td></tr><tr><td>Commodity</td><td>rare earth elements (in monazite); gold</td></tr></table>",Beaver Creek SDTSA,1,FALSE,TRUE,1,0
766,"Big Generostee Creek, Big Generostee Creek Prospect",rare earth elements (in monazite); gold,Prospect,"<a href=""https://mrdata.usgs.gov/deposit/html/REE-Mo00308"">Big Generostee Creek, Big Generostee Creek Prospect</a>: Prospect<table><tr><td>Feature group</td><td>Mineral Occurrence</td></tr><tr><td>Location</td><td>Anderson, SC</td></tr><tr><td>Commodity</td><td>rare earth elements (in monazite); gold</td></tr></table>",,0,FALSE,FALSE,0,0
767,"Oak Grove, Oak Grove Deposit",heavy minerals; rare earth elements,Deposit,"<a href=""https://mrdata.usgs.gov/deposit/html/REE-Mo00496"">Oak Grove, Oak Grove Deposit</a>: Deposit<table><tr><td>Feature group</td><td>Mineral Occurrence</td></tr><tr><td>Location</td><td>Henry, TN</td></tr><tr><td>Commodity</td><td>heavy minerals; rare earth elements</td></tr></table>",,0,FALSE,FALSE,0,0
768,"Silica, Silica Mine",silica,Open Pit Mine,"<a href=""https://mrdata.usgs.gov/deposit/html/REE-Mf00438"">Silica, Silica Mine</a>: Open Pit Mine<table><tr><td>Feature group</td><td>Mine Feature</td></tr><tr><td>Location</td><td>Benton, TN</td></tr><tr><td>Commodity</td><td>silica</td></tr></table>",,0,FALSE,FALSE,0,0
769,"Silica, Silica Deposit",phosphate; rare earth elements,Deposit,"<a href=""https://mrdata.usgs.gov/deposit/html/REE-Mo00543"">Silica, Silica Deposit</a>: Deposit<table><tr><td>Feature group</td><td>Mineral Occurrence</td></tr><tr><td>Location</td><td>Benton, TN</td></tr><tr><td>Commodity</td><td>phosphate; rare earth elements</td></tr></table>",,0,FALSE,FALSE,0,0
770,"Round Top, West End Structure Upper Portal",beryllium,Portal Mine,"<a href=""https://mrdata.usgs.gov/deposit/html/REE-Mf00232"">Round Top, West End Structure Upper Portal</a>: Portal Mine<table><tr><td>Feature group</td><td>Mine Feature</td></tr><tr><td>Location</td><td>Hudspeth, TX</td></tr><tr><td>Commodity</td><td>beryllium</td></tr></table>",,0,FALSE,FALSE,0,0
771,"Round Top, Round Top Deposit",rare earth elements; hafnium; niobium; tantalum; thorium; tin; uranium,Deposit,"<a href=""https://mrdata.usgs.gov/deposit/html/REE-Mo00233"">Round Top, Round Top Deposit</a>: Deposit<table><tr><td>Feature group</td><td>Mineral Occurrence</td></tr><tr><td>Location</td><td>Hudspeth, TX</td></tr><tr><td>Commodity</td><td>rare earth elements; hafnium; niobium; tantalum; thorium; tin; uranium</td></tr></table>",,0,FALSE,FALSE,0,0
772,"Rode Ranch, Rode Ranch Prospect",rare earth elements,Prospect,"<a href=""https://mrdata.usgs.gov/deposit/html/REE-Mo00659"">Rode Ranch, Rode Ranch Prospect</a>: Prospect<table><tr><td>Feature group</td><td>Mineral Occurrence</td></tr><tr><td>Location</td><td>Llano, TX</td></tr><tr><td>Commodity</td><td>rare earth elements</td></tr></table>",,0,FALSE,FALSE,0,0
773,"Little Friar Mountain, Little Friar Mountain Mine",rare earth elements,Unspecified Mine Feature,"<a href=""https://mrdata.usgs.gov/deposit/html/REE-Mf00556"">Little Friar Mountain, Little Friar Mountain Mine</a>: Unspecified Mine Feature<table><tr><td>Feature group</td><td>Mine Feature</td></tr><tr><td>Location</td><td>Amherst, VA</td></tr><tr><td>Commodity</td><td>rare earth elements</td></tr></table>",,0,FALSE,FALSE,0,0
774,"Little Friar Mountain, Little Friar Mountain Deposit",rare earth elements,Deposit,"<a href=""https://mrdata.usgs.gov/deposit/html/REE-Mo00658"">Little Friar Mountain, Little Friar Mountain Deposit</a>: Deposit<table><tr><td>Feature group</td><td>Mineral Occurrence</td></tr><tr><td>Location</td><td>Amherst, VA</td></tr><tr><td>Commodity</td><td>rare earth elements</td></tr></table>",,0,FALSE,FALSE,0,0
775,"Bear Lodge, Bull Hill",rare earth elements; thorium,Deposit,"<a href=""https://mrdata.usgs.gov/deposit/html/REE-Mo00240"">Bear Lodge, Bull Hill</a>: Deposit<table><tr><td>Feature group</td><td>Mineral Occurrence</td></tr><tr><td>Location</td><td>Crook, WY</td></tr><tr><td>Commodity</td><td>rare earth elements; thorium</td></tr></table>",,0,FALSE,FALSE,0,0
776,"Bear Lodge, Carbon",rare earth elements; thorium,Deposit,"<a href=""https://mrdata.usgs.gov/deposit/html/REE-Mo00241"">Bear Lodge, Carbon</a>: Deposit<table><tr><td>Feature group</td><td>Mineral Occurrence</td></tr><tr><td>Location</td><td>Crook, WY</td></tr><tr><td>Commodity</td><td>rare earth elements; thorium</td></tr></table>",,0,FALSE,FALSE,0,0
777,"Bear Lodge, Whitetail Ridge",rare earth elements; thorium,Deposit,"<a href=""https://mrdata.usgs.gov/deposit/html/REE-Mo00242"">Bear Lodge, Whitetail Ridge</a>: Deposit<table><tr><td>Feature group</td><td>Mineral Occurrence</td></tr><tr><td>Location</td><td>Crook, WY</td></tr><tr><td>Commodity</td><td>rare earth elements; thorium</td></tr></table>",,0,FALSE,FALSE,0,0
778,"Bear Lodge, Taylor",rare earth elements; thorium,Deposit,"<a href=""https://mrdata.usgs.gov/deposit/html/REE-Mo00249"">Bear Lodge, Taylor</a>: Deposit<table><tr><td>Feature group</td><td>Mineral Occurrence</td></tr><tr><td>Location</td><td>Crook, WY</td></tr><tr><td>Commodity</td><td>rare earth elements; thorium</td></tr></table>",,0,FALSE,FALSE,0,0
779,"Bear Lodge, Unnamed Prospect",rare earth elements; thorium,Deposit,"<a href=""https://mrdata.usgs.gov/deposit/html/REE-Mo00251"">Bear Lodge, Unnamed Prospect</a>: Deposit<table><tr><td>Feature group</td><td>Mineral Occurrence</td></tr><tr><td>Location</td><td>Crook, WY</td></tr><tr><td>Commodity</td><td>rare earth elements; thorium</td></tr></table>",,0,FALSE,FALSE,0,0
780,Bear Lodge District,rare earth elements; gold,Mineral District,"<a href=""https://mrdata.usgs.gov/deposit/html/REE-Mr00010"">Bear Lodge District</a>: Mineral District<table><tr><td>Feature group</td><td>Mineral Region</td></tr><tr><td>Location</td><td>Crook, WY</td></tr><tr><td>Commodity</td><td>rare earth elements; gold</td></tr></table>",,0,FALSE,FALSE,0,0
781,"Platt, Platt Mine",uranium; rare earth elements,Mine Shaft,"<a href=""https://mrdata.usgs.gov/deposit/html/REE-Mf00531"">Platt, Platt Mine</a>: Mine Shaft<table><tr><td>Feature group</td><td>Mine Feature</td></tr><tr><td>Location</td><td>Carbon, WY</td></tr><tr><td>Commodity</td><td>uranium; rare earth elements</td></tr></table>",,0,FALSE,FALSE,0,0
782,"Platt, Platt Deposit",uranium; rare earth elements,Deposit,"<a href=""https://mrdata.usgs.gov/deposit/html/REE-Mo00687"">Platt, Platt Deposit</a>: Deposit<table><tr><td>Feature group</td><td>Mineral Occurrence</td></tr><tr><td>Location</td><td>Carbon, WY</td></tr><tr><td>Commodity</td><td>uranium; rare earth elements</td></tr></table>",,0,FALSE,FALSE,0,0
783,"Onemile Creek, Onemile Creek Prospect",uranium; rare earth elements; thorium,Prospect,"<a href=""https://mrdata.usgs.gov/deposit/html/REE-Mo00664"">Onemile Creek, Onemile Creek Prospect</a>: Prospect<table><tr><td>Feature group</td><td>Mineral Occurrence</td></tr><tr><td>Location</td><td>Carbon, WY</td></tr><tr><td>Commodity</td><td>uranium; rare earth elements; thorium</td></tr></table>",,0,FALSE,FALSE,0,0
784,"Beaver Creek, Beaver Creek Mine",rare earth elements,Prospect Pit,"<a href=""https://mrdata.usgs.gov/deposit/html/REE-Mf00532"">Beaver Creek, Beaver Creek Mine</a>: Prospect Pit<table><tr><td>Feature group</td><td>Mine Feature</td></tr><tr><td>Location</td><td>Johnson, WY</td></tr><tr><td>Commodity</td><td>rare earth elements</td></tr></table>",,0,FALSE,FALSE,0,0
785,"Beaver Creek, Beaver Creek Prospect",rare earth elements,Prospect,"<a href=""https://mrdata.usgs.gov/deposit/html/REE-Mo00665"">Beaver Creek, Beaver Creek Prospect</a>: Prospect<table><tr><td>Feature group</td><td>Mineral Occurrence</td></tr><tr><td>Location</td><td>Johnson, WY</td></tr><tr><td>Commodity</td><td>rare earth elements</td></tr></table>",,0,FALSE,FALSE,0,0
786,"Gafco, Gafco Placer Claims",rare earth elements; uranium; thorium,Showing,"<a href=""https://mrdata.usgs.gov/deposit/html/REE-Mo00666"">Gafco, Gafco Placer Claims</a>: Showing<table><tr><td>Feature group</td><td>Mineral Occurrence</td></tr><tr><td>Location</td><td>Carbon, WY</td></tr><tr><td>Commodity</td><td>rare earth elements; uranium; thorium</td></tr></table>",,0,FALSE,FALSE,0,0
787,"Ranger, Ranger no. 1 Claim",uranium; rare earth elements; thorium,Showing,"<a href=""https://mrdata.usgs.gov/deposit/html/REE-Mo00667"">Ranger, Ranger no. 1 Claim</a>: Showing<table><tr><td>Feature group</td><td>Mineral Occurrence</td></tr><tr><td>Location</td><td>Natrona, WY</td></tr><tr><td>Commodity</td><td>uranium; rare earth elements; thorium</td></tr></table>",,0,FALSE,FALSE,0,0
788,"Grass Creek, Grass Creek Showing",heavy minerals; rare earth elements,Showing,"<a href=""https://mrdata.usgs.gov/deposit/html/REE-Mo00668"">Grass Creek, Grass Creek Showing</a>: Showing<table><tr><td>Feature group</td><td>Mineral Occurrence</td></tr><tr><td>Location</td><td>Hot Springs, WY</td></tr><tr><td>Commodity</td><td>heavy minerals; rare earth elements</td></tr></table>",Wind River Reservation and Off-Reservation Trust Land,1,FALSE,TRUE,1,0
789,"Cottonwood Creek, Cottonwood Creek Showing",heavy minerals; rare earth elements,Showing,"<a href=""https://mrdata.usgs.gov/deposit/html/REE-Mo00669"">Cottonwood Creek, Cottonwood Creek Showing</a>: Showing<table><tr><td>Feature group</td><td>Mineral Occurrence</td></tr><tr><td>Location</td><td>Hot Springs, WY</td></tr><tr><td>Commodity</td><td>heavy minerals; rare earth elements</td></tr></table>",Wind River Reservation and Off-Reservation Trust Land,1,FALSE,TRUE,1,0
790,"Spring Gap, Spring Gap Prospect",heavy minerals; rare earth elements,Prospect,"<a href=""https://mrdata.usgs.gov/deposit/html/REE-Mo00670"">Spring Gap, Spring Gap Prospect</a>: Prospect<table><tr><td>Feature group</td><td>Mineral Occurrence</td></tr><tr><td>Location</td><td>Uinta, WY</td></tr><tr><td>Commodity</td><td>heavy minerals; rare earth elements</td></tr></table>",,0,FALSE,FALSE,0,0
791,"Frontier Formation-Spring Gap, Frontier Formation-Spring Gap Prospect",heavy minerals; rare earth elements,Prospect,"<a href=""https://mrdata.usgs.gov/deposit/html/REE-Mo00671"">Frontier Formation-Spring Gap, Frontier Formation-Spring Gap Prospect</a>: Prospect<table><tr><td>Feature group</td><td>Mineral Occurrence</td></tr><tr><td>Location</td><td>Uinta, WY</td></tr><tr><td>Commodity</td><td>heavy minerals; rare earth elements</td></tr></table>",,0,FALSE,FALSE,0,0
792,"North Sheldon Gulch, North Sheldon Gulch Showing",phosphate; rare earth elements,Showing,"<a href=""https://mrdata.usgs.gov/deposit/html/REE-Mo00672"">North Sheldon Gulch, North Sheldon Gulch Showing</a>: Showing<table><tr><td>Feature group</td><td>Mineral Occurrence</td></tr><tr><td>Location</td><td>Big Horn, WY</td></tr><tr><td>Commodity</td><td>phosphate; rare earth elements</td></tr></table>",,0,FALSE,FALSE,0,0
793,"Middle Fork Pine Creek, Middle Fork Pine Creek Deposit",phosphate; rare earth elements,Deposit,"<a href=""https://mrdata.usgs.gov/deposit/html/REE-Mo00673"">Middle Fork Pine Creek, Middle Fork Pine Creek Deposit</a>: Deposit<table><tr><td>Feature group</td><td>Mineral Occurrence</td></tr><tr><td>Location</td><td>Lincoln, WY</td></tr><tr><td>Commodity</td><td>phosphate; rare earth elements</td></tr></table>",,0,FALSE,FALSE,0,0
794,"Raymond Canyon, Raymond Canyon Deposit",phosphate; rare earth elements,Deposit,"<a href=""https://mrdata.usgs.gov/deposit/html/REE-Mo00674"">Raymond Canyon, Raymond Canyon Deposit</a>: Deposit<table><tr><td>Feature group</td><td>Mineral Occurrence</td></tr><tr><td>Location</td><td>Lincoln, WY</td></tr><tr><td>Commodity</td><td>phosphate; rare earth elements</td></tr></table>",,0,FALSE,FALSE,0,0
795,"Snow King Mountain, Snow King Mountain Deposit",phosphate; rare earth elements,Deposit,"<a href=""https://mrdata.usgs.gov/deposit/html/REE-Mo00675"">Snow King Mountain, Snow King Mountain Deposit</a>: Deposit<table><tr><td>Feature group</td><td>Mineral Occurrence</td></tr><tr><td>Location</td><td>Teton, WY</td></tr><tr><td>Commodity</td><td>phosphate; rare earth elements</td></tr></table>",,0,FALSE,FALSE,0,0
796,"Table Mountain, Table Mountain Deposit",phosphate; rare earth elements,Deposit,"<a href=""https://mrdata.usgs.gov/deposit/html/REE-Mo00676"">Table Mountain, Table Mountain Deposit</a>: Deposit<table><tr><td>Feature group</td><td>Mineral Occurrence</td></tr><tr><td>Location</td><td>Teton, WY</td></tr><tr><td>Commodity</td><td>phosphate; rare earth elements</td></tr></table>",,0,FALSE,FALSE,0,0
797,"Crystal Creek, Crystal Creek Deposit",phosphate; rare earth elements,Deposit,"<a href=""https://mrdata.usgs.gov/deposit/html/REE-Mo00677"">Crystal Creek, Crystal Creek Deposit</a>: Deposit<table><tr><td>Feature group</td><td>Mineral Occurrence</td></tr><tr><td>Location</td><td>Teton, WY</td></tr><tr><td>Commodity</td><td>phosphate; rare earth elements</td></tr></table>",,0,FALSE,FALSE,0,0
798,"Crystal Creek Canyon, Crystal Creek Canyon Deposit",phosphate; rare earth elements,Deposit,"<a href=""https://mrdata.usgs.gov/deposit/html/REE-Mo00678"">Crystal Creek Canyon, Crystal Creek Canyon Deposit</a>: Deposit<table><tr><td>Feature group</td><td>Mineral Occurrence</td></tr><tr><td>Location</td><td>Teton, WY</td></tr><tr><td>Commodity</td><td>phosphate; rare earth elements</td></tr></table>",,0,FALSE,FALSE,0,0
799,"Unnamed (S of Shorty Creek), Unnamed (S of Shorty Creek) Deposit",phosphate; rare earth elements,Deposit,"<a href=""https://mrdata.usgs.gov/deposit/html/REE-Mo00679"">Unnamed (S of Shorty Creek), Unnamed (S of Shorty Creek) Deposit</a>: Deposit<table><tr><td>Feature group</td><td>Mineral Occurrence</td></tr><tr><td>Location</td><td>Teton, WY</td></tr><tr><td>Commodity</td><td>phosphate; rare earth elements</td></tr></table>",,0,FALSE,FALSE,0,0
800,"Crystal Peak, Crystal Peak Deposit",phosphate; rare earth elements,Deposit,"<a href=""https://mrdata.usgs.gov/deposit/html/REE-Mo00680"">Crystal Peak, Crystal Peak Deposit</a>: Deposit<table><tr><td>Feature group</td><td>Mineral Occurrence</td></tr><tr><td>Location</td><td>Teton, WY</td></tr><tr><td>Commodity</td><td>phosphate; rare earth elements</td></tr></table>",,0,FALSE,FALSE,0,0
801,"Granite Creek, Granite Creek Deposit",phosphate; rare earth elements,Deposit,"<a href=""https://mrdata.usgs.gov/deposit/html/REE-Mo00681"">Granite Creek, Granite Creek Deposit</a>: Deposit<table><tr><td>Feature group</td><td>Mineral Occurrence</td></tr><tr><td>Location</td><td>Teton, WY</td></tr><tr><td>Commodity</td><td>phosphate; rare earth elements</td></tr></table>",,0,FALSE,FALSE,0,0
802,"Bear Cabin Creek, Bear Cabin Creek Deposit",phosphate; rare earth elements,Deposit,"<a href=""https://mrdata.usgs.gov/deposit/html/REE-Mo00682"">Bear Cabin Creek, Bear Cabin Creek Deposit</a>: Deposit<table><tr><td>Feature group</td><td>Mineral Occurrence</td></tr><tr><td>Location</td><td>Teton, WY</td></tr><tr><td>Commodity</td><td>phosphate; rare earth elements</td></tr></table>",,0,FALSE,FALSE,0,0
803,"Unnamed (Little Grizzly Basin), Unnamed (Little Grizzly Basin) Deposit",phosphate; rare earth elements,Deposit,"<a href=""https://mrdata.usgs.gov/deposit/html/REE-Mo00683"">Unnamed (Little Grizzly Basin), Unnamed (Little Grizzly Basin) Deposit</a>: Deposit<table><tr><td>Feature group</td><td>Mineral Occurrence</td></tr><tr><td>Location</td><td>Teton, WY</td></tr><tr><td>Commodity</td><td>phosphate; rare earth elements</td></tr></table>",,0,FALSE,FALSE,0,0
804,"Tosi Creek, Tosi Creek Deposit",phosphate; rare earth elements,Deposit,"<a href=""https://mrdata.usgs.gov/deposit/html/REE-Mo00684"">Tosi Creek, Tosi Creek Deposit</a>: Deposit<table><tr><td>Feature group</td><td>Mineral Occurrence</td></tr><tr><td>Location</td><td>Sublette, WY</td></tr><tr><td>Commodity</td><td>phosphate; rare earth elements</td></tr></table>",,0,FALSE,FALSE,0,0
805,"Bald Mountain, Bald Mountain Deposit",gold; titanium minerals; rare earth elements; thorium; zircon,Deposit,"<a href=""https://mrdata.usgs.gov/deposit/html/REE-Mo00685"">Bald Mountain, Bald Mountain Deposit</a>: Deposit<table><tr><td>Feature group</td><td>Mineral Occurrence</td></tr><tr><td>Location</td><td>Big Horn, WY</td></tr><tr><td>Commodity</td><td>gold; titanium minerals; rare earth elements; thorium; zircon</td></tr></table>",Crow Reservation and Off-Reservation Trust Land,1,FALSE,TRUE,1,0
806,"Bald Mountain, Rooster Hill",gold; titanium minerals; rare earth elements; thorium; zircon,Deposit,"<a href=""https://mrdata.usgs.gov/deposit/html/REE-Mo00686"">Bald Mountain, Rooster Hill</a>: Deposit<table><tr><td>Feature group</td><td>Mineral Occurrence</td></tr><tr><td>Location</td><td>Sheridan, WY</td></tr><tr><td>Commodity</td><td>gold; titanium minerals; rare earth elements; thorium; zircon</td></tr></table>",Crow Reservation and Off-Reservation Trust Land,1,FALSE,TRUE,1,0
807,"Pebble, East Zone",rhenium; copper; gold; molybdenum; tellurium; platinum-group elements; selenium,Deposit,"<a href=""https://mrdata.usgs.gov/deposit/html/Re-Mo00237"">Pebble, East Zone</a>: Deposit<table><tr><td>Feature group</td><td>Mineral Occurrence</td></tr><tr><td>Location</td><td>Lake and Peninsula, AK</td></tr><tr><td>Commodity</td><td>rhenium; copper; gold; molybdenum; tellurium; platinum-group elements; selenium</td></tr></table>",Iliamna ANVSA; Newhalen ANVSA; Nondalton ANVSA; Port Alsworth ANVSA,4,FALSE,TRUE,1,1
808,"Pebble, West Zone",rhenium; copper; gold; molybdenum; tellurium; platinum-group elements; selenium,Deposit,"<a href=""https://mrdata.usgs.gov/deposit/html/Re-Mo00238"">Pebble, West Zone</a>: Deposit<table><tr><td>Feature group</td><td>Mineral Occurrence</td></tr><tr><td>Location</td><td>Lake and Peninsula, AK</td></tr><tr><td>Commodity</td><td>rhenium; copper; gold; molybdenum; tellurium; platinum-group elements; selenium</td></tr></table>",Iliamna ANVSA; Newhalen ANVSA; Nondalton ANVSA; Port Alsworth ANVSA,4,FALSE,TRUE,1,1
809,Quartz Hill,molybdenum; rhenium,Deposit,"<a href=""https://mrdata.usgs.gov/deposit/html/Re-Mo00265"">Quartz Hill</a>: Deposit<table><tr><td>Feature group</td><td>Mineral Occurrence</td></tr><tr><td>Location</td><td>Ketchikan Gateway, AK</td></tr><tr><td>Commodity</td><td>molybdenum; rhenium</td></tr></table>",Annette Island Reserve,1,FALSE,TRUE,1,0
810,Bagdad Mine,rhenium; copper; molybdenum; gold; silver,Open Pit Mine,"<a href=""https://mrdata.usgs.gov/deposit/html/Re-Mf00230"">Bagdad Mine</a>: Open Pit Mine<table><tr><td>Feature group</td><td>Mine Feature</td></tr><tr><td>Location</td><td>Yavapai, AZ</td></tr><tr><td>Commodity</td><td>rhenium; copper; molybdenum; gold; silver</td></tr></table>",Hualapai Indian Reservation and Off-Reservation Trust Land,1,FALSE,TRUE,1,0
811,Bagdad,rhenium; copper; molybdenum; osmium; gold; silver,Deposit,"<a href=""https://mrdata.usgs.gov/deposit/html/Re-Mo00234"">Bagdad</a>: Deposit<table><tr><td>Feature group</td><td>Mineral Occurrence</td></tr><tr><td>Location</td><td>Yavapai, AZ</td></tr><tr><td>Commodity</td><td>rhenium; copper; molybdenum; osmium; gold; silver</td></tr></table>",Hualapai Indian Reservation and Off-Reservation Trust Land,1,FALSE,TRUE,1,0
812,Morenci Mine,rhenium; copper; gold; silver; molybdenum,Open Pit Mine,"<a href=""https://mrdata.usgs.gov/deposit/html/Re-Mf00231"">Morenci Mine</a>: Open Pit Mine<table><tr><td>Feature group</td><td>Mine Feature</td></tr><tr><td>Location</td><td>Greenlee, AZ</td></tr><tr><td>Commodity</td><td>rhenium; copper; gold; silver; molybdenum</td></tr></table>",Fort Apache Reservation; San Carlos Reservation,2,FALSE,TRUE,1,1
813,Morenci,copper; rhenium; molybdenum; silver; osmium; gold,Deposit,"<a href=""https://mrdata.usgs.gov/deposit/html/Re-Mo00236"">Morenci</a>: Deposit<table><tr><td>Feature group</td><td>Mineral Occurrence</td></tr><tr><td>Location</td><td>Greenlee, AZ</td></tr><tr><td>Commodity</td><td>copper; rhenium; molybdenum; silver; osmium; gold</td></tr></table>",Fort Apache Reservation; San Carlos Reservation,2,FALSE,TRUE,1,1
814,Sierrita Mine,copper; molybdenum; rhenium,Open Pit Mine,"<a href=""https://mrdata.usgs.gov/deposit/html/Re-Mf00234"">Sierrita Mine</a>: Open Pit Mine<table><tr><td>Feature group</td><td>Mine Feature</td></tr><tr><td>Location</td><td>Pima, AZ</td></tr><tr><td>Commodity</td><td>copper; molybdenum; rhenium</td></tr></table>",Pascua Pueblo Yaqui Reservation and Off-Reservation Trust Land; Tohono O'odham Nation Reservation and Off-Reservation Trust Land,2,FALSE,TRUE,1,1
815,Sierrita,rhenium; copper; molybdenum; osmium,Deposit,"<a href=""https://mrdata.usgs.gov/deposit/html/Re-Mo00239"">Sierrita</a>: Deposit<table><tr><td>Feature group</td><td>Mineral Occurrence</td></tr><tr><td>Location</td><td>Pima, AZ</td></tr><tr><td>Commodity</td><td>rhenium; copper; molybdenum; osmium</td></tr></table>",Pascua Pueblo Yaqui Reservation and Off-Reservation Trust Land; Tohono O'odham Nation Reservation and Off-Reservation Trust Land,2,FALSE,TRUE,1,1
816,Pima District,copper; lead; zinc; molybdenum; gold; silver; rhenium (1); osmium (1); tungsten,Mining District,"<a href=""https://mrdata.usgs.gov/deposit/html/Re-Mr00011"">Pima District</a>: Mining District<table><tr><td>Feature group</td><td>Mineral Region</td></tr><tr><td>Location</td><td>Pima, AZ</td></tr><tr><td>Commodity</td><td>copper; lead; zinc; molybdenum; gold; silver; rhenium (1); osmium (1); tungsten</td></tr></table>",Pascua Pueblo Yaqui Reservation and Off-Reservation Trust Land; Tohono O'odham Nation Reservation and Off-Reservation Trust Land,2,FALSE,TRUE,1,1
817,Castle Dome Mine,rhenium; copper; gold; silver; turquoise,Open Pit Mine,"<a href=""https://mrdata.usgs.gov/deposit/html/Re-Mf00251"">Castle Dome Mine</a>: Open Pit Mine<table><tr><td>Feature group</td><td>Mine Feature</td></tr><tr><td>Location</td><td>Gila, AZ</td></tr><tr><td>Commodity</td><td>rhenium; copper; gold; silver; turquoise</td></tr></table>",Fort Apache Reservation; San Carlos Reservation,2,FALSE,TRUE,1,1
818,Pinto Valley Mine,copper; molybdenum; silver,Open Pit Mine,"<a href=""https://mrdata.usgs.gov/deposit/html/Re-Mf00252"">Pinto Valley Mine</a>: Open Pit Mine<table><tr><td>Feature group</td><td>Mine Feature</td></tr><tr><td>Location</td><td>Gila, AZ</td></tr><tr><td>Commodity</td><td>copper; molybdenum; silver</td></tr></table>",Fort Apache Reservation; San Carlos Reservation,2,FALSE,TRUE,1,1
819,Castle Dome,copper; gold; silver; turquoise; molybdenum; rhenium,Deposit,"<a href=""https://mrdata.usgs.gov/deposit/html/Re-Mo00277"">Castle Dome</a>: Deposit<table><tr><td>Feature group</td><td>Mineral Occurrence</td></tr><tr><td>Location</td><td>Gila, AZ</td></tr><tr><td>Commodity</td><td>copper; gold; silver; turquoise; molybdenum; rhenium</td></tr></table>",Fort Apache Reservation; San Carlos Reservation,2,FALSE,TRUE,1,1
820,Pinto Valley,copper; molybdenum; rhenium; gold; silver,Deposit,"<a href=""https://mrdata.usgs.gov/deposit/html/Re-Mo00278"">Pinto Valley</a>: Deposit<table><tr><td>Feature group</td><td>Mineral Occurrence</td></tr><tr><td>Location</td><td>Gila, AZ</td></tr><tr><td>Commodity</td><td>copper; molybdenum; rhenium; gold; silver</td></tr></table>",Fort Apache Reservation; San Carlos Reservation,2,FALSE,TRUE,1,1
821,American Eagle Mine,copper,Underground Workings,"<a href=""https://mrdata.usgs.gov/deposit/html/Re-Mf00247"">American Eagle Mine</a>: Underground Workings<table><tr><td>Feature group</td><td>Mine Feature</td></tr><tr><td>Location</td><td>Pinal, AZ</td></tr><tr><td>Commodity</td><td>copper</td></tr></table>",San Carlos Reservation,1,FALSE,TRUE,1,0
822,Copper Prince Mine,copper,Underground Workings,"<a href=""https://mrdata.usgs.gov/deposit/html/Re-Mf00248"">Copper Prince Mine</a>: Underground Workings<table><tr><td>Feature group</td><td>Mine Feature</td></tr><tr><td>Location</td><td>Pinal, AZ</td></tr><tr><td>Commodity</td><td>copper</td></tr></table>",San Carlos Reservation,1,FALSE,TRUE,1,0
823,Old Reliable Mine,copper,Underground Workings,"<a href=""https://mrdata.usgs.gov/deposit/html/Re-Mf00249"">Old Reliable Mine</a>: Underground Workings<table><tr><td>Feature group</td><td>Mine Feature</td></tr><tr><td>Location</td><td>Pinal, AZ</td></tr><tr><td>Commodity</td><td>copper</td></tr></table>",San Carlos Reservation,1,FALSE,TRUE,1,0
824,Childs-Aldwinkle Mine,copper; molybdenum,Underground Workings,"<a href=""https://mrdata.usgs.gov/deposit/html/Re-Mf00250"">Childs-Aldwinkle Mine</a>: Underground Workings<table><tr><td>Feature group</td><td>Mine Feature</td></tr><tr><td>Location</td><td>Pinal, AZ</td></tr><tr><td>Commodity</td><td>copper; molybdenum</td></tr></table>",San Carlos Reservation,1,FALSE,TRUE,1,0
825,Keel-American Eagle,copper; molybdenum; silver; rhenium; osmium,Deposit,"<a href=""https://mrdata.usgs.gov/deposit/html/Re-Mo00270"">Keel-American Eagle</a>: Deposit<table><tr><td>Feature group</td><td>Mineral Occurrence</td></tr><tr><td>Location</td><td>Pinal, AZ</td></tr><tr><td>Commodity</td><td>copper; molybdenum; silver; rhenium; osmium</td></tr></table>",San Carlos Reservation,1,FALSE,TRUE,1,0
826,Mammoth,copper; molybdenum; silver; gold; rhenium; osmium,Deposit,"<a href=""https://mrdata.usgs.gov/deposit/html/Re-Mo00271"">Mammoth</a>: Deposit<table><tr><td>Feature group</td><td>Mineral Occurrence</td></tr><tr><td>Location</td><td>Pinal, AZ</td></tr><tr><td>Commodity</td><td>copper; molybdenum; silver; gold; rhenium; osmium</td></tr></table>",San Carlos Reservation,1,FALSE,TRUE,1,0
827,Childs-Adwinkle,copper; molybdenum; silver; gold; rhenium; osmium,Deposit,"<a href=""https://mrdata.usgs.gov/deposit/html/Re-Mo00272"">Childs-Adwinkle</a>: Deposit<table><tr><td>Feature group</td><td>Mineral Occurrence</td></tr><tr><td>Location</td><td>Pinal, AZ</td></tr><tr><td>Commodity</td><td>copper; molybdenum; silver; gold; rhenium; osmium</td></tr></table>",San Carlos Reservation,1,FALSE,TRUE,1,0
828,Old Reliable,copper; molybdenum; silver; rhenium; osmium,Deposit,"<a href=""https://mrdata.usgs.gov/deposit/html/Re-Mo00273"">Old Reliable</a>: Deposit<table><tr><td>Feature group</td><td>Mineral Occurrence</td></tr><tr><td>Location</td><td>Pinal, AZ</td></tr><tr><td>Commodity</td><td>copper; molybdenum; silver; rhenium; osmium</td></tr></table>",San Carlos Reservation,1,FALSE,TRUE,1,0
829,Copper Prince,copper; molybdenum; silver; gold; rhenium; osmium,Deposit,"<a href=""https://mrdata.usgs.gov/deposit/html/Re-Mo00274"">Copper Prince</a>: Deposit<table><tr><td>Feature group</td><td>Mineral Occurrence</td></tr><tr><td>Location</td><td>Pinal, AZ</td></tr><tr><td>Commodity</td><td>copper; molybdenum; silver; gold; rhenium; osmium</td></tr></table>",San Carlos Reservation,1,FALSE,TRUE,1,0
830,Global Breccia,copper; molybdenum; silver; gold; rhenium; osmium,Deposit,"<a href=""https://mrdata.usgs.gov/deposit/html/Re-Mo00275"">Global Breccia</a>: Deposit<table><tr><td>Feature group</td><td>Mineral Occurrence</td></tr><tr><td>Location</td><td>Pinal, AZ</td></tr><tr><td>Commodity</td><td>copper; molybdenum; silver; gold; rhenium; osmium</td></tr></table>",San Carlos Reservation,1,FALSE,TRUE,1,0
831,Miami Mine,copper; gold; silver; molybdenum,Open Pit Mine,"<a href=""https://mrdata.usgs.gov/deposit/html/Re-Mf00273"">Miami Mine</a>: Open Pit Mine<table><tr><td>Feature group</td><td>Mine Feature</td></tr><tr><td>Location</td><td>Gila, AZ</td></tr><tr><td>Commodity</td><td>copper; gold; silver; molybdenum</td></tr></table>",Fort Apache Reservation; San Carlos Reservation,2,FALSE,TRUE,1,1
832,Miami-Inspiration,copper; molybdenum; rhenium; silver; gold,Deposit,"<a href=""https://mrdata.usgs.gov/deposit/html/Re-Mo00349"">Miami-Inspiration</a>: Deposit<table><tr><td>Feature group</td><td>Mineral Occurrence</td></tr><tr><td>Location</td><td>Gila, AZ</td></tr><tr><td>Commodity</td><td>copper; molybdenum; rhenium; silver; gold</td></tr></table>",Fort Apache Reservation; San Carlos Reservation,2,FALSE,TRUE,1,1
833,Mineral Park Mine,copper; molybdenum; silver,Open Pit Mine,"<a href=""https://mrdata.usgs.gov/deposit/html/Re-Mf00253"">Mineral Park Mine</a>: Open Pit Mine<table><tr><td>Feature group</td><td>Mine Feature</td></tr><tr><td>Location</td><td>Mohave, AZ</td></tr><tr><td>Commodity</td><td>copper; molybdenum; silver</td></tr></table>",Fort Mojave Reservation and Off-Reservation Trust Land; Hualapai Indian Reservation and Off-Reservation Trust Land,2,FALSE,TRUE,1,1
834,Mineral Park,rhenium; copper; molybdenum; silver; turquoise,Deposit,"<a href=""https://mrdata.usgs.gov/deposit/html/Re-Mo00279"">Mineral Park</a>: Deposit<table><tr><td>Feature group</td><td>Mineral Occurrence</td></tr><tr><td>Location</td><td>Mohave, AZ</td></tr><tr><td>Commodity</td><td>rhenium; copper; molybdenum; silver; turquoise</td></tr></table>",Fort Mojave Reservation and Off-Reservation Trust Land; Hualapai Indian Reservation and Off-Reservation Trust Land,2,FALSE,TRUE,1,1
835,Ray Mine,copper; gold; silver; lead; molybdenum,Open Pit Mine,"<a href=""https://mrdata.usgs.gov/deposit/html/Re-Mf00272"">Ray Mine</a>: Open Pit Mine<table><tr><td>Feature group</td><td>Mine Feature</td></tr><tr><td>Location</td><td>Pinal, AZ</td></tr><tr><td>Commodity</td><td>copper; gold; silver; lead; molybdenum</td></tr></table>",Gila River Indian Reservation; San Carlos Reservation; Tohono O'odham Nation Reservation and Off-Reservation Trust Land,3,FALSE,TRUE,1,1
836,Ray,rhenium; copper; molybdenum; silver; lead; gold,Deposit,"<a href=""https://mrdata.usgs.gov/deposit/html/Re-Mo00348"">Ray</a>: Deposit<table><tr><td>Feature group</td><td>Mineral Occurrence</td></tr><tr><td>Location</td><td>Pinal, AZ</td></tr><tr><td>Commodity</td><td>rhenium; copper; molybdenum; silver; lead; gold</td></tr></table>",Gila River Indian Reservation; San Carlos Reservation; Tohono O'odham Nation Reservation and Off-Reservation Trust Land,3,FALSE,TRUE,1,1
837,El Tiro Pit,rhenium; copper; silver; molybdenum; lead; zinc; gold,Open Pit Mine,"<a href=""https://mrdata.usgs.gov/deposit/html/Re-Mf00268"">El Tiro Pit</a>: Open Pit Mine<table><tr><td>Feature group</td><td>Mine Feature</td></tr><tr><td>Location</td><td>Pima, AZ</td></tr><tr><td>Commodity</td><td>rhenium; copper; silver; molybdenum; lead; zinc; gold</td></tr></table>",Pascua Pueblo Yaqui Reservation and Off-Reservation Trust Land; Tohono O'odham Nation Reservation and Off-Reservation Trust Land,2,FALSE,TRUE,1,1
838,Oxide Pit,rhenium; copper; silver; molybdenum; lead; zinc; gold,Open Pit Mine,"<a href=""https://mrdata.usgs.gov/deposit/html/Re-Mf00269"">Oxide Pit</a>: Open Pit Mine<table><tr><td>Feature group</td><td>Mine Feature</td></tr><tr><td>Location</td><td>Pima, AZ</td></tr><tr><td>Commodity</td><td>rhenium; copper; silver; molybdenum; lead; zinc; gold</td></tr></table>",Pascua Pueblo Yaqui Reservation and Off-Reservation Trust Land; Tohono O'odham Nation Reservation and Off-Reservation Trust Land,2,FALSE,TRUE,1,1
839,West Oxide Pit,rhenium; copper; silver; molybdenum; lead; zinc; gold,Open Pit Mine,"<a href=""https://mrdata.usgs.gov/deposit/html/Re-Mf00270"">West Oxide Pit</a>: Open Pit Mine<table><tr><td>Feature group</td><td>Mine Feature</td></tr><tr><td>Location</td><td>Pima, AZ</td></tr><tr><td>Commodity</td><td>rhenium; copper; silver; molybdenum; lead; zinc; gold</td></tr></table>",Pascua Pueblo Yaqui Reservation and Off-Reservation Trust Land; Tohono O'odham Nation Reservation and Off-Reservation Trust Land,2,FALSE,TRUE,1,1
840,North Silver Bell Pit,rhenium; copper; silver; molybdenum; lead; zinc; gold,Open Pit Mine,"<a href=""https://mrdata.usgs.gov/deposit/html/Re-Mf00271"">North Silver Bell Pit</a>: Open Pit Mine<table><tr><td>Feature group</td><td>Mine Feature</td></tr><tr><td>Location</td><td>Pima, AZ</td></tr><tr><td>Commodity</td><td>rhenium; copper; silver; molybdenum; lead; zinc; gold</td></tr></table>",Pascua Pueblo Yaqui Reservation and Off-Reservation Trust Land; Tohono O'odham Nation Reservation and Off-Reservation Trust Land,2,FALSE,TRUE,1,1
841,North Silver Bell,rhenium; copper; silver; molybdenum; lead; zinc; gold,Deposit,"<a href=""https://mrdata.usgs.gov/deposit/html/Re-Mo00341"">North Silver Bell</a>: Deposit<table><tr><td>Feature group</td><td>Mineral Occurrence</td></tr><tr><td>Location</td><td>Pima, AZ</td></tr><tr><td>Commodity</td><td>rhenium; copper; silver; molybdenum; lead; zinc; gold</td></tr></table>",Pascua Pueblo Yaqui Reservation and Off-Reservation Trust Land; Tohono O'odham Nation Reservation and Off-Reservation Trust Land,2,FALSE,TRUE,1,1
842,El Tiro,rhenium; copper; silver; molybdenum; lead; zinc; gold,Deposit,"<a href=""https://mrdata.usgs.gov/deposit/html/Re-Mo00342"">El Tiro</a>: Deposit<table><tr><td>Feature group</td><td>Mineral Occurrence</td></tr><tr><td>Location</td><td>Pima, AZ</td></tr><tr><td>Commodity</td><td>rhenium; copper; silver; molybdenum; lead; zinc; gold</td></tr></table>",Pascua Pueblo Yaqui Reservation and Off-Reservation Trust Land; Tohono O'odham Nation Reservation and Off-Reservation Trust Land,2,FALSE,TRUE,1,1
843,Oxide,rhenium; copper; silver; molybdenum; lead; zinc; gold,Deposit,"<a href=""https://mrdata.usgs.gov/deposit/html/Re-Mo00343"">Oxide</a>: Deposit<table><tr><td>Feature group</td><td>Mineral Occurrence</td></tr><tr><td>Location</td><td>Pima, AZ</td></tr><tr><td>Commodity</td><td>rhenium; copper; silver; molybdenum; lead; zinc; gold</td></tr></table>",Pascua Pueblo Yaqui Reservation and Off-Reservation Trust Land; Tohono O'odham Nation Reservation and Off-Reservation Trust Land,2,FALSE,TRUE,1,1
844,West Oxide,rhenium; copper; silver; molybdenum; lead; zinc; gold,Deposit,"<a href=""https://mrdata.usgs.gov/deposit/html/Re-Mo00344"">West Oxide</a>: Deposit<table><tr><td>Feature group</td><td>Mineral Occurrence</td></tr><tr><td>Location</td><td>Pima, AZ</td></tr><tr><td>Commodity</td><td>rhenium; copper; silver; molybdenum; lead; zinc; gold</td></tr></table>",Pascua Pueblo Yaqui Reservation and Off-Reservation Trust Land; Tohono O'odham Nation Reservation and Off-Reservation Trust Land,2,FALSE,TRUE,1,1
845,Twin Buttes Mine,copper; molybdenum,Open Pit Mine,"<a href=""https://mrdata.usgs.gov/deposit/html/Re-Mf00254"">Twin Buttes Mine</a>: Open Pit Mine<table><tr><td>Feature group</td><td>Mine Feature</td></tr><tr><td>Location</td><td>Pima, AZ</td></tr><tr><td>Commodity</td><td>copper; molybdenum</td></tr></table>",Pascua Pueblo Yaqui Reservation and Off-Reservation Trust Land; Tohono O'odham Nation Reservation and Off-Reservation Trust Land,2,FALSE,TRUE,1,1
846,Twin Buttes orebody,copper; molybdenum; silver; zinc; rhenium; uranium,Deposit,"<a href=""https://mrdata.usgs.gov/deposit/html/Re-Mo00309"">Twin Buttes orebody</a>: Deposit<table><tr><td>Feature group</td><td>Mineral Occurrence</td></tr><tr><td>Location</td><td>Pima, AZ</td></tr><tr><td>Commodity</td><td>copper; molybdenum; silver; zinc; rhenium; uranium</td></tr></table>",Pascua Pueblo Yaqui Reservation and Off-Reservation Trust Land; Tohono O'odham Nation Reservation and Off-Reservation Trust Land,2,FALSE,TRUE,1,1
847,Northwest orebody,copper; molybdenum; tungsten; zinc; silver; rhenium,Deposit,"<a href=""https://mrdata.usgs.gov/deposit/html/Re-Mo00310"">Northwest orebody</a>: Deposit<table><tr><td>Feature group</td><td>Mineral Occurrence</td></tr><tr><td>Location</td><td>Pima, AZ</td></tr><tr><td>Commodity</td><td>copper; molybdenum; tungsten; zinc; silver; rhenium</td></tr></table>",Pascua Pueblo Yaqui Reservation and Off-Reservation Trust Land; Tohono O'odham Nation Reservation and Off-Reservation Trust Land,2,FALSE,TRUE,1,1
848,Arkose orebody,copper; molybdenum; silver; zinc; rhenium,Deposit,"<a href=""https://mrdata.usgs.gov/deposit/html/Re-Mo00311"">Arkose orebody</a>: Deposit<table><tr><td>Feature group</td><td>Mineral Occurrence</td></tr><tr><td>Location</td><td>Pima, AZ</td></tr><tr><td>Commodity</td><td>copper; molybdenum; silver; zinc; rhenium</td></tr></table>",Pascua Pueblo Yaqui Reservation and Off-Reservation Trust Land; Tohono O'odham Nation Reservation and Off-Reservation Trust Land,2,FALSE,TRUE,1,1
849,Shaft orebody,copper; molybdenum; silver; zinc; rhenium,Deposit,"<a href=""https://mrdata.usgs.gov/deposit/html/Re-Mo00312"">Shaft orebody</a>: Deposit<table><tr><td>Feature group</td><td>Mineral Occurrence</td></tr><tr><td>Location</td><td>Pima, AZ</td></tr><tr><td>Commodity</td><td>copper; molybdenum; silver; zinc; rhenium</td></tr></table>",Pascua Pueblo Yaqui Reservation and Off-Reservation Trust Land; Tohono O'odham Nation Reservation and Off-Reservation Trust Land,2,FALSE,TRUE,1,1
850,North Porphyry Contact orebody,copper; molybdenum; silver; zinc; rhenium,Deposit,"<a href=""https://mrdata.usgs.gov/deposit/html/Re-Mo00313"">North Porphyry Contact orebody</a>: Deposit<table><tr><td>Feature group</td><td>Mineral Occurrence</td></tr><tr><td>Location</td><td>Pima, AZ</td></tr><tr><td>Commodity</td><td>copper; molybdenum; silver; zinc; rhenium</td></tr></table>",Pascua Pueblo Yaqui Reservation and Off-Reservation Trust Land; Tohono O'odham Nation Reservation and Off-Reservation Trust Land,2,FALSE,TRUE,1,1
851,Northeast orebody,copper; molybdenum; silver; zinc; rhenium,Deposit,"<a href=""https://mrdata.usgs.gov/deposit/html/Re-Mo00314"">Northeast orebody</a>: Deposit<table><tr><td>Feature group</td><td>Mineral Occurrence</td></tr><tr><td>Location</td><td>Pima, AZ</td></tr><tr><td>Commodity</td><td>copper; molybdenum; silver; zinc; rhenium</td></tr></table>",Pascua Pueblo Yaqui Reservation and Off-Reservation Trust Land; Tohono O'odham Nation Reservation and Off-Reservation Trust Land,2,FALSE,TRUE,1,1
852,Pima Mine,copper; molybdenum; silver,Open Pit Mine,"<a href=""https://mrdata.usgs.gov/deposit/html/Re-Mf00263"">Pima Mine</a>: Open Pit Mine<table><tr><td>Feature group</td><td>Mine Feature</td></tr><tr><td>Location</td><td>Pima, AZ</td></tr><tr><td>Commodity</td><td>copper; molybdenum; silver</td></tr></table>",Pascua Pueblo Yaqui Reservation and Off-Reservation Trust Land; Tohono O'odham Nation Reservation and Off-Reservation Trust Land,2,FALSE,TRUE,1,1
853,Mission Mine Complex,copper; molybdenum; silver,Open Pit Mine,"<a href=""https://mrdata.usgs.gov/deposit/html/Re-Mf00264"">Mission Mine Complex</a>: Open Pit Mine<table><tr><td>Feature group</td><td>Mine Feature</td></tr><tr><td>Location</td><td>Pima, AZ</td></tr><tr><td>Commodity</td><td>copper; molybdenum; silver</td></tr></table>",Pascua Pueblo Yaqui Reservation and Off-Reservation Trust Land; Tohono O'odham Nation Reservation and Off-Reservation Trust Land,2,FALSE,TRUE,1,1
854,San Xavier North Mine,copper; molybdenum; silver,Open Pit Mine,"<a href=""https://mrdata.usgs.gov/deposit/html/Re-Mf00265"">San Xavier North Mine</a>: Open Pit Mine<table><tr><td>Feature group</td><td>Mine Feature</td></tr><tr><td>Location</td><td>Pima, AZ</td></tr><tr><td>Commodity</td><td>copper; molybdenum; silver</td></tr></table>",Tohono O'odham Nation,1,TRUE,FALSE,1,0
855,Mission,rhenium; copper,Deposit,"<a href=""https://mrdata.usgs.gov/deposit/html/Re-Mo00328"">Mission</a>: Deposit<table><tr><td>Feature group</td><td>Mineral Occurrence</td></tr><tr><td>Location</td><td>Pima, AZ</td></tr><tr><td>Commodity</td><td>rhenium; copper</td></tr></table>",Pascua Pueblo Yaqui Reservation and Off-Reservation Trust Land; Tohono O'odham Nation Reservation and Off-Reservation Trust Land,2,FALSE,TRUE,1,1
856,Pima,copper; molybdenum; silver; rhenium,Deposit,"<a href=""https://mrdata.usgs.gov/deposit/html/Re-Mo00329"">Pima</a>: Deposit<table><tr><td>Feature group</td><td>Mineral Occurrence</td></tr><tr><td>Location</td><td>Pima, AZ</td></tr><tr><td>Commodity</td><td>copper; molybdenum; silver; rhenium</td></tr></table>",Pascua Pueblo Yaqui Reservation and Off-Reservation Trust Land; Tohono O'odham Nation Reservation and Off-Reservation Trust Land,2,FALSE,TRUE,1,1
857,Sun Valley Mine,uranium,Underground Workings,"<a href=""https://mrdata.usgs.gov/deposit/html/Re-Mf00258"">Sun Valley Mine</a>: Underground Workings<table><tr><td>Feature group</td><td>Mine Feature</td></tr><tr><td>Location</td><td>Coconino, AZ</td></tr><tr><td>Commodity</td><td>uranium</td></tr></table>",Navajo Nation Reservation and Off-Reservation Trust Land,1,FALSE,TRUE,1,0
858,Sun Valley,uranium; molybdenum; rhenium; lead; zinc; cadmium,Deposit,"<a href=""https://mrdata.usgs.gov/deposit/html/Re-Mo00318"">Sun Valley</a>: Deposit<table><tr><td>Feature group</td><td>Mineral Occurrence</td></tr><tr><td>Location</td><td>Coconino, AZ</td></tr><tr><td>Commodity</td><td>uranium; molybdenum; rhenium; lead; zinc; cadmium</td></tr></table>",Navajo Nation Reservation and Off-Reservation Trust Land,1,FALSE,TRUE,1,0
859,San Manuel Mine,copper; molybdenum; silver; gold,Open Pit Mine,"<a href=""https://mrdata.usgs.gov/deposit/html/Re-Mf00266"">San Manuel Mine</a>: Open Pit Mine<table><tr><td>Feature group</td><td>Mine Feature</td></tr><tr><td>Location</td><td>Pinal, AZ</td></tr><tr><td>Commodity</td><td>copper; molybdenum; silver; gold</td></tr></table>",San Carlos Reservation,1,FALSE,TRUE,1,0
860,San Manuel,copper; molybdenum; silver; gold; rhenium,Deposit,"<a href=""https://mrdata.usgs.gov/deposit/html/Re-Mo00339"">San Manuel</a>: Deposit<table><tr><td>Feature group</td><td>Mineral Occurrence</td></tr><tr><td>Location</td><td>Pinal, AZ</td></tr><tr><td>Commodity</td><td>copper; molybdenum; silver; gold; rhenium</td></tr></table>",San Carlos Reservation,1,FALSE,TRUE,1,0
861,Kalamazoo,copper; molybdenum; silver; gold; rhenium; tellurium,Deposit,"<a href=""https://mrdata.usgs.gov/deposit/html/Re-Mo00340"">Kalamazoo</a>: Deposit<table><tr><td>Feature group</td><td>Mineral Occurrence</td></tr><tr><td>Location</td><td>Pinal, AZ</td></tr><tr><td>Commodity</td><td>copper; molybdenum; silver; gold; rhenium; tellurium</td></tr></table>",San Carlos Reservation,1,FALSE,TRUE,1,0
862,Globe-Miami District,copper; molybdenum; rhenium; gold; silver; turquoise; zinc,Mining District,"<a href=""https://mrdata.usgs.gov/deposit/html/Re-Mr00051"">Globe-Miami District</a>: Mining District<table><tr><td>Feature group</td><td>Mineral Region</td></tr><tr><td>Location</td><td>Gila, AZ</td></tr><tr><td>Commodity</td><td>copper; molybdenum; rhenium; gold; silver; turquoise; zinc</td></tr></table>",Fort Apache Reservation; San Carlos Reservation,2,FALSE,TRUE,1,1
863,Silver Bell District,rhenium; copper; silver; molybdenum; lead; zinc; gold,Mining District,"<a href=""https://mrdata.usgs.gov/deposit/html/Re-Mr00070"">Silver Bell District</a>: Mining District<table><tr><td>Feature group</td><td>Mineral Region</td></tr><tr><td>Location</td><td>Pima, AZ</td></tr><tr><td>Commodity</td><td>rhenium; copper; silver; molybdenum; lead; zinc; gold</td></tr></table>",Pascua Pueblo Yaqui Reservation and Off-Reservation Trust Land; Tohono O'odham Nation Reservation and Off-Reservation Trust Land,2,FALSE,TRUE,1,1
864,Vermilion Cliffs District,uranium; molybdenum; rhenium; lead; zinc; cadmium,Mining District,"<a href=""https://mrdata.usgs.gov/deposit/html/Re-Mr00071"">Vermilion Cliffs District</a>: Mining District<table><tr><td>Feature group</td><td>Mineral Region</td></tr><tr><td>Location</td><td>Coconino, AZ</td></tr><tr><td>Commodity</td><td>uranium; molybdenum; rhenium; lead; zinc; cadmium</td></tr></table>",Navajo Nation Reservation and Off-Reservation Trust Land,1,FALSE,TRUE,1,0
865,Bunker Hill District,copper; molybdenum; silver; gold; rhenium; osmium,Mining District,"<a href=""https://mrdata.usgs.gov/deposit/html/Re-Mr00072"">Bunker Hill District</a>: Mining District<table><tr><td>Feature group</td><td>Mineral Region</td></tr><tr><td>Location</td><td>Pinal, AZ</td></tr><tr><td>Commodity</td><td>copper; molybdenum; silver; gold; rhenium; osmium</td></tr></table>",San Carlos Reservation,1,FALSE,TRUE,1,0
866,San Manuel District,copper; molybdenum; silver; gold; rhenium,Mining District,"<a href=""https://mrdata.usgs.gov/deposit/html/Re-Mr00073"">San Manuel District</a>: Mining District<table><tr><td>Feature group</td><td>Mineral Region</td></tr><tr><td>Location</td><td>Pinal, AZ</td></tr><tr><td>Commodity</td><td>copper; molybdenum; silver; gold; rhenium</td></tr></table>",San Carlos Reservation,1,FALSE,TRUE,1,0
867,Wallapai District,rhenium; copper; molybdenum; silver; turquoise; lead; zinc; gold,Mining District,"<a href=""https://mrdata.usgs.gov/deposit/html/Re-Mr00074"">Wallapai District</a>: Mining District<table><tr><td>Feature group</td><td>Mineral Region</td></tr><tr><td>Location</td><td>Mohave, AZ</td></tr><tr><td>Commodity</td><td>rhenium; copper; molybdenum; silver; turquoise; lead; zinc; gold</td></tr></table>",Fort Mojave Reservation and Off-Reservation Trust Land; Hualapai Indian Reservation and Off-Reservation Trust Land,2,FALSE,TRUE,1,1
868,Eureka District,rhenium; copper; molybdenum; osmium; vanadium; uranium; zinc; gold; silver; lead,Mining District,"<a href=""https://mrdata.usgs.gov/deposit/html/Re-Mr00075"">Eureka District</a>: Mining District<table><tr><td>Feature group</td><td>Mineral Region</td></tr><tr><td>Location</td><td>Yavapai, AZ</td></tr><tr><td>Commodity</td><td>rhenium; copper; molybdenum; osmium; vanadium; uranium; zinc; gold; silver; lead</td></tr></table>",Hualapai Indian Reservation and Off-Reservation Trust Land,1,FALSE,TRUE,1,0
869,Mineral Creek District,copper; molybdenum; silver; rhenium; lead; zinc; gold,Mining District,"<a href=""https://mrdata.usgs.gov/deposit/html/Re-Mr00076"">Mineral Creek District</a>: Mining District<table><tr><td>Feature group</td><td>Mineral Region</td></tr><tr><td>Location</td><td>Pinal, AZ</td></tr><tr><td>Commodity</td><td>copper; molybdenum; silver; rhenium; lead; zinc; gold</td></tr></table>",Gila River Indian Reservation; San Carlos Reservation; Tohono O'odham Nation Reservation and Off-Reservation Trust Land,3,FALSE,TRUE,1,1
870,Climax Mine,molybdenum; tin; tungsten,Open Pit Mine,"<a href=""https://mrdata.usgs.gov/deposit/html/Re-Mf00240"">Climax Mine</a>: Open Pit Mine<table><tr><td>Feature group</td><td>Mine Feature</td></tr><tr><td>Location</td><td>Lake, CO</td></tr><tr><td>Commodity</td><td>molybdenum; tin; tungsten</td></tr></table>",,0,FALSE,FALSE,0,0
871,Climax,molybdenum; tungsten; rhenium; platinum-group elements; tin; rare earth elements,Deposit,"<a href=""https://mrdata.usgs.gov/deposit/html/Re-Mo00262"">Climax</a>: Deposit<table><tr><td>Feature group</td><td>Mineral Occurrence</td></tr><tr><td>Location</td><td>Lake, CO</td></tr><tr><td>Commodity</td><td>molybdenum; tungsten; rhenium; platinum-group elements; tin; rare earth elements</td></tr></table>",,0,FALSE,FALSE,0,0
872,Henderson Mine,molybdenum,Underground Workings,"<a href=""https://mrdata.usgs.gov/deposit/html/Re-Mf00241"">Henderson Mine</a>: Underground Workings<table><tr><td>Feature group</td><td>Mine Feature</td></tr><tr><td>Location</td><td>Clear Creek, CO</td></tr><tr><td>Commodity</td><td>molybdenum</td></tr></table>",,0,FALSE,FALSE,0,0
873,Urad Mine,molybdenum,Open Pit Mine,"<a href=""https://mrdata.usgs.gov/deposit/html/Re-Mf00242"">Urad Mine</a>: Open Pit Mine<table><tr><td>Feature group</td><td>Mine Feature</td></tr><tr><td>Location</td><td>Clear Creek, CO</td></tr><tr><td>Commodity</td><td>molybdenum</td></tr></table>",,0,FALSE,FALSE,0,0
874,Henderson,molybdenum; rhenium,Deposit,"<a href=""https://mrdata.usgs.gov/deposit/html/Re-Mo00263"">Henderson</a>: Deposit<table><tr><td>Feature group</td><td>Mineral Occurrence</td></tr><tr><td>Location</td><td>Clear Creek, CO</td></tr><tr><td>Commodity</td><td>molybdenum; rhenium</td></tr></table>",,0,FALSE,FALSE,0,0
875,Urad,molybdenum; rhenium,Deposit,"<a href=""https://mrdata.usgs.gov/deposit/html/Re-Mo00264"">Urad</a>: Deposit<table><tr><td>Feature group</td><td>Mineral Occurrence</td></tr><tr><td>Location</td><td>Clear Creek, CO</td></tr><tr><td>Commodity</td><td>molybdenum; rhenium</td></tr></table>",,0,FALSE,FALSE,0,0
876,Dailey District,molybdenum; rhenium,Mining District,"<a href=""https://mrdata.usgs.gov/deposit/html/Re-Mr00068"">Dailey District</a>: Mining District<table><tr><td>Feature group</td><td>Mineral Region</td></tr><tr><td>Location</td><td>Lake, CO</td></tr><tr><td>Commodity</td><td>molybdenum; rhenium</td></tr></table>",,0,FALSE,FALSE,0,0
877,Climax District,molybdenum; tungsten; rhenium; platinum-group elements; tin; rare earth elements,Mining District,"<a href=""https://mrdata.usgs.gov/deposit/html/Re-Mr00069"">Climax District</a>: Mining District<table><tr><td>Feature group</td><td>Mineral Region</td></tr><tr><td>Location</td><td>Lake, CO</td></tr><tr><td>Commodity</td><td>molybdenum; tungsten; rhenium; platinum-group elements; tin; rare earth elements</td></tr></table>",,0,FALSE,FALSE,0,0
878,Tomichi,copper; molybdenum; gold; silver; rhenium,Deposit,"<a href=""https://mrdata.usgs.gov/deposit/html/Re-Mo00508"">Tomichi</a>: Deposit<table><tr><td>Feature group</td><td>Mineral Occurrence</td></tr><tr><td>Location</td><td>Gunnison, CO</td></tr><tr><td>Commodity</td><td>copper; molybdenum; gold; silver; rhenium</td></tr></table>",,0,FALSE,FALSE,0,0
879,Tomichi District,copper; molybdenum; gold; silver; rhenium; lead; zinc,Mining District,"<a href=""https://mrdata.usgs.gov/deposit/html/Re-Mr00032"">Tomichi District</a>: Mining District<table><tr><td>Feature group</td><td>Mineral Region</td></tr><tr><td>Location</td><td>Gunnison, CO</td></tr><tr><td>Commodity</td><td>copper; molybdenum; gold; silver; rhenium; lead; zinc</td></tr></table>",,0,FALSE,FALSE,0,0
880,Thompson Creek Mine,rhenium; molybdenum,Open Pit Mine,"<a href=""https://mrdata.usgs.gov/deposit/html/Re-Mf00243"">Thompson Creek Mine</a>: Open Pit Mine<table><tr><td>Feature group</td><td>Mine Feature</td></tr><tr><td>Location</td><td>Custer, ID</td></tr><tr><td>Commodity</td><td>rhenium; molybdenum</td></tr></table>",,0,FALSE,FALSE,0,0
881,Thompson Creek,rhenium; molybdenum; copper,Deposit,"<a href=""https://mrdata.usgs.gov/deposit/html/Re-Mo00266"">Thompson Creek</a>: Deposit<table><tr><td>Feature group</td><td>Mineral Occurrence</td></tr><tr><td>Location</td><td>Custer, ID</td></tr><tr><td>Commodity</td><td>rhenium; molybdenum; copper</td></tr></table>",,0,FALSE,FALSE,0,0
882,Bayhorse District,rhenium; molybdenum; copper,Mining District,"<a href=""https://mrdata.usgs.gov/deposit/html/Re-Mr00065"">Bayhorse District</a>: Mining District<table><tr><td>Feature group</td><td>Mineral Region</td></tr><tr><td>Location</td><td>Custer, ID</td></tr><tr><td>Commodity</td><td>rhenium; molybdenum; copper</td></tr></table>",,0,FALSE,FALSE,0,0
883,CUMO,copper; molybdenum; silver; tungsten; rhenium; gallium,Deposit,"<a href=""https://mrdata.usgs.gov/deposit/html/Re-Mo00509"">CUMO</a>: Deposit<table><tr><td>Feature group</td><td>Mineral Occurrence</td></tr><tr><td>Location</td><td>Boise, ID</td></tr><tr><td>Commodity</td><td>copper; molybdenum; silver; tungsten; rhenium; gallium</td></tr></table>",,0,FALSE,FALSE,0,0
884,Berkeley Pit,copper; molybdenum,Open Pit Mine,"<a href=""https://mrdata.usgs.gov/deposit/html/Re-Mf00244"">Berkeley Pit</a>: Open Pit Mine<table><tr><td>Feature group</td><td>Mine Feature</td></tr><tr><td>Location</td><td>Silver Bow, MT</td></tr><tr><td>Commodity</td><td>copper; molybdenum</td></tr></table>",,0,FALSE,FALSE,0,0
885,Continental Mine,copper; molybdenum,Open Pit Mine,"<a href=""https://mrdata.usgs.gov/deposit/html/Re-Mf00245"">Continental Mine</a>: Open Pit Mine<table><tr><td>Feature group</td><td>Mine Feature</td></tr><tr><td>Location</td><td>Silver Bow, MT</td></tr><tr><td>Commodity</td><td>copper; molybdenum</td></tr></table>",,0,FALSE,FALSE,0,0
886,Butte,copper; molybdenum; silver; gold; rhenium; arsenic,Deposit,"<a href=""https://mrdata.usgs.gov/deposit/html/Re-Mo00267"">Butte</a>: Deposit<table><tr><td>Feature group</td><td>Mineral Occurrence</td></tr><tr><td>Location</td><td>Silver Bow, MT</td></tr><tr><td>Commodity</td><td>copper; molybdenum; silver; gold; rhenium; arsenic</td></tr></table>",,0,FALSE,FALSE,0,0
887,Butte District,copper; zinc; manganese; lead; silver; gold; molybdenum; rhenium,Mining District,"<a href=""https://mrdata.usgs.gov/deposit/html/Re-Mr00016"">Butte District</a>: Mining District<table><tr><td>Feature group</td><td>Mineral Region</td></tr><tr><td>Location</td><td>Silver Bow; Jefferson, MT</td></tr><tr><td>Commodity</td><td>copper; zinc; manganese; lead; silver; gold; molybdenum; rhenium</td></tr></table>",,0,FALSE,FALSE,0,0
888,Chino Mine,rhenium; copper; gold; silver,Open Pit Mine,"<a href=""https://mrdata.usgs.gov/deposit/html/Re-Mf00236"">Chino Mine</a>: Open Pit Mine<table><tr><td>Feature group</td><td>Mine Feature</td></tr><tr><td>Location</td><td>Grant, NM</td></tr><tr><td>Commodity</td><td>rhenium; copper; gold; silver</td></tr></table>",,0,FALSE,FALSE,0,0
889,Santa Rita,copper; iron; zinc; lead; rhenium; tellurium; gold; silver,Deposit,"<a href=""https://mrdata.usgs.gov/deposit/html/Re-Mo00243"">Santa Rita</a>: Deposit<table><tr><td>Feature group</td><td>Mineral Occurrence</td></tr><tr><td>Location</td><td>Grant, NM</td></tr><tr><td>Commodity</td><td>copper; iron; zinc; lead; rhenium; tellurium; gold; silver</td></tr></table>",,0,FALSE,FALSE,0,0
890,Questa Mine,molybdenum; rhenium,Open Pit Mine,"<a href=""https://mrdata.usgs.gov/deposit/html/Re-Mf00246"">Questa Mine</a>: Open Pit Mine<table><tr><td>Feature group</td><td>Mine Feature</td></tr><tr><td>Location</td><td>Taos, NM</td></tr><tr><td>Commodity</td><td>molybdenum; rhenium</td></tr></table>",Picuris Pueblo; Taos Pueblo and Off-Reservation Trust Land,2,FALSE,TRUE,1,1
891,Questa,rhenium; molybdenum,Deposit,"<a href=""https://mrdata.usgs.gov/deposit/html/Re-Mo00268"">Questa</a>: Deposit<table><tr><td>Feature group</td><td>Mineral Occurrence</td></tr><tr><td>Location</td><td>Taos, NM</td></tr><tr><td>Commodity</td><td>rhenium; molybdenum</td></tr></table>",Picuris Pueblo; Taos Pueblo and Off-Reservation Trust Land,2,FALSE,TRUE,1,1
892,Questa District,molybdenum; beryllium; alunite; fluorine,Mining District,"<a href=""https://mrdata.usgs.gov/deposit/html/Re-Mr00066"">Questa District</a>: Mining District<table><tr><td>Feature group</td><td>Mineral Region</td></tr><tr><td>Location</td><td>Taos, NM</td></tr><tr><td>Commodity</td><td>molybdenum; beryllium; alunite; fluorine</td></tr></table>",Picuris Pueblo; Taos Pueblo and Off-Reservation Trust Land,2,FALSE,TRUE,1,1
893,Santa Rita District,copper; gold; silver; molybdenum; iron; limestone; zinc; lead; antimony; beryllium,Mining District,"<a href=""https://mrdata.usgs.gov/deposit/html/Re-Mr00067"">Santa Rita District</a>: Mining District<table><tr><td>Feature group</td><td>Mineral Region</td></tr><tr><td>Location</td><td>Grant, NM</td></tr><tr><td>Commodity</td><td>copper; gold; silver; molybdenum; iron; limestone; zinc; lead; antimony; beryllium</td></tr></table>",,0,FALSE,FALSE,0,0
894,Ruth Pit,copper,Open Pit Mine,"<a href=""https://mrdata.usgs.gov/deposit/html/Re-Mf00276"">Ruth Pit</a>: Open Pit Mine<table><tr><td>Feature group</td><td>Mine Feature</td></tr><tr><td>Location</td><td>White Pine, NV</td></tr><tr><td>Commodity</td><td>copper</td></tr></table>",Ely Reservation,1,FALSE,TRUE,1,0
895,Liberty Pit,copper,Open Pit Mine,"<a href=""https://mrdata.usgs.gov/deposit/html/Re-Mf00277"">Liberty Pit</a>: Open Pit Mine<table><tr><td>Feature group</td><td>Mine Feature</td></tr><tr><td>Location</td><td>White Pine, NV</td></tr><tr><td>Commodity</td><td>copper</td></tr></table>",Ely Reservation,1,FALSE,TRUE,1,0
896,Tripp-Veteran Pit,copper,Open Pit Mine,"<a href=""https://mrdata.usgs.gov/deposit/html/Re-Mf00278"">Tripp-Veteran Pit</a>: Open Pit Mine<table><tr><td>Feature group</td><td>Mine Feature</td></tr><tr><td>Location</td><td>White Pine, NV</td></tr><tr><td>Commodity</td><td>copper</td></tr></table>",Ely Reservation,1,FALSE,TRUE,1,0
897,Robinson Mine,copper; gold; molybdenum; silver; lead; zinc; manganese; rhenium; palladium; platinum,Open Pit Mine,"<a href=""https://mrdata.usgs.gov/deposit/html/Re-Mf00279"">Robinson Mine</a>: Open Pit Mine<table><tr><td>Feature group</td><td>Mine Feature</td></tr><tr><td>Location</td><td>White Pine, NV</td></tr><tr><td>Commodity</td><td>copper; gold; molybdenum; silver; lead; zinc; manganese; rhenium; palladium; platinum</td></tr></table>",Ely Reservation,1,FALSE,TRUE,1,0
898,Kimbley Pit,copper,Open Pit Mine,"<a href=""https://mrdata.usgs.gov/deposit/html/Re-Mf00363"">Kimbley Pit</a>: Open Pit Mine<table><tr><td>Feature group</td><td>Mine Feature</td></tr><tr><td>Location</td><td>White Pine, NV</td></tr><tr><td>Commodity</td><td>copper</td></tr></table>",Ely Reservation,1,FALSE,TRUE,1,0
899,Emma Mine,copper,Open Pit Mine,"<a href=""https://mrdata.usgs.gov/deposit/html/Re-Mf00365"">Emma Mine</a>: Open Pit Mine<table><tr><td>Feature group</td><td>Mine Feature</td></tr><tr><td>Location</td><td>White Pine, NV</td></tr><tr><td>Commodity</td><td>copper</td></tr></table>",Ely Reservation,1,FALSE,TRUE,1,0
900,Kimbley,copper; tellurium; rhenium,Deposit,"<a href=""https://mrdata.usgs.gov/deposit/html/Re-Mo00356"">Kimbley</a>: Deposit<table><tr><td>Feature group</td><td>Mineral Occurrence</td></tr><tr><td>Location</td><td>White Pine, NV</td></tr><tr><td>Commodity</td><td>copper; tellurium; rhenium</td></tr></table>",Ely Reservation,1,FALSE,TRUE,1,0
901,Ruth,copper; molybdenum,Deposit,"<a href=""https://mrdata.usgs.gov/deposit/html/Re-Mo00357"">Ruth</a>: Deposit<table><tr><td>Feature group</td><td>Mineral Occurrence</td></tr><tr><td>Location</td><td>White Pine, NV</td></tr><tr><td>Commodity</td><td>copper; molybdenum</td></tr></table>",Ely Reservation,1,FALSE,TRUE,1,0
902,Liberty,copper,Deposit,"<a href=""https://mrdata.usgs.gov/deposit/html/Re-Mo00358"">Liberty</a>: Deposit<table><tr><td>Feature group</td><td>Mineral Occurrence</td></tr><tr><td>Location</td><td>White Pine, NV</td></tr><tr><td>Commodity</td><td>copper</td></tr></table>",Ely Reservation,1,FALSE,TRUE,1,0
903,Tripp,copper,Deposit,"<a href=""https://mrdata.usgs.gov/deposit/html/Re-Mo00359"">Tripp</a>: Deposit<table><tr><td>Feature group</td><td>Mineral Occurrence</td></tr><tr><td>Location</td><td>White Pine, NV</td></tr><tr><td>Commodity</td><td>copper</td></tr></table>",Ely Reservation,1,FALSE,TRUE,1,0
904,Veteran,copper; gold,Deposit,"<a href=""https://mrdata.usgs.gov/deposit/html/Re-Mo00360"">Veteran</a>: Deposit<table><tr><td>Feature group</td><td>Mineral Occurrence</td></tr><tr><td>Location</td><td>White Pine, NV</td></tr><tr><td>Commodity</td><td>copper; gold</td></tr></table>",Ely Reservation,1,FALSE,TRUE,1,0
905,Emma,copper,Deposit,"<a href=""https://mrdata.usgs.gov/deposit/html/Re-Mo00445"">Emma</a>: Deposit<table><tr><td>Feature group</td><td>Mineral Occurrence</td></tr><tr><td>Location</td><td>White Pine, NV</td></tr><tr><td>Commodity</td><td>copper</td></tr></table>",Ely Reservation,1,FALSE,TRUE,1,0
906,Alpha,copper,Deposit,"<a href=""https://mrdata.usgs.gov/deposit/html/Re-Mo00447"">Alpha</a>: Deposit<table><tr><td>Feature group</td><td>Mineral Occurrence</td></tr><tr><td>Location</td><td>White Pine, NV</td></tr><tr><td>Commodity</td><td>copper</td></tr></table>",Ely Reservation,1,FALSE,TRUE,1,0
907,Richard,copper,Deposit,"<a href=""https://mrdata.usgs.gov/deposit/html/Re-Mo00448"">Richard</a>: Deposit<table><tr><td>Feature group</td><td>Mineral Occurrence</td></tr><tr><td>Location</td><td>White Pine, NV</td></tr><tr><td>Commodity</td><td>copper</td></tr></table>",Ely Reservation,1,FALSE,TRUE,1,0
908,Taylor,copper; tungsten,Deposit,"<a href=""https://mrdata.usgs.gov/deposit/html/Re-Mo00449"">Taylor</a>: Deposit<table><tr><td>Feature group</td><td>Mineral Occurrence</td></tr><tr><td>Location</td><td>White Pine, NV</td></tr><tr><td>Commodity</td><td>copper; tungsten</td></tr></table>",Ely Reservation,1,FALSE,TRUE,1,0
909,Wedge,copper; gold,Deposit,"<a href=""https://mrdata.usgs.gov/deposit/html/Re-Mo00450"">Wedge</a>: Deposit<table><tr><td>Feature group</td><td>Mineral Occurrence</td></tr><tr><td>Location</td><td>White Pine, NV</td></tr><tr><td>Commodity</td><td>copper; gold</td></tr></table>",Ely Reservation,1,FALSE,TRUE,1,0
910,Robinson District,copper; gold; molybdenum; silver; lead; zinc; manganese; rhenium; palladium; platinum,Mining District,"<a href=""https://mrdata.usgs.gov/deposit/html/Re-Mr00063"">Robinson District</a>: Mining District<table><tr><td>Feature group</td><td>Mineral Region</td></tr><tr><td>Location</td><td>White Pine, NV</td></tr><tr><td>Commodity</td><td>copper; gold; molybdenum; silver; lead; zinc; manganese; rhenium; palladium; platinum</td></tr></table>",Ely Reservation,1,FALSE,TRUE,1,0
911,Runge Mine,uranium; vanadium,Open Pit Mine,"<a href=""https://mrdata.usgs.gov/deposit/html/Re-Mf00256"">Runge Mine</a>: Open Pit Mine<table><tr><td>Feature group</td><td>Mine Feature</td></tr><tr><td>Location</td><td>Fall River, SD</td></tr><tr><td>Commodity</td><td>uranium; vanadium</td></tr></table>",,0,FALSE,FALSE,0,0
912,Runge,uranium; vanadium; rhenium; molybdenum,Deposit,"<a href=""https://mrdata.usgs.gov/deposit/html/Re-Mo00317"">Runge</a>: Deposit<table><tr><td>Feature group</td><td>Mineral Occurrence</td></tr><tr><td>Location</td><td>Fall River, SD</td></tr><tr><td>Commodity</td><td>uranium; vanadium; rhenium; molybdenum</td></tr></table>",,0,FALSE,FALSE,0,0
913,Bingham Canyon Mine,rhenium; copper; molybdenum; gold; silver; sulfuric acid,Open Pit Mine,"<a href=""https://mrdata.usgs.gov/deposit/html/Re-Mf00235"">Bingham Canyon Mine</a>: Open Pit Mine<table><tr><td>Feature group</td><td>Mine Feature</td></tr><tr><td>Location</td><td>Salt Lake, UT</td></tr><tr><td>Commodity</td><td>rhenium; copper; molybdenum; gold; silver; sulfuric acid</td></tr></table>",Skull Valley Reservation,1,FALSE,TRUE,1,0
914,Carr Fork Mine,copper; gold; silver,Underground Workings,"<a href=""https://mrdata.usgs.gov/deposit/html/Re-Mf00274"">Carr Fork Mine</a>: Underground Workings<table><tr><td>Feature group</td><td>Mine Feature</td></tr><tr><td>Location</td><td>Salt Lake, UT</td></tr><tr><td>Commodity</td><td>copper; gold; silver</td></tr></table>",Skull Valley Reservation,1,FALSE,TRUE,1,0
915,Bingham,copper; molybdenum; gold; silver; lead; zinc; sulfuric acid; rhenium; platinum-group elements; selenium; tellurium; arsenic; uranium; indium; titanium,Deposit,"<a href=""https://mrdata.usgs.gov/deposit/html/Re-Mo00284"">Bingham</a>: Deposit<table><tr><td>Feature group</td><td>Mineral Occurrence</td></tr><tr><td>Location</td><td>Salt Lake, UT</td></tr><tr><td>Commodity</td><td>copper; molybdenum; gold; silver; lead; zinc; sulfuric acid; rhenium; platinum-group elements; selenium; tellurium; arsenic; uranium; indium; titanium</td></tr></table>",Skull Valley Reservation,1,FALSE,TRUE,1,0
916,Carr Fork,copper; gold; molybdenum; silver; lead; zinc,Deposit,"<a href=""https://mrdata.usgs.gov/deposit/html/Re-Mo00352"">Carr Fork</a>: Deposit<table><tr><td>Feature group</td><td>Mineral Occurrence</td></tr><tr><td>Location</td><td>Salt Lake, UT</td></tr><tr><td>Commodity</td><td>copper; gold; molybdenum; silver; lead; zinc</td></tr></table>",Skull Valley Reservation,1,FALSE,TRUE,1,0
917,North Ore Shoot,copper; gold; molybdenum; silver; lead; zinc,Deposit,"<a href=""https://mrdata.usgs.gov/deposit/html/Re-Mo00353"">North Ore Shoot</a>: Deposit<table><tr><td>Feature group</td><td>Mineral Occurrence</td></tr><tr><td>Location</td><td>Salt Lake, UT</td></tr><tr><td>Commodity</td><td>copper; gold; molybdenum; silver; lead; zinc</td></tr></table>",Skull Valley Reservation,1,FALSE,TRUE,1,0
918,Fortuna,copper,Prospect,"<a href=""https://mrdata.usgs.gov/deposit/html/Re-Mo00354"">Fortuna</a>: Prospect<table><tr><td>Feature group</td><td>Mineral Occurrence</td></tr><tr><td>Location</td><td>Salt Lake, UT</td></tr><tr><td>Commodity</td><td>copper</td></tr></table>",Skull Valley Reservation,1,FALSE,TRUE,1,0
919,Bingham District,copper; molybdenum; gold; silver; lead; zinc; sulfuric acid; rhenium; platinum-group elements; selenium; tellurium; arsenic; uranium; indium; titanium,Mining District,"<a href=""https://mrdata.usgs.gov/deposit/html/Re-Mr00077"">Bingham District</a>: Mining District<table><tr><td>Feature group</td><td>Mineral Region</td></tr><tr><td>Location</td><td>Salt Lake; Tooele; Utah, UT</td></tr><tr><td>Commodity</td><td>copper; molybdenum; gold; silver; lead; zinc; sulfuric acid; rhenium; platinum-group elements; selenium; tellurium; arsenic; uranium; indium; titanium</td></tr></table>",Skull Valley Reservation,1,FALSE,TRUE,1,0
920,Mount Tolman,rhenium; molybdenum; copper,Deposit,"<a href=""https://mrdata.usgs.gov/deposit/html/Re-Mo00261"">Mount Tolman</a>: Deposit<table><tr><td>Feature group</td><td>Mineral Occurrence</td></tr><tr><td>Location</td><td>Ferry, WA</td></tr><tr><td>Commodity</td><td>rhenium; molybdenum; copper</td></tr></table>",Colville,1,TRUE,FALSE,1,0
921,"Pebble, East Zone",rhenium; copper; gold; molybdenum; tellurium; platinum-group elements; selenium,Deposit,"<a href=""https://mrdata.usgs.gov/deposit/html/Re-Mo00237"">Pebble, East Zone</a>: Deposit<table><tr><td>Feature group</td><td>Mineral Occurrence</td></tr><tr><td>Location</td><td>Lake and Peninsula, AK</td></tr><tr><td>Commodity</td><td>rhenium; copper; gold; molybdenum; tellurium; platinum-group elements; selenium</td></tr></table>",Iliamna ANVSA; Newhalen ANVSA; Nondalton ANVSA; Port Alsworth ANVSA,4,FALSE,TRUE,1,1
922,"Pebble, West Zone",rhenium; copper; gold; molybdenum; tellurium; platinum-group elements; selenium,Deposit,"<a href=""https://mrdata.usgs.gov/deposit/html/Re-Mo00238"">Pebble, West Zone</a>: Deposit<table><tr><td>Feature group</td><td>Mineral Occurrence</td></tr><tr><td>Location</td><td>Lake and Peninsula, AK</td></tr><tr><td>Commodity</td><td>rhenium; copper; gold; molybdenum; tellurium; platinum-group elements; selenium</td></tr></table>",Iliamna ANVSA; Newhalen ANVSA; Nondalton ANVSA; Port Alsworth ANVSA,4,FALSE,TRUE,1,1
923,Quartz Hill,molybdenum; rhenium,Deposit,"<a href=""https://mrdata.usgs.gov/deposit/html/Re-Mo00265"">Quartz Hill</a>: Deposit<table><tr><td>Feature group</td><td>Mineral Occurrence</td></tr><tr><td>Location</td><td>Ketchikan Gateway, AK</td></tr><tr><td>Commodity</td><td>molybdenum; rhenium</td></tr></table>",Annette Island Reserve,1,FALSE,TRUE,1,0
924,Bagdad Mine,rhenium; copper; molybdenum; gold; silver,Open Pit Mine,"<a href=""https://mrdata.usgs.gov/deposit/html/Re-Mf00230"">Bagdad Mine</a>: Open Pit Mine<table><tr><td>Feature group</td><td>Mine Feature</td></tr><tr><td>Location</td><td>Yavapai, AZ</td></tr><tr><td>Commodity</td><td>rhenium; copper; molybdenum; gold; silver</td></tr></table>",Hualapai Indian Reservation and Off-Reservation Trust Land,1,FALSE,TRUE,1,0
925,Bagdad,rhenium; copper; molybdenum; osmium; gold; silver,Deposit,"<a href=""https://mrdata.usgs.gov/deposit/html/Re-Mo00234"">Bagdad</a>: Deposit<table><tr><td>Feature group</td><td>Mineral Occurrence</td></tr><tr><td>Location</td><td>Yavapai, AZ</td></tr><tr><td>Commodity</td><td>rhenium; copper; molybdenum; osmium; gold; silver</td></tr></table>",Hualapai Indian Reservation and Off-Reservation Trust Land,1,FALSE,TRUE,1,0
926,Morenci Mine,rhenium; copper; gold; silver; molybdenum,Open Pit Mine,"<a href=""https://mrdata.usgs.gov/deposit/html/Re-Mf00231"">Morenci Mine</a>: Open Pit Mine<table><tr><td>Feature group</td><td>Mine Feature</td></tr><tr><td>Location</td><td>Greenlee, AZ</td></tr><tr><td>Commodity</td><td>rhenium; copper; gold; silver; molybdenum</td></tr></table>",Fort Apache Reservation; San Carlos Reservation,2,FALSE,TRUE,1,1
927,Morenci,copper; rhenium; molybdenum; silver; osmium; gold,Deposit,"<a href=""https://mrdata.usgs.gov/deposit/html/Re-Mo00236"">Morenci</a>: Deposit<table><tr><td>Feature group</td><td>Mineral Occurrence</td></tr><tr><td>Location</td><td>Greenlee, AZ</td></tr><tr><td>Commodity</td><td>copper; rhenium; molybdenum; silver; osmium; gold</td></tr></table>",Fort Apache Reservation; San Carlos Reservation,2,FALSE,TRUE,1,1
928,Sierrita Mine,copper; molybdenum; rhenium,Open Pit Mine,"<a href=""https://mrdata.usgs.gov/deposit/html/Re-Mf00234"">Sierrita Mine</a>: Open Pit Mine<table><tr><td>Feature group</td><td>Mine Feature</td></tr><tr><td>Location</td><td>Pima, AZ</td></tr><tr><td>Commodity</td><td>copper; molybdenum; rhenium</td></tr></table>",Pascua Pueblo Yaqui Reservation and Off-Reservation Trust Land; Tohono O'odham Nation Reservation and Off-Reservation Trust Land,2,FALSE,TRUE,1,1
929,Sierrita,rhenium; copper; molybdenum; osmium,Deposit,"<a href=""https://mrdata.usgs.gov/deposit/html/Re-Mo00239"">Sierrita</a>: Deposit<table><tr><td>Feature group</td><td>Mineral Occurrence</td></tr><tr><td>Location</td><td>Pima, AZ</td></tr><tr><td>Commodity</td><td>rhenium; copper; molybdenum; osmium</td></tr></table>",Pascua Pueblo Yaqui Reservation and Off-Reservation Trust Land; Tohono O'odham Nation Reservation and Off-Reservation Trust Land,2,FALSE,TRUE,1,1
930,Pima District,copper; lead; zinc; molybdenum; gold; silver; rhenium (1); osmium (1); tungsten,Mining District,"<a href=""https://mrdata.usgs.gov/deposit/html/Re-Mr00011"">Pima District</a>: Mining District<table><tr><td>Feature group</td><td>Mineral Region</td></tr><tr><td>Location</td><td>Pima, AZ</td></tr><tr><td>Commodity</td><td>copper; lead; zinc; molybdenum; gold; silver; rhenium (1); osmium (1); tungsten</td></tr></table>",Pascua Pueblo Yaqui Reservation and Off-Reservation Trust Land; Tohono O'odham Nation Reservation and Off-Reservation Trust Land,2,FALSE,TRUE,1,1
931,Castle Dome Mine,rhenium; copper; gold; silver; turquoise,Open Pit Mine,"<a href=""https://mrdata.usgs.gov/deposit/html/Re-Mf00251"">Castle Dome Mine</a>: Open Pit Mine<table><tr><td>Feature group</td><td>Mine Feature</td></tr><tr><td>Location</td><td>Gila, AZ</td></tr><tr><td>Commodity</td><td>rhenium; copper; gold; silver; turquoise</td></tr></table>",Fort Apache Reservation; San Carlos Reservation,2,FALSE,TRUE,1,1
932,Pinto Valley Mine,copper; molybdenum; silver,Open Pit Mine,"<a href=""https://mrdata.usgs.gov/deposit/html/Re-Mf00252"">Pinto Valley Mine</a>: Open Pit Mine<table><tr><td>Feature group</td><td>Mine Feature</td></tr><tr><td>Location</td><td>Gila, AZ</td></tr><tr><td>Commodity</td><td>copper; molybdenum; silver</td></tr></table>",Fort Apache Reservation; San Carlos Reservation,2,FALSE,TRUE,1,1
933,Castle Dome,copper; gold; silver; turquoise; molybdenum; rhenium,Deposit,"<a href=""https://mrdata.usgs.gov/deposit/html/Re-Mo00277"">Castle Dome</a>: Deposit<table><tr><td>Feature group</td><td>Mineral Occurrence</td></tr><tr><td>Location</td><td>Gila, AZ</td></tr><tr><td>Commodity</td><td>copper; gold; silver; turquoise; molybdenum; rhenium</td></tr></table>",Fort Apache Reservation; San Carlos Reservation,2,FALSE,TRUE,1,1
934,Pinto Valley,copper; molybdenum; rhenium; gold; silver,Deposit,"<a href=""https://mrdata.usgs.gov/deposit/html/Re-Mo00278"">Pinto Valley</a>: Deposit<table><tr><td>Feature group</td><td>Mineral Occurrence</td></tr><tr><td>Location</td><td>Gila, AZ</td></tr><tr><td>Commodity</td><td>copper; molybdenum; rhenium; gold; silver</td></tr></table>",Fort Apache Reservation; San Carlos Reservation,2,FALSE,TRUE,1,1
935,American Eagle Mine,copper,Underground Workings,"<a href=""https://mrdata.usgs.gov/deposit/html/Re-Mf00247"">American Eagle Mine</a>: Underground Workings<table><tr><td>Feature group</td><td>Mine Feature</td></tr><tr><td>Location</td><td>Pinal, AZ</td></tr><tr><td>Commodity</td><td>copper</td></tr></table>",San Carlos Reservation,1,FALSE,TRUE,1,0
936,Copper Prince Mine,copper,Underground Workings,"<a href=""https://mrdata.usgs.gov/deposit/html/Re-Mf00248"">Copper Prince Mine</a>: Underground Workings<table><tr><td>Feature group</td><td>Mine Feature</td></tr><tr><td>Location</td><td>Pinal, AZ</td></tr><tr><td>Commodity</td><td>copper</td></tr></table>",San Carlos Reservation,1,FALSE,TRUE,1,0
937,Old Reliable Mine,copper,Underground Workings,"<a href=""https://mrdata.usgs.gov/deposit/html/Re-Mf00249"">Old Reliable Mine</a>: Underground Workings<table><tr><td>Feature group</td><td>Mine Feature</td></tr><tr><td>Location</td><td>Pinal, AZ</td></tr><tr><td>Commodity</td><td>copper</td></tr></table>",San Carlos Reservation,1,FALSE,TRUE,1,0
938,Childs-Aldwinkle Mine,copper; molybdenum,Underground Workings,"<a href=""https://mrdata.usgs.gov/deposit/html/Re-Mf00250"">Childs-Aldwinkle Mine</a>: Underground Workings<table><tr><td>Feature group</td><td>Mine Feature</td></tr><tr><td>Location</td><td>Pinal, AZ</td></tr><tr><td>Commodity</td><td>copper; molybdenum</td></tr></table>",San Carlos Reservation,1,FALSE,TRUE,1,0
939,Keel-American Eagle,copper; molybdenum; silver; rhenium; osmium,Deposit,"<a href=""https://mrdata.usgs.gov/deposit/html/Re-Mo00270"">Keel-American Eagle</a>: Deposit<table><tr><td>Feature group</td><td>Mineral Occurrence</td></tr><tr><td>Location</td><td>Pinal, AZ</td></tr><tr><td>Commodity</td><td>copper; molybdenum; silver; rhenium; osmium</td></tr></table>",San Carlos Reservation,1,FALSE,TRUE,1,0
940,Mammoth,copper; molybdenum; silver; gold; rhenium; osmium,Deposit,"<a href=""https://mrdata.usgs.gov/deposit/html/Re-Mo00271"">Mammoth</a>: Deposit<table><tr><td>Feature group</td><td>Mineral Occurrence</td></tr><tr><td>Location</td><td>Pinal, AZ</td></tr><tr><td>Commodity</td><td>copper; molybdenum; silver; gold; rhenium; osmium</td></tr></table>",San Carlos Reservation,1,FALSE,TRUE,1,0
941,Childs-Adwinkle,copper; molybdenum; silver; gold; rhenium; osmium,Deposit,"<a href=""https://mrdata.usgs.gov/deposit/html/Re-Mo00272"">Childs-Adwinkle</a>: Deposit<table><tr><td>Feature group</td><td>Mineral Occurrence</td></tr><tr><td>Location</td><td>Pinal, AZ</td></tr><tr><td>Commodity</td><td>copper; molybdenum; silver; gold; rhenium; osmium</td></tr></table>",San Carlos Reservation,1,FALSE,TRUE,1,0
942,Old Reliable,copper; molybdenum; silver; rhenium; osmium,Deposit,"<a href=""https://mrdata.usgs.gov/deposit/html/Re-Mo00273"">Old Reliable</a>: Deposit<table><tr><td>Feature group</td><td>Mineral Occurrence</td></tr><tr><td>Location</td><td>Pinal, AZ</td></tr><tr><td>Commodity</td><td>copper; molybdenum; silver; rhenium; osmium</td></tr></table>",San Carlos Reservation,1,FALSE,TRUE,1,0
943,Copper Prince,copper; molybdenum; silver; gold; rhenium; osmium,Deposit,"<a href=""https://mrdata.usgs.gov/deposit/html/Re-Mo00274"">Copper Prince</a>: Deposit<table><tr><td>Feature group</td><td>Mineral Occurrence</td></tr><tr><td>Location</td><td>Pinal, AZ</td></tr><tr><td>Commodity</td><td>copper; molybdenum; silver; gold; rhenium; osmium</td></tr></table>",San Carlos Reservation,1,FALSE,TRUE,1,0
944,Global Breccia,copper; molybdenum; silver; gold; rhenium; osmium,Deposit,"<a href=""https://mrdata.usgs.gov/deposit/html/Re-Mo00275"">Global Breccia</a>: Deposit<table><tr><td>Feature group</td><td>Mineral Occurrence</td></tr><tr><td>Location</td><td>Pinal, AZ</td></tr><tr><td>Commodity</td><td>copper; molybdenum; silver; gold; rhenium; osmium</td></tr></table>",San Carlos Reservation,1,FALSE,TRUE,1,0
945,Miami Mine,copper; gold; silver; molybdenum,Open Pit Mine,"<a href=""https://mrdata.usgs.gov/deposit/html/Re-Mf00273"">Miami Mine</a>: Open Pit Mine<table><tr><td>Feature group</td><td>Mine Feature</td></tr><tr><td>Location</td><td>Gila, AZ</td></tr><tr><td>Commodity</td><td>copper; gold; silver; molybdenum</td></tr></table>",Fort Apache Reservation; San Carlos Reservation,2,FALSE,TRUE,1,1
946,Miami-Inspiration,copper; molybdenum; rhenium; silver; gold,Deposit,"<a href=""https://mrdata.usgs.gov/deposit/html/Re-Mo00349"">Miami-Inspiration</a>: Deposit<table><tr><td>Feature group</td><td>Mineral Occurrence</td></tr><tr><td>Location</td><td>Gila, AZ</td></tr><tr><td>Commodity</td><td>copper; molybdenum; rhenium; silver; gold</td></tr></table>",Fort Apache Reservation; San Carlos Reservation,2,FALSE,TRUE,1,1
947,Mineral Park Mine,copper; molybdenum; silver,Open Pit Mine,"<a href=""https://mrdata.usgs.gov/deposit/html/Re-Mf00253"">Mineral Park Mine</a>: Open Pit Mine<table><tr><td>Feature group</td><td>Mine Feature</td></tr><tr><td>Location</td><td>Mohave, AZ</td></tr><tr><td>Commodity</td><td>copper; molybdenum; silver</td></tr></table>",Fort Mojave Reservation and Off-Reservation Trust Land; Hualapai Indian Reservation and Off-Reservation Trust Land,2,FALSE,TRUE,1,1
948,Mineral Park,rhenium; copper; molybdenum; silver; turquoise,Deposit,"<a href=""https://mrdata.usgs.gov/deposit/html/Re-Mo00279"">Mineral Park</a>: Deposit<table><tr><td>Feature group</td><td>Mineral Occurrence</td></tr><tr><td>Location</td><td>Mohave, AZ</td></tr><tr><td>Commodity</td><td>rhenium; copper; molybdenum; silver; turquoise</td></tr></table>",Fort Mojave Reservation and Off-Reservation Trust Land; Hualapai Indian Reservation and Off-Reservation Trust Land,2,FALSE,TRUE,1,1
949,Ray Mine,copper; gold; silver; lead; molybdenum,Open Pit Mine,"<a href=""https://mrdata.usgs.gov/deposit/html/Re-Mf00272"">Ray Mine</a>: Open Pit Mine<table><tr><td>Feature group</td><td>Mine Feature</td></tr><tr><td>Location</td><td>Pinal, AZ</td></tr><tr><td>Commodity</td><td>copper; gold; silver; lead; molybdenum</td></tr></table>",Gila River Indian Reservation; San Carlos Reservation; Tohono O'odham Nation Reservation and Off-Reservation Trust Land,3,FALSE,TRUE,1,1
950,Ray,rhenium; copper; molybdenum; silver; lead; gold,Deposit,"<a href=""https://mrdata.usgs.gov/deposit/html/Re-Mo00348"">Ray</a>: Deposit<table><tr><td>Feature group</td><td>Mineral Occurrence</td></tr><tr><td>Location</td><td>Pinal, AZ</td></tr><tr><td>Commodity</td><td>rhenium; copper; molybdenum; silver; lead; gold</td></tr></table>",Gila River Indian Reservation; San Carlos Reservation; Tohono O'odham Nation Reservation and Off-Reservation Trust Land,3,FALSE,TRUE,1,1
951,El Tiro Pit,rhenium; copper; silver; molybdenum; lead; zinc; gold,Open Pit Mine,"<a href=""https://mrdata.usgs.gov/deposit/html/Re-Mf00268"">El Tiro Pit</a>: Open Pit Mine<table><tr><td>Feature group</td><td>Mine Feature</td></tr><tr><td>Location</td><td>Pima, AZ</td></tr><tr><td>Commodity</td><td>rhenium; copper; silver; molybdenum; lead; zinc; gold</td></tr></table>",Pascua Pueblo Yaqui Reservation and Off-Reservation Trust Land; Tohono O'odham Nation Reservation and Off-Reservation Trust Land,2,FALSE,TRUE,1,1
952,Oxide Pit,rhenium; copper; silver; molybdenum; lead; zinc; gold,Open Pit Mine,"<a href=""https://mrdata.usgs.gov/deposit/html/Re-Mf00269"">Oxide Pit</a>: Open Pit Mine<table><tr><td>Feature group</td><td>Mine Feature</td></tr><tr><td>Location</td><td>Pima, AZ</td></tr><tr><td>Commodity</td><td>rhenium; copper; silver; molybdenum; lead; zinc; gold</td></tr></table>",Pascua Pueblo Yaqui Reservation and Off-Reservation Trust Land; Tohono O'odham Nation Reservation and Off-Reservation Trust Land,2,FALSE,TRUE,1,1
953,West Oxide Pit,rhenium; copper; silver; molybdenum; lead; zinc; gold,Open Pit Mine,"<a href=""https://mrdata.usgs.gov/deposit/html/Re-Mf00270"">West Oxide Pit</a>: Open Pit Mine<table><tr><td>Feature group</td><td>Mine Feature</td></tr><tr><td>Location</td><td>Pima, AZ</td></tr><tr><td>Commodity</td><td>rhenium; copper; silver; molybdenum; lead; zinc; gold</td></tr></table>",Pascua Pueblo Yaqui Reservation and Off-Reservation Trust Land; Tohono O'odham Nation Reservation and Off-Reservation Trust Land,2,FALSE,TRUE,1,1
954,North Silver Bell Pit,rhenium; copper; silver; molybdenum; lead; zinc; gold,Open Pit Mine,"<a href=""https://mrdata.usgs.gov/deposit/html/Re-Mf00271"">North Silver Bell Pit</a>: Open Pit Mine<table><tr><td>Feature group</td><td>Mine Feature</td></tr><tr><td>Location</td><td>Pima, AZ</td></tr><tr><td>Commodity</td><td>rhenium; copper; silver; molybdenum; lead; zinc; gold</td></tr></table>",Pascua Pueblo Yaqui Reservation and Off-Reservation Trust Land; Tohono O'odham Nation Reservation and Off-Reservation Trust Land,2,FALSE,TRUE,1,1
955,North Silver Bell,rhenium; copper; silver; molybdenum; lead; zinc; gold,Deposit,"<a href=""https://mrdata.usgs.gov/deposit/html/Re-Mo00341"">North Silver Bell</a>: Deposit<table><tr><td>Feature group</td><td>Mineral Occurrence</td></tr><tr><td>Location</td><td>Pima, AZ</td></tr><tr><td>Commodity</td><td>rhenium; copper; silver; molybdenum; lead; zinc; gold</td></tr></table>",Pascua Pueblo Yaqui Reservation and Off-Reservation Trust Land; Tohono O'odham Nation Reservation and Off-Reservation Trust Land,2,FALSE,TRUE,1,1
956,El Tiro,rhenium; copper; silver; molybdenum; lead; zinc; gold,Deposit,"<a href=""https://mrdata.usgs.gov/deposit/html/Re-Mo00342"">El Tiro</a>: Deposit<table><tr><td>Feature group</td><td>Mineral Occurrence</td></tr><tr><td>Location</td><td>Pima, AZ</td></tr><tr><td>Commodity</td><td>rhenium; copper; silver; molybdenum; lead; zinc; gold</td></tr></table>",Pascua Pueblo Yaqui Reservation and Off-Reservation Trust Land; Tohono O'odham Nation Reservation and Off-Reservation Trust Land,2,FALSE,TRUE,1,1
957,Oxide,rhenium; copper; silver; molybdenum; lead; zinc; gold,Deposit,"<a href=""https://mrdata.usgs.gov/deposit/html/Re-Mo00343"">Oxide</a>: Deposit<table><tr><td>Feature group</td><td>Mineral Occurrence</td></tr><tr><td>Location</td><td>Pima, AZ</td></tr><tr><td>Commodity</td><td>rhenium; copper; silver; molybdenum; lead; zinc; gold</td></tr></table>",Pascua Pueblo Yaqui Reservation and Off-Reservation Trust Land; Tohono O'odham Nation Reservation and Off-Reservation Trust Land,2,FALSE,TRUE,1,1
958,West Oxide,rhenium; copper; silver; molybdenum; lead; zinc; gold,Deposit,"<a href=""https://mrdata.usgs.gov/deposit/html/Re-Mo00344"">West Oxide</a>: Deposit<table><tr><td>Feature group</td><td>Mineral Occurrence</td></tr><tr><td>Location</td><td>Pima, AZ</td></tr><tr><td>Commodity</td><td>rhenium; copper; silver; molybdenum; lead; zinc; gold</td></tr></table>",Pascua Pueblo Yaqui Reservation and Off-Reservation Trust Land; Tohono O'odham Nation Reservation and Off-Reservation Trust Land,2,FALSE,TRUE,1,1
959,Twin Buttes Mine,copper; molybdenum,Open Pit Mine,"<a href=""https://mrdata.usgs.gov/deposit/html/Re-Mf00254"">Twin Buttes Mine</a>: Open Pit Mine<table><tr><td>Feature group</td><td>Mine Feature</td></tr><tr><td>Location</td><td>Pima, AZ</td></tr><tr><td>Commodity</td><td>copper; molybdenum</td></tr></table>",Pascua Pueblo Yaqui Reservation and Off-Reservation Trust Land; Tohono O'odham Nation Reservation and Off-Reservation Trust Land,2,FALSE,TRUE,1,1
960,Twin Buttes orebody,copper; molybdenum; silver; zinc; rhenium; uranium,Deposit,"<a href=""https://mrdata.usgs.gov/deposit/html/Re-Mo00309"">Twin Buttes orebody</a>: Deposit<table><tr><td>Feature group</td><td>Mineral Occurrence</td></tr><tr><td>Location</td><td>Pima, AZ</td></tr><tr><td>Commodity</td><td>copper; molybdenum; silver; zinc; rhenium; uranium</td></tr></table>",Pascua Pueblo Yaqui Reservation and Off-Reservation Trust Land; Tohono O'odham Nation Reservation and Off-Reservation Trust Land,2,FALSE,TRUE,1,1
961,Northwest orebody,copper; molybdenum; tungsten; zinc; silver; rhenium,Deposit,"<a href=""https://mrdata.usgs.gov/deposit/html/Re-Mo00310"">Northwest orebody</a>: Deposit<table><tr><td>Feature group</td><td>Mineral Occurrence</td></tr><tr><td>Location</td><td>Pima, AZ</td></tr><tr><td>Commodity</td><td>copper; molybdenum; tungsten; zinc; silver; rhenium</td></tr></table>",Pascua Pueblo Yaqui Reservation and Off-Reservation Trust Land; Tohono O'odham Nation Reservation and Off-Reservation Trust Land,2,FALSE,TRUE,1,1
962,Arkose orebody,copper; molybdenum; silver; zinc; rhenium,Deposit,"<a href=""https://mrdata.usgs.gov/deposit/html/Re-Mo00311"">Arkose orebody</a>: Deposit<table><tr><td>Feature group</td><td>Mineral Occurrence</td></tr><tr><td>Location</td><td>Pima, AZ</td></tr><tr><td>Commodity</td><td>copper; molybdenum; silver; zinc; rhenium</td></tr></table>",Pascua Pueblo Yaqui Reservation and Off-Reservation Trust Land; Tohono O'odham Nation Reservation and Off-Reservation Trust Land,2,FALSE,TRUE,1,1
963,Shaft orebody,copper; molybdenum; silver; zinc; rhenium,Deposit,"<a href=""https://mrdata.usgs.gov/deposit/html/Re-Mo00312"">Shaft orebody</a>: Deposit<table><tr><td>Feature group</td><td>Mineral Occurrence</td></tr><tr><td>Location</td><td>Pima, AZ</td></tr><tr><td>Commodity</td><td>copper; molybdenum; silver; zinc; rhenium</td></tr></table>",Pascua Pueblo Yaqui Reservation and Off-Reservation Trust Land; Tohono O'odham Nation Reservation and Off-Reservation Trust Land,2,FALSE,TRUE,1,1
964,North Porphyry Contact orebody,copper; molybdenum; silver; zinc; rhenium,Deposit,"<a href=""https://mrdata.usgs.gov/deposit/html/Re-Mo00313"">North Porphyry Contact orebody</a>: Deposit<table><tr><td>Feature group</td><td>Mineral Occurrence</td></tr><tr><td>Location</td><td>Pima, AZ</td></tr><tr><td>Commodity</td><td>copper; molybdenum; silver; zinc; rhenium</td></tr></table>",Pascua Pueblo Yaqui Reservation and Off-Reservation Trust Land; Tohono O'odham Nation Reservation and Off-Reservation Trust Land,2,FALSE,TRUE,1,1
965,Northeast orebody,copper; molybdenum; silver; zinc; rhenium,Deposit,"<a href=""https://mrdata.usgs.gov/deposit/html/Re-Mo00314"">Northeast orebody</a>: Deposit<table><tr><td>Feature group</td><td>Mineral Occurrence</td></tr><tr><td>Location</td><td>Pima, AZ</td></tr><tr><td>Commodity</td><td>copper; molybdenum; silver; zinc; rhenium</td></tr></table>",Pascua Pueblo Yaqui Reservation and Off-Reservation Trust Land; Tohono O'odham Nation Reservation and Off-Reservation Trust Land,2,FALSE,TRUE,1,1
966,Pima Mine,copper; molybdenum; silver,Open Pit Mine,"<a href=""https://mrdata.usgs.gov/deposit/html/Re-Mf00263"">Pima Mine</a>: Open Pit Mine<table><tr><td>Feature group</td><td>Mine Feature</td></tr><tr><td>Location</td><td>Pima, AZ</td></tr><tr><td>Commodity</td><td>copper; molybdenum; silver</td></tr></table>",Pascua Pueblo Yaqui Reservation and Off-Reservation Trust Land; Tohono O'odham Nation Reservation and Off-Reservation Trust Land,2,FALSE,TRUE,1,1
967,Mission Mine Complex,copper; molybdenum; silver,Open Pit Mine,"<a href=""https://mrdata.usgs.gov/deposit/html/Re-Mf00264"">Mission Mine Complex</a>: Open Pit Mine<table><tr><td>Feature group</td><td>Mine Feature</td></tr><tr><td>Location</td><td>Pima, AZ</td></tr><tr><td>Commodity</td><td>copper; molybdenum; silver</td></tr></table>",Pascua Pueblo Yaqui Reservation and Off-Reservation Trust Land; Tohono O'odham Nation Reservation and Off-Reservation Trust Land,2,FALSE,TRUE,1,1
968,San Xavier North Mine,copper; molybdenum; silver,Open Pit Mine,"<a href=""https://mrdata.usgs.gov/deposit/html/Re-Mf00265"">San Xavier North Mine</a>: Open Pit Mine<table><tr><td>Feature group</td><td>Mine Feature</td></tr><tr><td>Location</td><td>Pima, AZ</td></tr><tr><td>Commodity</td><td>copper; molybdenum; silver</td></tr></table>",Tohono O'odham Nation,1,TRUE,FALSE,1,0
969,Mission,rhenium; copper,Deposit,"<a href=""https://mrdata.usgs.gov/deposit/html/Re-Mo00328"">Mission</a>: Deposit<table><tr><td>Feature group</td><td>Mineral Occurrence</td></tr><tr><td>Location</td><td>Pima, AZ</td></tr><tr><td>Commodity</td><td>rhenium; copper</td></tr></table>",Pascua Pueblo Yaqui Reservation and Off-Reservation Trust Land; Tohono O'odham Nation Reservation and Off-Reservation Trust Land,2,FALSE,TRUE,1,1
970,Pima,copper; molybdenum; silver; rhenium,Deposit,"<a href=""https://mrdata.usgs.gov/deposit/html/Re-Mo00329"">Pima</a>: Deposit<table><tr><td>Feature group</td><td>Mineral Occurrence</td></tr><tr><td>Location</td><td>Pima, AZ</td></tr><tr><td>Commodity</td><td>copper; molybdenum; silver; rhenium</td></tr></table>",Pascua Pueblo Yaqui Reservation and Off-Reservation Trust Land; Tohono O'odham Nation Reservation and Off-Reservation Trust Land,2,FALSE,TRUE,1,1
971,Sun Valley Mine,uranium,Underground Workings,"<a href=""https://mrdata.usgs.gov/deposit/html/Re-Mf00258"">Sun Valley Mine</a>: Underground Workings<table><tr><td>Feature group</td><td>Mine Feature</td></tr><tr><td>Location</td><td>Coconino, AZ</td></tr><tr><td>Commodity</td><td>uranium</td></tr></table>",Navajo Nation Reservation and Off-Reservation Trust Land,1,FALSE,TRUE,1,0
972,Sun Valley,uranium; molybdenum; rhenium; lead; zinc; cadmium,Deposit,"<a href=""https://mrdata.usgs.gov/deposit/html/Re-Mo00318"">Sun Valley</a>: Deposit<table><tr><td>Feature group</td><td>Mineral Occurrence</td></tr><tr><td>Location</td><td>Coconino, AZ</td></tr><tr><td>Commodity</td><td>uranium; molybdenum; rhenium; lead; zinc; cadmium</td></tr></table>",Navajo Nation Reservation and Off-Reservation Trust Land,1,FALSE,TRUE,1,0
973,San Manuel Mine,copper; molybdenum; silver; gold,Open Pit Mine,"<a href=""https://mrdata.usgs.gov/deposit/html/Re-Mf00266"">San Manuel Mine</a>: Open Pit Mine<table><tr><td>Feature group</td><td>Mine Feature</td></tr><tr><td>Location</td><td>Pinal, AZ</td></tr><tr><td>Commodity</td><td>copper; molybdenum; silver; gold</td></tr></table>",San Carlos Reservation,1,FALSE,TRUE,1,0
974,San Manuel,copper; molybdenum; silver; gold; rhenium,Deposit,"<a href=""https://mrdata.usgs.gov/deposit/html/Re-Mo00339"">San Manuel</a>: Deposit<table><tr><td>Feature group</td><td>Mineral Occurrence</td></tr><tr><td>Location</td><td>Pinal, AZ</td></tr><tr><td>Commodity</td><td>copper; molybdenum; silver; gold; rhenium</td></tr></table>",San Carlos Reservation,1,FALSE,TRUE,1,0
975,Kalamazoo,copper; molybdenum; silver; gold; rhenium; tellurium,Deposit,"<a href=""https://mrdata.usgs.gov/deposit/html/Re-Mo00340"">Kalamazoo</a>: Deposit<table><tr><td>Feature group</td><td>Mineral Occurrence</td></tr><tr><td>Location</td><td>Pinal, AZ</td></tr><tr><td>Commodity</td><td>copper; molybdenum; silver; gold; rhenium; tellurium</td></tr></table>",San Carlos Reservation,1,FALSE,TRUE,1,0
976,Globe-Miami District,copper; molybdenum; rhenium; gold; silver; turquoise; zinc,Mining District,"<a href=""https://mrdata.usgs.gov/deposit/html/Re-Mr00051"">Globe-Miami District</a>: Mining District<table><tr><td>Feature group</td><td>Mineral Region</td></tr><tr><td>Location</td><td>Gila, AZ</td></tr><tr><td>Commodity</td><td>copper; molybdenum; rhenium; gold; silver; turquoise; zinc</td></tr></table>",Fort Apache Reservation; San Carlos Reservation,2,FALSE,TRUE,1,1
977,Silver Bell District,rhenium; copper; silver; molybdenum; lead; zinc; gold,Mining District,"<a href=""https://mrdata.usgs.gov/deposit/html/Re-Mr00070"">Silver Bell District</a>: Mining District<table><tr><td>Feature group</td><td>Mineral Region</td></tr><tr><td>Location</td><td>Pima, AZ</td></tr><tr><td>Commodity</td><td>rhenium; copper; silver; molybdenum; lead; zinc; gold</td></tr></table>",Pascua Pueblo Yaqui Reservation and Off-Reservation Trust Land; Tohono O'odham Nation Reservation and Off-Reservation Trust Land,2,FALSE,TRUE,1,1
978,Vermilion Cliffs District,uranium; molybdenum; rhenium; lead; zinc; cadmium,Mining District,"<a href=""https://mrdata.usgs.gov/deposit/html/Re-Mr00071"">Vermilion Cliffs District</a>: Mining District<table><tr><td>Feature group</td><td>Mineral Region</td></tr><tr><td>Location</td><td>Coconino, AZ</td></tr><tr><td>Commodity</td><td>uranium; molybdenum; rhenium; lead; zinc; cadmium</td></tr></table>",Navajo Nation Reservation and Off-Reservation Trust Land,1,FALSE,TRUE,1,0
979,Bunker Hill District,copper; molybdenum; silver; gold; rhenium; osmium,Mining District,"<a href=""https://mrdata.usgs.gov/deposit/html/Re-Mr00072"">Bunker Hill District</a>: Mining District<table><tr><td>Feature group</td><td>Mineral Region</td></tr><tr><td>Location</td><td>Pinal, AZ</td></tr><tr><td>Commodity</td><td>copper; molybdenum; silver; gold; rhenium; osmium</td></tr></table>",San Carlos Reservation,1,FALSE,TRUE,1,0
980,San Manuel District,copper; molybdenum; silver; gold; rhenium,Mining District,"<a href=""https://mrdata.usgs.gov/deposit/html/Re-Mr00073"">San Manuel District</a>: Mining District<table><tr><td>Feature group</td><td>Mineral Region</td></tr><tr><td>Location</td><td>Pinal, AZ</td></tr><tr><td>Commodity</td><td>copper; molybdenum; silver; gold; rhenium</td></tr></table>",San Carlos Reservation,1,FALSE,TRUE,1,0
981,Wallapai District,rhenium; copper; molybdenum; silver; turquoise; lead; zinc; gold,Mining District,"<a href=""https://mrdata.usgs.gov/deposit/html/Re-Mr00074"">Wallapai District</a>: Mining District<table><tr><td>Feature group</td><td>Mineral Region</td></tr><tr><td>Location</td><td>Mohave, AZ</td></tr><tr><td>Commodity</td><td>rhenium; copper; molybdenum; silver; turquoise; lead; zinc; gold</td></tr></table>",Fort Mojave Reservation and Off-Reservation Trust Land; Hualapai Indian Reservation and Off-Reservation Trust Land,2,FALSE,TRUE,1,1
982,Eureka District,rhenium; copper; molybdenum; osmium; vanadium; uranium; zinc; gold; silver; lead,Mining District,"<a href=""https://mrdata.usgs.gov/deposit/html/Re-Mr00075"">Eureka District</a>: Mining District<table><tr><td>Feature group</td><td>Mineral Region</td></tr><tr><td>Location</td><td>Yavapai, AZ</td></tr><tr><td>Commodity</td><td>rhenium; copper; molybdenum; osmium; vanadium; uranium; zinc; gold; silver; lead</td></tr></table>",Hualapai Indian Reservation and Off-Reservation Trust Land,1,FALSE,TRUE,1,0
983,Mineral Creek District,copper; molybdenum; silver; rhenium; lead; zinc; gold,Mining District,"<a href=""https://mrdata.usgs.gov/deposit/html/Re-Mr00076"">Mineral Creek District</a>: Mining District<table><tr><td>Feature group</td><td>Mineral Region</td></tr><tr><td>Location</td><td>Pinal, AZ</td></tr><tr><td>Commodity</td><td>copper; molybdenum; silver; rhenium; lead; zinc; gold</td></tr></table>",Gila River Indian Reservation; San Carlos Reservation; Tohono O'odham Nation Reservation and Off-Reservation Trust Land,3,FALSE,TRUE,1,1
984,Climax Mine,molybdenum; tin; tungsten,Open Pit Mine,"<a href=""https://mrdata.usgs.gov/deposit/html/Re-Mf00240"">Climax Mine</a>: Open Pit Mine<table><tr><td>Feature group</td><td>Mine Feature</td></tr><tr><td>Location</td><td>Lake, CO</td></tr><tr><td>Commodity</td><td>molybdenum; tin; tungsten</td></tr></table>",,0,FALSE,FALSE,0,0
985,Climax,molybdenum; tungsten; rhenium; platinum-group elements; tin; rare earth elements,Deposit,"<a href=""https://mrdata.usgs.gov/deposit/html/Re-Mo00262"">Climax</a>: Deposit<table><tr><td>Feature group</td><td>Mineral Occurrence</td></tr><tr><td>Location</td><td>Lake, CO</td></tr><tr><td>Commodity</td><td>molybdenum; tungsten; rhenium; platinum-group elements; tin; rare earth elements</td></tr></table>",,0,FALSE,FALSE,0,0
986,Henderson Mine,molybdenum,Underground Workings,"<a href=""https://mrdata.usgs.gov/deposit/html/Re-Mf00241"">Henderson Mine</a>: Underground Workings<table><tr><td>Feature group</td><td>Mine Feature</td></tr><tr><td>Location</td><td>Clear Creek, CO</td></tr><tr><td>Commodity</td><td>molybdenum</td></tr></table>",,0,FALSE,FALSE,0,0
987,Urad Mine,molybdenum,Open Pit Mine,"<a href=""https://mrdata.usgs.gov/deposit/html/Re-Mf00242"">Urad Mine</a>: Open Pit Mine<table><tr><td>Feature group</td><td>Mine Feature</td></tr><tr><td>Location</td><td>Clear Creek, CO</td></tr><tr><td>Commodity</td><td>molybdenum</td></tr></table>",,0,FALSE,FALSE,0,0
988,Henderson,molybdenum; rhenium,Deposit,"<a href=""https://mrdata.usgs.gov/deposit/html/Re-Mo00263"">Henderson</a>: Deposit<table><tr><td>Feature group</td><td>Mineral Occurrence</td></tr><tr><td>Location</td><td>Clear Creek, CO</td></tr><tr><td>Commodity</td><td>molybdenum; rhenium</td></tr></table>",,0,FALSE,FALSE,0,0
989,Urad,molybdenum; rhenium,Deposit,"<a href=""https://mrdata.usgs.gov/deposit/html/Re-Mo00264"">Urad</a>: Deposit<table><tr><td>Feature group</td><td>Mineral Occurrence</td></tr><tr><td>Location</td><td>Clear Creek, CO</td></tr><tr><td>Commodity</td><td>molybdenum; rhenium</td></tr></table>",,0,FALSE,FALSE,0,0
990,Dailey District,molybdenum; rhenium,Mining District,"<a href=""https://mrdata.usgs.gov/deposit/html/Re-Mr00068"">Dailey District</a>: Mining District<table><tr><td>Feature group</td><td>Mineral Region</td></tr><tr><td>Location</td><td>Lake, CO</td></tr><tr><td>Commodity</td><td>molybdenum; rhenium</td></tr></table>",,0,FALSE,FALSE,0,0
991,Climax District,molybdenum; tungsten; rhenium; platinum-group elements; tin; rare earth elements,Mining District,"<a href=""https://mrdata.usgs.gov/deposit/html/Re-Mr00069"">Climax District</a>: Mining District<table><tr><td>Feature group</td><td>Mineral Region</td></tr><tr><td>Location</td><td>Lake, CO</td></tr><tr><td>Commodity</td><td>molybdenum; tungsten; rhenium; platinum-group elements; tin; rare earth elements</td></tr></table>",,0,FALSE,FALSE,0,0
992,Tomichi,copper; molybdenum; gold; silver; rhenium,Deposit,"<a href=""https://mrdata.usgs.gov/deposit/html/Re-Mo00508"">Tomichi</a>: Deposit<table><tr><td>Feature group</td><td>Mineral Occurrence</td></tr><tr><td>Location</td><td>Gunnison, CO</td></tr><tr><td>Commodity</td><td>copper; molybdenum; gold; silver; rhenium</td></tr></table>",,0,FALSE,FALSE,0,0
993,Tomichi District,copper; molybdenum; gold; silver; rhenium; lead; zinc,Mining District,"<a href=""https://mrdata.usgs.gov/deposit/html/Re-Mr00032"">Tomichi District</a>: Mining District<table><tr><td>Feature group</td><td>Mineral Region</td></tr><tr><td>Location</td><td>Gunnison, CO</td></tr><tr><td>Commodity</td><td>copper; molybdenum; gold; silver; rhenium; lead; zinc</td></tr></table>",,0,FALSE,FALSE,0,0
994,Thompson Creek Mine,rhenium; molybdenum,Open Pit Mine,"<a href=""https://mrdata.usgs.gov/deposit/html/Re-Mf00243"">Thompson Creek Mine</a>: Open Pit Mine<table><tr><td>Feature group</td><td>Mine Feature</td></tr><tr><td>Location</td><td>Custer, ID</td></tr><tr><td>Commodity</td><td>rhenium; molybdenum</td></tr></table>",,0,FALSE,FALSE,0,0
995,Thompson Creek,rhenium; molybdenum; copper,Deposit,"<a href=""https://mrdata.usgs.gov/deposit/html/Re-Mo00266"">Thompson Creek</a>: Deposit<table><tr><td>Feature group</td><td>Mineral Occurrence</td></tr><tr><td>Location</td><td>Custer, ID</td></tr><tr><td>Commodity</td><td>rhenium; molybdenum; copper</td></tr></table>",,0,FALSE,FALSE,0,0
996,Bayhorse District,rhenium; molybdenum; copper,Mining District,"<a href=""https://mrdata.usgs.gov/deposit/html/Re-Mr00065"">Bayhorse District</a>: Mining District<table><tr><td>Feature group</td><td>Mineral Region</td></tr><tr><td>Location</td><td>Custer, ID</td></tr><tr><td>Commodity</td><td>rhenium; molybdenum; copper</td></tr></table>",,0,FALSE,FALSE,0,0
997,CUMO,copper; molybdenum; silver; tungsten; rhenium; gallium,Deposit,"<a href=""https://mrdata.usgs.gov/deposit/html/Re-Mo00509"">CUMO</a>: Deposit<table><tr><td>Feature group</td><td>Mineral Occurrence</td></tr><tr><td>Location</td><td>Boise, ID</td></tr><tr><td>Commodity</td><td>copper; molybdenum; silver; tungsten; rhenium; gallium</td></tr></table>",,0,FALSE,FALSE,0,0
998,Berkeley Pit,copper; molybdenum,Open Pit Mine,"<a href=""https://mrdata.usgs.gov/deposit/html/Re-Mf00244"">Berkeley Pit</a>: Open Pit Mine<table><tr><td>Feature group</td><td>Mine Feature</td></tr><tr><td>Location</td><td>Silver Bow, MT</td></tr><tr><td>Commodity</td><td>copper; molybdenum</td></tr></table>",,0,FALSE,FALSE,0,0
999,Continental Mine,copper; molybdenum,Open Pit Mine,"<a href=""https://mrdata.usgs.gov/deposit/html/Re-Mf00245"">Continental Mine</a>: Open Pit Mine<table><tr><td>Feature group</td><td>Mine Feature</td></tr><tr><td>Location</td><td>Silver Bow, MT</td></tr><tr><td>Commodity</td><td>copper; molybdenum</td></tr></table>",,0,FALSE,FALSE,0,0
1000,Butte,copper; molybdenum; silver; gold; rhenium; arsenic,Deposit,"<a href=""https://mrdata.usgs.gov/deposit/html/Re-Mo00267"">Butte</a>: Deposit<table><tr><td>Feature group</td><td>Mineral Occurrence</td></tr><tr><td>Location</td><td>Silver Bow, MT</td></tr><tr><td>Commodity</td><td>copper; molybdenum; silver; gold; rhenium; arsenic</td></tr></table>",,0,FALSE,FALSE,0,0
1001,Butte District,copper; zinc; manganese; lead; silver; gold; molybdenum; rhenium,Mining District,"<a href=""https://mrdata.usgs.gov/deposit/html/Re-Mr00016"">Butte District</a>: Mining District<table><tr><td>Feature group</td><td>Mineral Region</td></tr><tr><td>Location</td><td>Silver Bow; Jefferson, MT</td></tr><tr><td>Commodity</td><td>copper; zinc; manganese; lead; silver; gold; molybdenum; rhenium</td></tr></table>",,0,FALSE,FALSE,0,0
1002,Chino Mine,rhenium; copper; gold; silver,Open Pit Mine,"<a href=""https://mrdata.usgs.gov/deposit/html/Re-Mf00236"">Chino Mine</a>: Open Pit Mine<table><tr><td>Feature group</td><td>Mine Feature</td></tr><tr><td>Location</td><td>Grant, NM</td></tr><tr><td>Commodity</td><td>rhenium; copper; gold; silver</td></tr></table>",,0,FALSE,FALSE,0,0
1003,Santa Rita,copper; iron; zinc; lead; rhenium; tellurium; gold; silver,Deposit,"<a href=""https://mrdata.usgs.gov/deposit/html/Re-Mo00243"">Santa Rita</a>: Deposit<table><tr><td>Feature group</td><td>Mineral Occurrence</td></tr><tr><td>Location</td><td>Grant, NM</td></tr><tr><td>Commodity</td><td>copper; iron; zinc; lead; rhenium; tellurium; gold; silver</td></tr></table>",,0,FALSE,FALSE,0,0
1004,Questa Mine,molybdenum; rhenium,Open Pit Mine,"<a href=""https://mrdata.usgs.gov/deposit/html/Re-Mf00246"">Questa Mine</a>: Open Pit Mine<table><tr><td>Feature group</td><td>Mine Feature</td></tr><tr><td>Location</td><td>Taos, NM</td></tr><tr><td>Commodity</td><td>molybdenum; rhenium</td></tr></table>",Picuris Pueblo; Taos Pueblo and Off-Reservation Trust Land,2,FALSE,TRUE,1,1
1005,Questa,rhenium; molybdenum,Deposit,"<a href=""https://mrdata.usgs.gov/deposit/html/Re-Mo00268"">Questa</a>: Deposit<table><tr><td>Feature group</td><td>Mineral Occurrence</td></tr><tr><td>Location</td><td>Taos, NM</td></tr><tr><td>Commodity</td><td>rhenium; molybdenum</td></tr></table>",Picuris Pueblo; Taos Pueblo and Off-Reservation Trust Land,2,FALSE,TRUE,1,1
1006,Questa District,molybdenum; beryllium; alunite; fluorine,Mining District,"<a href=""https://mrdata.usgs.gov/deposit/html/Re-Mr00066"">Questa District</a>: Mining District<table><tr><td>Feature group</td><td>Mineral Region</td></tr><tr><td>Location</td><td>Taos, NM</td></tr><tr><td>Commodity</td><td>molybdenum; beryllium; alunite; fluorine</td></tr></table>",Picuris Pueblo; Taos Pueblo and Off-Reservation Trust Land,2,FALSE,TRUE,1,1
1007,Santa Rita District,copper; gold; silver; molybdenum; iron; limestone; zinc; lead; antimony; beryllium,Mining District,"<a href=""https://mrdata.usgs.gov/deposit/html/Re-Mr00067"">Santa Rita District</a>: Mining District<table><tr><td>Feature group</td><td>Mineral Region</td></tr><tr><td>Location</td><td>Grant, NM</td></tr><tr><td>Commodity</td><td>copper; gold; silver; molybdenum; iron; limestone; zinc; lead; antimony; beryllium</td></tr></table>",,0,FALSE,FALSE,0,0
1008,Ruth Pit,copper,Open Pit Mine,"<a href=""https://mrdata.usgs.gov/deposit/html/Re-Mf00276"">Ruth Pit</a>: Open Pit Mine<table><tr><td>Feature group</td><td>Mine Feature</td></tr><tr><td>Location</td><td>White Pine, NV</td></tr><tr><td>Commodity</td><td>copper</td></tr></table>",Ely Reservation,1,FALSE,TRUE,1,0
1009,Liberty Pit,copper,Open Pit Mine,"<a href=""https://mrdata.usgs.gov/deposit/html/Re-Mf00277"">Liberty Pit</a>: Open Pit Mine<table><tr><td>Feature group</td><td>Mine Feature</td></tr><tr><td>Location</td><td>White Pine, NV</td></tr><tr><td>Commodity</td><td>copper</td></tr></table>",Ely Reservation,1,FALSE,TRUE,1,0
1010,Tripp-Veteran Pit,copper,Open Pit Mine,"<a href=""https://mrdata.usgs.gov/deposit/html/Re-Mf00278"">Tripp-Veteran Pit</a>: Open Pit Mine<table><tr><td>Feature group</td><td>Mine Feature</td></tr><tr><td>Location</td><td>White Pine, NV</td></tr><tr><td>Commodity</td><td>copper</td></tr></table>",Ely Reservation,1,FALSE,TRUE,1,0
1011,Robinson Mine,copper; gold; molybdenum; silver; lead; zinc; manganese; rhenium; palladium; platinum,Open Pit Mine,"<a href=""https://mrdata.usgs.gov/deposit/html/Re-Mf00279"">Robinson Mine</a>: Open Pit Mine<table><tr><td>Feature group</td><td>Mine Feature</td></tr><tr><td>Location</td><td>White Pine, NV</td></tr><tr><td>Commodity</td><td>copper; gold; molybdenum; silver; lead; zinc; manganese; rhenium; palladium; platinum</td></tr></table>",Ely Reservation,1,FALSE,TRUE,1,0
1012,Kimbley Pit,copper,Open Pit Mine,"<a href=""https://mrdata.usgs.gov/deposit/html/Re-Mf00363"">Kimbley Pit</a>: Open Pit Mine<table><tr><td>Feature group</td><td>Mine Feature</td></tr><tr><td>Location</td><td>White Pine, NV</td></tr><tr><td>Commodity</td><td>copper</td></tr></table>",Ely Reservation,1,FALSE,TRUE,1,0
1013,Emma Mine,copper,Open Pit Mine,"<a href=""https://mrdata.usgs.gov/deposit/html/Re-Mf00365"">Emma Mine</a>: Open Pit Mine<table><tr><td>Feature group</td><td>Mine Feature</td></tr><tr><td>Location</td><td>White Pine, NV</td></tr><tr><td>Commodity</td><td>copper</td></tr></table>",Ely Reservation,1,FALSE,TRUE,1,0
1014,Kimbley,copper; tellurium; rhenium,Deposit,"<a href=""https://mrdata.usgs.gov/deposit/html/Re-Mo00356"">Kimbley</a>: Deposit<table><tr><td>Feature group</td><td>Mineral Occurrence</td></tr><tr><td>Location</td><td>White Pine, NV</td></tr><tr><td>Commodity</td><td>copper; tellurium; rhenium</td></tr></table>",Ely Reservation,1,FALSE,TRUE,1,0
1015,Ruth,copper; molybdenum,Deposit,"<a href=""https://mrdata.usgs.gov/deposit/html/Re-Mo00357"">Ruth</a>: Deposit<table><tr><td>Feature group</td><td>Mineral Occurrence</td></tr><tr><td>Location</td><td>White Pine, NV</td></tr><tr><td>Commodity</td><td>copper; molybdenum</td></tr></table>",Ely Reservation,1,FALSE,TRUE,1,0
1016,Liberty,copper,Deposit,"<a href=""https://mrdata.usgs.gov/deposit/html/Re-Mo00358"">Liberty</a>: Deposit<table><tr><td>Feature group</td><td>Mineral Occurrence</td></tr><tr><td>Location</td><td>White Pine, NV</td></tr><tr><td>Commodity</td><td>copper</td></tr></table>",Ely Reservation,1,FALSE,TRUE,1,0
1017,Tripp,copper,Deposit,"<a href=""https://mrdata.usgs.gov/deposit/html/Re-Mo00359"">Tripp</a>: Deposit<table><tr><td>Feature group</td><td>Mineral Occurrence</td></tr><tr><td>Location</td><td>White Pine, NV</td></tr><tr><td>Commodity</td><td>copper</td></tr></table>",Ely Reservation,1,FALSE,TRUE,1,0
1018,Veteran,copper; gold,Deposit,"<a href=""https://mrdata.usgs.gov/deposit/html/Re-Mo00360"">Veteran</a>: Deposit<table><tr><td>Feature group</td><td>Mineral Occurrence</td></tr><tr><td>Location</td><td>White Pine, NV</td></tr><tr><td>Commodity</td><td>copper; gold</td></tr></table>",Ely Reservation,1,FALSE,TRUE,1,0
1019,Emma,copper,Deposit,"<a href=""https://mrdata.usgs.gov/deposit/html/Re-Mo00445"">Emma</a>: Deposit<table><tr><td>Feature group</td><td>Mineral Occurrence</td></tr><tr><td>Location</td><td>White Pine, NV</td></tr><tr><td>Commodity</td><td>copper</td></tr></table>",Ely Reservation,1,FALSE,TRUE,1,0
1020,Alpha,copper,Deposit,"<a href=""https://mrdata.usgs.gov/deposit/html/Re-Mo00447"">Alpha</a>: Deposit<table><tr><td>Feature group</td><td>Mineral Occurrence</td></tr><tr><td>Location</td><td>White Pine, NV</td></tr><tr><td>Commodity</td><td>copper</td></tr></table>",Ely Reservation,1,FALSE,TRUE,1,0
1021,Richard,copper,Deposit,"<a href=""https://mrdata.usgs.gov/deposit/html/Re-Mo00448"">Richard</a>: Deposit<table><tr><td>Feature group</td><td>Mineral Occurrence</td></tr><tr><td>Location</td><td>White Pine, NV</td></tr><tr><td>Commodity</td><td>copper</td></tr></table>",Ely Reservation,1,FALSE,TRUE,1,0
1022,Taylor,copper; tungsten,Deposit,"<a href=""https://mrdata.usgs.gov/deposit/html/Re-Mo00449"">Taylor</a>: Deposit<table><tr><td>Feature group</td><td>Mineral Occurrence</td></tr><tr><td>Location</td><td>White Pine, NV</td></tr><tr><td>Commodity</td><td>copper; tungsten</td></tr></table>",Ely Reservation,1,FALSE,TRUE,1,0
1023,Wedge,copper; gold,Deposit,"<a href=""https://mrdata.usgs.gov/deposit/html/Re-Mo00450"">Wedge</a>: Deposit<table><tr><td>Feature group</td><td>Mineral Occurrence</td></tr><tr><td>Location</td><td>White Pine, NV</td></tr><tr><td>Commodity</td><td>copper; gold</td></tr></table>",Ely Reservation,1,FALSE,TRUE,1,0
1024,Robinson District,copper; gold; molybdenum; silver; lead; zinc; manganese; rhenium; palladium; platinum,Mining District,"<a href=""https://mrdata.usgs.gov/deposit/html/Re-Mr00063"">Robinson District</a>: Mining District<table><tr><td>Feature group</td><td>Mineral Region</td></tr><tr><td>Location</td><td>White Pine, NV</td></tr><tr><td>Commodity</td><td>copper; gold; molybdenum; silver; lead; zinc; manganese; rhenium; palladium; platinum</td></tr></table>",Ely Reservation,1,FALSE,TRUE,1,0
1025,Runge Mine,uranium; vanadium,Open Pit Mine,"<a href=""https://mrdata.usgs.gov/deposit/html/Re-Mf00256"">Runge Mine</a>: Open Pit Mine<table><tr><td>Feature group</td><td>Mine Feature</td></tr><tr><td>Location</td><td>Fall River, SD</td></tr><tr><td>Commodity</td><td>uranium; vanadium</td></tr></table>",,0,FALSE,FALSE,0,0
1026,Runge,uranium; vanadium; rhenium; molybdenum,Deposit,"<a href=""https://mrdata.usgs.gov/deposit/html/Re-Mo00317"">Runge</a>: Deposit<table><tr><td>Feature group</td><td>Mineral Occurrence</td></tr><tr><td>Location</td><td>Fall River, SD</td></tr><tr><td>Commodity</td><td>uranium; vanadium; rhenium; molybdenum</td></tr></table>",,0,FALSE,FALSE,0,0
1027,Bingham Canyon Mine,rhenium; copper; molybdenum; gold; silver; sulfuric acid,Open Pit Mine,"<a href=""https://mrdata.usgs.gov/deposit/html/Re-Mf00235"">Bingham Canyon Mine</a>: Open Pit Mine<table><tr><td>Feature group</td><td>Mine Feature</td></tr><tr><td>Location</td><td>Salt Lake, UT</td></tr><tr><td>Commodity</td><td>rhenium; copper; molybdenum; gold; silver; sulfuric acid</td></tr></table>",Skull Valley Reservation,1,FALSE,TRUE,1,0
1028,Carr Fork Mine,copper; gold; silver,Underground Workings,"<a href=""https://mrdata.usgs.gov/deposit/html/Re-Mf00274"">Carr Fork Mine</a>: Underground Workings<table><tr><td>Feature group</td><td>Mine Feature</td></tr><tr><td>Location</td><td>Salt Lake, UT</td></tr><tr><td>Commodity</td><td>copper; gold; silver</td></tr></table>",Skull Valley Reservation,1,FALSE,TRUE,1,0
1029,Bingham,copper; molybdenum; gold; silver; lead; zinc; sulfuric acid; rhenium; platinum-group elements; selenium; tellurium; arsenic; uranium; indium; titanium,Deposit,"<a href=""https://mrdata.usgs.gov/deposit/html/Re-Mo00284"">Bingham</a>: Deposit<table><tr><td>Feature group</td><td>Mineral Occurrence</td></tr><tr><td>Location</td><td>Salt Lake, UT</td></tr><tr><td>Commodity</td><td>copper; molybdenum; gold; silver; lead; zinc; sulfuric acid; rhenium; platinum-group elements; selenium; tellurium; arsenic; uranium; indium; titanium</td></tr></table>",Skull Valley Reservation,1,FALSE,TRUE,1,0
1030,Carr Fork,copper; gold; molybdenum; silver; lead; zinc,Deposit,"<a href=""https://mrdata.usgs.gov/deposit/html/Re-Mo00352"">Carr Fork</a>: Deposit<table><tr><td>Feature group</td><td>Mineral Occurrence</td></tr><tr><td>Location</td><td>Salt Lake, UT</td></tr><tr><td>Commodity</td><td>copper; gold; molybdenum; silver; lead; zinc</td></tr></table>",Skull Valley Reservation,1,FALSE,TRUE,1,0
1031,North Ore Shoot,copper; gold; molybdenum; silver; lead; zinc,Deposit,"<a href=""https://mrdata.usgs.gov/deposit/html/Re-Mo00353"">North Ore Shoot</a>: Deposit<table><tr><td>Feature group</td><td>Mineral Occurrence</td></tr><tr><td>Location</td><td>Salt Lake, UT</td></tr><tr><td>Commodity</td><td>copper; gold; molybdenum; silver; lead; zinc</td></tr></table>",Skull Valley Reservation,1,FALSE,TRUE,1,0
1032,Fortuna,copper,Prospect,"<a href=""https://mrdata.usgs.gov/deposit/html/Re-Mo00354"">Fortuna</a>: Prospect<table><tr><td>Feature group</td><td>Mineral Occurrence</td></tr><tr><td>Location</td><td>Salt Lake, UT</td></tr><tr><td>Commodity</td><td>copper</td></tr></table>",Skull Valley Reservation,1,FALSE,TRUE,1,0
1033,Bingham District,copper; molybdenum; gold; silver; lead; zinc; sulfuric acid; rhenium; platinum-group elements; selenium; tellurium; arsenic; uranium; indium; titanium,Mining District,"<a href=""https://mrdata.usgs.gov/deposit/html/Re-Mr00077"">Bingham District</a>: Mining District<table><tr><td>Feature group</td><td>Mineral Region</td></tr><tr><td>Location</td><td>Salt Lake; Tooele; Utah, UT</td></tr><tr><td>Commodity</td><td>copper; molybdenum; gold; silver; lead; zinc; sulfuric acid; rhenium; platinum-group elements; selenium; tellurium; arsenic; uranium; indium; titanium</td></tr></table>",Skull Valley Reservation,1,FALSE,TRUE,1,0
1034,Mount Tolman,rhenium; molybdenum; copper,Deposit,"<a href=""https://mrdata.usgs.gov/deposit/html/Re-Mo00261"">Mount Tolman</a>: Deposit<table><tr><td>Feature group</td><td>Mineral Occurrence</td></tr><tr><td>Location</td><td>Ferry, WA</td></tr><tr><td>Commodity</td><td>rhenium; molybdenum; copper</td></tr></table>",Colville,1,TRUE,FALSE,1,0
1035,"Butte, Berkeley pit",arsenic; bismuth; cadmium; copper; gold; lead; manganese; molybdenum; selenium; silver; sulfuric acid; tellurium; zinc,Open Pit Mine,"<a href=""https://mrdata.usgs.gov/deposit/html/Te-Mf00244"">Butte, Berkeley pit</a>: Open Pit Mine<table><tr><td>Feature group</td><td>Mine Feature</td></tr><tr><td>Location</td><td>Silver Bow, MT</td></tr><tr><td>Commodity</td><td>arsenic; bismuth; cadmium; copper; gold; lead; manganese; molybdenum; selenium; silver; sulfuric acid; tellurium; zinc</td></tr></table>",,0,FALSE,FALSE,0,0
1036,"Butte, Continental pit",arsenic; bismuth; cadmium; copper; gold; lead; manganese; molybdenum; selenium; silver; sulfuric acid; tellurium; zinc,Open Pit Mine,"<a href=""https://mrdata.usgs.gov/deposit/html/Te-Mf00245"">Butte, Continental pit</a>: Open Pit Mine<table><tr><td>Feature group</td><td>Mine Feature</td></tr><tr><td>Location</td><td>Silver Bow, MT</td></tr><tr><td>Commodity</td><td>arsenic; bismuth; cadmium; copper; gold; lead; manganese; molybdenum; selenium; silver; sulfuric acid; tellurium; zinc</td></tr></table>",,0,FALSE,FALSE,0,0
1037,"Butte, Butte deposit",arsenic; bismuth; cadmium; copper; gold; lead; manganese; molybdenum; rhenium; selenium; silver; sulfuric acid; tellurium; zinc,Deposit,"<a href=""https://mrdata.usgs.gov/deposit/html/Te-Mo00783"">Butte, Butte deposit</a>: Deposit<table><tr><td>Feature group</td><td>Mineral Occurrence</td></tr><tr><td>Location</td><td>Silver Bow, MT</td></tr><tr><td>Commodity</td><td>arsenic; bismuth; cadmium; copper; gold; lead; manganese; molybdenum; rhenium; selenium; silver; sulfuric acid; tellurium; zinc</td></tr></table>",,0,FALSE,FALSE,0,0
1038,Butte Mining District,arsenic; bismuth; cadmium; copper; gold; lead; manganese; molybdenum; nickel; rhenium; selenium; silver; sulfuric acid; sulfur; tellurium; zinc,Mining District,"<a href=""https://mrdata.usgs.gov/deposit/html/Te-Mr00016"">Butte Mining District</a>: Mining District<table><tr><td>Feature group</td><td>Mineral Region</td></tr><tr><td>Location</td><td>Silver Bow; Jefferson, MT</td></tr><tr><td>Commodity</td><td>arsenic; bismuth; cadmium; copper; gold; lead; manganese; molybdenum; nickel; rhenium; selenium; silver; sulfuric acid; sulfur; tellurium; zinc</td></tr></table>",,0,FALSE,FALSE,0,0
1039,"Butte, Berkeley pit",arsenic; bismuth; cadmium; copper; gold; lead; manganese; molybdenum; selenium; silver; sulfuric acid; tellurium; zinc,Open Pit Mine,"<a href=""https://mrdata.usgs.gov/deposit/html/Te-Mf00244"">Butte, Berkeley pit</a>: Open Pit Mine<table><tr><td>Feature group</td><td>Mine Feature</td></tr><tr><td>Location</td><td>Silver Bow, MT</td></tr><tr><td>Commodity</td><td>arsenic; bismuth; cadmium; copper; gold; lead; manganese; molybdenum; selenium; silver; sulfuric acid; tellurium; zinc</td></tr></table>",,0,FALSE,FALSE,0,0
1040,"Butte, Continental pit",arsenic; bismuth; cadmium; copper; gold; lead; manganese; molybdenum; selenium; silver; sulfuric acid; tellurium; zinc,Open Pit Mine,"<a href=""https://mrdata.usgs.gov/deposit/html/Te-Mf00245"">Butte, Continental pit</a>: Open Pit Mine<table><tr><td>Feature group</td><td>Mine Feature</td></tr><tr><td>Location</td><td>Silver Bow, MT</td></tr><tr><td>Commodity</td><td>arsenic; bismuth; cadmium; copper; gold; lead; manganese; molybdenum; selenium; silver; sulfuric acid; tellurium; zinc</td></tr></table>",,0,FALSE,FALSE,0,0
1041,"Butte, Butte deposit",arsenic; bismuth; cadmium; copper; gold; lead; manganese; molybdenum; rhenium; selenium; silver; sulfuric acid; tellurium; zinc,Deposit,"<a href=""https://mrdata.usgs.gov/deposit/html/Te-Mo00783"">Butte, Butte deposit</a>: Deposit<table><tr><td>Feature group</td><td>Mineral Occurrence</td></tr><tr><td>Location</td><td>Silver Bow, MT</td></tr><tr><td>Commodity</td><td>arsenic; bismuth; cadmium; copper; gold; lead; manganese; molybdenum; rhenium; selenium; silver; sulfuric acid; tellurium; zinc</td></tr></table>",,0,FALSE,FALSE,0,0
1042,Butte Mining District,arsenic; bismuth; cadmium; copper; gold; lead; manganese; molybdenum; nickel; rhenium; selenium; silver; sulfuric acid; sulfur; tellurium; zinc,Mining District,"<a href=""https://mrdata.usgs.gov/deposit/html/Te-Mr00016"">Butte Mining District</a>: Mining District<table><tr><td>Feature group</td><td>Mineral Region</td></tr><tr><td>Location</td><td>Silver Bow; Jefferson, MT</td></tr><tr><td>Commodity</td><td>arsenic; bismuth; cadmium; copper; gold; lead; manganese; molybdenum; nickel; rhenium; selenium; silver; sulfuric acid; sulfur; tellurium; zinc</td></tr></table>",,0,FALSE,FALSE,0,0
1043,Port Clarence District,tin; tungsten; gold; tantalum; niobium,Mineral District,"<a href=""https://mrdata.usgs.gov/deposit/html/Sn-Mr00082"">Port Clarence District</a>: Mineral District<table><tr><td>Feature group</td><td>Mineral Region</td></tr><tr><td>Location</td><td>Nome, AK</td></tr><tr><td>Commodity</td><td>tin; tungsten; gold; tantalum; niobium</td></tr></table>",Brevig Mission ANVSA; Shishmaref ANVSA; Teller ANVSA,3,FALSE,TRUE,1,1
1044,Aniak District,tin; copper; silver; zinc; cerium; lanthanum; samarium; thorium; uranium; tungsten; zirconium; gold; mercury; lead,Mineral District,"<a href=""https://mrdata.usgs.gov/deposit/html/Sn-Mr00085"">Aniak District</a>: Mineral District<table><tr><td>Feature group</td><td>Mineral Region</td></tr><tr><td>Location</td><td>Bethel, AK</td></tr><tr><td>Commodity</td><td>tin; copper; silver; zinc; cerium; lanthanum; samarium; thorium; uranium; tungsten; zirconium; gold; mercury; lead</td></tr></table>",Crooked Creek ANVSA; Napaimute ANVSA; Red Devil ANVSA; Sleetmute ANVSA,4,FALSE,TRUE,1,1
1045,Goodwin Gulch,tin,Placer Mine,"<a href=""https://mrdata.usgs.gov/deposit/html/Sn-Mf00533"">Goodwin Gulch</a>: Placer Mine<table><tr><td>Feature group</td><td>Mine Feature</td></tr><tr><td>Location</td><td>Nome, AK</td></tr><tr><td>Commodity</td><td>tin</td></tr></table>",Inalik ANVSA; Wales ANVSA,2,FALSE,TRUE,1,1
1046,Goodwin Gulch,tin,Deposit,"<a href=""https://mrdata.usgs.gov/deposit/html/Sn-Mo00688"">Goodwin Gulch</a>: Deposit<table><tr><td>Feature group</td><td>Mineral Occurrence</td></tr><tr><td>Location</td><td>Nome, AK</td></tr><tr><td>Commodity</td><td>tin</td></tr></table>",Inalik ANVSA; Wales ANVSA,2,FALSE,TRUE,1,1
1047,Circle District,tin; rare earth elements; thorium; uranium; tungsten,Mineral District,"<a href=""https://mrdata.usgs.gov/deposit/html/Sn-Mr00087"">Circle District</a>: Mineral District<table><tr><td>Feature group</td><td>Mineral Region</td></tr><tr><td>Location</td><td>Yukon-Koyukuk, AK</td></tr><tr><td>Commodity</td><td>tin; rare earth elements; thorium; uranium; tungsten</td></tr></table>",Circle ANVSA,1,FALSE,TRUE,1,0
1048,Lost River Mine,tin; tungsten,Portal Mine,"<a href=""https://mrdata.usgs.gov/deposit/html/Sn-Mf00354"">Lost River Mine</a>: Portal Mine<table><tr><td>Feature group</td><td>Mine Feature</td></tr><tr><td>Location</td><td>Nome, AK</td></tr><tr><td>Commodity</td><td>tin; tungsten</td></tr></table>",Brevig Mission ANVSA; Teller ANVSA; Wales ANVSA,3,FALSE,TRUE,1,1
1049,Cassiterite Dike,tin; tungsten; fluorine; beryllium,Deposit,"<a href=""https://mrdata.usgs.gov/deposit/html/Sn-Mo00527"">Cassiterite Dike</a>: Deposit<table><tr><td>Feature group</td><td>Mineral Occurrence</td></tr><tr><td>Location</td><td>Nome, AK</td></tr><tr><td>Commodity</td><td>tin; tungsten; fluorine; beryllium</td></tr></table>",Brevig Mission ANVSA; Teller ANVSA; Wales ANVSA,3,FALSE,TRUE,1,1
1050,Ida Bell Dike,tin; tungsten,Deposit,"<a href=""https://mrdata.usgs.gov/deposit/html/Sn-Mo00528"">Ida Bell Dike</a>: Deposit<table><tr><td>Feature group</td><td>Mineral Occurrence</td></tr><tr><td>Location</td><td>Nome, AK</td></tr><tr><td>Commodity</td><td>tin; tungsten</td></tr></table>",Brevig Mission ANVSA; Teller ANVSA; Wales ANVSA,3,FALSE,TRUE,1,1
1051,Melozitna District,tin; gold; silver; rare earth elements; niobium; titanium; tungsten; zirconium; tantalum,Mineral District,"<a href=""https://mrdata.usgs.gov/deposit/html/Sn-Mr00088"">Melozitna District</a>: Mineral District<table><tr><td>Feature group</td><td>Mineral Region</td></tr><tr><td>Location</td><td>Yukon-Koyukuk, AK</td></tr><tr><td>Commodity</td><td>tin; gold; silver; rare earth elements; niobium; titanium; tungsten; zirconium; tantalum</td></tr></table>",Tanana ANVSA,1,FALSE,TRUE,1,0
1052,Hot Springs District,tin; gold; silver; rare earth elements; niobium; uranium; niobium; zirconium; phosphorus pentoxide; titanium,Mineral District,"<a href=""https://mrdata.usgs.gov/deposit/html/Sn-Mr00089"">Hot Springs District</a>: Mineral District<table><tr><td>Feature group</td><td>Mineral Region</td></tr><tr><td>Location</td><td>Yukon-Koyukuk, AK</td></tr><tr><td>Commodity</td><td>tin; gold; silver; rare earth elements; niobium; uranium; niobium; zirconium; phosphorus pentoxide; titanium</td></tr></table>",Manley Hot Springs ANVSA; Tanana ANVSA,2,FALSE,TRUE,1,1
1053,Ruby District,tin; gold; bismuth,Mineral District,"<a href=""https://mrdata.usgs.gov/deposit/html/Sn-Mr00104"">Ruby District</a>: Mineral District<table><tr><td>Feature group</td><td>Mineral Region</td></tr><tr><td>Location</td><td>Yukon-Koyukuk, AK</td></tr><tr><td>Commodity</td><td>tin; gold; bismuth</td></tr></table>",Ruby ANVSA,1,FALSE,TRUE,1,0
1054,Mcgrath District,cerium; lanthanum; niobium; titanium; zirconium; iron; tin; thorium; uranium; rare earth elements; silver,Mineral District,"<a href=""https://mrdata.usgs.gov/deposit/html/Sn-Mr00105"">Mcgrath District</a>: Mineral District<table><tr><td>Feature group</td><td>Mineral Region</td></tr><tr><td>Location</td><td>Yukon-Koyukuk, AK</td></tr><tr><td>Commodity</td><td>cerium; lanthanum; niobium; titanium; zirconium; iron; tin; thorium; uranium; rare earth elements; silver</td></tr></table>",Nikolai ANVSA,1,FALSE,TRUE,1,0
1055,Tolovana District,tin,Mineral District,"<a href=""https://mrdata.usgs.gov/deposit/html/Sn-Mr00141"">Tolovana District</a>: Mineral District<table><tr><td>Feature group</td><td>Mineral Region</td></tr><tr><td>Location</td><td>Yukon-Koyukuk, AK</td></tr><tr><td>Commodity</td><td>tin</td></tr></table>",,0,FALSE,FALSE,0,0
1056,Bristol Bay Region,tin; tungsten,Mineral District,"<a href=""https://mrdata.usgs.gov/deposit/html/Sn-Mr00013"">Bristol Bay Region</a>: Mineral District<table><tr><td>Feature group</td><td>Mineral Region</td></tr><tr><td>Location</td><td>Dillingham, AK</td></tr><tr><td>Commodity</td><td>tin; tungsten</td></tr></table>",Igiugig ANVSA; New Koliganek ANVSA; New Stuyahok ANVSA,3,FALSE,TRUE,1,1
1057,Cape Creek,tin,Placer Mine,"<a href=""https://mrdata.usgs.gov/deposit/html/Sn-Mf00343"">Cape Creek</a>: Placer Mine<table><tr><td>Feature group</td><td>Mine Feature</td></tr><tr><td>Location</td><td>Nome, AK</td></tr><tr><td>Commodity</td><td>tin</td></tr></table>",Inalik ANVSA; Wales ANVSA,2,FALSE,TRUE,1,1
1058,Cape Creek,tin,Deposit,"<a href=""https://mrdata.usgs.gov/deposit/html/Sn-Mo00689"">Cape Creek</a>: Deposit<table><tr><td>Feature group</td><td>Mineral Occurrence</td></tr><tr><td>Location</td><td>Nome, AK</td></tr><tr><td>Commodity</td><td>tin</td></tr></table>",Inalik ANVSA; Wales ANVSA,2,FALSE,TRUE,1,1
1059,Buck Creek,tin,Placer Mine,"<a href=""https://mrdata.usgs.gov/deposit/html/Sn-Mf00347"">Buck Creek</a>: Placer Mine<table><tr><td>Feature group</td><td>Mine Feature</td></tr><tr><td>Location</td><td>Nome, AK</td></tr><tr><td>Commodity</td><td>tin</td></tr></table>",Wales ANVSA,1,FALSE,TRUE,1,0
1060,Buck Creek,tin,Deposit,"<a href=""https://mrdata.usgs.gov/deposit/html/Sn-Mo00378"">Buck Creek</a>: Deposit<table><tr><td>Feature group</td><td>Mineral Occurrence</td></tr><tr><td>Location</td><td>Nome, AK</td></tr><tr><td>Commodity</td><td>tin</td></tr></table>",Wales ANVSA,1,FALSE,TRUE,1,0
1061,Glacier Creek,gold; tin; bismuth,Placer Mine,"<a href=""https://mrdata.usgs.gov/deposit/html/Sn-Mf00440"">Glacier Creek</a>: Placer Mine<table><tr><td>Feature group</td><td>Mine Feature</td></tr><tr><td>Location</td><td>Yukon-Koyukuk, AK</td></tr><tr><td>Commodity</td><td>gold; tin; bismuth</td></tr></table>",Ruby ANVSA,1,FALSE,TRUE,1,0
1062,Glacier Creek,gold; tin; bismuth,Deposit,"<a href=""https://mrdata.usgs.gov/deposit/html/Sn-Mo00337"">Glacier Creek</a>: Deposit<table><tr><td>Feature group</td><td>Mineral Occurrence</td></tr><tr><td>Location</td><td>Yukon-Koyukuk, AK</td></tr><tr><td>Commodity</td><td>gold; tin; bismuth</td></tr></table>",Ruby ANVSA,1,FALSE,TRUE,1,0
1063,Bismarck Creek,tin; copper; silver; zinc,Deposit,"<a href=""https://mrdata.usgs.gov/deposit/html/Sn-Mo00330"">Bismarck Creek</a>: Deposit<table><tr><td>Feature group</td><td>Mineral Occurrence</td></tr><tr><td>Location</td><td>Yukon-Koyukuk, AK</td></tr><tr><td>Commodity</td><td>tin; copper; silver; zinc</td></tr></table>",,0,FALSE,FALSE,0,0
1064,Won,tin,Deposit,"<a href=""https://mrdata.usgs.gov/deposit/html/Sn-Mo00332"">Won</a>: Deposit<table><tr><td>Feature group</td><td>Mineral Occurrence</td></tr><tr><td>Location</td><td>Yukon-Koyukuk, AK</td></tr><tr><td>Commodity</td><td>tin</td></tr></table>",Takotna ANVSA,1,FALSE,TRUE,1,0
1065,Sleitat Mountain,tin; tungsten,Deposit,"<a href=""https://mrdata.usgs.gov/deposit/html/Sn-Mo00336"">Sleitat Mountain</a>: Deposit<table><tr><td>Feature group</td><td>Mineral Occurrence</td></tr><tr><td>Location</td><td>Dillingham, AK</td></tr><tr><td>Commodity</td><td>tin; tungsten</td></tr></table>",New Koliganek ANVSA,1,FALSE,TRUE,1,0
1066,Bartels Mine,tin,Portal Mine,"<a href=""https://mrdata.usgs.gov/deposit/html/Sn-Mf00350"">Bartels Mine</a>: Portal Mine<table><tr><td>Feature group</td><td>Mine Feature</td></tr><tr><td>Location</td><td>Nome, AK</td></tr><tr><td>Commodity</td><td>tin</td></tr></table>",Inalik ANVSA; Wales ANVSA,2,FALSE,TRUE,1,1
1067,Cape Mountain,tin,Deposit,"<a href=""https://mrdata.usgs.gov/deposit/html/Sn-Mo00547"">Cape Mountain</a>: Deposit<table><tr><td>Feature group</td><td>Mineral Occurrence</td></tr><tr><td>Location</td><td>Nome, AK</td></tr><tr><td>Commodity</td><td>tin</td></tr></table>",Inalik ANVSA; Wales ANVSA,2,FALSE,TRUE,1,1
1068,Mason Creek,gold; tin,Placer Mine,"<a href=""https://mrdata.usgs.gov/deposit/html/Sn-Mf00445"">Mason Creek</a>: Placer Mine<table><tr><td>Feature group</td><td>Mine Feature</td></tr><tr><td>Location</td><td>Yukon-Koyukuk, AK</td></tr><tr><td>Commodity</td><td>gold; tin</td></tr></table>",Tanana ANVSA,1,FALSE,TRUE,1,0
1069,Mason Creek,gold; tin,Deposit,"<a href=""https://mrdata.usgs.gov/deposit/html/Sn-Mo00429"">Mason Creek</a>: Deposit<table><tr><td>Feature group</td><td>Mineral Occurrence</td></tr><tr><td>Location</td><td>Yukon-Koyukuk, AK</td></tr><tr><td>Commodity</td><td>gold; tin</td></tr></table>",Tanana ANVSA,1,FALSE,TRUE,1,0
1070,Fifth of July Creek,gold; tin,Placer Mine,"<a href=""https://mrdata.usgs.gov/deposit/html/Sn-Mf00439"">Fifth of July Creek</a>: Placer Mine<table><tr><td>Feature group</td><td>Mine Feature</td></tr><tr><td>Location</td><td>Yukon-Koyukuk, AK</td></tr><tr><td>Commodity</td><td>gold; tin</td></tr></table>",Ruby ANVSA,1,FALSE,TRUE,1,0
1071,Fifth of July Creek,gold; tin,Deposit,"<a href=""https://mrdata.usgs.gov/deposit/html/Sn-Mo00430"">Fifth of July Creek</a>: Deposit<table><tr><td>Feature group</td><td>Mineral Occurrence</td></tr><tr><td>Location</td><td>Yukon-Koyukuk, AK</td></tr><tr><td>Commodity</td><td>gold; tin</td></tr></table>",Ruby ANVSA,1,FALSE,TRUE,1,0
1072,Greenstone Creek,gold; tin,Placer Mine,"<a href=""https://mrdata.usgs.gov/deposit/html/Sn-Mf00441"">Greenstone Creek</a>: Placer Mine<table><tr><td>Feature group</td><td>Mine Feature</td></tr><tr><td>Location</td><td>Yukon-Koyukuk, AK</td></tr><tr><td>Commodity</td><td>gold; tin</td></tr></table>",Ruby ANVSA,1,FALSE,TRUE,1,0
1073,Greenstone Creek,gold; tin,Deposit,"<a href=""https://mrdata.usgs.gov/deposit/html/Sn-Mo00431"">Greenstone Creek</a>: Deposit<table><tr><td>Feature group</td><td>Mineral Occurrence</td></tr><tr><td>Location</td><td>Yukon-Koyukuk, AK</td></tr><tr><td>Commodity</td><td>gold; tin</td></tr></table>",Ruby ANVSA,1,FALSE,TRUE,1,0
1074,Tozimoran Creek,tin,Placer Mine,"<a href=""https://mrdata.usgs.gov/deposit/html/Sn-Mf00407"">Tozimoran Creek</a>: Placer Mine<table><tr><td>Feature group</td><td>Mine Feature</td></tr><tr><td>Location</td><td>Yukon-Koyukuk, AK</td></tr><tr><td>Commodity</td><td>tin</td></tr></table>",Tanana ANVSA,1,FALSE,TRUE,1,0
1075,Tozimoran Creek,tin; gold,Deposit,"<a href=""https://mrdata.usgs.gov/deposit/html/Sn-Mo00432"">Tozimoran Creek</a>: Deposit<table><tr><td>Feature group</td><td>Mineral Occurrence</td></tr><tr><td>Location</td><td>Yukon-Koyukuk, AK</td></tr><tr><td>Commodity</td><td>tin; gold</td></tr></table>",Tanana ANVSA,1,FALSE,TRUE,1,0
1076,Cassiterite Creek,tin,Placer Mine,"<a href=""https://mrdata.usgs.gov/deposit/html/Sn-Mf00423"">Cassiterite Creek</a>: Placer Mine<table><tr><td>Feature group</td><td>Mine Feature</td></tr><tr><td>Location</td><td>Nome, AK</td></tr><tr><td>Commodity</td><td>tin</td></tr></table>",Brevig Mission ANVSA; Teller ANVSA; Wales ANVSA,3,FALSE,TRUE,1,1
1077,Cassiterite Creek,tin,Deposit,"<a href=""https://mrdata.usgs.gov/deposit/html/Sn-Mo00434"">Cassiterite Creek</a>: Deposit<table><tr><td>Feature group</td><td>Mineral Occurrence</td></tr><tr><td>Location</td><td>Nome, AK</td></tr><tr><td>Commodity</td><td>tin</td></tr></table>",Brevig Mission ANVSA; Teller ANVSA; Wales ANVSA,3,FALSE,TRUE,1,1
1078,Midnight Creek,gold; tin,Placer Mine,"<a href=""https://mrdata.usgs.gov/deposit/html/Sn-Mf00442"">Midnight Creek</a>: Placer Mine<table><tr><td>Feature group</td><td>Mine Feature</td></tr><tr><td>Location</td><td>Yukon-Koyukuk, AK</td></tr><tr><td>Commodity</td><td>gold; tin</td></tr></table>",Ruby ANVSA,1,FALSE,TRUE,1,0
1079,Midnight Creek,gold; tin,Deposit,"<a href=""https://mrdata.usgs.gov/deposit/html/Sn-Mo00435"">Midnight Creek</a>: Deposit<table><tr><td>Feature group</td><td>Mineral Occurrence</td></tr><tr><td>Location</td><td>Yukon-Koyukuk, AK</td></tr><tr><td>Commodity</td><td>gold; tin</td></tr></table>",Ruby ANVSA,1,FALSE,TRUE,1,0
1080,Kougarok,tin; tantalum; niobium,Deposit,"<a href=""https://mrdata.usgs.gov/deposit/html/Sn-Mo00338"">Kougarok</a>: Deposit<table><tr><td>Feature group</td><td>Mineral Occurrence</td></tr><tr><td>Location</td><td>Nome, AK</td></tr><tr><td>Commodity</td><td>tin; tantalum; niobium</td></tr></table>",,0,FALSE,FALSE,0,0
1081,Cache Creek,gold; silver; tin,Placer Mine,"<a href=""https://mrdata.usgs.gov/deposit/html/Sn-Mf00443"">Cache Creek</a>: Placer Mine<table><tr><td>Feature group</td><td>Mine Feature</td></tr><tr><td>Location</td><td>Yukon-Koyukuk, AK</td></tr><tr><td>Commodity</td><td>gold; silver; tin</td></tr></table>",Manley Hot Springs ANVSA; Rampart ANVSA; Tanana ANVSA,3,FALSE,TRUE,1,1
1082,Dalton Gulch,gold; tin,Placer Mine,"<a href=""https://mrdata.usgs.gov/deposit/html/Sn-Mf00376"">Dalton Gulch</a>: Placer Mine<table><tr><td>Feature group</td><td>Mine Feature</td></tr><tr><td>Location</td><td>Yukon-Koyukuk, AK</td></tr><tr><td>Commodity</td><td>gold; tin</td></tr></table>",Manley Hot Springs ANVSA; Rampart ANVSA; Tanana ANVSA,3,FALSE,TRUE,1,1
1083,Dalton Gulch,gold; tin,Deposit,"<a href=""https://mrdata.usgs.gov/deposit/html/Sn-Mo00437"">Dalton Gulch</a>: Deposit<table><tr><td>Feature group</td><td>Mineral Occurrence</td></tr><tr><td>Location</td><td>Yukon-Koyukuk, AK</td></tr><tr><td>Commodity</td><td>gold; tin</td></tr></table>",Manley Hot Springs ANVSA; Rampart ANVSA; Tanana ANVSA,3,FALSE,TRUE,1,1
1084,Deep Creek,gold; silver; tin,Placer Mine,"<a href=""https://mrdata.usgs.gov/deposit/html/Sn-Mf00371"">Deep Creek</a>: Placer Mine<table><tr><td>Feature group</td><td>Mine Feature</td></tr><tr><td>Location</td><td>Yukon-Koyukuk, AK</td></tr><tr><td>Commodity</td><td>gold; silver; tin</td></tr></table>",Manley Hot Springs ANVSA; Tanana ANVSA,2,FALSE,TRUE,1,1
1085,Deep Creek,gold; silver; tin,Deposit,"<a href=""https://mrdata.usgs.gov/deposit/html/Sn-Mo00438"">Deep Creek</a>: Deposit<table><tr><td>Feature group</td><td>Mineral Occurrence</td></tr><tr><td>Location</td><td>Yukon-Koyukuk, AK</td></tr><tr><td>Commodity</td><td>gold; silver; tin</td></tr></table>",Manley Hot Springs ANVSA; Tanana ANVSA,2,FALSE,TRUE,1,1
1086,Woodchopper Creek,gold; silver; tin,Placer Mine,"<a href=""https://mrdata.usgs.gov/deposit/html/Sn-Mf00370"">Woodchopper Creek</a>: Placer Mine<table><tr><td>Feature group</td><td>Mine Feature</td></tr><tr><td>Location</td><td>Yukon-Koyukuk, AK</td></tr><tr><td>Commodity</td><td>gold; silver; tin</td></tr></table>",Manley Hot Springs ANVSA; Tanana ANVSA,2,FALSE,TRUE,1,1
1087,Woodchopper Creek,gold; silver; tin,Deposit,"<a href=""https://mrdata.usgs.gov/deposit/html/Sn-Mo00440"">Woodchopper Creek</a>: Deposit<table><tr><td>Feature group</td><td>Mineral Occurrence</td></tr><tr><td>Location</td><td>Yukon-Koyukuk, AK</td></tr><tr><td>Commodity</td><td>gold; silver; tin</td></tr></table>",Manley Hot Springs ANVSA; Tanana ANVSA,2,FALSE,TRUE,1,1
1088,Lime Peak Pluton,tin,Deposit,"<a href=""https://mrdata.usgs.gov/deposit/html/Sn-Mo00383"">Lime Peak Pluton</a>: Deposit<table><tr><td>Feature group</td><td>Mineral Occurrence</td></tr><tr><td>Location</td><td>Yukon-Koyukuk, AK</td></tr><tr><td>Commodity</td><td>tin</td></tr></table>",,0,FALSE,FALSE,0,0
1089,Miller Gulch,gold; silver; tin,Placer Mine,"<a href=""https://mrdata.usgs.gov/deposit/html/Sn-Mf00372"">Miller Gulch</a>: Placer Mine<table><tr><td>Feature group</td><td>Mine Feature</td></tr><tr><td>Location</td><td>Yukon-Koyukuk, AK</td></tr><tr><td>Commodity</td><td>gold; silver; tin</td></tr></table>",Manley Hot Springs ANVSA; Tanana ANVSA,2,FALSE,TRUE,1,1
1090,Miller Gulch,gold; silver; tin,Deposit,"<a href=""https://mrdata.usgs.gov/deposit/html/Sn-Mo00441"">Miller Gulch</a>: Deposit<table><tr><td>Feature group</td><td>Mineral Occurrence</td></tr><tr><td>Location</td><td>Yukon-Koyukuk, AK</td></tr><tr><td>Commodity</td><td>gold; silver; tin</td></tr></table>",Manley Hot Springs ANVSA; Tanana ANVSA,2,FALSE,TRUE,1,1
1091,Coal Creek,tin; silver; gold; tungsten; copper; lead; zinc,Deposit,"<a href=""https://mrdata.usgs.gov/deposit/html/Sn-Mo00374"">Coal Creek</a>: Deposit<table><tr><td>Feature group</td><td>Mineral Occurrence</td></tr><tr><td>Location</td><td>Matanuska-Susitna, AK</td></tr><tr><td>Commodity</td><td>tin; silver; gold; tungsten; copper; lead; zinc</td></tr></table>",Chickaloon ANVSA; Knik ANVSA,2,FALSE,TRUE,1,1
1092,Idaho Gulch,gold; tin,Placer Mine,"<a href=""https://mrdata.usgs.gov/deposit/html/Sn-Mf00375"">Idaho Gulch</a>: Placer Mine<table><tr><td>Feature group</td><td>Mine Feature</td></tr><tr><td>Location</td><td>Yukon-Koyukuk, AK</td></tr><tr><td>Commodity</td><td>gold; tin</td></tr></table>",Manley Hot Springs ANVSA; Rampart ANVSA; Tanana ANVSA,3,FALSE,TRUE,1,1
1093,Idaho Gulch,gold; silver; tin,Deposit,"<a href=""https://mrdata.usgs.gov/deposit/html/Sn-Mo00439"">Idaho Gulch</a>: Deposit<table><tr><td>Feature group</td><td>Mineral Occurrence</td></tr><tr><td>Location</td><td>Yukon-Koyukuk, AK</td></tr><tr><td>Commodity</td><td>gold; silver; tin</td></tr></table>",Manley Hot Springs ANVSA; Rampart ANVSA; Tanana ANVSA,3,FALSE,TRUE,1,1
1094,Tofty Gulch,gold; silver; tin,Placer Mine,"<a href=""https://mrdata.usgs.gov/deposit/html/Sn-Mf00373"">Tofty Gulch</a>: Placer Mine<table><tr><td>Feature group</td><td>Mine Feature</td></tr><tr><td>Location</td><td>Yukon-Koyukuk, AK</td></tr><tr><td>Commodity</td><td>gold; silver; tin</td></tr></table>",Manley Hot Springs ANVSA; Rampart ANVSA; Tanana ANVSA,3,FALSE,TRUE,1,1
1095,Tofty Gulch,gold; silver; tin,Deposit,"<a href=""https://mrdata.usgs.gov/deposit/html/Sn-Mo00453"">Tofty Gulch</a>: Deposit<table><tr><td>Feature group</td><td>Mineral Occurrence</td></tr><tr><td>Location</td><td>Yukon-Koyukuk, AK</td></tr><tr><td>Commodity</td><td>gold; silver; tin</td></tr></table>",Manley Hot Springs ANVSA; Rampart ANVSA; Tanana ANVSA,3,FALSE,TRUE,1,1
1096,Sullivan Creek,gold; silver; tin,Placer Mine,"<a href=""https://mrdata.usgs.gov/deposit/html/Sn-Mf00374"">Sullivan Creek</a>: Placer Mine<table><tr><td>Feature group</td><td>Mine Feature</td></tr><tr><td>Location</td><td>Yukon-Koyukuk, AK</td></tr><tr><td>Commodity</td><td>gold; silver; tin</td></tr></table>",Manley Hot Springs ANVSA; Rampart ANVSA; Tanana ANVSA,3,FALSE,TRUE,1,1
1097,Sullivan Creek,gold; silver; tin,Deposit,"<a href=""https://mrdata.usgs.gov/deposit/html/Sn-Mo00446"">Sullivan Creek</a>: Deposit<table><tr><td>Feature group</td><td>Mineral Occurrence</td></tr><tr><td>Location</td><td>Yukon-Koyukuk, AK</td></tr><tr><td>Commodity</td><td>gold; silver; tin</td></tr></table>",Manley Hot Springs ANVSA; Rampart ANVSA; Tanana ANVSA,3,FALSE,TRUE,1,1
1098,Patterson Creek,gold; silver; tin,Placer Mine,"<a href=""https://mrdata.usgs.gov/deposit/html/Sn-Mf00444"">Patterson Creek</a>: Placer Mine<table><tr><td>Feature group</td><td>Mine Feature</td></tr><tr><td>Location</td><td>Yukon-Koyukuk, AK</td></tr><tr><td>Commodity</td><td>gold; silver; tin</td></tr></table>",Manley Hot Springs ANVSA; Tanana ANVSA,2,FALSE,TRUE,1,1
1099,Patterson Creek,gold; silver; tin,Deposit,"<a href=""https://mrdata.usgs.gov/deposit/html/Sn-Mo00454"">Patterson Creek</a>: Deposit<table><tr><td>Feature group</td><td>Mineral Occurrence</td></tr><tr><td>Location</td><td>Yukon-Koyukuk, AK</td></tr><tr><td>Commodity</td><td>gold; silver; tin</td></tr></table>",Manley Hot Springs ANVSA; Tanana ANVSA,2,FALSE,TRUE,1,1
1100,Birch Creek,gold; tin,Placer Mine,"<a href=""https://mrdata.usgs.gov/deposit/html/Sn-Mf00451"">Birch Creek</a>: Placer Mine<table><tr><td>Feature group</td><td>Mine Feature</td></tr><tr><td>Location</td><td>Yukon-Koyukuk, AK</td></tr><tr><td>Commodity</td><td>gold; tin</td></tr></table>",Ruby ANVSA,1,FALSE,TRUE,1,0
1101,Birch Creek,gold; tin,Deposit,"<a href=""https://mrdata.usgs.gov/deposit/html/Sn-Mo00455"">Birch Creek</a>: Deposit<table><tr><td>Feature group</td><td>Mineral Occurrence</td></tr><tr><td>Location</td><td>Yukon-Koyukuk, AK</td></tr><tr><td>Commodity</td><td>gold; tin</td></tr></table>",Ruby ANVSA,1,FALSE,TRUE,1,0
1102,Daisy,tin,Shaft Mine,"<a href=""https://mrdata.usgs.gov/deposit/html/Sn-Mf00369"">Daisy</a>: Shaft Mine<table><tr><td>Feature group</td><td>Mine Feature</td></tr><tr><td>Location</td><td>Nome, AK</td></tr><tr><td>Commodity</td><td>tin</td></tr></table>",Wales ANVSA,1,FALSE,TRUE,1,0
1103,Potato Mountain,tin,Deposit,"<a href=""https://mrdata.usgs.gov/deposit/html/Sn-Mo00461"">Potato Mountain</a>: Deposit<table><tr><td>Feature group</td><td>Mineral Occurrence</td></tr><tr><td>Location</td><td>Nome, AK</td></tr><tr><td>Commodity</td><td>tin</td></tr></table>",Wales ANVSA,1,FALSE,TRUE,1,0
1104,Anikovik River,tin; gold,Placer Mine,"<a href=""https://mrdata.usgs.gov/deposit/html/Sn-Mf00460"">Anikovik River</a>: Placer Mine<table><tr><td>Feature group</td><td>Mine Feature</td></tr><tr><td>Location</td><td>Nome, AK</td></tr><tr><td>Commodity</td><td>tin; gold</td></tr></table>",Brevig Mission ANVSA; Wales ANVSA,2,FALSE,TRUE,1,1
1105,Anikovik River,tin; gold,Deposit,"<a href=""https://mrdata.usgs.gov/deposit/html/Sn-Mo00387"">Anikovik River</a>: Deposit<table><tr><td>Feature group</td><td>Mineral Occurrence</td></tr><tr><td>Location</td><td>Nome, AK</td></tr><tr><td>Commodity</td><td>tin; gold</td></tr></table>",Brevig Mission ANVSA; Wales ANVSA,2,FALSE,TRUE,1,1
1106,Big Creek,gold; tin,Placer Mine,"<a href=""https://mrdata.usgs.gov/deposit/html/Sn-Mf00453"">Big Creek</a>: Placer Mine<table><tr><td>Feature group</td><td>Mine Feature</td></tr><tr><td>Location</td><td>Yukon-Koyukuk, AK</td></tr><tr><td>Commodity</td><td>gold; tin</td></tr></table>",Ruby ANVSA,1,FALSE,TRUE,1,0
1107,Big Creek,gold; tin,Deposit,"<a href=""https://mrdata.usgs.gov/deposit/html/Sn-Mo00325"">Big Creek</a>: Deposit<table><tr><td>Feature group</td><td>Mineral Occurrence</td></tr><tr><td>Location</td><td>Yukon-Koyukuk, AK</td></tr><tr><td>Commodity</td><td>gold; tin</td></tr></table>",Ruby ANVSA,1,FALSE,TRUE,1,0
1108,Boulder Creek,tin; silver,Deposit,"<a href=""https://mrdata.usgs.gov/deposit/html/Sn-Mo00492"">Boulder Creek</a>: Deposit<table><tr><td>Feature group</td><td>Mineral Occurrence</td></tr><tr><td>Location</td><td>Denali, AK</td></tr><tr><td>Commodity</td><td>tin; silver</td></tr></table>",Knik ANVSA,1,FALSE,TRUE,1,0
1109,Bonanza Creek,gold; silver; tin,Deposit,"<a href=""https://mrdata.usgs.gov/deposit/html/Sn-Mo00546"">Bonanza Creek</a>: Deposit<table><tr><td>Feature group</td><td>Mineral Occurrence</td></tr><tr><td>Location</td><td>Yukon-Koyukuk, AK</td></tr><tr><td>Commodity</td><td>gold; silver; tin</td></tr></table>",Manley Hot Springs ANVSA; Rampart ANVSA; Tanana ANVSA,3,FALSE,TRUE,1,1
1110,Valdez Creek District,tin; silver; gold; tungsten; copper; lead; zinc,Mining District,"<a href=""https://mrdata.usgs.gov/deposit/html/Sn-Mr00083"">Valdez Creek District</a>: Mining District<table><tr><td>Feature group</td><td>Mineral Region</td></tr><tr><td>Location</td><td>Denali; Southeast Fairbanks; Valdez-Cordova; Matanuska-Susitna, AK</td></tr><tr><td>Commodity</td><td>tin; silver; gold; tungsten; copper; lead; zinc</td></tr></table>",Chickaloon,1,TRUE,FALSE,1,0
1111,McAllister,tin; tantalum,Deposit,"<a href=""https://mrdata.usgs.gov/deposit/html/Sn-Mo00515"">McAllister</a>: Deposit<table><tr><td>Feature group</td><td>Mineral Occurrence</td></tr><tr><td>Location</td><td>Coosa, AL</td></tr><tr><td>Commodity</td><td>tin; tantalum</td></tr></table>",Poarch Creek Reservation and Off-Reservation Trust Land,1,FALSE,TRUE,1,0
1112,No. 1 Mine,tin,Portal Mine,"<a href=""https://mrdata.usgs.gov/deposit/html/Sn-Mf00508"">No. 1 Mine</a>: Portal Mine<table><tr><td>Feature group</td><td>Mine Feature</td></tr><tr><td>Location</td><td>Coosa, AL</td></tr><tr><td>Commodity</td><td>tin</td></tr></table>",Poarch Creek Reservation and Off-Reservation Trust Land,1,FALSE,TRUE,1,0
1113,No. 2 Mine,tin,Portal Mine,"<a href=""https://mrdata.usgs.gov/deposit/html/Sn-Mf00509"">No. 2 Mine</a>: Portal Mine<table><tr><td>Feature group</td><td>Mine Feature</td></tr><tr><td>Location</td><td>Coosa, AL</td></tr><tr><td>Commodity</td><td>tin</td></tr></table>",Poarch Creek Reservation and Off-Reservation Trust Land,1,FALSE,TRUE,1,0
1114,No. 7 Mine,tin,Portal Mine,"<a href=""https://mrdata.usgs.gov/deposit/html/Sn-Mf00511"">No. 7 Mine</a>: Portal Mine<table><tr><td>Feature group</td><td>Mine Feature</td></tr><tr><td>Location</td><td>Coosa, AL</td></tr><tr><td>Commodity</td><td>tin</td></tr></table>",Poarch Creek Reservation and Off-Reservation Trust Land,1,FALSE,TRUE,1,0
1115,Coosa Cassiterite,tin,Deposit,"<a href=""https://mrdata.usgs.gov/deposit/html/Sn-Mo00517"">Coosa Cassiterite</a>: Deposit<table><tr><td>Feature group</td><td>Mineral Occurrence</td></tr><tr><td>Location</td><td>Coosa, AL</td></tr><tr><td>Commodity</td><td>tin</td></tr></table>",Poarch Creek Reservation and Off-Reservation Trust Land,1,FALSE,TRUE,1,0
1116,Gorman District,tin; iron; tungsten,Mining District,"<a href=""https://mrdata.usgs.gov/deposit/html/Sn-Mr00143"">Gorman District</a>: Mining District<table><tr><td>Feature group</td><td>Mineral Region</td></tr><tr><td>Location</td><td>Kern, CA</td></tr><tr><td>Commodity</td><td>tin; iron; tungsten</td></tr></table>",,0,FALSE,FALSE,0,0
1117,Meeke Mine,tin,Underground Workings,"<a href=""https://mrdata.usgs.gov/deposit/html/Sn-Mf00573"">Meeke Mine</a>: Underground Workings<table><tr><td>Feature group</td><td>Mine Feature</td></tr><tr><td>Location</td><td>Kern, CA</td></tr><tr><td>Commodity</td><td>tin</td></tr></table>",,0,FALSE,FALSE,0,0
1118,"Meeke, West gossan",tin,Deposit,"<a href=""https://mrdata.usgs.gov/deposit/html/Sn-Mo00725"">Meeke, West gossan</a>: Deposit<table><tr><td>Feature group</td><td>Mineral Occurrence</td></tr><tr><td>Location</td><td>Kern, CA</td></tr><tr><td>Commodity</td><td>tin</td></tr></table>",,0,FALSE,FALSE,0,0
1119,"Meeke, East gossan",tin,Deposit,"<a href=""https://mrdata.usgs.gov/deposit/html/Sn-Mo00726"">Meeke, East gossan</a>: Deposit<table><tr><td>Feature group</td><td>Mineral Occurrence</td></tr><tr><td>Location</td><td>Kern, CA</td></tr><tr><td>Commodity</td><td>tin</td></tr></table>",,0,FALSE,FALSE,0,0
1120,Upper Butler,tin,Deposit,"<a href=""https://mrdata.usgs.gov/deposit/html/Sn-Mo00727"">Upper Butler</a>: Deposit<table><tr><td>Feature group</td><td>Mineral Occurrence</td></tr><tr><td>Location</td><td>Kern, CA</td></tr><tr><td>Commodity</td><td>tin</td></tr></table>",,0,FALSE,FALSE,0,0
1121,Crowbar Gulch,tin; tungsten,Deposit,"<a href=""https://mrdata.usgs.gov/deposit/html/Sn-Mo00728"">Crowbar Gulch</a>: Deposit<table><tr><td>Feature group</td><td>Mineral Occurrence</td></tr><tr><td>Location</td><td>Kern, CA</td></tr><tr><td>Commodity</td><td>tin; tungsten</td></tr></table>",,0,FALSE,FALSE,0,0
1122,Climax Mine,molybdenum; tin; tungsten,Open Pit Mine,"<a href=""https://mrdata.usgs.gov/deposit/html/Sn-Mf00240"">Climax Mine</a>: Open Pit Mine<table><tr><td>Feature group</td><td>Mine Feature</td></tr><tr><td>Location</td><td>Lake, CO</td></tr><tr><td>Commodity</td><td>molybdenum; tin; tungsten</td></tr></table>",,0,FALSE,FALSE,0,0
1123,Climax,molybdenum; tungsten; rhenium; platinum-group elements; tin; rare earth elements,Deposit,"<a href=""https://mrdata.usgs.gov/deposit/html/Sn-Mo00262"">Climax</a>: Deposit<table><tr><td>Feature group</td><td>Mineral Occurrence</td></tr><tr><td>Location</td><td>Lake, CO</td></tr><tr><td>Commodity</td><td>molybdenum; tungsten; rhenium; platinum-group elements; tin; rare earth elements</td></tr></table>",,0,FALSE,FALSE,0,0
1124,Climax District,molybdenum; tungsten; rhenium; platinum-group elements; tin; rare earth elements,Mining District,"<a href=""https://mrdata.usgs.gov/deposit/html/Sn-Mr00069"">Climax District</a>: Mining District<table><tr><td>Feature group</td><td>Mineral Region</td></tr><tr><td>Location</td><td>Lake, CO</td></tr><tr><td>Commodity</td><td>molybdenum; tungsten; rhenium; platinum-group elements; tin; rare earth elements</td></tr></table>",,0,FALSE,FALSE,0,0
1125,Black Range District,tin,Mining District,"<a href=""https://mrdata.usgs.gov/deposit/html/Sn-Mr00142"">Black Range District</a>: Mining District<table><tr><td>Feature group</td><td>Mineral Region</td></tr><tr><td>Location</td><td>Catron; Grant; Sierra, NM</td></tr><tr><td>Commodity</td><td>tin</td></tr></table>",,0,FALSE,FALSE,0,0
1126,Cowboy Mine,tin,Underground Workings,"<a href=""https://mrdata.usgs.gov/deposit/html/Sn-Mf00450"">Cowboy Mine</a>: Underground Workings<table><tr><td>Feature group</td><td>Mine Feature</td></tr><tr><td>Location</td><td>Pennington, SD</td></tr><tr><td>Commodity</td><td>tin</td></tr></table>",Shakopee Mdewakanton Sioux Community and Off-Reservation Trust Land,1,FALSE,TRUE,1,0
1127,Cowboy,tin,Deposit,"<a href=""https://mrdata.usgs.gov/deposit/html/Sn-Mo00510"">Cowboy</a>: Deposit<table><tr><td>Feature group</td><td>Mineral Occurrence</td></tr><tr><td>Location</td><td>Pennington, SD</td></tr><tr><td>Commodity</td><td>tin</td></tr></table>",Shakopee Mdewakanton Sioux Community and Off-Reservation Trust Land,1,FALSE,TRUE,1,0
1128,Gertie Mine,tin,Underground Workings,"<a href=""https://mrdata.usgs.gov/deposit/html/Sn-Mf00452"">Gertie Mine</a>: Underground Workings<table><tr><td>Feature group</td><td>Mine Feature</td></tr><tr><td>Location</td><td>Pennington, SD</td></tr><tr><td>Commodity</td><td>tin</td></tr></table>",Shakopee Mdewakanton Sioux Community and Off-Reservation Trust Land,1,FALSE,TRUE,1,0
1129,Gertie,tin,Deposit,"<a href=""https://mrdata.usgs.gov/deposit/html/Sn-Mo00511"">Gertie</a>: Deposit<table><tr><td>Feature group</td><td>Mineral Occurrence</td></tr><tr><td>Location</td><td>Pennington, SD</td></tr><tr><td>Commodity</td><td>tin</td></tr></table>",Shakopee Mdewakanton Sioux Community and Off-Reservation Trust Land,1,FALSE,TRUE,1,0
1130,Addie Mine,tin,Underground Workings,"<a href=""https://mrdata.usgs.gov/deposit/html/Sn-Mf00454"">Addie Mine</a>: Underground Workings<table><tr><td>Feature group</td><td>Mine Feature</td></tr><tr><td>Location</td><td>Pennington, SD</td></tr><tr><td>Commodity</td><td>tin</td></tr></table>",Pine Ridge Reservation; Shakopee Mdewakanton Sioux Community and Off-Reservation Trust Land,2,FALSE,TRUE,1,1
1131,Addie,tin,Deposit,"<a href=""https://mrdata.usgs.gov/deposit/html/Sn-Mo00462"">Addie</a>: Deposit<table><tr><td>Feature group</td><td>Mineral Occurrence</td></tr><tr><td>Location</td><td>Pennington, SD</td></tr><tr><td>Commodity</td><td>tin</td></tr></table>",Pine Ridge Reservation; Shakopee Mdewakanton Sioux Community and Off-Reservation Trust Land,2,FALSE,TRUE,1,1
1132,Etta Mine,tin; lithium; beryllium; mica,Underground Workings,"<a href=""https://mrdata.usgs.gov/deposit/html/Sn-Mf00456"">Etta Mine</a>: Underground Workings<table><tr><td>Feature group</td><td>Mine Feature</td></tr><tr><td>Location</td><td>Pennington, SD</td></tr><tr><td>Commodity</td><td>tin; lithium; beryllium; mica</td></tr></table>",Pine Ridge Reservation; Shakopee Mdewakanton Sioux Community and Off-Reservation Trust Land,2,FALSE,TRUE,1,1
1133,Etta,tin; lithium; beryllium; mica,Deposit,"<a href=""https://mrdata.usgs.gov/deposit/html/Sn-Mo00514"">Etta</a>: Deposit<table><tr><td>Feature group</td><td>Mineral Occurrence</td></tr><tr><td>Location</td><td>Pennington, SD</td></tr><tr><td>Commodity</td><td>tin; lithium; beryllium; mica</td></tr></table>",Pine Ridge Reservation; Shakopee Mdewakanton Sioux Community and Off-Reservation Trust Land,2,FALSE,TRUE,1,1
1134,Peerless Mine,tin; mica; beryllium; lithium; feldspar; niobium; tantalum,Underground Workings,"<a href=""https://mrdata.usgs.gov/deposit/html/Sn-Mf00473"">Peerless Mine</a>: Underground Workings<table><tr><td>Feature group</td><td>Mine Feature</td></tr><tr><td>Location</td><td>Pennington, SD</td></tr><tr><td>Commodity</td><td>tin; mica; beryllium; lithium; feldspar; niobium; tantalum</td></tr></table>",Pine Ridge Reservation; Shakopee Mdewakanton Sioux Community and Off-Reservation Trust Land,2,FALSE,TRUE,1,1
1135,Peerless,tin; mica; beryllium; lithium; feldspar; niobium; tantalum,Deposit,"<a href=""https://mrdata.usgs.gov/deposit/html/Sn-Mo00710"">Peerless</a>: Deposit<table><tr><td>Feature group</td><td>Mineral Occurrence</td></tr><tr><td>Location</td><td>Pennington, SD</td></tr><tr><td>Commodity</td><td>tin; mica; beryllium; lithium; feldspar; niobium; tantalum</td></tr></table>",Pine Ridge Reservation; Shakopee Mdewakanton Sioux Community and Off-Reservation Trust Land,2,FALSE,TRUE,1,1
1136,Tin Boom Mine,tin,Deposit,"<a href=""https://mrdata.usgs.gov/deposit/html/Sn-Mf00474"">Tin Boom Mine</a>: Deposit<table><tr><td>Feature group</td><td>Mineral Occurrence</td></tr><tr><td>Location</td><td>Pennington, SD</td></tr><tr><td>Commodity</td><td>tin</td></tr></table>",Shakopee Mdewakanton Sioux Community and Off-Reservation Trust Land,1,FALSE,TRUE,1,0
1137,Tin Boom,tin,Deposit,"<a href=""https://mrdata.usgs.gov/deposit/html/Sn-Mo00513"">Tin Boom</a>: Deposit<table><tr><td>Feature group</td><td>Mineral Occurrence</td></tr><tr><td>Location</td><td>Pennington, SD</td></tr><tr><td>Commodity</td><td>tin</td></tr></table>",Shakopee Mdewakanton Sioux Community and Off-Reservation Trust Land,1,FALSE,TRUE,1,0
1138,Rough and Ready Mine,tin,Underground Workings,"<a href=""https://mrdata.usgs.gov/deposit/html/Sn-Mf00481"">Rough and Ready Mine</a>: Underground Workings<table><tr><td>Feature group</td><td>Mine Feature</td></tr><tr><td>Location</td><td>Lawrence, SD</td></tr><tr><td>Commodity</td><td>tin</td></tr></table>",Northern Cheyenne Indian Reservation and Off-Reservation Trust Land; Shakopee Mdewakanton Sioux Community and Off-Reservation Trust Land,2,FALSE,TRUE,1,1
1139,Rough and Ready,tin,Deposit,"<a href=""https://mrdata.usgs.gov/deposit/html/Sn-Mo00512"">Rough and Ready</a>: Deposit<table><tr><td>Feature group</td><td>Mineral Occurrence</td></tr><tr><td>Location</td><td>Lawrence, SD</td></tr><tr><td>Commodity</td><td>tin</td></tr></table>",Northern Cheyenne Indian Reservation and Off-Reservation Trust Land; Shakopee Mdewakanton Sioux Community and Off-Reservation Trust Land,2,FALSE,TRUE,1,1
1140,Tinton District,tin; feldspar,Mineral District,"<a href=""https://mrdata.usgs.gov/deposit/html/Sn-Mr00113"">Tinton District</a>: Mineral District<table><tr><td>Feature group</td><td>Mineral Region</td></tr><tr><td>Location</td><td>Lawrence; Crook, SD; WY</td></tr><tr><td>Commodity</td><td>tin; feldspar</td></tr></table>",Northern Cheyenne Indian Reservation and Off-Reservation Trust Land; Shakopee Mdewakanton Sioux Community and Off-Reservation Trust Land,2,FALSE,TRUE,1,1
1141,Hill City District,tin,Mineral District,"<a href=""https://mrdata.usgs.gov/deposit/html/Sn-Mr00112"">Hill City District</a>: Mineral District<table><tr><td>Feature group</td><td>Mineral Region</td></tr><tr><td>Location</td><td>Pennington, SD</td></tr><tr><td>Commodity</td><td>tin</td></tr></table>",Shakopee Mdewakanton Sioux Community and Off-Reservation Trust Land,1,FALSE,TRUE,1,0
1142,Hugo District,tin; mica; beryllium; lithium; feldspar; niobium; tantalum,Mineral District,"<a href=""https://mrdata.usgs.gov/deposit/html/Sn-Mr00139"">Hugo District</a>: Mineral District<table><tr><td>Feature group</td><td>Mineral Region</td></tr><tr><td>Location</td><td>Pennington; Custer, SD</td></tr><tr><td>Commodity</td><td>tin; mica; beryllium; lithium; feldspar; niobium; tantalum</td></tr></table>",Pine Ridge Reservation; Shakopee Mdewakanton Sioux Community and Off-Reservation Trust Land,2,FALSE,TRUE,1,1
1143,Etta District,lithium; beryllium; tin; mica,Mineral District,"<a href=""https://mrdata.usgs.gov/deposit/html/Sn-Mr00140"">Etta District</a>: Mineral District<table><tr><td>Feature group</td><td>Mineral Region</td></tr><tr><td>Location</td><td>Pennington; Custer, SD</td></tr><tr><td>Commodity</td><td>lithium; beryllium; tin; mica</td></tr></table>",Pine Ridge Reservation; Shakopee Mdewakanton Sioux Community and Off-Reservation Trust Land,2,FALSE,TRUE,1,1
1144,Keystone District,tin; feldspar; mica; lithium; beryllium; niobium; tantalum; gold; silver; arsenic,Mineral District,"<a href=""https://mrdata.usgs.gov/deposit/html/Sn-Mr00111"">Keystone District</a>: Mineral District<table><tr><td>Feature group</td><td>Mineral Region</td></tr><tr><td>Location</td><td>Pennington, SD</td></tr><tr><td>Commodity</td><td>tin; feldspar; mica; lithium; beryllium; niobium; tantalum; gold; silver; arsenic</td></tr></table>",Pine Ridge Reservation; Shakopee Mdewakanton Sioux Community and Off-Reservation Trust Land,2,FALSE,TRUE,1,1
1145,Ingersoll Mine,tin; beryllium; feldspar; mica; tantalum; lithium,Underground Workings,"<a href=""https://mrdata.usgs.gov/deposit/html/Sn-Mf00570"">Ingersoll Mine</a>: Underground Workings<table><tr><td>Feature group</td><td>Mine Feature</td></tr><tr><td>Location</td><td>Pennington, SD</td></tr><tr><td>Commodity</td><td>tin; beryllium; feldspar; mica; tantalum; lithium</td></tr></table>",Pine Ridge Reservation; Shakopee Mdewakanton Sioux Community and Off-Reservation Trust Land,2,FALSE,TRUE,1,1
1146,"Ingersoll, Dike No. 1",tin; feldspar; lithium; mica; niobium; beryllium,Deposit,"<a href=""https://mrdata.usgs.gov/deposit/html/Sn-Mo00711"">Ingersoll, Dike No. 1</a>: Deposit<table><tr><td>Feature group</td><td>Mineral Occurrence</td></tr><tr><td>Location</td><td>Pennington, SD</td></tr><tr><td>Commodity</td><td>tin; feldspar; lithium; mica; niobium; beryllium</td></tr></table>",Pine Ridge Reservation; Shakopee Mdewakanton Sioux Community and Off-Reservation Trust Land,2,FALSE,TRUE,1,1
1147,"Ingersoll, Dike No. 2",tin; feldspar; mica; lithium; beryllium; niobium; tantalum,Deposit,"<a href=""https://mrdata.usgs.gov/deposit/html/Sn-Mo00712"">Ingersoll, Dike No. 2</a>: Deposit<table><tr><td>Feature group</td><td>Mineral Occurrence</td></tr><tr><td>Location</td><td>Pennington, SD</td></tr><tr><td>Commodity</td><td>tin; feldspar; mica; lithium; beryllium; niobium; tantalum</td></tr></table>",Pine Ridge Reservation; Shakopee Mdewakanton Sioux Community and Off-Reservation Trust Land,2,FALSE,TRUE,1,1
1148,"Ingersoll, Dike No. 3",feldspar; mica,Prospect,"<a href=""https://mrdata.usgs.gov/deposit/html/Sn-Mo00713"">Ingersoll, Dike No. 3</a>: Prospect<table><tr><td>Feature group</td><td>Mineral Occurrence</td></tr><tr><td>Location</td><td>Pennington, SD</td></tr><tr><td>Commodity</td><td>feldspar; mica</td></tr></table>",Pine Ridge Reservation; Shakopee Mdewakanton Sioux Community and Off-Reservation Trust Land,2,FALSE,TRUE,1,1
1149,"Ingersoll, Dike No. 4",feldspar; beryllium; lithium,Prospect,"<a href=""https://mrdata.usgs.gov/deposit/html/Sn-Mo00714"">Ingersoll, Dike No. 4</a>: Prospect<table><tr><td>Feature group</td><td>Mineral Occurrence</td></tr><tr><td>Location</td><td>Pennington, SD</td></tr><tr><td>Commodity</td><td>feldspar; beryllium; lithium</td></tr></table>",Pine Ridge Reservation; Shakopee Mdewakanton Sioux Community and Off-Reservation Trust Land,2,FALSE,TRUE,1,1
1150,Giant-Volney Mine,niobium; tin; lithium,Underground Workings,"<a href=""https://mrdata.usgs.gov/deposit/html/Sn-Mf00571"">Giant-Volney Mine</a>: Underground Workings<table><tr><td>Feature group</td><td>Mine Feature</td></tr><tr><td>Location</td><td>Lawrence, SD</td></tr><tr><td>Commodity</td><td>niobium; tin; lithium</td></tr></table>",Northern Cheyenne Indian Reservation and Off-Reservation Trust Land; Shakopee Mdewakanton Sioux Community and Off-Reservation Trust Land,2,FALSE,TRUE,1,1
1151,Giant-Volney,tin; titanium; lithium; niobium; tantalum,Deposit,"<a href=""https://mrdata.usgs.gov/deposit/html/Sn-Mo00715"">Giant-Volney</a>: Deposit<table><tr><td>Feature group</td><td>Mineral Occurrence</td></tr><tr><td>Location</td><td>Lawrence, SD</td></tr><tr><td>Commodity</td><td>tin; titanium; lithium; niobium; tantalum</td></tr></table>",Northern Cheyenne Indian Reservation and Off-Reservation Trust Land; Shakopee Mdewakanton Sioux Community and Off-Reservation Trust Land,2,FALSE,TRUE,1,1
1152,Cave Peak,molybdenum; copper; tungsten; tin; niobium,Deposit,"<a href=""https://mrdata.usgs.gov/deposit/html/Sn-Mo00723"">Cave Peak</a>: Deposit<table><tr><td>Feature group</td><td>Mineral Occurrence</td></tr><tr><td>Location</td><td>Culberson, TX</td></tr><tr><td>Commodity</td><td>molybdenum; copper; tungsten; tin; niobium</td></tr></table>",,0,FALSE,FALSE,0,0
1153,Franklin Mountains Tin Mine,tin,Mill Site,"<a href=""https://mrdata.usgs.gov/deposit/html/Sn-Mf00572"">Franklin Mountains Tin Mine</a>: Mill Site<table><tr><td>Feature group</td><td>Mine Feature</td></tr><tr><td>Location</td><td>El Paso, TX</td></tr><tr><td>Commodity</td><td>tin</td></tr></table>",Ysleta del Sur Pueblo and Off-Reservation Trust Land,1,FALSE,TRUE,1,0
1154,Franklin Mountains Tin,tin,Deposit,"<a href=""https://mrdata.usgs.gov/deposit/html/Sn-Mo00724"">Franklin Mountains Tin</a>: Deposit<table><tr><td>Feature group</td><td>Mineral Occurrence</td></tr><tr><td>Location</td><td>El Paso, TX</td></tr><tr><td>Commodity</td><td>tin</td></tr></table>",Ysleta del Sur Pueblo and Off-Reservation Trust Land,1,FALSE,TRUE,1,0
1155,No. 1 Workings,tin,Underground Workings,"<a href=""https://mrdata.usgs.gov/deposit/html/Sn-Mf00512"">No. 1 Workings</a>: Underground Workings<table><tr><td>Feature group</td><td>Mine Feature</td></tr><tr><td>Location</td><td>Rockbridge, VA</td></tr><tr><td>Commodity</td><td>tin</td></tr></table>",,0,FALSE,FALSE,0,0
1156,No. 2 Workings,tin,Underground Workings,"<a href=""https://mrdata.usgs.gov/deposit/html/Sn-Mf00513"">No. 2 Workings</a>: Underground Workings<table><tr><td>Feature group</td><td>Mine Feature</td></tr><tr><td>Location</td><td>Rockbridge, VA</td></tr><tr><td>Commodity</td><td>tin</td></tr></table>",,0,FALSE,FALSE,0,0
1157,Panther Run,tin,Deposit,"<a href=""https://mrdata.usgs.gov/deposit/html/Sn-Mo00518"">Panther Run</a>: Deposit<table><tr><td>Feature group</td><td>Mineral Occurrence</td></tr><tr><td>Location</td><td>Rockbridge, VA</td></tr><tr><td>Commodity</td><td>tin</td></tr></table>",,0,FALSE,FALSE,0,0
1158,Irish Creek District,tin,Mining District,"<a href=""https://mrdata.usgs.gov/deposit/html/Sn-Mr00126"">Irish Creek District</a>: Mining District<table><tr><td>Feature group</td><td>Mineral Region</td></tr><tr><td>Location</td><td>Nelson; Rockbridge, VA</td></tr><tr><td>Commodity</td><td>tin</td></tr></table>",,0,FALSE,FALSE,0,0
1159,Silver Hill Mine,tin; tungsten,Underground Workings,"<a href=""https://mrdata.usgs.gov/deposit/html/Sn-Mf00518"">Silver Hill Mine</a>: Underground Workings<table><tr><td>Feature group</td><td>Mine Feature</td></tr><tr><td>Location</td><td>Spokane, WA</td></tr><tr><td>Commodity</td><td>tin; tungsten</td></tr></table>",Coeur d'Alene Reservation; Kalispel Reservation and Off-Reservation Trust Land; Spokane Reservation and Off-Reservation Trust Land,3,FALSE,TRUE,1,1
1160,Zone 1,tin; tungsten; silver,Deposit,"<a href=""https://mrdata.usgs.gov/deposit/html/Sn-Mo00521"">Zone 1</a>: Deposit<table><tr><td>Feature group</td><td>Mineral Occurrence</td></tr><tr><td>Location</td><td>Spokane, WA</td></tr><tr><td>Commodity</td><td>tin; tungsten; silver</td></tr></table>",Coeur d'Alene Reservation; Kalispel Reservation and Off-Reservation Trust Land; Spokane Reservation and Off-Reservation Trust Land,3,FALSE,TRUE,1,1
1161,Zone 2,tin; tungsten; silver,Deposit,"<a href=""https://mrdata.usgs.gov/deposit/html/Sn-Mo00522"">Zone 2</a>: Deposit<table><tr><td>Feature group</td><td>Mineral Occurrence</td></tr><tr><td>Location</td><td>Spokane, WA</td></tr><tr><td>Commodity</td><td>tin; tungsten; silver</td></tr></table>",Coeur d'Alene Reservation; Kalispel Reservation and Off-Reservation Trust Land; Spokane Reservation and Off-Reservation Trust Land,3,FALSE,TRUE,1,1
1162,Zone 3,tin; tungsten; silver,Deposit,"<a href=""https://mrdata.usgs.gov/deposit/html/Sn-Mo00523"">Zone 3</a>: Deposit<table><tr><td>Feature group</td><td>Mineral Occurrence</td></tr><tr><td>Location</td><td>Spokane, WA</td></tr><tr><td>Commodity</td><td>tin; tungsten; silver</td></tr></table>",Coeur d'Alene Reservation; Kalispel Reservation and Off-Reservation Trust Land; Spokane Reservation and Off-Reservation Trust Land,3,FALSE,TRUE,1,1
1163,Zone 4,tin; tungsten; silver,Deposit,"<a href=""https://mrdata.usgs.gov/deposit/html/Sn-Mo00524"">Zone 4</a>: Deposit<table><tr><td>Feature group</td><td>Mineral Occurrence</td></tr><tr><td>Location</td><td>Spokane, WA</td></tr><tr><td>Commodity</td><td>tin; tungsten; silver</td></tr></table>",Coeur d'Alene Reservation; Kalispel Reservation and Off-Reservation Trust Land; Spokane Reservation and Off-Reservation Trust Land,3,FALSE,TRUE,1,1
1164,Port Clarence District,tin; tungsten; gold; tantalum; niobium,Mineral District,"<a href=""https://mrdata.usgs.gov/deposit/html/Sn-Mr00082"">Port Clarence District</a>: Mineral District<table><tr><td>Feature group</td><td>Mineral Region</td></tr><tr><td>Location</td><td>Nome, AK</td></tr><tr><td>Commodity</td><td>tin; tungsten; gold; tantalum; niobium</td></tr></table>",Brevig Mission ANVSA; Shishmaref ANVSA; Teller ANVSA,3,FALSE,TRUE,1,1
1165,Aniak District,tin; copper; silver; zinc; cerium; lanthanum; samarium; thorium; uranium; tungsten; zirconium; gold; mercury; lead,Mineral District,"<a href=""https://mrdata.usgs.gov/deposit/html/Sn-Mr00085"">Aniak District</a>: Mineral District<table><tr><td>Feature group</td><td>Mineral Region</td></tr><tr><td>Location</td><td>Bethel, AK</td></tr><tr><td>Commodity</td><td>tin; copper; silver; zinc; cerium; lanthanum; samarium; thorium; uranium; tungsten; zirconium; gold; mercury; lead</td></tr></table>",Crooked Creek ANVSA; Napaimute ANVSA; Red Devil ANVSA; Sleetmute ANVSA,4,FALSE,TRUE,1,1
1166,Goodwin Gulch,tin,Placer Mine,"<a href=""https://mrdata.usgs.gov/deposit/html/Sn-Mf00533"">Goodwin Gulch</a>: Placer Mine<table><tr><td>Feature group</td><td>Mine Feature</td></tr><tr><td>Location</td><td>Nome, AK</td></tr><tr><td>Commodity</td><td>tin</td></tr></table>",Inalik ANVSA; Wales ANVSA,2,FALSE,TRUE,1,1
1167,Goodwin Gulch,tin,Deposit,"<a href=""https://mrdata.usgs.gov/deposit/html/Sn-Mo00688"">Goodwin Gulch</a>: Deposit<table><tr><td>Feature group</td><td>Mineral Occurrence</td></tr><tr><td>Location</td><td>Nome, AK</td></tr><tr><td>Commodity</td><td>tin</td></tr></table>",Inalik ANVSA; Wales ANVSA,2,FALSE,TRUE,1,1
1168,Circle District,tin; rare earth elements; thorium; uranium; tungsten,Mineral District,"<a href=""https://mrdata.usgs.gov/deposit/html/Sn-Mr00087"">Circle District</a>: Mineral District<table><tr><td>Feature group</td><td>Mineral Region</td></tr><tr><td>Location</td><td>Yukon-Koyukuk, AK</td></tr><tr><td>Commodity</td><td>tin; rare earth elements; thorium; uranium; tungsten</td></tr></table>",Circle ANVSA,1,FALSE,TRUE,1,0
1169,Lost River Mine,tin; tungsten,Portal Mine,"<a href=""https://mrdata.usgs.gov/deposit/html/Sn-Mf00354"">Lost River Mine</a>: Portal Mine<table><tr><td>Feature group</td><td>Mine Feature</td></tr><tr><td>Location</td><td>Nome, AK</td></tr><tr><td>Commodity</td><td>tin; tungsten</td></tr></table>",Brevig Mission ANVSA; Teller ANVSA; Wales ANVSA,3,FALSE,TRUE,1,1
1170,Cassiterite Dike,tin; tungsten; fluorine; beryllium,Deposit,"<a href=""https://mrdata.usgs.gov/deposit/html/Sn-Mo00527"">Cassiterite Dike</a>: Deposit<table><tr><td>Feature group</td><td>Mineral Occurrence</td></tr><tr><td>Location</td><td>Nome, AK</td></tr><tr><td>Commodity</td><td>tin; tungsten; fluorine; beryllium</td></tr></table>",Brevig Mission ANVSA; Teller ANVSA; Wales ANVSA,3,FALSE,TRUE,1,1
1171,Ida Bell Dike,tin; tungsten,Deposit,"<a href=""https://mrdata.usgs.gov/deposit/html/Sn-Mo00528"">Ida Bell Dike</a>: Deposit<table><tr><td>Feature group</td><td>Mineral Occurrence</td></tr><tr><td>Location</td><td>Nome, AK</td></tr><tr><td>Commodity</td><td>tin; tungsten</td></tr></table>",Brevig Mission ANVSA; Teller ANVSA; Wales ANVSA,3,FALSE,TRUE,1,1
1172,Melozitna District,tin; gold; silver; rare earth elements; niobium; titanium; tungsten; zirconium; tantalum,Mineral District,"<a href=""https://mrdata.usgs.gov/deposit/html/Sn-Mr00088"">Melozitna District</a>: Mineral District<table><tr><td>Feature group</td><td>Mineral Region</td></tr><tr><td>Location</td><td>Yukon-Koyukuk, AK</td></tr><tr><td>Commodity</td><td>tin; gold; silver; rare earth elements; niobium; titanium; tungsten; zirconium; tantalum</td></tr></table>",Tanana ANVSA,1,FALSE,TRUE,1,0
1173,Hot Springs District,tin; gold; silver; rare earth elements; niobium; uranium; niobium; zirconium; phosphorus pentoxide; titanium,Mineral District,"<a href=""https://mrdata.usgs.gov/deposit/html/Sn-Mr00089"">Hot Springs District</a>: Mineral District<table><tr><td>Feature group</td><td>Mineral Region</td></tr><tr><td>Location</td><td>Yukon-Koyukuk, AK</td></tr><tr><td>Commodity</td><td>tin; gold; silver; rare earth elements; niobium; uranium; niobium; zirconium; phosphorus pentoxide; titanium</td></tr></table>",Manley Hot Springs ANVSA; Tanana ANVSA,2,FALSE,TRUE,1,1
1174,Ruby District,tin; gold; bismuth,Mineral District,"<a href=""https://mrdata.usgs.gov/deposit/html/Sn-Mr00104"">Ruby District</a>: Mineral District<table><tr><td>Feature group</td><td>Mineral Region</td></tr><tr><td>Location</td><td>Yukon-Koyukuk, AK</td></tr><tr><td>Commodity</td><td>tin; gold; bismuth</td></tr></table>",Ruby ANVSA,1,FALSE,TRUE,1,0
1175,Mcgrath District,cerium; lanthanum; niobium; titanium; zirconium; iron; tin; thorium; uranium; rare earth elements; silver,Mineral District,"<a href=""https://mrdata.usgs.gov/deposit/html/Sn-Mr00105"">Mcgrath District</a>: Mineral District<table><tr><td>Feature group</td><td>Mineral Region</td></tr><tr><td>Location</td><td>Yukon-Koyukuk, AK</td></tr><tr><td>Commodity</td><td>cerium; lanthanum; niobium; titanium; zirconium; iron; tin; thorium; uranium; rare earth elements; silver</td></tr></table>",Nikolai ANVSA,1,FALSE,TRUE,1,0
1176,Tolovana District,tin,Mineral District,"<a href=""https://mrdata.usgs.gov/deposit/html/Sn-Mr00141"">Tolovana District</a>: Mineral District<table><tr><td>Feature group</td><td>Mineral Region</td></tr><tr><td>Location</td><td>Yukon-Koyukuk, AK</td></tr><tr><td>Commodity</td><td>tin</td></tr></table>",,0,FALSE,FALSE,0,0
1177,Bristol Bay Region,tin; tungsten,Mineral District,"<a href=""https://mrdata.usgs.gov/deposit/html/Sn-Mr00013"">Bristol Bay Region</a>: Mineral District<table><tr><td>Feature group</td><td>Mineral Region</td></tr><tr><td>Location</td><td>Dillingham, AK</td></tr><tr><td>Commodity</td><td>tin; tungsten</td></tr></table>",Igiugig ANVSA; New Koliganek ANVSA; New Stuyahok ANVSA,3,FALSE,TRUE,1,1
1178,Cape Creek,tin,Placer Mine,"<a href=""https://mrdata.usgs.gov/deposit/html/Sn-Mf00343"">Cape Creek</a>: Placer Mine<table><tr><td>Feature group</td><td>Mine Feature</td></tr><tr><td>Location</td><td>Nome, AK</td></tr><tr><td>Commodity</td><td>tin</td></tr></table>",Inalik ANVSA; Wales ANVSA,2,FALSE,TRUE,1,1
1179,Cape Creek,tin,Deposit,"<a href=""https://mrdata.usgs.gov/deposit/html/Sn-Mo00689"">Cape Creek</a>: Deposit<table><tr><td>Feature group</td><td>Mineral Occurrence</td></tr><tr><td>Location</td><td>Nome, AK</td></tr><tr><td>Commodity</td><td>tin</td></tr></table>",Inalik ANVSA; Wales ANVSA,2,FALSE,TRUE,1,1
1180,Buck Creek,tin,Placer Mine,"<a href=""https://mrdata.usgs.gov/deposit/html/Sn-Mf00347"">Buck Creek</a>: Placer Mine<table><tr><td>Feature group</td><td>Mine Feature</td></tr><tr><td>Location</td><td>Nome, AK</td></tr><tr><td>Commodity</td><td>tin</td></tr></table>",Wales ANVSA,1,FALSE,TRUE,1,0
1181,Buck Creek,tin,Deposit,"<a href=""https://mrdata.usgs.gov/deposit/html/Sn-Mo00378"">Buck Creek</a>: Deposit<table><tr><td>Feature group</td><td>Mineral Occurrence</td></tr><tr><td>Location</td><td>Nome, AK</td></tr><tr><td>Commodity</td><td>tin</td></tr></table>",Wales ANVSA,1,FALSE,TRUE,1,0
1182,Glacier Creek,gold; tin; bismuth,Placer Mine,"<a href=""https://mrdata.usgs.gov/deposit/html/Sn-Mf00440"">Glacier Creek</a>: Placer Mine<table><tr><td>Feature group</td><td>Mine Feature</td></tr><tr><td>Location</td><td>Yukon-Koyukuk, AK</td></tr><tr><td>Commodity</td><td>gold; tin; bismuth</td></tr></table>",Ruby ANVSA,1,FALSE,TRUE,1,0
1183,Glacier Creek,gold; tin; bismuth,Deposit,"<a href=""https://mrdata.usgs.gov/deposit/html/Sn-Mo00337"">Glacier Creek</a>: Deposit<table><tr><td>Feature group</td><td>Mineral Occurrence</td></tr><tr><td>Location</td><td>Yukon-Koyukuk, AK</td></tr><tr><td>Commodity</td><td>gold; tin; bismuth</td></tr></table>",Ruby ANVSA,1,FALSE,TRUE,1,0
1184,Bismarck Creek,tin; copper; silver; zinc,Deposit,"<a href=""https://mrdata.usgs.gov/deposit/html/Sn-Mo00330"">Bismarck Creek</a>: Deposit<table><tr><td>Feature group</td><td>Mineral Occurrence</td></tr><tr><td>Location</td><td>Yukon-Koyukuk, AK</td></tr><tr><td>Commodity</td><td>tin; copper; silver; zinc</td></tr></table>",,0,FALSE,FALSE,0,0
1185,Won,tin,Deposit,"<a href=""https://mrdata.usgs.gov/deposit/html/Sn-Mo00332"">Won</a>: Deposit<table><tr><td>Feature group</td><td>Mineral Occurrence</td></tr><tr><td>Location</td><td>Yukon-Koyukuk, AK</td></tr><tr><td>Commodity</td><td>tin</td></tr></table>",Takotna ANVSA,1,FALSE,TRUE,1,0
1186,Sleitat Mountain,tin; tungsten,Deposit,"<a href=""https://mrdata.usgs.gov/deposit/html/Sn-Mo00336"">Sleitat Mountain</a>: Deposit<table><tr><td>Feature group</td><td>Mineral Occurrence</td></tr><tr><td>Location</td><td>Dillingham, AK</td></tr><tr><td>Commodity</td><td>tin; tungsten</td></tr></table>",New Koliganek ANVSA,1,FALSE,TRUE,1,0
1187,Bartels Mine,tin,Portal Mine,"<a href=""https://mrdata.usgs.gov/deposit/html/Sn-Mf00350"">Bartels Mine</a>: Portal Mine<table><tr><td>Feature group</td><td>Mine Feature</td></tr><tr><td>Location</td><td>Nome, AK</td></tr><tr><td>Commodity</td><td>tin</td></tr></table>",Inalik ANVSA; Wales ANVSA,2,FALSE,TRUE,1,1
1188,Cape Mountain,tin,Deposit,"<a href=""https://mrdata.usgs.gov/deposit/html/Sn-Mo00547"">Cape Mountain</a>: Deposit<table><tr><td>Feature group</td><td>Mineral Occurrence</td></tr><tr><td>Location</td><td>Nome, AK</td></tr><tr><td>Commodity</td><td>tin</td></tr></table>",Inalik ANVSA; Wales ANVSA,2,FALSE,TRUE,1,1
1189,Mason Creek,gold; tin,Placer Mine,"<a href=""https://mrdata.usgs.gov/deposit/html/Sn-Mf00445"">Mason Creek</a>: Placer Mine<table><tr><td>Feature group</td><td>Mine Feature</td></tr><tr><td>Location</td><td>Yukon-Koyukuk, AK</td></tr><tr><td>Commodity</td><td>gold; tin</td></tr></table>",Tanana ANVSA,1,FALSE,TRUE,1,0
1190,Mason Creek,gold; tin,Deposit,"<a href=""https://mrdata.usgs.gov/deposit/html/Sn-Mo00429"">Mason Creek</a>: Deposit<table><tr><td>Feature group</td><td>Mineral Occurrence</td></tr><tr><td>Location</td><td>Yukon-Koyukuk, AK</td></tr><tr><td>Commodity</td><td>gold; tin</td></tr></table>",Tanana ANVSA,1,FALSE,TRUE,1,0
1191,Fifth of July Creek,gold; tin,Placer Mine,"<a href=""https://mrdata.usgs.gov/deposit/html/Sn-Mf00439"">Fifth of July Creek</a>: Placer Mine<table><tr><td>Feature group</td><td>Mine Feature</td></tr><tr><td>Location</td><td>Yukon-Koyukuk, AK</td></tr><tr><td>Commodity</td><td>gold; tin</td></tr></table>",Ruby ANVSA,1,FALSE,TRUE,1,0
1192,Fifth of July Creek,gold; tin,Deposit,"<a href=""https://mrdata.usgs.gov/deposit/html/Sn-Mo00430"">Fifth of July Creek</a>: Deposit<table><tr><td>Feature group</td><td>Mineral Occurrence</td></tr><tr><td>Location</td><td>Yukon-Koyukuk, AK</td></tr><tr><td>Commodity</td><td>gold; tin</td></tr></table>",Ruby ANVSA,1,FALSE,TRUE,1,0
1193,Greenstone Creek,gold; tin,Placer Mine,"<a href=""https://mrdata.usgs.gov/deposit/html/Sn-Mf00441"">Greenstone Creek</a>: Placer Mine<table><tr><td>Feature group</td><td>Mine Feature</td></tr><tr><td>Location</td><td>Yukon-Koyukuk, AK</td></tr><tr><td>Commodity</td><td>gold; tin</td></tr></table>",Ruby ANVSA,1,FALSE,TRUE,1,0
1194,Greenstone Creek,gold; tin,Deposit,"<a href=""https://mrdata.usgs.gov/deposit/html/Sn-Mo00431"">Greenstone Creek</a>: Deposit<table><tr><td>Feature group</td><td>Mineral Occurrence</td></tr><tr><td>Location</td><td>Yukon-Koyukuk, AK</td></tr><tr><td>Commodity</td><td>gold; tin</td></tr></table>",Ruby ANVSA,1,FALSE,TRUE,1,0
1195,Tozimoran Creek,tin,Placer Mine,"<a href=""https://mrdata.usgs.gov/deposit/html/Sn-Mf00407"">Tozimoran Creek</a>: Placer Mine<table><tr><td>Feature group</td><td>Mine Feature</td></tr><tr><td>Location</td><td>Yukon-Koyukuk, AK</td></tr><tr><td>Commodity</td><td>tin</td></tr></table>",Tanana ANVSA,1,FALSE,TRUE,1,0
1196,Tozimoran Creek,tin; gold,Deposit,"<a href=""https://mrdata.usgs.gov/deposit/html/Sn-Mo00432"">Tozimoran Creek</a>: Deposit<table><tr><td>Feature group</td><td>Mineral Occurrence</td></tr><tr><td>Location</td><td>Yukon-Koyukuk, AK</td></tr><tr><td>Commodity</td><td>tin; gold</td></tr></table>",Tanana ANVSA,1,FALSE,TRUE,1,0
1197,Cassiterite Creek,tin,Placer Mine,"<a href=""https://mrdata.usgs.gov/deposit/html/Sn-Mf00423"">Cassiterite Creek</a>: Placer Mine<table><tr><td>Feature group</td><td>Mine Feature</td></tr><tr><td>Location</td><td>Nome, AK</td></tr><tr><td>Commodity</td><td>tin</td></tr></table>",Brevig Mission ANVSA; Teller ANVSA; Wales ANVSA,3,FALSE,TRUE,1,1
1198,Cassiterite Creek,tin,Deposit,"<a href=""https://mrdata.usgs.gov/deposit/html/Sn-Mo00434"">Cassiterite Creek</a>: Deposit<table><tr><td>Feature group</td><td>Mineral Occurrence</td></tr><tr><td>Location</td><td>Nome, AK</td></tr><tr><td>Commodity</td><td>tin</td></tr></table>",Brevig Mission ANVSA; Teller ANVSA; Wales ANVSA,3,FALSE,TRUE,1,1
1199,Midnight Creek,gold; tin,Placer Mine,"<a href=""https://mrdata.usgs.gov/deposit/html/Sn-Mf00442"">Midnight Creek</a>: Placer Mine<table><tr><td>Feature group</td><td>Mine Feature</td></tr><tr><td>Location</td><td>Yukon-Koyukuk, AK</td></tr><tr><td>Commodity</td><td>gold; tin</td></tr></table>",Ruby ANVSA,1,FALSE,TRUE,1,0
1200,Midnight Creek,gold; tin,Deposit,"<a href=""https://mrdata.usgs.gov/deposit/html/Sn-Mo00435"">Midnight Creek</a>: Deposit<table><tr><td>Feature group</td><td>Mineral Occurrence</td></tr><tr><td>Location</td><td>Yukon-Koyukuk, AK</td></tr><tr><td>Commodity</td><td>gold; tin</td></tr></table>",Ruby ANVSA,1,FALSE,TRUE,1,0
1201,Kougarok,tin; tantalum; niobium,Deposit,"<a href=""https://mrdata.usgs.gov/deposit/html/Sn-Mo00338"">Kougarok</a>: Deposit<table><tr><td>Feature group</td><td>Mineral Occurrence</td></tr><tr><td>Location</td><td>Nome, AK</td></tr><tr><td>Commodity</td><td>tin; tantalum; niobium</td></tr></table>",,0,FALSE,FALSE,0,0
1202,Cache Creek,gold; silver; tin,Placer Mine,"<a href=""https://mrdata.usgs.gov/deposit/html/Sn-Mf00443"">Cache Creek</a>: Placer Mine<table><tr><td>Feature group</td><td>Mine Feature</td></tr><tr><td>Location</td><td>Yukon-Koyukuk, AK</td></tr><tr><td>Commodity</td><td>gold; silver; tin</td></tr></table>",Manley Hot Springs ANVSA; Rampart ANVSA; Tanana ANVSA,3,FALSE,TRUE,1,1
1203,Dalton Gulch,gold; tin,Placer Mine,"<a href=""https://mrdata.usgs.gov/deposit/html/Sn-Mf00376"">Dalton Gulch</a>: Placer Mine<table><tr><td>Feature group</td><td>Mine Feature</td></tr><tr><td>Location</td><td>Yukon-Koyukuk, AK</td></tr><tr><td>Commodity</td><td>gold; tin</td></tr></table>",Manley Hot Springs ANVSA; Rampart ANVSA; Tanana ANVSA,3,FALSE,TRUE,1,1
1204,Dalton Gulch,gold; tin,Deposit,"<a href=""https://mrdata.usgs.gov/deposit/html/Sn-Mo00437"">Dalton Gulch</a>: Deposit<table><tr><td>Feature group</td><td>Mineral Occurrence</td></tr><tr><td>Location</td><td>Yukon-Koyukuk, AK</td></tr><tr><td>Commodity</td><td>gold; tin</td></tr></table>",Manley Hot Springs ANVSA; Rampart ANVSA; Tanana ANVSA,3,FALSE,TRUE,1,1
1205,Deep Creek,gold; silver; tin,Placer Mine,"<a href=""https://mrdata.usgs.gov/deposit/html/Sn-Mf00371"">Deep Creek</a>: Placer Mine<table><tr><td>Feature group</td><td>Mine Feature</td></tr><tr><td>Location</td><td>Yukon-Koyukuk, AK</td></tr><tr><td>Commodity</td><td>gold; silver; tin</td></tr></table>",Manley Hot Springs ANVSA; Tanana ANVSA,2,FALSE,TRUE,1,1
1206,Deep Creek,gold; silver; tin,Deposit,"<a href=""https://mrdata.usgs.gov/deposit/html/Sn-Mo00438"">Deep Creek</a>: Deposit<table><tr><td>Feature group</td><td>Mineral Occurrence</td></tr><tr><td>Location</td><td>Yukon-Koyukuk, AK</td></tr><tr><td>Commodity</td><td>gold; silver; tin</td></tr></table>",Manley Hot Springs ANVSA; Tanana ANVSA,2,FALSE,TRUE,1,1
1207,Woodchopper Creek,gold; silver; tin,Placer Mine,"<a href=""https://mrdata.usgs.gov/deposit/html/Sn-Mf00370"">Woodchopper Creek</a>: Placer Mine<table><tr><td>Feature group</td><td>Mine Feature</td></tr><tr><td>Location</td><td>Yukon-Koyukuk, AK</td></tr><tr><td>Commodity</td><td>gold; silver; tin</td></tr></table>",Manley Hot Springs ANVSA; Tanana ANVSA,2,FALSE,TRUE,1,1
1208,Woodchopper Creek,gold; silver; tin,Deposit,"<a href=""https://mrdata.usgs.gov/deposit/html/Sn-Mo00440"">Woodchopper Creek</a>: Deposit<table><tr><td>Feature group</td><td>Mineral Occurrence</td></tr><tr><td>Location</td><td>Yukon-Koyukuk, AK</td></tr><tr><td>Commodity</td><td>gold; silver; tin</td></tr></table>",Manley Hot Springs ANVSA; Tanana ANVSA,2,FALSE,TRUE,1,1
1209,Lime Peak Pluton,tin,Deposit,"<a href=""https://mrdata.usgs.gov/deposit/html/Sn-Mo00383"">Lime Peak Pluton</a>: Deposit<table><tr><td>Feature group</td><td>Mineral Occurrence</td></tr><tr><td>Location</td><td>Yukon-Koyukuk, AK</td></tr><tr><td>Commodity</td><td>tin</td></tr></table>",,0,FALSE,FALSE,0,0
1210,Miller Gulch,gold; silver; tin,Placer Mine,"<a href=""https://mrdata.usgs.gov/deposit/html/Sn-Mf00372"">Miller Gulch</a>: Placer Mine<table><tr><td>Feature group</td><td>Mine Feature</td></tr><tr><td>Location</td><td>Yukon-Koyukuk, AK</td></tr><tr><td>Commodity</td><td>gold; silver; tin</td></tr></table>",Manley Hot Springs ANVSA; Tanana ANVSA,2,FALSE,TRUE,1,1
1211,Miller Gulch,gold; silver; tin,Deposit,"<a href=""https://mrdata.usgs.gov/deposit/html/Sn-Mo00441"">Miller Gulch</a>: Deposit<table><tr><td>Feature group</td><td>Mineral Occurrence</td></tr><tr><td>Location</td><td>Yukon-Koyukuk, AK</td></tr><tr><td>Commodity</td><td>gold; silver; tin</td></tr></table>",Manley Hot Springs ANVSA; Tanana ANVSA,2,FALSE,TRUE,1,1
1212,Coal Creek,tin; silver; gold; tungsten; copper; lead; zinc,Deposit,"<a href=""https://mrdata.usgs.gov/deposit/html/Sn-Mo00374"">Coal Creek</a>: Deposit<table><tr><td>Feature group</td><td>Mineral Occurrence</td></tr><tr><td>Location</td><td>Matanuska-Susitna, AK</td></tr><tr><td>Commodity</td><td>tin; silver; gold; tungsten; copper; lead; zinc</td></tr></table>",Chickaloon ANVSA; Knik ANVSA,2,FALSE,TRUE,1,1
1213,Idaho Gulch,gold; tin,Placer Mine,"<a href=""https://mrdata.usgs.gov/deposit/html/Sn-Mf00375"">Idaho Gulch</a>: Placer Mine<table><tr><td>Feature group</td><td>Mine Feature</td></tr><tr><td>Location</td><td>Yukon-Koyukuk, AK</td></tr><tr><td>Commodity</td><td>gold; tin</td></tr></table>",Manley Hot Springs ANVSA; Rampart ANVSA; Tanana ANVSA,3,FALSE,TRUE,1,1
1214,Idaho Gulch,gold; silver; tin,Deposit,"<a href=""https://mrdata.usgs.gov/deposit/html/Sn-Mo00439"">Idaho Gulch</a>: Deposit<table><tr><td>Feature group</td><td>Mineral Occurrence</td></tr><tr><td>Location</td><td>Yukon-Koyukuk, AK</td></tr><tr><td>Commodity</td><td>gold; silver; tin</td></tr></table>",Manley Hot Springs ANVSA; Rampart ANVSA; Tanana ANVSA,3,FALSE,TRUE,1,1
1215,Tofty Gulch,gold; silver; tin,Placer Mine,"<a href=""https://mrdata.usgs.gov/deposit/html/Sn-Mf00373"">Tofty Gulch</a>: Placer Mine<table><tr><td>Feature group</td><td>Mine Feature</td></tr><tr><td>Location</td><td>Yukon-Koyukuk, AK</td></tr><tr><td>Commodity</td><td>gold; silver; tin</td></tr></table>",Manley Hot Springs ANVSA; Rampart ANVSA; Tanana ANVSA,3,FALSE,TRUE,1,1
1216,Tofty Gulch,gold; silver; tin,Deposit,"<a href=""https://mrdata.usgs.gov/deposit/html/Sn-Mo00453"">Tofty Gulch</a>: Deposit<table><tr><td>Feature group</td><td>Mineral Occurrence</td></tr><tr><td>Location</td><td>Yukon-Koyukuk, AK</td></tr><tr><td>Commodity</td><td>gold; silver; tin</td></tr></table>",Manley Hot Springs ANVSA; Rampart ANVSA; Tanana ANVSA,3,FALSE,TRUE,1,1
1217,Sullivan Creek,gold; silver; tin,Placer Mine,"<a href=""https://mrdata.usgs.gov/deposit/html/Sn-Mf00374"">Sullivan Creek</a>: Placer Mine<table><tr><td>Feature group</td><td>Mine Feature</td></tr><tr><td>Location</td><td>Yukon-Koyukuk, AK</td></tr><tr><td>Commodity</td><td>gold; silver; tin</td></tr></table>",Manley Hot Springs ANVSA; Rampart ANVSA; Tanana ANVSA,3,FALSE,TRUE,1,1
1218,Sullivan Creek,gold; silver; tin,Deposit,"<a href=""https://mrdata.usgs.gov/deposit/html/Sn-Mo00446"">Sullivan Creek</a>: Deposit<table><tr><td>Feature group</td><td>Mineral Occurrence</td></tr><tr><td>Location</td><td>Yukon-Koyukuk, AK</td></tr><tr><td>Commodity</td><td>gold; silver; tin</td></tr></table>",Manley Hot Springs ANVSA; Rampart ANVSA; Tanana ANVSA,3,FALSE,TRUE,1,1
1219,Patterson Creek,gold; silver; tin,Placer Mine,"<a href=""https://mrdata.usgs.gov/deposit/html/Sn-Mf00444"">Patterson Creek</a>: Placer Mine<table><tr><td>Feature group</td><td>Mine Feature</td></tr><tr><td>Location</td><td>Yukon-Koyukuk, AK</td></tr><tr><td>Commodity</td><td>gold; silver; tin</td></tr></table>",Manley Hot Springs ANVSA; Tanana ANVSA,2,FALSE,TRUE,1,1
1220,Patterson Creek,gold; silver; tin,Deposit,"<a href=""https://mrdata.usgs.gov/deposit/html/Sn-Mo00454"">Patterson Creek</a>: Deposit<table><tr><td>Feature group</td><td>Mineral Occurrence</td></tr><tr><td>Location</td><td>Yukon-Koyukuk, AK</td></tr><tr><td>Commodity</td><td>gold; silver; tin</td></tr></table>",Manley Hot Springs ANVSA; Tanana ANVSA,2,FALSE,TRUE,1,1
1221,Birch Creek,gold; tin,Placer Mine,"<a href=""https://mrdata.usgs.gov/deposit/html/Sn-Mf00451"">Birch Creek</a>: Placer Mine<table><tr><td>Feature group</td><td>Mine Feature</td></tr><tr><td>Location</td><td>Yukon-Koyukuk, AK</td></tr><tr><td>Commodity</td><td>gold; tin</td></tr></table>",Ruby ANVSA,1,FALSE,TRUE,1,0
1222,Birch Creek,gold; tin,Deposit,"<a href=""https://mrdata.usgs.gov/deposit/html/Sn-Mo00455"">Birch Creek</a>: Deposit<table><tr><td>Feature group</td><td>Mineral Occurrence</td></tr><tr><td>Location</td><td>Yukon-Koyukuk, AK</td></tr><tr><td>Commodity</td><td>gold; tin</td></tr></table>",Ruby ANVSA,1,FALSE,TRUE,1,0
1223,Daisy,tin,Shaft Mine,"<a href=""https://mrdata.usgs.gov/deposit/html/Sn-Mf00369"">Daisy</a>: Shaft Mine<table><tr><td>Feature group</td><td>Mine Feature</td></tr><tr><td>Location</td><td>Nome, AK</td></tr><tr><td>Commodity</td><td>tin</td></tr></table>",Wales ANVSA,1,FALSE,TRUE,1,0
1224,Potato Mountain,tin,Deposit,"<a href=""https://mrdata.usgs.gov/deposit/html/Sn-Mo00461"">Potato Mountain</a>: Deposit<table><tr><td>Feature group</td><td>Mineral Occurrence</td></tr><tr><td>Location</td><td>Nome, AK</td></tr><tr><td>Commodity</td><td>tin</td></tr></table>",Wales ANVSA,1,FALSE,TRUE,1,0
1225,Anikovik River,tin; gold,Placer Mine,"<a href=""https://mrdata.usgs.gov/deposit/html/Sn-Mf00460"">Anikovik River</a>: Placer Mine<table><tr><td>Feature group</td><td>Mine Feature</td></tr><tr><td>Location</td><td>Nome, AK</td></tr><tr><td>Commodity</td><td>tin; gold</td></tr></table>",Brevig Mission ANVSA; Wales ANVSA,2,FALSE,TRUE,1,1
1226,Anikovik River,tin; gold,Deposit,"<a href=""https://mrdata.usgs.gov/deposit/html/Sn-Mo00387"">Anikovik River</a>: Deposit<table><tr><td>Feature group</td><td>Mineral Occurrence</td></tr><tr><td>Location</td><td>Nome, AK</td></tr><tr><td>Commodity</td><td>tin; gold</td></tr></table>",Brevig Mission ANVSA; Wales ANVSA,2,FALSE,TRUE,1,1
1227,Big Creek,gold; tin,Placer Mine,"<a href=""https://mrdata.usgs.gov/deposit/html/Sn-Mf00453"">Big Creek</a>: Placer Mine<table><tr><td>Feature group</td><td>Mine Feature</td></tr><tr><td>Location</td><td>Yukon-Koyukuk, AK</td></tr><tr><td>Commodity</td><td>gold; tin</td></tr></table>",Ruby ANVSA,1,FALSE,TRUE,1,0
1228,Big Creek,gold; tin,Deposit,"<a href=""https://mrdata.usgs.gov/deposit/html/Sn-Mo00325"">Big Creek</a>: Deposit<table><tr><td>Feature group</td><td>Mineral Occurrence</td></tr><tr><td>Location</td><td>Yukon-Koyukuk, AK</td></tr><tr><td>Commodity</td><td>gold; tin</td></tr></table>",Ruby ANVSA,1,FALSE,TRUE,1,0
1229,Boulder Creek,tin; silver,Deposit,"<a href=""https://mrdata.usgs.gov/deposit/html/Sn-Mo00492"">Boulder Creek</a>: Deposit<table><tr><td>Feature group</td><td>Mineral Occurrence</td></tr><tr><td>Location</td><td>Denali, AK</td></tr><tr><td>Commodity</td><td>tin; silver</td></tr></table>",Knik ANVSA,1,FALSE,TRUE,1,0
1230,Bonanza Creek,gold; silver; tin,Deposit,"<a href=""https://mrdata.usgs.gov/deposit/html/Sn-Mo00546"">Bonanza Creek</a>: Deposit<table><tr><td>Feature group</td><td>Mineral Occurrence</td></tr><tr><td>Location</td><td>Yukon-Koyukuk, AK</td></tr><tr><td>Commodity</td><td>gold; silver; tin</td></tr></table>",Manley Hot Springs ANVSA; Rampart ANVSA; Tanana ANVSA,3,FALSE,TRUE,1,1
1231,Valdez Creek District,tin; silver; gold; tungsten; copper; lead; zinc,Mining District,"<a href=""https://mrdata.usgs.gov/deposit/html/Sn-Mr00083"">Valdez Creek District</a>: Mining District<table><tr><td>Feature group</td><td>Mineral Region</td></tr><tr><td>Location</td><td>Denali; Southeast Fairbanks; Valdez-Cordova; Matanuska-Susitna, AK</td></tr><tr><td>Commodity</td><td>tin; silver; gold; tungsten; copper; lead; zinc</td></tr></table>",Chickaloon,1,TRUE,FALSE,1,0
1232,McAllister,tin; tantalum,Deposit,"<a href=""https://mrdata.usgs.gov/deposit/html/Sn-Mo00515"">McAllister</a>: Deposit<table><tr><td>Feature group</td><td>Mineral Occurrence</td></tr><tr><td>Location</td><td>Coosa, AL</td></tr><tr><td>Commodity</td><td>tin; tantalum</td></tr></table>",Poarch Creek Reservation and Off-Reservation Trust Land,1,FALSE,TRUE,1,0
1233,No. 1 Mine,tin,Portal Mine,"<a href=""https://mrdata.usgs.gov/deposit/html/Sn-Mf00508"">No. 1 Mine</a>: Portal Mine<table><tr><td>Feature group</td><td>Mine Feature</td></tr><tr><td>Location</td><td>Coosa, AL</td></tr><tr><td>Commodity</td><td>tin</td></tr></table>",Poarch Creek Reservation and Off-Reservation Trust Land,1,FALSE,TRUE,1,0
1234,No. 2 Mine,tin,Portal Mine,"<a href=""https://mrdata.usgs.gov/deposit/html/Sn-Mf00509"">No. 2 Mine</a>: Portal Mine<table><tr><td>Feature group</td><td>Mine Feature</td></tr><tr><td>Location</td><td>Coosa, AL</td></tr><tr><td>Commodity</td><td>tin</td></tr></table>",Poarch Creek Reservation and Off-Reservation Trust Land,1,FALSE,TRUE,1,0
1235,No. 7 Mine,tin,Portal Mine,"<a href=""https://mrdata.usgs.gov/deposit/html/Sn-Mf00511"">No. 7 Mine</a>: Portal Mine<table><tr><td>Feature group</td><td>Mine Feature</td></tr><tr><td>Location</td><td>Coosa, AL</td></tr><tr><td>Commodity</td><td>tin</td></tr></table>",Poarch Creek Reservation and Off-Reservation Trust Land,1,FALSE,TRUE,1,0
1236,Coosa Cassiterite,tin,Deposit,"<a href=""https://mrdata.usgs.gov/deposit/html/Sn-Mo00517"">Coosa Cassiterite</a>: Deposit<table><tr><td>Feature group</td><td>Mineral Occurrence</td></tr><tr><td>Location</td><td>Coosa, AL</td></tr><tr><td>Commodity</td><td>tin</td></tr></table>",Poarch Creek Reservation and Off-Reservation Trust Land,1,FALSE,TRUE,1,0
1237,Gorman District,tin; iron; tungsten,Mining District,"<a href=""https://mrdata.usgs.gov/deposit/html/Sn-Mr00143"">Gorman District</a>: Mining District<table><tr><td>Feature group</td><td>Mineral Region</td></tr><tr><td>Location</td><td>Kern, CA</td></tr><tr><td>Commodity</td><td>tin; iron; tungsten</td></tr></table>",,0,FALSE,FALSE,0,0
1238,Meeke Mine,tin,Underground Workings,"<a href=""https://mrdata.usgs.gov/deposit/html/Sn-Mf00573"">Meeke Mine</a>: Underground Workings<table><tr><td>Feature group</td><td>Mine Feature</td></tr><tr><td>Location</td><td>Kern, CA</td></tr><tr><td>Commodity</td><td>tin</td></tr></table>",,0,FALSE,FALSE,0,0
1239,"Meeke, West gossan",tin,Deposit,"<a href=""https://mrdata.usgs.gov/deposit/html/Sn-Mo00725"">Meeke, West gossan</a>: Deposit<table><tr><td>Feature group</td><td>Mineral Occurrence</td></tr><tr><td>Location</td><td>Kern, CA</td></tr><tr><td>Commodity</td><td>tin</td></tr></table>",,0,FALSE,FALSE,0,0
1240,"Meeke, East gossan",tin,Deposit,"<a href=""https://mrdata.usgs.gov/deposit/html/Sn-Mo00726"">Meeke, East gossan</a>: Deposit<table><tr><td>Feature group</td><td>Mineral Occurrence</td></tr><tr><td>Location</td><td>Kern, CA</td></tr><tr><td>Commodity</td><td>tin</td></tr></table>",,0,FALSE,FALSE,0,0
1241,Upper Butler,tin,Deposit,"<a href=""https://mrdata.usgs.gov/deposit/html/Sn-Mo00727"">Upper Butler</a>: Deposit<table><tr><td>Feature group</td><td>Mineral Occurrence</td></tr><tr><td>Location</td><td>Kern, CA</td></tr><tr><td>Commodity</td><td>tin</td></tr></table>",,0,FALSE,FALSE,0,0
1242,Crowbar Gulch,tin; tungsten,Deposit,"<a href=""https://mrdata.usgs.gov/deposit/html/Sn-Mo00728"">Crowbar Gulch</a>: Deposit<table><tr><td>Feature group</td><td>Mineral Occurrence</td></tr><tr><td>Location</td><td>Kern, CA</td></tr><tr><td>Commodity</td><td>tin; tungsten</td></tr></table>",,0,FALSE,FALSE,0,0
1243,Climax Mine,molybdenum; tin; tungsten,Open Pit Mine,"<a href=""https://mrdata.usgs.gov/deposit/html/Sn-Mf00240"">Climax Mine</a>: Open Pit Mine<table><tr><td>Feature group</td><td>Mine Feature</td></tr><tr><td>Location</td><td>Lake, CO</td></tr><tr><td>Commodity</td><td>molybdenum; tin; tungsten</td></tr></table>",,0,FALSE,FALSE,0,0
1244,Climax,molybdenum; tungsten; rhenium; platinum-group elements; tin; rare earth elements,Deposit,"<a href=""https://mrdata.usgs.gov/deposit/html/Sn-Mo00262"">Climax</a>: Deposit<table><tr><td>Feature group</td><td>Mineral Occurrence</td></tr><tr><td>Location</td><td>Lake, CO</td></tr><tr><td>Commodity</td><td>molybdenum; tungsten; rhenium; platinum-group elements; tin; rare earth elements</td></tr></table>",,0,FALSE,FALSE,0,0
1245,Climax District,molybdenum; tungsten; rhenium; platinum-group elements; tin; rare earth elements,Mining District,"<a href=""https://mrdata.usgs.gov/deposit/html/Sn-Mr00069"">Climax District</a>: Mining District<table><tr><td>Feature group</td><td>Mineral Region</td></tr><tr><td>Location</td><td>Lake, CO</td></tr><tr><td>Commodity</td><td>molybdenum; tungsten; rhenium; platinum-group elements; tin; rare earth elements</td></tr></table>",,0,FALSE,FALSE,0,0
1246,Black Range District,tin,Mining District,"<a href=""https://mrdata.usgs.gov/deposit/html/Sn-Mr00142"">Black Range District</a>: Mining District<table><tr><td>Feature group</td><td>Mineral Region</td></tr><tr><td>Location</td><td>Catron; Grant; Sierra, NM</td></tr><tr><td>Commodity</td><td>tin</td></tr></table>",,0,FALSE,FALSE,0,0
1247,Cowboy Mine,tin,Underground Workings,"<a href=""https://mrdata.usgs.gov/deposit/html/Sn-Mf00450"">Cowboy Mine</a>: Underground Workings<table><tr><td>Feature group</td><td>Mine Feature</td></tr><tr><td>Location</td><td>Pennington, SD</td></tr><tr><td>Commodity</td><td>tin</td></tr></table>",Shakopee Mdewakanton Sioux Community and Off-Reservation Trust Land,1,FALSE,TRUE,1,0
1248,Cowboy,tin,Deposit,"<a href=""https://mrdata.usgs.gov/deposit/html/Sn-Mo00510"">Cowboy</a>: Deposit<table><tr><td>Feature group</td><td>Mineral Occurrence</td></tr><tr><td>Location</td><td>Pennington, SD</td></tr><tr><td>Commodity</td><td>tin</td></tr></table>",Shakopee Mdewakanton Sioux Community and Off-Reservation Trust Land,1,FALSE,TRUE,1,0
1249,Gertie Mine,tin,Underground Workings,"<a href=""https://mrdata.usgs.gov/deposit/html/Sn-Mf00452"">Gertie Mine</a>: Underground Workings<table><tr><td>Feature group</td><td>Mine Feature</td></tr><tr><td>Location</td><td>Pennington, SD</td></tr><tr><td>Commodity</td><td>tin</td></tr></table>",Shakopee Mdewakanton Sioux Community and Off-Reservation Trust Land,1,FALSE,TRUE,1,0
1250,Gertie,tin,Deposit,"<a href=""https://mrdata.usgs.gov/deposit/html/Sn-Mo00511"">Gertie</a>: Deposit<table><tr><td>Feature group</td><td>Mineral Occurrence</td></tr><tr><td>Location</td><td>Pennington, SD</td></tr><tr><td>Commodity</td><td>tin</td></tr></table>",Shakopee Mdewakanton Sioux Community and Off-Reservation Trust Land,1,FALSE,TRUE,1,0
1251,Addie Mine,tin,Underground Workings,"<a href=""https://mrdata.usgs.gov/deposit/html/Sn-Mf00454"">Addie Mine</a>: Underground Workings<table><tr><td>Feature group</td><td>Mine Feature</td></tr><tr><td>Location</td><td>Pennington, SD</td></tr><tr><td>Commodity</td><td>tin</td></tr></table>",Pine Ridge Reservation; Shakopee Mdewakanton Sioux Community and Off-Reservation Trust Land,2,FALSE,TRUE,1,1
1252,Addie,tin,Deposit,"<a href=""https://mrdata.usgs.gov/deposit/html/Sn-Mo00462"">Addie</a>: Deposit<table><tr><td>Feature group</td><td>Mineral Occurrence</td></tr><tr><td>Location</td><td>Pennington, SD</td></tr><tr><td>Commodity</td><td>tin</td></tr></table>",Pine Ridge Reservation; Shakopee Mdewakanton Sioux Community and Off-Reservation Trust Land,2,FALSE,TRUE,1,1
1253,Etta Mine,tin; lithium; beryllium; mica,Underground Workings,"<a href=""https://mrdata.usgs.gov/deposit/html/Sn-Mf00456"">Etta Mine</a>: Underground Workings<table><tr><td>Feature group</td><td>Mine Feature</td></tr><tr><td>Location</td><td>Pennington, SD</td></tr><tr><td>Commodity</td><td>tin; lithium; beryllium; mica</td></tr></table>",Pine Ridge Reservation; Shakopee Mdewakanton Sioux Community and Off-Reservation Trust Land,2,FALSE,TRUE,1,1
1254,Etta,tin; lithium; beryllium; mica,Deposit,"<a href=""https://mrdata.usgs.gov/deposit/html/Sn-Mo00514"">Etta</a>: Deposit<table><tr><td>Feature group</td><td>Mineral Occurrence</td></tr><tr><td>Location</td><td>Pennington, SD</td></tr><tr><td>Commodity</td><td>tin; lithium; beryllium; mica</td></tr></table>",Pine Ridge Reservation; Shakopee Mdewakanton Sioux Community and Off-Reservation Trust Land,2,FALSE,TRUE,1,1
1255,Peerless Mine,tin; mica; beryllium; lithium; feldspar; niobium; tantalum,Underground Workings,"<a href=""https://mrdata.usgs.gov/deposit/html/Sn-Mf00473"">Peerless Mine</a>: Underground Workings<table><tr><td>Feature group</td><td>Mine Feature</td></tr><tr><td>Location</td><td>Pennington, SD</td></tr><tr><td>Commodity</td><td>tin; mica; beryllium; lithium; feldspar; niobium; tantalum</td></tr></table>",Pine Ridge Reservation; Shakopee Mdewakanton Sioux Community and Off-Reservation Trust Land,2,FALSE,TRUE,1,1
1256,Peerless,tin; mica; beryllium; lithium; feldspar; niobium; tantalum,Deposit,"<a href=""https://mrdata.usgs.gov/deposit/html/Sn-Mo00710"">Peerless</a>: Deposit<table><tr><td>Feature group</td><td>Mineral Occurrence</td></tr><tr><td>Location</td><td>Pennington, SD</td></tr><tr><td>Commodity</td><td>tin; mica; beryllium; lithium; feldspar; niobium; tantalum</td></tr></table>",Pine Ridge Reservation; Shakopee Mdewakanton Sioux Community and Off-Reservation Trust Land,2,FALSE,TRUE,1,1
1257,Tin Boom Mine,tin,Deposit,"<a href=""https://mrdata.usgs.gov/deposit/html/Sn-Mf00474"">Tin Boom Mine</a>: Deposit<table><tr><td>Feature group</td><td>Mineral Occurrence</td></tr><tr><td>Location</td><td>Pennington, SD</td></tr><tr><td>Commodity</td><td>tin</td></tr></table>",Shakopee Mdewakanton Sioux Community and Off-Reservation Trust Land,1,FALSE,TRUE,1,0
1258,Tin Boom,tin,Deposit,"<a href=""https://mrdata.usgs.gov/deposit/html/Sn-Mo00513"">Tin Boom</a>: Deposit<table><tr><td>Feature group</td><td>Mineral Occurrence</td></tr><tr><td>Location</td><td>Pennington, SD</td></tr><tr><td>Commodity</td><td>tin</td></tr></table>",Shakopee Mdewakanton Sioux Community and Off-Reservation Trust Land,1,FALSE,TRUE,1,0
1259,Rough and Ready Mine,tin,Underground Workings,"<a href=""https://mrdata.usgs.gov/deposit/html/Sn-Mf00481"">Rough and Ready Mine</a>: Underground Workings<table><tr><td>Feature group</td><td>Mine Feature</td></tr><tr><td>Location</td><td>Lawrence, SD</td></tr><tr><td>Commodity</td><td>tin</td></tr></table>",Northern Cheyenne Indian Reservation and Off-Reservation Trust Land; Shakopee Mdewakanton Sioux Community and Off-Reservation Trust Land,2,FALSE,TRUE,1,1
1260,Rough and Ready,tin,Deposit,"<a href=""https://mrdata.usgs.gov/deposit/html/Sn-Mo00512"">Rough and Ready</a>: Deposit<table><tr><td>Feature group</td><td>Mineral Occurrence</td></tr><tr><td>Location</td><td>Lawrence, SD</td></tr><tr><td>Commodity</td><td>tin</td></tr></table>",Northern Cheyenne Indian Reservation and Off-Reservation Trust Land; Shakopee Mdewakanton Sioux Community and Off-Reservation Trust Land,2,FALSE,TRUE,1,1
1261,Tinton District,tin; feldspar,Mineral District,"<a href=""https://mrdata.usgs.gov/deposit/html/Sn-Mr00113"">Tinton District</a>: Mineral District<table><tr><td>Feature group</td><td>Mineral Region</td></tr><tr><td>Location</td><td>Lawrence; Crook, SD; WY</td></tr><tr><td>Commodity</td><td>tin; feldspar</td></tr></table>",Northern Cheyenne Indian Reservation and Off-Reservation Trust Land; Shakopee Mdewakanton Sioux Community and Off-Reservation Trust Land,2,FALSE,TRUE,1,1
1262,Hill City District,tin,Mineral District,"<a href=""https://mrdata.usgs.gov/deposit/html/Sn-Mr00112"">Hill City District</a>: Mineral District<table><tr><td>Feature group</td><td>Mineral Region</td></tr><tr><td>Location</td><td>Pennington, SD</td></tr><tr><td>Commodity</td><td>tin</td></tr></table>",Shakopee Mdewakanton Sioux Community and Off-Reservation Trust Land,1,FALSE,TRUE,1,0
1263,Hugo District,tin; mica; beryllium; lithium; feldspar; niobium; tantalum,Mineral District,"<a href=""https://mrdata.usgs.gov/deposit/html/Sn-Mr00139"">Hugo District</a>: Mineral District<table><tr><td>Feature group</td><td>Mineral Region</td></tr><tr><td>Location</td><td>Pennington; Custer, SD</td></tr><tr><td>Commodity</td><td>tin; mica; beryllium; lithium; feldspar; niobium; tantalum</td></tr></table>",Pine Ridge Reservation; Shakopee Mdewakanton Sioux Community and Off-Reservation Trust Land,2,FALSE,TRUE,1,1
1264,Etta District,lithium; beryllium; tin; mica,Mineral District,"<a href=""https://mrdata.usgs.gov/deposit/html/Sn-Mr00140"">Etta District</a>: Mineral District<table><tr><td>Feature group</td><td>Mineral Region</td></tr><tr><td>Location</td><td>Pennington; Custer, SD</td></tr><tr><td>Commodity</td><td>lithium; beryllium; tin; mica</td></tr></table>",Pine Ridge Reservation; Shakopee Mdewakanton Sioux Community and Off-Reservation Trust Land,2,FALSE,TRUE,1,1
1265,Keystone District,tin; feldspar; mica; lithium; beryllium; niobium; tantalum; gold; silver; arsenic,Mineral District,"<a href=""https://mrdata.usgs.gov/deposit/html/Sn-Mr00111"">Keystone District</a>: Mineral District<table><tr><td>Feature group</td><td>Mineral Region</td></tr><tr><td>Location</td><td>Pennington, SD</td></tr><tr><td>Commodity</td><td>tin; feldspar; mica; lithium; beryllium; niobium; tantalum; gold; silver; arsenic</td></tr></table>",Pine Ridge Reservation; Shakopee Mdewakanton Sioux Community and Off-Reservation Trust Land,2,FALSE,TRUE,1,1
1266,Ingersoll Mine,tin; beryllium; feldspar; mica; tantalum; lithium,Underground Workings,"<a href=""https://mrdata.usgs.gov/deposit/html/Sn-Mf00570"">Ingersoll Mine</a>: Underground Workings<table><tr><td>Feature group</td><td>Mine Feature</td></tr><tr><td>Location</td><td>Pennington, SD</td></tr><tr><td>Commodity</td><td>tin; beryllium; feldspar; mica; tantalum; lithium</td></tr></table>",Pine Ridge Reservation; Shakopee Mdewakanton Sioux Community and Off-Reservation Trust Land,2,FALSE,TRUE,1,1
1267,"Ingersoll, Dike No. 1",tin; feldspar; lithium; mica; niobium; beryllium,Deposit,"<a href=""https://mrdata.usgs.gov/deposit/html/Sn-Mo00711"">Ingersoll, Dike No. 1</a>: Deposit<table><tr><td>Feature group</td><td>Mineral Occurrence</td></tr><tr><td>Location</td><td>Pennington, SD</td></tr><tr><td>Commodity</td><td>tin; feldspar; lithium; mica; niobium; beryllium</td></tr></table>",Pine Ridge Reservation; Shakopee Mdewakanton Sioux Community and Off-Reservation Trust Land,2,FALSE,TRUE,1,1
1268,"Ingersoll, Dike No. 2",tin; feldspar; mica; lithium; beryllium; niobium; tantalum,Deposit,"<a href=""https://mrdata.usgs.gov/deposit/html/Sn-Mo00712"">Ingersoll, Dike No. 2</a>: Deposit<table><tr><td>Feature group</td><td>Mineral Occurrence</td></tr><tr><td>Location</td><td>Pennington, SD</td></tr><tr><td>Commodity</td><td>tin; feldspar; mica; lithium; beryllium; niobium; tantalum</td></tr></table>",Pine Ridge Reservation; Shakopee Mdewakanton Sioux Community and Off-Reservation Trust Land,2,FALSE,TRUE,1,1
1269,"Ingersoll, Dike No. 3",feldspar; mica,Prospect,"<a href=""https://mrdata.usgs.gov/deposit/html/Sn-Mo00713"">Ingersoll, Dike No. 3</a>: Prospect<table><tr><td>Feature group</td><td>Mineral Occurrence</td></tr><tr><td>Location</td><td>Pennington, SD</td></tr><tr><td>Commodity</td><td>feldspar; mica</td></tr></table>",Pine Ridge Reservation; Shakopee Mdewakanton Sioux Community and Off-Reservation Trust Land,2,FALSE,TRUE,1,1
1270,"Ingersoll, Dike No. 4",feldspar; beryllium; lithium,Prospect,"<a href=""https://mrdata.usgs.gov/deposit/html/Sn-Mo00714"">Ingersoll, Dike No. 4</a>: Prospect<table><tr><td>Feature group</td><td>Mineral Occurrence</td></tr><tr><td>Location</td><td>Pennington, SD</td></tr><tr><td>Commodity</td><td>feldspar; beryllium; lithium</td></tr></table>",Pine Ridge Reservation; Shakopee Mdewakanton Sioux Community and Off-Reservation Trust Land,2,FALSE,TRUE,1,1
1271,Giant-Volney Mine,niobium; tin; lithium,Underground Workings,"<a href=""https://mrdata.usgs.gov/deposit/html/Sn-Mf00571"">Giant-Volney Mine</a>: Underground Workings<table><tr><td>Feature group</td><td>Mine Feature</td></tr><tr><td>Location</td><td>Lawrence, SD</td></tr><tr><td>Commodity</td><td>niobium; tin; lithium</td></tr></table>",Northern Cheyenne Indian Reservation and Off-Reservation Trust Land; Shakopee Mdewakanton Sioux Community and Off-Reservation Trust Land,2,FALSE,TRUE,1,1
1272,Giant-Volney,tin; titanium; lithium; niobium; tantalum,Deposit,"<a href=""https://mrdata.usgs.gov/deposit/html/Sn-Mo00715"">Giant-Volney</a>: Deposit<table><tr><td>Feature group</td><td>Mineral Occurrence</td></tr><tr><td>Location</td><td>Lawrence, SD</td></tr><tr><td>Commodity</td><td>tin; titanium; lithium; niobium; tantalum</td></tr></table>",Northern Cheyenne Indian Reservation and Off-Reservation Trust Land; Shakopee Mdewakanton Sioux Community and Off-Reservation Trust Land,2,FALSE,TRUE,1,1
1273,Cave Peak,molybdenum; copper; tungsten; tin; niobium,Deposit,"<a href=""https://mrdata.usgs.gov/deposit/html/Sn-Mo00723"">Cave Peak</a>: Deposit<table><tr><td>Feature group</td><td>Mineral Occurrence</td></tr><tr><td>Location</td><td>Culberson, TX</td></tr><tr><td>Commodity</td><td>molybdenum; copper; tungsten; tin; niobium</td></tr></table>",,0,FALSE,FALSE,0,0
1274,Franklin Mountains Tin Mine,tin,Mill Site,"<a href=""https://mrdata.usgs.gov/deposit/html/Sn-Mf00572"">Franklin Mountains Tin Mine</a>: Mill Site<table><tr><td>Feature group</td><td>Mine Feature</td></tr><tr><td>Location</td><td>El Paso, TX</td></tr><tr><td>Commodity</td><td>tin</td></tr></table>",Ysleta del Sur Pueblo and Off-Reservation Trust Land,1,FALSE,TRUE,1,0
1275,Franklin Mountains Tin,tin,Deposit,"<a href=""https://mrdata.usgs.gov/deposit/html/Sn-Mo00724"">Franklin Mountains Tin</a>: Deposit<table><tr><td>Feature group</td><td>Mineral Occurrence</td></tr><tr><td>Location</td><td>El Paso, TX</td></tr><tr><td>Commodity</td><td>tin</td></tr></table>",Ysleta del Sur Pueblo and Off-Reservation Trust Land,1,FALSE,TRUE,1,0
1276,No. 1 Workings,tin,Underground Workings,"<a href=""https://mrdata.usgs.gov/deposit/html/Sn-Mf00512"">No. 1 Workings</a>: Underground Workings<table><tr><td>Feature group</td><td>Mine Feature</td></tr><tr><td>Location</td><td>Rockbridge, VA</td></tr><tr><td>Commodity</td><td>tin</td></tr></table>",,0,FALSE,FALSE,0,0
1277,No. 2 Workings,tin,Underground Workings,"<a href=""https://mrdata.usgs.gov/deposit/html/Sn-Mf00513"">No. 2 Workings</a>: Underground Workings<table><tr><td>Feature group</td><td>Mine Feature</td></tr><tr><td>Location</td><td>Rockbridge, VA</td></tr><tr><td>Commodity</td><td>tin</td></tr></table>",,0,FALSE,FALSE,0,0
1278,Panther Run,tin,Deposit,"<a href=""https://mrdata.usgs.gov/deposit/html/Sn-Mo00518"">Panther Run</a>: Deposit<table><tr><td>Feature group</td><td>Mineral Occurrence</td></tr><tr><td>Location</td><td>Rockbridge, VA</td></tr><tr><td>Commodity</td><td>tin</td></tr></table>",,0,FALSE,FALSE,0,0
1279,Irish Creek District,tin,Mining District,"<a href=""https://mrdata.usgs.gov/deposit/html/Sn-Mr00126"">Irish Creek District</a>: Mining District<table><tr><td>Feature group</td><td>Mineral Region</td></tr><tr><td>Location</td><td>Nelson; Rockbridge, VA</td></tr><tr><td>Commodity</td><td>tin</td></tr></table>",,0,FALSE,FALSE,0,0
1280,Silver Hill Mine,tin; tungsten,Underground Workings,"<a href=""https://mrdata.usgs.gov/deposit/html/Sn-Mf00518"">Silver Hill Mine</a>: Underground Workings<table><tr><td>Feature group</td><td>Mine Feature</td></tr><tr><td>Location</td><td>Spokane, WA</td></tr><tr><td>Commodity</td><td>tin; tungsten</td></tr></table>",Coeur d'Alene Reservation; Kalispel Reservation and Off-Reservation Trust Land; Spokane Reservation and Off-Reservation Trust Land,3,FALSE,TRUE,1,1
1281,Zone 1,tin; tungsten; silver,Deposit,"<a href=""https://mrdata.usgs.gov/deposit/html/Sn-Mo00521"">Zone 1</a>: Deposit<table><tr><td>Feature group</td><td>Mineral Occurrence</td></tr><tr><td>Location</td><td>Spokane, WA</td></tr><tr><td>Commodity</td><td>tin; tungsten; silver</td></tr></table>",Coeur d'Alene Reservation; Kalispel Reservation and Off-Reservation Trust Land; Spokane Reservation and Off-Reservation Trust Land,3,FALSE,TRUE,1,1
1282,Zone 2,tin; tungsten; silver,Deposit,"<a href=""https://mrdata.usgs.gov/deposit/html/Sn-Mo00522"">Zone 2</a>: Deposit<table><tr><td>Feature group</td><td>Mineral Occurrence</td></tr><tr><td>Location</td><td>Spokane, WA</td></tr><tr><td>Commodity</td><td>tin; tungsten; silver</td></tr></table>",Coeur d'Alene Reservation; Kalispel Reservation and Off-Reservation Trust Land; Spokane Reservation and Off-Reservation Trust Land,3,FALSE,TRUE,1,1
1283,Zone 3,tin; tungsten; silver,Deposit,"<a href=""https://mrdata.usgs.gov/deposit/html/Sn-Mo00523"">Zone 3</a>: Deposit<table><tr><td>Feature group</td><td>Mineral Occurrence</td></tr><tr><td>Location</td><td>Spokane, WA</td></tr><tr><td>Commodity</td><td>tin; tungsten; silver</td></tr></table>",Coeur d'Alene Reservation; Kalispel Reservation and Off-Reservation Trust Land; Spokane Reservation and Off-Reservation Trust Land,3,FALSE,TRUE,1,1
1284,Zone 4,tin; tungsten; silver,Deposit,"<a href=""https://mrdata.usgs.gov/deposit/html/Sn-Mo00524"">Zone 4</a>: Deposit<table><tr><td>Feature group</td><td>Mineral Occurrence</td></tr><tr><td>Location</td><td>Spokane, WA</td></tr><tr><td>Commodity</td><td>tin; tungsten; silver</td></tr></table>",Coeur d'Alene Reservation; Kalispel Reservation and Off-Reservation Trust Land; Spokane Reservation and Off-Reservation Trust Land,3,FALSE,TRUE,1,1
1285,Port Clarence District,beryllium (1); fluorspar (2); tin (2); tungsten (2),Mining District,"<a href=""https://mrdata.usgs.gov/deposit/html/W-Mr00082"">Port Clarence District</a>: Mining District<table><tr><td>Feature group</td><td>Mineral Region</td></tr><tr><td>Location</td><td>Nome, AK</td></tr><tr><td>Commodity</td><td>beryllium (1); fluorspar (2); tin (2); tungsten (2)</td></tr></table>",Brevig Mission ANVSA; Teller ANVSA; Wales ANVSA,3,FALSE,TRUE,1,1
1286,"Lost River, Lost River mine",tin,Underground Workings,"<a href=""https://mrdata.usgs.gov/deposit/html/W-Mf00354"">Lost River, Lost River mine</a>: Underground Workings<table><tr><td>Feature group</td><td>Mine Feature</td></tr><tr><td>Location</td><td>Nome, AK</td></tr><tr><td>Commodity</td><td>tin</td></tr></table>",Brevig Mission ANVSA; Teller ANVSA; Wales ANVSA,3,FALSE,TRUE,1,1
1287,"Lost River, Cassiterite Creek placer mine",tin,Placer Mine,"<a href=""https://mrdata.usgs.gov/deposit/html/W-Mf00423"">Lost River, Cassiterite Creek placer mine</a>: Placer Mine<table><tr><td>Feature group</td><td>Mine Feature</td></tr><tr><td>Location</td><td>Nome, AK</td></tr><tr><td>Commodity</td><td>tin</td></tr></table>",Brevig Mission ANVSA; Teller ANVSA; Wales ANVSA,3,FALSE,TRUE,1,1
1288,"Lost River, Ida Bell dike deposit",tin; tungsten,Deposit,"<a href=""https://mrdata.usgs.gov/deposit/html/W-Mo00404"">Lost River, Ida Bell dike deposit</a>: Deposit<table><tr><td>Feature group</td><td>Mineral Occurrence</td></tr><tr><td>Location</td><td>Nome, AK</td></tr><tr><td>Commodity</td><td>tin; tungsten</td></tr></table>",Brevig Mission ANVSA; Teller ANVSA; Wales ANVSA,3,FALSE,TRUE,1,1
1289,"Lost River, Lost River skarn deposit",beryllium; fluorspar; tin; tungsten,Deposit,"<a href=""https://mrdata.usgs.gov/deposit/html/W-Mo00405"">Lost River, Lost River skarn deposit</a>: Deposit<table><tr><td>Feature group</td><td>Mineral Occurrence</td></tr><tr><td>Location</td><td>Nome, AK</td></tr><tr><td>Commodity</td><td>beryllium; fluorspar; tin; tungsten</td></tr></table>",Brevig Mission ANVSA; Teller ANVSA; Wales ANVSA,3,FALSE,TRUE,1,1
1290,"Lost River, Cassiterite Creek placer deposit",tin,Deposit,"<a href=""https://mrdata.usgs.gov/deposit/html/W-Mo00434"">Lost River, Cassiterite Creek placer deposit</a>: Deposit<table><tr><td>Feature group</td><td>Mineral Occurrence</td></tr><tr><td>Location</td><td>Nome, AK</td></tr><tr><td>Commodity</td><td>tin</td></tr></table>",Brevig Mission ANVSA; Teller ANVSA; Wales ANVSA,3,FALSE,TRUE,1,1
1291,"Lost River, Cassiterite dike deposit",tin; tungsten,Deposit,"<a href=""https://mrdata.usgs.gov/deposit/html/W-Mo00527"">Lost River, Cassiterite dike deposit</a>: Deposit<table><tr><td>Feature group</td><td>Mineral Occurrence</td></tr><tr><td>Location</td><td>Nome, AK</td></tr><tr><td>Commodity</td><td>tin; tungsten</td></tr></table>",Brevig Mission ANVSA; Teller ANVSA; Wales ANVSA,3,FALSE,TRUE,1,1
1292,Bristol Bay Region,copper (1); gold (1); molybdenum (1); platinum-group elements (2); rhenium (3); silver (1); tin (4); tungsten (4),Mining District,"<a href=""https://mrdata.usgs.gov/deposit/html/W-Mr00013"">Bristol Bay Region</a>: Mining District<table><tr><td>Feature group</td><td>Mineral Region</td></tr><tr><td>Location</td><td>Bethel; Bristol Bay; Dillingham; Kenai Peninsula; Kodiak Island; Lake and Peninsula, AK</td></tr><tr><td>Commodity</td><td>copper (1); gold (1); molybdenum (1); platinum-group elements (2); rhenium (3); silver (1); tin (4); tungsten (4)</td></tr></table>",Dillingham ANVSA; Ekwok ANVSA; Levelock ANVSA; Naknek ANVSA; New Koliganek ANVSA; New Stuyahok ANVSA; Portage Creek ANVSA,7,FALSE,TRUE,1,1
1293,Nome District,gold (1); graphite (2); tungsten (1),Mining District,"<a href=""https://mrdata.usgs.gov/deposit/html/W-Mr00058"">Nome District</a>: Mining District<table><tr><td>Feature group</td><td>Mineral Region</td></tr><tr><td>Location</td><td>Nome, AK</td></tr><tr><td>Commodity</td><td>gold (1); graphite (2); tungsten (1)</td></tr></table>",Mary's Igloo ANVSA; Nome ANVSA; Solomon ANVSA,3,FALSE,TRUE,1,1
1294,Juneau District,copper (1); gold (1); iron (2); platinum-group elements (3); silver (1); titanium (2); tungsten (1); vanadium (2),Mining District,"<a href=""https://mrdata.usgs.gov/deposit/html/W-Mr00059"">Juneau District</a>: Mining District<table><tr><td>Feature group</td><td>Mineral Region</td></tr><tr><td>Location</td><td>Haines; Hoonah-Angoon; Juneau; Skagway, AK</td></tr><tr><td>Commodity</td><td>copper (1); gold (1); iron (2); platinum-group elements (3); silver (1); titanium (2); tungsten (1); vanadium (2)</td></tr></table>",Chilkoot ANVSA,1,FALSE,TRUE,1,0
1295,Goodpaster District,tungsten (1),Mining District,"<a href=""https://mrdata.usgs.gov/deposit/html/W-Mr00060"">Goodpaster District</a>: Mining District<table><tr><td>Feature group</td><td>Mineral Region</td></tr><tr><td>Location</td><td>Fairbanks North Star; Southeast Fairbanks, AK</td></tr><tr><td>Commodity</td><td>tungsten (1)</td></tr></table>",Dot Lake ANVSA; Healy Lake ANVSA,2,FALSE,TRUE,1,1
1296,Iditarod District,antimony (1); arsenic (1); gold (1); lead (1); silver (1); tungsten (1); zinc (1),Mining District,"<a href=""https://mrdata.usgs.gov/deposit/html/W-Mr00135"">Iditarod District</a>: Mining District<table><tr><td>Feature group</td><td>Mineral Region</td></tr><tr><td>Location</td><td>Bethel; Yukon-Koyukuk, AK</td></tr><tr><td>Commodity</td><td>antimony (1); arsenic (1); gold (1); lead (1); silver (1); tungsten (1); zinc (1)</td></tr></table>",Shageluk ANVSA,1,FALSE,TRUE,1,0
1297,"Sleitat Mountain, Sleitat Mountain deposit",silver; tin; tungsten,Deposit,"<a href=""https://mrdata.usgs.gov/deposit/html/W-Mo00336"">Sleitat Mountain, Sleitat Mountain deposit</a>: Deposit<table><tr><td>Feature group</td><td>Mineral Occurrence</td></tr><tr><td>Location</td><td>Dillingham, AK</td></tr><tr><td>Commodity</td><td>silver; tin; tungsten</td></tr></table>",New Koliganek ANVSA,1,FALSE,TRUE,1,0
1298,"Gilmore Dome, Stepovich mine",tungsten,Underground Workings,"<a href=""https://mrdata.usgs.gov/deposit/html/W-Mf00328"">Gilmore Dome, Stepovich mine</a>: Underground Workings<table><tr><td>Feature group</td><td>Mine Feature</td></tr><tr><td>Location</td><td>Fairbanks North Star, AK</td></tr><tr><td>Commodity</td><td>tungsten</td></tr></table>",,0,FALSE,FALSE,0,0
1299,"Gilmore Dome, Yellow Pup mine",tungsten,Underground Workings,"<a href=""https://mrdata.usgs.gov/deposit/html/W-Mf00484"">Gilmore Dome, Yellow Pup mine</a>: Underground Workings<table><tr><td>Feature group</td><td>Mine Feature</td></tr><tr><td>Location</td><td>Fairbanks North Star, AK</td></tr><tr><td>Commodity</td><td>tungsten</td></tr></table>",,0,FALSE,FALSE,0,0
1300,"Gilmore Dome, Gilmore Dome area",tungsten,Deposit,"<a href=""https://mrdata.usgs.gov/deposit/html/W-Mo00650"">Gilmore Dome, Gilmore Dome area</a>: Deposit<table><tr><td>Feature group</td><td>Mineral Occurrence</td></tr><tr><td>Location</td><td>Fairbanks North Star, AK</td></tr><tr><td>Commodity</td><td>tungsten</td></tr></table>",,0,FALSE,FALSE,0,0
1301,Fairbanks District,tungsten (1),Mining District,"<a href=""https://mrdata.usgs.gov/deposit/html/W-Mr00137"">Fairbanks District</a>: Mining District<table><tr><td>Feature group</td><td>Mineral Region</td></tr><tr><td>Location</td><td>Fairbanks North Star; Southeast Fairbanks; Yukon-Koyukuk, AK</td></tr><tr><td>Commodity</td><td>tungsten (1)</td></tr></table>",,0,FALSE,FALSE,0,0
1302,"Golden Horn, Golden Horn mine",gold; lead; silver; zinc,Underground Workings,"<a href=""https://mrdata.usgs.gov/deposit/html/W-Mf00569"">Golden Horn, Golden Horn mine</a>: Underground Workings<table><tr><td>Feature group</td><td>Mine Feature</td></tr><tr><td>Location</td><td>Yukon-Koyukuk, AK</td></tr><tr><td>Commodity</td><td>gold; lead; silver; zinc</td></tr></table>",Crooked Creek ANVSA; Georgetown ANVSA,2,FALSE,TRUE,1,1
1303,"Golden Horn, Golden Horn deposit",antimony; arsenic (1); gold; silver; tungsten,Deposit,"<a href=""https://mrdata.usgs.gov/deposit/html/W-Mo00706"">Golden Horn, Golden Horn deposit</a>: Deposit<table><tr><td>Feature group</td><td>Mineral Occurrence</td></tr><tr><td>Location</td><td>Yukon-Koyukuk, AK</td></tr><tr><td>Commodity</td><td>antimony; arsenic (1); gold; silver; tungsten</td></tr></table>",Crooked Creek ANVSA; Georgetown ANVSA,2,FALSE,TRUE,1,1
1304,"Bonita Creek, Bonita Creek deposit",gold; tungsten,Deposit,"<a href=""https://mrdata.usgs.gov/deposit/html/W-Mo00707"">Bonita Creek, Bonita Creek deposit</a>: Deposit<table><tr><td>Feature group</td><td>Mineral Occurrence</td></tr><tr><td>Location</td><td>Nome, AK</td></tr><tr><td>Commodity</td><td>gold; tungsten</td></tr></table>",Nome ANVSA; Solomon ANVSA,2,FALSE,TRUE,1,1
1305,"Margerie Glacier, Margerie Glacier deposit",copper; gold; silver; tungsten,Deposit,"<a href=""https://mrdata.usgs.gov/deposit/html/W-Mo00708"">Margerie Glacier, Margerie Glacier deposit</a>: Deposit<table><tr><td>Feature group</td><td>Mineral Occurrence</td></tr><tr><td>Location</td><td>Hoonah-Angoon, AK</td></tr><tr><td>Commodity</td><td>copper; gold; silver; tungsten</td></tr></table>",,0,FALSE,FALSE,0,0
1306,"Lucky 13, Lucky 13 deposit",tungsten,Deposit,"<a href=""https://mrdata.usgs.gov/deposit/html/W-Mo00709"">Lucky 13, Lucky 13 deposit</a>: Deposit<table><tr><td>Feature group</td><td>Mineral Occurrence</td></tr><tr><td>Location</td><td>Southeast Fairbanks, AK</td></tr><tr><td>Commodity</td><td>tungsten</td></tr></table>",Healy Lake ANVSA,1,FALSE,TRUE,1,0
1307,"Boriana, Boriana mine",copper (1); tungsten (1),Adit,"<a href=""https://mrdata.usgs.gov/deposit/html/W-Mf00560"">Boriana, Boriana mine</a>: Adit<table><tr><td>Feature group</td><td>Mine Feature</td></tr><tr><td>Location</td><td>Mohave, AZ</td></tr><tr><td>Commodity</td><td>copper (1); tungsten (1)</td></tr></table>",Fort Mojave Reservation and Off-Reservation Trust Land; Hualapai Indian Reservation and Off-Reservation Trust Land,2,FALSE,TRUE,1,1
1308,"Boriana, Boriana deposit",tungsten (1),Deposit,"<a href=""https://mrdata.usgs.gov/deposit/html/W-Mo00700"">Boriana, Boriana deposit</a>: Deposit<table><tr><td>Feature group</td><td>Mineral Occurrence</td></tr><tr><td>Location</td><td>Mohave, AZ</td></tr><tr><td>Commodity</td><td>tungsten (1)</td></tr></table>",Fort Mojave Reservation and Off-Reservation Trust Land; Hualapai Indian Reservation and Off-Reservation Trust Land,2,FALSE,TRUE,1,1
1309,Boriana Mineral District,copper; gold; silver; tungsten,Mineral District,"<a href=""https://mrdata.usgs.gov/deposit/html/W-Mr00131"">Boriana Mineral District</a>: Mineral District<table><tr><td>Feature group</td><td>Mineral Region</td></tr><tr><td>Location</td><td>Mohave, AZ</td></tr><tr><td>Commodity</td><td>copper; gold; silver; tungsten</td></tr></table>",Fort Mojave Reservation and Off-Reservation Trust Land; Hualapai Indian Reservation and Off-Reservation Trust Land,2,FALSE,TRUE,1,1
1310,"Pine Creek, Pine Creek mine",copper (1); gold (1); molybdenum (1); silver (1); tungsten (1),Underground Workings,"<a href=""https://mrdata.usgs.gov/deposit/html/W-Mf00400"">Pine Creek, Pine Creek mine</a>: Underground Workings<table><tr><td>Feature group</td><td>Mine Feature</td></tr><tr><td>Location</td><td>Inyo, CA</td></tr><tr><td>Commodity</td><td>copper (1); gold (1); molybdenum (1); silver (1); tungsten (1)</td></tr></table>",Benton Paiute Reservation and Off-Reservation Trust Land; Big Pine Reservation and Off-Reservation Trust Land; Bishop Reservation,3,FALSE,TRUE,1,1
1311,"Pine Creek, Pine Creek deposit",tungsten (1),Deposit,"<a href=""https://mrdata.usgs.gov/deposit/html/W-Mo00499"">Pine Creek, Pine Creek deposit</a>: Deposit<table><tr><td>Feature group</td><td>Mineral Occurrence</td></tr><tr><td>Location</td><td>Inyo, CA</td></tr><tr><td>Commodity</td><td>tungsten (1)</td></tr></table>",Benton Paiute Reservation and Off-Reservation Trust Land; Big Pine Reservation and Off-Reservation Trust Land; Bishop Reservation,3,FALSE,TRUE,1,1
1312,Chidago Mining District,tungsten,Mining District,"<a href=""https://mrdata.usgs.gov/deposit/html/W-Mr00038"">Chidago Mining District</a>: Mining District<table><tr><td>Feature group</td><td>Mineral Region</td></tr><tr><td>Location</td><td>Mono, CA</td></tr><tr><td>Commodity</td><td>tungsten</td></tr></table>",Benton Paiute Reservation and Off-Reservation Trust Land; Bishop Reservation,2,FALSE,TRUE,1,1
1313,Bishop Mining District,copper; gold; molybdenum; perlite; pumice; silver; tungsten,Mining District,"<a href=""https://mrdata.usgs.gov/deposit/html/W-Mr00031"">Bishop Mining District</a>: Mining District<table><tr><td>Feature group</td><td>Mineral Region</td></tr><tr><td>Location</td><td>Fresno; Inyo; Mono, CA</td></tr><tr><td>Commodity</td><td>copper; gold; molybdenum; perlite; pumice; silver; tungsten</td></tr></table>",Big Pine Reservation and Off-Reservation Trust Land; Bishop Reservation; Fort Independence Reservation,3,FALSE,TRUE,1,1
1314,"Brownstone, Brownstone mine",tungsten (1),Adit,"<a href=""https://mrdata.usgs.gov/deposit/html/W-Mf00565"">Brownstone, Brownstone mine</a>: Adit<table><tr><td>Feature group</td><td>Mine Feature</td></tr><tr><td>Location</td><td>Inyo, CA</td></tr><tr><td>Commodity</td><td>tungsten (1)</td></tr></table>",Benton Paiute Reservation and Off-Reservation Trust Land; Big Pine Reservation and Off-Reservation Trust Land; Bishop Reservation,3,FALSE,TRUE,1,1
1315,"Brownstone, Brownstone deposit",tungsten (1),Deposit,"<a href=""https://mrdata.usgs.gov/deposit/html/W-Mo00704"">Brownstone, Brownstone deposit</a>: Deposit<table><tr><td>Feature group</td><td>Mineral Occurrence</td></tr><tr><td>Location</td><td>Inyo, CA</td></tr><tr><td>Commodity</td><td>tungsten (1)</td></tr></table>",Benton Paiute Reservation and Off-Reservation Trust Land; Big Pine Reservation and Off-Reservation Trust Land; Bishop Reservation,3,FALSE,TRUE,1,1
1316,"Tungsten Peak, Tungsten Peak mine",tungsten (1),Mine Shaft,"<a href=""https://mrdata.usgs.gov/deposit/html/W-Mf00596"">Tungsten Peak, Tungsten Peak mine</a>: Mine Shaft<table><tr><td>Feature group</td><td>Mine Feature</td></tr><tr><td>Location</td><td>Kern, CA</td></tr><tr><td>Commodity</td><td>tungsten (1)</td></tr></table>",,0,FALSE,FALSE,0,0
1317,"Tungsten Peak, Tungsten Peak deposit",tungsten (1),Deposit,"<a href=""https://mrdata.usgs.gov/deposit/html/W-Mo00620"">Tungsten Peak, Tungsten Peak deposit</a>: Deposit<table><tr><td>Feature group</td><td>Mineral Occurrence</td></tr><tr><td>Location</td><td>Kern, CA</td></tr><tr><td>Commodity</td><td>tungsten (1)</td></tr></table>",,0,FALSE,FALSE,0,0
1318,"Tungstar, Tungstar mine",tungsten (1),Underground Workings,"<a href=""https://mrdata.usgs.gov/deposit/html/W-Mf00401"">Tungstar, Tungstar mine</a>: Underground Workings<table><tr><td>Feature group</td><td>Mine Feature</td></tr><tr><td>Location</td><td>Inyo, CA</td></tr><tr><td>Commodity</td><td>tungsten (1)</td></tr></table>",Benton Paiute Reservation and Off-Reservation Trust Land; Big Pine Reservation and Off-Reservation Trust Land; Bishop Reservation,3,FALSE,TRUE,1,1
1319,"Tungstar, Tungstar deposit",tungsten (1),Deposit,"<a href=""https://mrdata.usgs.gov/deposit/html/W-Mo00497"">Tungstar, Tungstar deposit</a>: Deposit<table><tr><td>Feature group</td><td>Mineral Occurrence</td></tr><tr><td>Location</td><td>Inyo, CA</td></tr><tr><td>Commodity</td><td>tungsten (1)</td></tr></table>",Benton Paiute Reservation and Off-Reservation Trust Land; Big Pine Reservation and Off-Reservation Trust Land; Bishop Reservation,3,FALSE,TRUE,1,1
1320,"Little Sister, Little Sister mine",tungsten (1),Open Pit Mine,"<a href=""https://mrdata.usgs.gov/deposit/html/W-Mf00402"">Little Sister, Little Sister mine</a>: Open Pit Mine<table><tr><td>Feature group</td><td>Mine Feature</td></tr><tr><td>Location</td><td>Inyo, CA</td></tr><tr><td>Commodity</td><td>tungsten (1)</td></tr></table>",Benton Paiute Reservation and Off-Reservation Trust Land; Big Pine Reservation and Off-Reservation Trust Land; Bishop Reservation,3,FALSE,TRUE,1,1
1321,"Little Sister, Little Sister deposit",tungsten,Deposit,"<a href=""https://mrdata.usgs.gov/deposit/html/W-Mo00506"">Little Sister, Little Sister deposit</a>: Deposit<table><tr><td>Feature group</td><td>Mineral Occurrence</td></tr><tr><td>Location</td><td>Inyo, CA</td></tr><tr><td>Commodity</td><td>tungsten</td></tr></table>",Benton Paiute Reservation and Off-Reservation Trust Land; Big Pine Reservation and Off-Reservation Trust Land; Bishop Reservation,3,FALSE,TRUE,1,1
1322,"Consolidated Tungsten, Consolidated Tungsten mine",tungsten (1),Underground Workings,"<a href=""https://mrdata.usgs.gov/deposit/html/W-Mf00403"">Consolidated Tungsten, Consolidated Tungsten mine</a>: Underground Workings<table><tr><td>Feature group</td><td>Mine Feature</td></tr><tr><td>Location</td><td>Tulare, CA</td></tr><tr><td>Commodity</td><td>tungsten (1)</td></tr></table>",Cold Springs Rancheria,1,FALSE,TRUE,1,0
1323,"Consolidated Tungsten, Consolidated Tungsten deposit",tungsten (1),Deposit,"<a href=""https://mrdata.usgs.gov/deposit/html/W-Mo00507"">Consolidated Tungsten, Consolidated Tungsten deposit</a>: Deposit<table><tr><td>Feature group</td><td>Mineral Occurrence</td></tr><tr><td>Location</td><td>Tulare, CA</td></tr><tr><td>Commodity</td><td>tungsten (1)</td></tr></table>",Cold Springs Rancheria,1,FALSE,TRUE,1,0
1324,"Black Rock, Black Rock mine",tungsten (1),Adit,"<a href=""https://mrdata.usgs.gov/deposit/html/W-Mf00399"">Black Rock, Black Rock mine</a>: Adit<table><tr><td>Feature group</td><td>Mine Feature</td></tr><tr><td>Location</td><td>Mono, CA</td></tr><tr><td>Commodity</td><td>tungsten (1)</td></tr></table>",Benton Paiute Reservation and Off-Reservation Trust Land; Bishop Reservation,2,FALSE,TRUE,1,1
1325,"Black Rock, Black Rock deposit",tungsten (1),Deposit,"<a href=""https://mrdata.usgs.gov/deposit/html/W-Mo00498"">Black Rock, Black Rock deposit</a>: Deposit<table><tr><td>Feature group</td><td>Mineral Occurrence</td></tr><tr><td>Location</td><td>Mono, CA</td></tr><tr><td>Commodity</td><td>tungsten (1)</td></tr></table>",Benton Paiute Reservation and Off-Reservation Trust Land; Bishop Reservation,2,FALSE,TRUE,1,1
1326,"Strawberry, Strawberry mine",tungsten (1),Mine Shaft,"<a href=""https://mrdata.usgs.gov/deposit/html/W-Mf00414"">Strawberry, Strawberry mine</a>: Mine Shaft<table><tr><td>Feature group</td><td>Mine Feature</td></tr><tr><td>Location</td><td>Madera, CA</td></tr><tr><td>Commodity</td><td>tungsten (1)</td></tr></table>",Big Sandy Rancheria and Off-Reservation Trust Land; North Fork Rancheria and Off-Reservation Trust Land; Picayune Rancheria and Off-Reservation Trust Land,3,FALSE,TRUE,1,1
1327,"Strawberry, Strawberry deposit",tungsten (1),Deposit,"<a href=""https://mrdata.usgs.gov/deposit/html/W-Mo00693"">Strawberry, Strawberry deposit</a>: Deposit<table><tr><td>Feature group</td><td>Mineral Occurrence</td></tr><tr><td>Location</td><td>Madera, CA</td></tr><tr><td>Commodity</td><td>tungsten (1)</td></tr></table>",Big Sandy Rancheria and Off-Reservation Trust Land; North Fork Rancheria and Off-Reservation Trust Land; Picayune Rancheria and Off-Reservation Trust Land,3,FALSE,TRUE,1,1
1328,"Tulare County Tungsten, Tulare County Tungsten mine",tungsten (1),Underground Workings,"<a href=""https://mrdata.usgs.gov/deposit/html/W-Mf00415"">Tulare County Tungsten, Tulare County Tungsten mine</a>: Underground Workings<table><tr><td>Feature group</td><td>Mine Feature</td></tr><tr><td>Location</td><td>Tulare, CA</td></tr><tr><td>Commodity</td><td>tungsten (1)</td></tr></table>",Tule River Reservation and Off-Reservation Trust Land,1,FALSE,TRUE,1,0
1329,"Tulare County Tungsten, Tulare County Tungsten deposit",tungsten,Deposit,"<a href=""https://mrdata.usgs.gov/deposit/html/W-Mo00694"">Tulare County Tungsten, Tulare County Tungsten deposit</a>: Deposit<table><tr><td>Feature group</td><td>Mineral Occurrence</td></tr><tr><td>Location</td><td>Tulare, CA</td></tr><tr><td>Commodity</td><td>tungsten</td></tr></table>",Tule River Reservation and Off-Reservation Trust Land,1,FALSE,TRUE,1,0
1330,"Tungstore, Tungstore mine",tungsten (1),Underground Workings,"<a href=""https://mrdata.usgs.gov/deposit/html/W-Mf00416"">Tungstore, Tungstore mine</a>: Underground Workings<table><tr><td>Feature group</td><td>Mine Feature</td></tr><tr><td>Location</td><td>Tulare, CA</td></tr><tr><td>Commodity</td><td>tungsten (1)</td></tr></table>",Tule River Reservation and Off-Reservation Trust Land,1,FALSE,TRUE,1,0
1331,"Tungstore, Tungstore deposit",tungsten (1),Deposit,"<a href=""https://mrdata.usgs.gov/deposit/html/W-Mo00695"">Tungstore, Tungstore deposit</a>: Deposit<table><tr><td>Feature group</td><td>Mineral Occurrence</td></tr><tr><td>Location</td><td>Tulare, CA</td></tr><tr><td>Commodity</td><td>tungsten (1)</td></tr></table>",Tule River Reservation and Off-Reservation Trust Land,1,FALSE,TRUE,1,0
1332,"Searles Lake, Searles Lake mine",lithium (1),Brine Mine,"<a href=""https://mrdata.usgs.gov/deposit/html/W-Mf00292"">Searles Lake, Searles Lake mine</a>: Brine Mine<table><tr><td>Feature group</td><td>Mine Feature</td></tr><tr><td>Location</td><td>San Bernardino, CA</td></tr><tr><td>Commodity</td><td>lithium (1)</td></tr></table>",,0,FALSE,FALSE,0,0
1333,"Searles Lake, Searles Lake brine deposit",lithium (1); tungsten (2),Deposit,"<a href=""https://mrdata.usgs.gov/deposit/html/W-Mo00593"">Searles Lake, Searles Lake brine deposit</a>: Deposit<table><tr><td>Feature group</td><td>Mineral Occurrence</td></tr><tr><td>Location</td><td>San Bernardino, CA</td></tr><tr><td>Commodity</td><td>lithium (1); tungsten (2)</td></tr></table>",,0,FALSE,FALSE,0,0
1334,Atolia District,tungsten,Mining District,"<a href=""https://mrdata.usgs.gov/deposit/html/W-Mr00033"">Atolia District</a>: Mining District<table><tr><td>Feature group</td><td>Mineral Region</td></tr><tr><td>Location</td><td>Kern; San Bernardino, CA</td></tr><tr><td>Commodity</td><td>tungsten</td></tr></table>",,0,FALSE,FALSE,0,0
1335,"Andrew Curtis, Andrew Curtis mine",tungsten (1),Underground Workings,"<a href=""https://mrdata.usgs.gov/deposit/html/W-Mf00417"">Andrew Curtis, Andrew Curtis mine</a>: Underground Workings<table><tr><td>Feature group</td><td>Mine Feature</td></tr><tr><td>Location</td><td>Los Angeles, CA</td></tr><tr><td>Commodity</td><td>tungsten (1)</td></tr></table>",San Manuel Reservation,1,FALSE,TRUE,1,0
1336,"Andrew Curtis, Andrew Curtis deposit",tungsten (1),Deposit,"<a href=""https://mrdata.usgs.gov/deposit/html/W-Mo00698"">Andrew Curtis, Andrew Curtis deposit</a>: Deposit<table><tr><td>Feature group</td><td>Mineral Occurrence</td></tr><tr><td>Location</td><td>Los Angeles, CA</td></tr><tr><td>Commodity</td><td>tungsten (1)</td></tr></table>",San Manuel Reservation,1,FALSE,TRUE,1,0
1337,Cement Creek District,tungsten,Mining District,"<a href=""https://mrdata.usgs.gov/deposit/html/W-Mr00030"">Cement Creek District</a>: Mining District<table><tr><td>Feature group</td><td>Mineral Region</td></tr><tr><td>Location</td><td>San Juan, CO</td></tr><tr><td>Commodity</td><td>tungsten</td></tr></table>",,0,FALSE,FALSE,0,0
1338,Boulder County Tungsten District,tungsten,Mining District,"<a href=""https://mrdata.usgs.gov/deposit/html/W-Mr00064"">Boulder County Tungsten District</a>: Mining District<table><tr><td>Feature group</td><td>Mineral Region</td></tr><tr><td>Location</td><td>Boulder, CO</td></tr><tr><td>Commodity</td><td>tungsten</td></tr></table>",,0,FALSE,FALSE,0,0
1339,"Tungsten, Tungsten mine",tungsten (1),Mine Shaft,"<a href=""https://mrdata.usgs.gov/deposit/html/W-Mf00346"">Tungsten, Tungsten mine</a>: Mine Shaft<table><tr><td>Feature group</td><td>Mine Feature</td></tr><tr><td>Location</td><td>Boulder, CO</td></tr><tr><td>Commodity</td><td>tungsten (1)</td></tr></table>",,0,FALSE,FALSE,0,0
1340,"Tungsten, Tungsten deposit",tungsten (1),Deposit,"<a href=""https://mrdata.usgs.gov/deposit/html/W-Mo00482"">Tungsten, Tungsten deposit</a>: Deposit<table><tr><td>Feature group</td><td>Mineral Occurrence</td></tr><tr><td>Location</td><td>Boulder, CO</td></tr><tr><td>Commodity</td><td>tungsten (1)</td></tr></table>",,0,FALSE,FALSE,0,0
1341,"Oregon, Oregon mine",tungsten (1),Adit,"<a href=""https://mrdata.usgs.gov/deposit/html/W-Mf00359"">Oregon, Oregon mine</a>: Adit<table><tr><td>Feature group</td><td>Mine Feature</td></tr><tr><td>Location</td><td>Boulder, CO</td></tr><tr><td>Commodity</td><td>tungsten (1)</td></tr></table>",,0,FALSE,FALSE,0,0
1342,"Oregon, Oregon deposit",tungsten (1),Deposit,"<a href=""https://mrdata.usgs.gov/deposit/html/W-Mo00371"">Oregon, Oregon deposit</a>: Deposit<table><tr><td>Feature group</td><td>Mineral Occurrence</td></tr><tr><td>Location</td><td>Boulder, CO</td></tr><tr><td>Commodity</td><td>tungsten (1)</td></tr></table>",,0,FALSE,FALSE,0,0
1343,"Vasco No. 6, Vasco No. 6 mine",tungsten,Mine Shaft,"<a href=""https://mrdata.usgs.gov/deposit/html/W-Mf00360"">Vasco No. 6, Vasco No. 6 mine</a>: Mine Shaft<table><tr><td>Feature group</td><td>Mine Feature</td></tr><tr><td>Location</td><td>Boulder, CO</td></tr><tr><td>Commodity</td><td>tungsten</td></tr></table>",,0,FALSE,FALSE,0,0
1344,"Vasco No. 6, Vasco No. 6 deposit",tungsten,Deposit,"<a href=""https://mrdata.usgs.gov/deposit/html/W-Mo00281"">Vasco No. 6, Vasco No. 6 deposit</a>: Deposit<table><tr><td>Feature group</td><td>Mineral Occurrence</td></tr><tr><td>Location</td><td>Boulder, CO</td></tr><tr><td>Commodity</td><td>tungsten</td></tr></table>",,0,FALSE,FALSE,0,0
1345,"Climax, Climax mine",molybdenum (1); tin (2); tungsten (2),Open Pit Mine,"<a href=""https://mrdata.usgs.gov/deposit/html/W-Mf00240"">Climax, Climax mine</a>: Open Pit Mine<table><tr><td>Feature group</td><td>Mine Feature</td></tr><tr><td>Location</td><td>Lake, CO</td></tr><tr><td>Commodity</td><td>molybdenum (1); tin (2); tungsten (2)</td></tr></table>",,0,FALSE,FALSE,0,0
1346,"Climax, Climax deposit",molybdenum (1); platinum-group elements (2); rhenium (3); tungsten (4),Deposit,"<a href=""https://mrdata.usgs.gov/deposit/html/W-Mo00262"">Climax, Climax deposit</a>: Deposit<table><tr><td>Feature group</td><td>Mineral Occurrence</td></tr><tr><td>Location</td><td>Lake, CO</td></tr><tr><td>Commodity</td><td>molybdenum (1); platinum-group elements (2); rhenium (3); tungsten (4)</td></tr></table>",,0,FALSE,FALSE,0,0
1347,"Climax, Climax tailings",tungsten (1),Deposit,"<a href=""https://mrdata.usgs.gov/deposit/html/W-Mo00402"">Climax, Climax tailings</a>: Deposit<table><tr><td>Feature group</td><td>Mineral Occurrence</td></tr><tr><td>Location</td><td>Lake, CO</td></tr><tr><td>Commodity</td><td>tungsten (1)</td></tr></table>",,0,FALSE,FALSE,0,0
1348,Climax District,molybdenum (1); platinum-group elements (2); rhenium; tin (3); tungsten (4),Mining District,"<a href=""https://mrdata.usgs.gov/deposit/html/W-Mr00069"">Climax District</a>: Mining District<table><tr><td>Feature group</td><td>Mineral Region</td></tr><tr><td>Location</td><td>Lake; Summit, CO</td></tr><tr><td>Commodity</td><td>molybdenum (1); platinum-group elements (2); rhenium; tin (3); tungsten (4)</td></tr></table>",,0,FALSE,FALSE,0,0
1349,"Cross, Cross mine",tungsten,Mine Shaft,"<a href=""https://mrdata.usgs.gov/deposit/html/W-Mf00351"">Cross, Cross mine</a>: Mine Shaft<table><tr><td>Feature group</td><td>Mine Feature</td></tr><tr><td>Location</td><td>Boulder, CO</td></tr><tr><td>Commodity</td><td>tungsten</td></tr></table>",,0,FALSE,FALSE,0,0
1350,"Cross, Cross deposit",tungsten,Deposit,"<a href=""https://mrdata.usgs.gov/deposit/html/W-Mo00333"">Cross, Cross deposit</a>: Deposit<table><tr><td>Feature group</td><td>Mineral Occurrence</td></tr><tr><td>Location</td><td>Boulder, CO</td></tr><tr><td>Commodity</td><td>tungsten</td></tr></table>",,0,FALSE,FALSE,0,0
1351,"Conger, Conger mine",tungsten (1),Mine Shaft,"<a href=""https://mrdata.usgs.gov/deposit/html/W-Mf00357"">Conger, Conger mine</a>: Mine Shaft<table><tr><td>Feature group</td><td>Mine Feature</td></tr><tr><td>Location</td><td>Boulder, CO</td></tr><tr><td>Commodity</td><td>tungsten (1)</td></tr></table>",,0,FALSE,FALSE,0,0
1352,"Conger, Beddig mine",tungsten,Mine Shaft,"<a href=""https://mrdata.usgs.gov/deposit/html/W-Mf00358"">Conger, Beddig mine</a>: Mine Shaft<table><tr><td>Feature group</td><td>Mine Feature</td></tr><tr><td>Location</td><td>Boulder, CO</td></tr><tr><td>Commodity</td><td>tungsten</td></tr></table>",,0,FALSE,FALSE,0,0
1353,"Conger, Conger deposit",tungsten (1),Deposit,"<a href=""https://mrdata.usgs.gov/deposit/html/W-Mo00380"">Conger, Conger deposit</a>: Deposit<table><tr><td>Feature group</td><td>Mineral Occurrence</td></tr><tr><td>Location</td><td>Boulder, CO</td></tr><tr><td>Commodity</td><td>tungsten (1)</td></tr></table>",,0,FALSE,FALSE,0,0
1354,"Conger, Beddig deposit",tungsten,Deposit,"<a href=""https://mrdata.usgs.gov/deposit/html/W-Mo00481"">Conger, Beddig deposit</a>: Deposit<table><tr><td>Feature group</td><td>Mineral Occurrence</td></tr><tr><td>Location</td><td>Boulder, CO</td></tr><tr><td>Commodity</td><td>tungsten</td></tr></table>",,0,FALSE,FALSE,0,0
1355,"Vasco No. 1, Vasco No. 1 mine",tungsten,Mine Shaft,"<a href=""https://mrdata.usgs.gov/deposit/html/W-Mf00344"">Vasco No. 1, Vasco No. 1 mine</a>: Mine Shaft<table><tr><td>Feature group</td><td>Mine Feature</td></tr><tr><td>Location</td><td>Boulder, CO</td></tr><tr><td>Commodity</td><td>tungsten</td></tr></table>",,0,FALSE,FALSE,0,0
1356,"Vasco No. 1, Vasco No. 1 deposit",tungsten,Deposit,"<a href=""https://mrdata.usgs.gov/deposit/html/W-Mo00280"">Vasco No. 1, Vasco No. 1 deposit</a>: Deposit<table><tr><td>Feature group</td><td>Mineral Occurrence</td></tr><tr><td>Location</td><td>Boulder, CO</td></tr><tr><td>Commodity</td><td>tungsten</td></tr></table>",,0,FALSE,FALSE,0,0
1357,"Quay, Quay mine",tungsten (1),Mine Shaft,"<a href=""https://mrdata.usgs.gov/deposit/html/W-Mf00352"">Quay, Quay mine</a>: Mine Shaft<table><tr><td>Feature group</td><td>Mine Feature</td></tr><tr><td>Location</td><td>Boulder, CO</td></tr><tr><td>Commodity</td><td>tungsten (1)</td></tr></table>",,0,FALSE,FALSE,0,0
1358,"Quay, Quay deposit",tungsten (1),Deposit,"<a href=""https://mrdata.usgs.gov/deposit/html/W-Mo00381"">Quay, Quay deposit</a>: Deposit<table><tr><td>Feature group</td><td>Mineral Occurrence</td></tr><tr><td>Location</td><td>Boulder, CO</td></tr><tr><td>Commodity</td><td>tungsten (1)</td></tr></table>",,0,FALSE,FALSE,0,0
1359,"Cold Spring, Cold Spring mine",tungsten,Mine Shaft,"<a href=""https://mrdata.usgs.gov/deposit/html/W-Mf00341"">Cold Spring, Cold Spring mine</a>: Mine Shaft<table><tr><td>Feature group</td><td>Mine Feature</td></tr><tr><td>Location</td><td>Boulder, CO</td></tr><tr><td>Commodity</td><td>tungsten</td></tr></table>",,0,FALSE,FALSE,0,0
1360,"Cold Spring, Cold Spring deposit",tungsten,Deposit,"<a href=""https://mrdata.usgs.gov/deposit/html/W-Mo00372"">Cold Spring, Cold Spring deposit</a>: Deposit<table><tr><td>Feature group</td><td>Mineral Occurrence</td></tr><tr><td>Location</td><td>Boulder, CO</td></tr><tr><td>Commodity</td><td>tungsten</td></tr></table>",,0,FALSE,FALSE,0,0
1361,"Mammoth, Mammoth mine",tungsten (1),Mine Shaft,"<a href=""https://mrdata.usgs.gov/deposit/html/W-Mf00362"">Mammoth, Mammoth mine</a>: Mine Shaft<table><tr><td>Feature group</td><td>Mine Feature</td></tr><tr><td>Location</td><td>Boulder, CO</td></tr><tr><td>Commodity</td><td>tungsten (1)</td></tr></table>",,0,FALSE,FALSE,0,0
1362,"Mammoth, Mammoth deposit",tungsten (1),Deposit,"<a href=""https://mrdata.usgs.gov/deposit/html/W-Mo00384"">Mammoth, Mammoth deposit</a>: Deposit<table><tr><td>Feature group</td><td>Mineral Occurrence</td></tr><tr><td>Location</td><td>Boulder, CO</td></tr><tr><td>Commodity</td><td>tungsten (1)</td></tr></table>",,0,FALSE,FALSE,0,0
1363,"Eureka, Eureka mine",tungsten (1),Adit,"<a href=""https://mrdata.usgs.gov/deposit/html/W-Mf00364"">Eureka, Eureka mine</a>: Adit<table><tr><td>Feature group</td><td>Mine Feature</td></tr><tr><td>Location</td><td>Boulder, CO</td></tr><tr><td>Commodity</td><td>tungsten (1)</td></tr></table>",,0,FALSE,FALSE,0,0
1364,"Eureka, Eureka deposit",tungsten (1),Deposit,"<a href=""https://mrdata.usgs.gov/deposit/html/W-Mo00385"">Eureka, Eureka deposit</a>: Deposit<table><tr><td>Feature group</td><td>Mineral Occurrence</td></tr><tr><td>Location</td><td>Boulder, CO</td></tr><tr><td>Commodity</td><td>tungsten (1)</td></tr></table>",,0,FALSE,FALSE,0,0
1365,"Lone Tree, Lone Tree mine",tungsten,Mine Shaft,"<a href=""https://mrdata.usgs.gov/deposit/html/W-Mf00420"">Lone Tree, Lone Tree mine</a>: Mine Shaft<table><tr><td>Feature group</td><td>Mine Feature</td></tr><tr><td>Location</td><td>Boulder, CO</td></tr><tr><td>Commodity</td><td>tungsten</td></tr></table>",,0,FALSE,FALSE,0,0
1366,"Lone Tree, Lone Tree deposit",tungsten,Deposit,"<a href=""https://mrdata.usgs.gov/deposit/html/W-Mo00494"">Lone Tree, Lone Tree deposit</a>: Deposit<table><tr><td>Feature group</td><td>Mineral Occurrence</td></tr><tr><td>Location</td><td>Boulder, CO</td></tr><tr><td>Commodity</td><td>tungsten</td></tr></table>",,0,FALSE,FALSE,0,0
1367,"Luckie No. 2, Luckie No. 2 mine",tungsten,Underground Workings,"<a href=""https://mrdata.usgs.gov/deposit/html/W-Mf00353"">Luckie No. 2, Luckie No. 2 mine</a>: Underground Workings<table><tr><td>Feature group</td><td>Mine Feature</td></tr><tr><td>Location</td><td>Boulder, CO</td></tr><tr><td>Commodity</td><td>tungsten</td></tr></table>",,0,FALSE,FALSE,0,0
1368,"Luckie No. 2, Luckie No. 2 deposit",tungsten,Deposit,"<a href=""https://mrdata.usgs.gov/deposit/html/W-Mo00424"">Luckie No. 2, Luckie No. 2 deposit</a>: Deposit<table><tr><td>Feature group</td><td>Mineral Occurrence</td></tr><tr><td>Location</td><td>Boulder, CO</td></tr><tr><td>Commodity</td><td>tungsten</td></tr></table>",,0,FALSE,FALSE,0,0
1369,"Clyde, Clyde mine",tungsten (1),Mine Shaft,"<a href=""https://mrdata.usgs.gov/deposit/html/W-Mf00366"">Clyde, Clyde mine</a>: Mine Shaft<table><tr><td>Feature group</td><td>Mine Feature</td></tr><tr><td>Location</td><td>Boulder, CO</td></tr><tr><td>Commodity</td><td>tungsten (1)</td></tr></table>",,0,FALSE,FALSE,0,0
1370,"Clyde, Clyde deposit",tungsten (1),Deposit,"<a href=""https://mrdata.usgs.gov/deposit/html/W-Mo00426"">Clyde, Clyde deposit</a>: Deposit<table><tr><td>Feature group</td><td>Mineral Occurrence</td></tr><tr><td>Location</td><td>Boulder, CO</td></tr><tr><td>Commodity</td><td>tungsten (1)</td></tr></table>",,0,FALSE,FALSE,0,0
1371,"April Fool-Good Friday, April Fool mine",tungsten (1),Mine Shaft,"<a href=""https://mrdata.usgs.gov/deposit/html/W-Mf00367"">April Fool-Good Friday, April Fool mine</a>: Mine Shaft<table><tr><td>Feature group</td><td>Mine Feature</td></tr><tr><td>Location</td><td>Boulder, CO</td></tr><tr><td>Commodity</td><td>tungsten (1)</td></tr></table>",,0,FALSE,FALSE,0,0
1372,"April Fool-Good Friday, April Fool deposit",tungsten (1),Deposit,"<a href=""https://mrdata.usgs.gov/deposit/html/W-Mo00428"">April Fool-Good Friday, April Fool deposit</a>: Deposit<table><tr><td>Feature group</td><td>Mineral Occurrence</td></tr><tr><td>Location</td><td>Boulder, CO</td></tr><tr><td>Commodity</td><td>tungsten (1)</td></tr></table>",,0,FALSE,FALSE,0,0
1373,"Rogers, Rogers No. 1 mine",tungsten (1),Adit,"<a href=""https://mrdata.usgs.gov/deposit/html/W-Mf00345"">Rogers, Rogers No. 1 mine</a>: Adit<table><tr><td>Feature group</td><td>Mine Feature</td></tr><tr><td>Location</td><td>Boulder, CO</td></tr><tr><td>Commodity</td><td>tungsten (1)</td></tr></table>",,0,FALSE,FALSE,0,0
1374,"Rogers, Rogers No. 1 deposit",tungsten (1),Deposit,"<a href=""https://mrdata.usgs.gov/deposit/html/W-Mo00690"">Rogers, Rogers No. 1 deposit</a>: Deposit<table><tr><td>Feature group</td><td>Mineral Occurrence</td></tr><tr><td>Location</td><td>Boulder, CO</td></tr><tr><td>Commodity</td><td>tungsten (1)</td></tr></table>",,0,FALSE,FALSE,0,0
1375,"Yellow Pine, Hangar Flats mine",antimony; gold; silver; tungsten,Open Pit Mine,"<a href=""https://mrdata.usgs.gov/deposit/html/W-Mf00331"">Yellow Pine, Hangar Flats mine</a>: Open Pit Mine<table><tr><td>Feature group</td><td>Mine Feature</td></tr><tr><td>Location</td><td>Valley, ID</td></tr><tr><td>Commodity</td><td>antimony; gold; silver; tungsten</td></tr></table>",,0,FALSE,FALSE,0,0
1376,"Yellow Pine, West End mine",gold; silver,Open Pit Mine,"<a href=""https://mrdata.usgs.gov/deposit/html/W-Mf00332"">Yellow Pine, West End mine</a>: Open Pit Mine<table><tr><td>Feature group</td><td>Mine Feature</td></tr><tr><td>Location</td><td>Valley, ID</td></tr><tr><td>Commodity</td><td>gold; silver</td></tr></table>",,0,FALSE,FALSE,0,0
1377,"Yellow Pine, Yellow Pine mine",antimony; gold; silver; tungsten,Open Pit Mine,"<a href=""https://mrdata.usgs.gov/deposit/html/W-Mf00562"">Yellow Pine, Yellow Pine mine</a>: Open Pit Mine<table><tr><td>Feature group</td><td>Mine Feature</td></tr><tr><td>Location</td><td>Valley, ID</td></tr><tr><td>Commodity</td><td>antimony; gold; silver; tungsten</td></tr></table>",,0,FALSE,FALSE,0,0
1378,"Yellow Pine, Historic tailings",antimony; gold; silver,Deposit,"<a href=""https://mrdata.usgs.gov/deposit/html/W-Mo00269"">Yellow Pine, Historic tailings</a>: Deposit<table><tr><td>Feature group</td><td>Mineral Occurrence</td></tr><tr><td>Location</td><td>Valley, ID</td></tr><tr><td>Commodity</td><td>antimony; gold; silver</td></tr></table>",,0,FALSE,FALSE,0,0
1379,"Yellow Pine, Hangar Flats deposit",antimony; gold; silver; tungsten,Deposit,"<a href=""https://mrdata.usgs.gov/deposit/html/W-Mo00299"">Yellow Pine, Hangar Flats deposit</a>: Deposit<table><tr><td>Feature group</td><td>Mineral Occurrence</td></tr><tr><td>Location</td><td>Valley, ID</td></tr><tr><td>Commodity</td><td>antimony; gold; silver; tungsten</td></tr></table>",,0,FALSE,FALSE,0,0
1380,"Yellow Pine, West End deposit",antimony; gold; silver,Deposit,"<a href=""https://mrdata.usgs.gov/deposit/html/W-Mo00304"">Yellow Pine, West End deposit</a>: Deposit<table><tr><td>Feature group</td><td>Mineral Occurrence</td></tr><tr><td>Location</td><td>Valley, ID</td></tr><tr><td>Commodity</td><td>antimony; gold; silver</td></tr></table>",,0,FALSE,FALSE,0,0
1381,"Yellow Pine, Yellow Pine deposit",antimony; gold; silver; tungsten,Deposit,"<a href=""https://mrdata.usgs.gov/deposit/html/W-Mo00765"">Yellow Pine, Yellow Pine deposit</a>: Deposit<table><tr><td>Feature group</td><td>Mineral Occurrence</td></tr><tr><td>Location</td><td>Valley, ID</td></tr><tr><td>Commodity</td><td>antimony; gold; silver; tungsten</td></tr></table>",,0,FALSE,FALSE,0,0
1382,Yellow Pine Mining District,antimony; gold; rare-earth elements (2); silver (1); tungsten,Mining District,"<a href=""https://mrdata.usgs.gov/deposit/html/W-Mr00150"">Yellow Pine Mining District</a>: Mining District<table><tr><td>Feature group</td><td>Mineral Region</td></tr><tr><td>Location</td><td>Valley, ID</td></tr><tr><td>Commodity</td><td>antimony; gold; rare-earth elements (2); silver (1); tungsten</td></tr></table>",,0,FALSE,FALSE,0,0
1383,"Thompson Creek, Thompson Creek mine",molybdenum (1),Open Pit Mine,"<a href=""https://mrdata.usgs.gov/deposit/html/W-Mf00243"">Thompson Creek, Thompson Creek mine</a>: Open Pit Mine<table><tr><td>Feature group</td><td>Mine Feature</td></tr><tr><td>Location</td><td>Custer, ID</td></tr><tr><td>Commodity</td><td>molybdenum (1)</td></tr></table>",,0,FALSE,FALSE,0,0
1384,"Thompson Creek, Tungsten Jim mine",tungsten (1),Adit,"<a href=""https://mrdata.usgs.gov/deposit/html/W-Mf00576"">Thompson Creek, Tungsten Jim mine</a>: Adit<table><tr><td>Feature group</td><td>Mine Feature</td></tr><tr><td>Location</td><td>Custer, ID</td></tr><tr><td>Commodity</td><td>tungsten (1)</td></tr></table>",,0,FALSE,FALSE,0,0
1385,"Thompson Creek, Thompson Creek deposit",molybdenum; rhenium,Deposit,"<a href=""https://mrdata.usgs.gov/deposit/html/W-Mo00266"">Thompson Creek, Thompson Creek deposit</a>: Deposit<table><tr><td>Feature group</td><td>Mineral Occurrence</td></tr><tr><td>Location</td><td>Custer, ID</td></tr><tr><td>Commodity</td><td>molybdenum; rhenium</td></tr></table>",,0,FALSE,FALSE,0,0
1386,"Thompson Creek, Tungsten Jim deposit",tungsten (1),Deposit,"<a href=""https://mrdata.usgs.gov/deposit/html/W-Mo00403"">Thompson Creek, Tungsten Jim deposit</a>: Deposit<table><tr><td>Feature group</td><td>Mineral Occurrence</td></tr><tr><td>Location</td><td>Custer, ID</td></tr><tr><td>Commodity</td><td>tungsten (1)</td></tr></table>",,0,FALSE,FALSE,0,0
1387,Blue Wing Mining District,copper (1); gold (1); lead (1); silver (1); tungsten; zinc (1),Mining District,"<a href=""https://mrdata.usgs.gov/deposit/html/W-Mr00153"">Blue Wing Mining District</a>: Mining District<table><tr><td>Feature group</td><td>Mineral Region</td></tr><tr><td>Location</td><td>Lemhi, ID</td></tr><tr><td>Commodity</td><td>copper (1); gold (1); lead (1); silver (1); tungsten; zinc (1)</td></tr></table>",,0,FALSE,FALSE,0,0
1388,Bayhorse Mining District,molybdenum (1); rhenium (1); tungsten (2),Mining District,"<a href=""https://mrdata.usgs.gov/deposit/html/W-Mr00065"">Bayhorse Mining District</a>: Mining District<table><tr><td>Feature group</td><td>Mineral Region</td></tr><tr><td>Location</td><td>Custer, ID</td></tr><tr><td>Commodity</td><td>molybdenum (1); rhenium (1); tungsten (2)</td></tr></table>",,0,FALSE,FALSE,0,0
1389,Grimes Pass Mining District,"copper (1), molybdenum (1); rhenium (1); silver; sulfur (1); tungsten (2)",Mining District,"<a href=""https://mrdata.usgs.gov/deposit/html/W-Mr00171"">Grimes Pass Mining District</a>: Mining District<table><tr><td>Feature group</td><td>Mineral Region</td></tr><tr><td>Location</td><td>Boise, ID</td></tr><tr><td>Commodity</td><td>copper (1), molybdenum (1); rhenium (1); silver; sulfur (1); tungsten (2)</td></tr></table>",,0,FALSE,FALSE,0,0
1390,"CuMo, CuMo deposit",copper; molybdenum; rhenium; silver; sulfur; tungsten (1),Deposit,"<a href=""https://mrdata.usgs.gov/deposit/html/W-Mo00509"">CuMo, CuMo deposit</a>: Deposit<table><tr><td>Feature group</td><td>Mineral Occurrence</td></tr><tr><td>Location</td><td>Boise, ID</td></tr><tr><td>Commodity</td><td>copper; molybdenum; rhenium; silver; sulfur; tungsten (1)</td></tr></table>",,0,FALSE,FALSE,0,0
1391,"Ima, Ima mine",copper (1); gold (1); lead (1); silver (1); tungsten (1); zinc (1),Adit,"<a href=""https://mrdata.usgs.gov/deposit/html/W-Mf00563"">Ima, Ima mine</a>: Adit<table><tr><td>Feature group</td><td>Mine Feature</td></tr><tr><td>Location</td><td>Lemhi, ID</td></tr><tr><td>Commodity</td><td>copper (1); gold (1); lead (1); silver (1); tungsten (1); zinc (1)</td></tr></table>",,0,FALSE,FALSE,0,0
1392,"Ima, Ima deposit",copper (1); lead (1); silver (1); tungsten (1); zinc (1),Deposit,"<a href=""https://mrdata.usgs.gov/deposit/html/W-Mo00764"">Ima, Ima deposit</a>: Deposit<table><tr><td>Feature group</td><td>Mineral Occurrence</td></tr><tr><td>Location</td><td>Lemhi, ID</td></tr><tr><td>Commodity</td><td>copper (1); lead (1); silver (1); tungsten (1); zinc (1)</td></tr></table>",,0,FALSE,FALSE,0,0
1393,Lost Creek Mining District,copper (1); gold (1); silver (1); tungsten (1),Mining District,"<a href=""https://mrdata.usgs.gov/deposit/html/W-Mr00151"">Lost Creek Mining District</a>: Mining District<table><tr><td>Feature group</td><td>Mineral Region</td></tr><tr><td>Location</td><td>Beaverhead, MT</td></tr><tr><td>Commodity</td><td>copper (1); gold (1); silver (1); tungsten (1)</td></tr></table>",,0,FALSE,FALSE,0,0
1394,Wise River Mining District,tungsten (1),Mining District,"<a href=""https://mrdata.usgs.gov/deposit/html/W-Mr00152"">Wise River Mining District</a>: Mining District<table><tr><td>Feature group</td><td>Mineral Region</td></tr><tr><td>Location</td><td>Beaverhead; Deer Lodge, MT</td></tr><tr><td>Commodity</td><td>tungsten (1)</td></tr></table>",,0,FALSE,FALSE,0,0
1395,"Brown's Lake, Brown's Lake mine",copper; gold (1); silver (1); tungsten,Open Pit Mine,"<a href=""https://mrdata.usgs.gov/deposit/html/W-Mf00567"">Brown's Lake, Brown's Lake mine</a>: Open Pit Mine<table><tr><td>Feature group</td><td>Mine Feature</td></tr><tr><td>Location</td><td>Beaverhead, MT</td></tr><tr><td>Commodity</td><td>copper; gold (1); silver (1); tungsten</td></tr></table>",,0,FALSE,FALSE,0,0
1396,"Brown's Lake, Brown's Lake deposit",tungsten,Deposit,"<a href=""https://mrdata.usgs.gov/deposit/html/W-Mo00718"">Brown's Lake, Brown's Lake deposit</a>: Deposit<table><tr><td>Feature group</td><td>Mineral Occurrence</td></tr><tr><td>Location</td><td>Beaverhead, MT</td></tr><tr><td>Commodity</td><td>tungsten</td></tr></table>",,0,FALSE,FALSE,0,0
1397,"Calvert, Calvert mine",tungsten,Open Pit Mine,"<a href=""https://mrdata.usgs.gov/deposit/html/W-Mf00568"">Calvert, Calvert mine</a>: Open Pit Mine<table><tr><td>Feature group</td><td>Mine Feature</td></tr><tr><td>Location</td><td>Beaverhead, MT</td></tr><tr><td>Commodity</td><td>tungsten</td></tr></table>",,0,FALSE,FALSE,0,0
1398,"Calvert, Calvert deposit",tungsten,Deposit,"<a href=""https://mrdata.usgs.gov/deposit/html/W-Mo00763"">Calvert, Calvert deposit</a>: Deposit<table><tr><td>Feature group</td><td>Mineral Occurrence</td></tr><tr><td>Location</td><td>Beaverhead, MT</td></tr><tr><td>Commodity</td><td>tungsten</td></tr></table>",,0,FALSE,FALSE,0,0
1399,Hamme District,tungsten (1),Mining District,"<a href=""https://mrdata.usgs.gov/deposit/html/W-Mr00134"">Hamme District</a>: Mining District<table><tr><td>Feature group</td><td>Mineral Region</td></tr><tr><td>Location</td><td>Granville; Halifax; Mecklenburg; Person; Vance, NC; VA</td></tr><tr><td>Commodity</td><td>tungsten (1)</td></tr></table>",Haliwa-Saponi SDTSA; Sappony SDTSA,2,FALSE,TRUE,1,1
1400,"Tungsten Queen, Tungsten Queen mine",tungsten (1),Underground Workings,"<a href=""https://mrdata.usgs.gov/deposit/html/W-Mf00564"">Tungsten Queen, Tungsten Queen mine</a>: Underground Workings<table><tr><td>Feature group</td><td>Mine Feature</td></tr><tr><td>Location</td><td>Vance, NC</td></tr><tr><td>Commodity</td><td>tungsten (1)</td></tr></table>",Haliwa-Saponi SDTSA; Sappony SDTSA,2,FALSE,TRUE,1,1
1401,"Tungsten Queen, Tungsten Queen tailings",tungsten,Deposit,"<a href=""https://mrdata.usgs.gov/deposit/html/W-Mo00703"">Tungsten Queen, Tungsten Queen tailings</a>: Deposit<table><tr><td>Feature group</td><td>Mineral Occurrence</td></tr><tr><td>Location</td><td>Vance, NC</td></tr><tr><td>Commodity</td><td>tungsten</td></tr></table>",Haliwa-Saponi SDTSA; Sappony SDTSA,2,FALSE,TRUE,1,1
1402,"Cunningham Hill, Cunningham Hill mine",gold,Open Pit Mine,"<a href=""https://mrdata.usgs.gov/deposit/html/W-Mf00561"">Cunningham Hill, Cunningham Hill mine</a>: Open Pit Mine<table><tr><td>Feature group</td><td>Mine Feature</td></tr><tr><td>Location</td><td>Santa Fe, NM</td></tr><tr><td>Commodity</td><td>gold</td></tr></table>",Isleta Pueblo; Jemez Pueblo; Pueblo de Cochiti; Pueblo of Pojoaque and Off-Reservation Trust Land; San Felipe Pueblo; San Felipe Pueblo/Santa Ana Pueblo joint-use area; San Felipe Pueblo/Santo Domingo Pueblo joint-use area; San Ildefonso Pueblo and Off-Reservation Trust Land; Sandia Pueblo and Off-Reservation Trust Land; Santa Ana Pueblo; Santo Domingo Pueblo; Tesuque Pueblo and Off-Reservation Trust Land; Zia Pueblo and Off-Reservation Trust Land,13,FALSE,TRUE,1,1
1403,"Cunningham Hill, Cunningham Hill deposit",gold; tungsten,Deposit,"<a href=""https://mrdata.usgs.gov/deposit/html/W-Mo00701"">Cunningham Hill, Cunningham Hill deposit</a>: Deposit<table><tr><td>Feature group</td><td>Mineral Occurrence</td></tr><tr><td>Location</td><td>Santa Fe, NM</td></tr><tr><td>Commodity</td><td>gold; tungsten</td></tr></table>",Isleta Pueblo; Jemez Pueblo; Pueblo de Cochiti; Pueblo of Pojoaque and Off-Reservation Trust Land; San Felipe Pueblo; San Felipe Pueblo/Santa Ana Pueblo joint-use area; San Felipe Pueblo/Santo Domingo Pueblo joint-use area; San Ildefonso Pueblo and Off-Reservation Trust Land; Sandia Pueblo and Off-Reservation Trust Land; Santa Ana Pueblo; Santo Domingo Pueblo; Tesuque Pueblo and Off-Reservation Trust Land; Zia Pueblo and Off-Reservation Trust Land,13,FALSE,TRUE,1,1
1404,"Victorio, Victorio deposit",beryllium (1); molybdenum; tungsten,Deposit,"<a href=""https://mrdata.usgs.gov/deposit/html/W-Mo00702"">Victorio, Victorio deposit</a>: Deposit<table><tr><td>Feature group</td><td>Mineral Occurrence</td></tr><tr><td>Location</td><td>Luna, NM</td></tr><tr><td>Commodity</td><td>beryllium (1); molybdenum; tungsten</td></tr></table>",,0,FALSE,FALSE,0,0
1405,Victorio District,beryllium; copper; gold; lead; molybdenum; silver; tungsten; zinc,Mining District,"<a href=""https://mrdata.usgs.gov/deposit/html/W-Mr00132"">Victorio District</a>: Mining District<table><tr><td>Feature group</td><td>Mineral Region</td></tr><tr><td>Location</td><td>Luna, NM</td></tr><tr><td>Commodity</td><td>beryllium; copper; gold; lead; molybdenum; silver; tungsten; zinc</td></tr></table>",,0,FALSE,FALSE,0,0
1406,Old Placers District,gold; tungsten,Mining District,"<a href=""https://mrdata.usgs.gov/deposit/html/W-Mr00133"">Old Placers District</a>: Mining District<table><tr><td>Feature group</td><td>Mineral Region</td></tr><tr><td>Location</td><td>Santa Fe, NM</td></tr><tr><td>Commodity</td><td>gold; tungsten</td></tr></table>",Isleta Pueblo; Jemez Pueblo; Pueblo de Cochiti; Pueblo of Pojoaque and Off-Reservation Trust Land; San Felipe Pueblo; San Felipe Pueblo/Santa Ana Pueblo joint-use area; San Felipe Pueblo/Santo Domingo Pueblo joint-use area; San Ildefonso Pueblo and Off-Reservation Trust Land; Sandia Pueblo and Off-Reservation Trust Land; Santa Ana Pueblo; Santo Domingo Pueblo; Tesuque Pueblo and Off-Reservation Trust Land; Zia Pueblo and Off-Reservation Trust Land,13,FALSE,TRUE,1,1
1407,"Golconda, Golconda mine",iron (1); manganese (1); silica (1); tungsten (1),Open Pit Mine,"<a href=""https://mrdata.usgs.gov/deposit/html/W-Mf00466"">Golconda, Golconda mine</a>: Open Pit Mine<table><tr><td>Feature group</td><td>Mine Feature</td></tr><tr><td>Location</td><td>Humboldt, NV</td></tr><tr><td>Commodity</td><td>iron (1); manganese (1); silica (1); tungsten (1)</td></tr></table>",Battle Mountain Reservation and Off-Reservation Trust Land; Winnemucca Indian Colony,2,FALSE,TRUE,1,1
1408,"Golconda, Golconda deposit",iron (1); manganese (1); silica (1); tungsten (1),Deposit,"<a href=""https://mrdata.usgs.gov/deposit/html/W-Mo00347"">Golconda, Golconda deposit</a>: Deposit<table><tr><td>Feature group</td><td>Mineral Occurrence</td></tr><tr><td>Location</td><td>Humboldt, NV</td></tr><tr><td>Commodity</td><td>iron (1); manganese (1); silica (1); tungsten (1)</td></tr></table>",Battle Mountain Reservation and Off-Reservation Trust Land; Winnemucca Indian Colony,2,FALSE,TRUE,1,1
1409,Lodi Mining District,tungsten,Mining District,"<a href=""https://mrdata.usgs.gov/deposit/html/W-Mr00120"">Lodi Mining District</a>: Mining District<table><tr><td>Feature group</td><td>Mineral Region</td></tr><tr><td>Location</td><td>Nye, NV</td></tr><tr><td>Commodity</td><td>tungsten</td></tr></table>",Walker River Reservation; Yomba Reservation,2,FALSE,TRUE,1,1
1410,"Victory, Victory mine",tungsten (1),Adit,"<a href=""https://mrdata.usgs.gov/deposit/html/W-Mf00286"">Victory, Victory mine</a>: Adit<table><tr><td>Feature group</td><td>Mine Feature</td></tr><tr><td>Location</td><td>Nye, NV</td></tr><tr><td>Commodity</td><td>tungsten (1)</td></tr></table>",Walker River Reservation; Yomba Reservation,2,FALSE,TRUE,1,1
1411,"Victory, Victory deposit",tungsten (1),Deposit,"<a href=""https://mrdata.usgs.gov/deposit/html/W-Mo00361"">Victory, Victory deposit</a>: Deposit<table><tr><td>Feature group</td><td>Mineral Occurrence</td></tr><tr><td>Location</td><td>Nye, NV</td></tr><tr><td>Commodity</td><td>tungsten (1)</td></tr></table>",Walker River Reservation; Yomba Reservation,2,FALSE,TRUE,1,1
1412,"Silver Dyke, Silver Dyke mine",tungsten (1),Mine Shaft,"<a href=""https://mrdata.usgs.gov/deposit/html/W-Mf00467"">Silver Dyke, Silver Dyke mine</a>: Mine Shaft<table><tr><td>Feature group</td><td>Mine Feature</td></tr><tr><td>Location</td><td>Mineral, NV</td></tr><tr><td>Commodity</td><td>tungsten (1)</td></tr></table>",,0,FALSE,FALSE,0,0
1413,"Silver Dyke, Silver Dyke deposit",tungsten (1),Deposit,"<a href=""https://mrdata.usgs.gov/deposit/html/W-Mo00526"">Silver Dyke, Silver Dyke deposit</a>: Deposit<table><tr><td>Feature group</td><td>Mineral Occurrence</td></tr><tr><td>Location</td><td>Mineral, NV</td></tr><tr><td>Commodity</td><td>tungsten (1)</td></tr></table>",,0,FALSE,FALSE,0,0
1414,Silver Star Mining District,tungsten,Mining District,"<a href=""https://mrdata.usgs.gov/deposit/html/W-Mr00121"">Silver Star Mining District</a>: Mining District<table><tr><td>Feature group</td><td>Mineral Region</td></tr><tr><td>Location</td><td>Mineral, NV</td></tr><tr><td>Commodity</td><td>tungsten</td></tr></table>",,0,FALSE,FALSE,0,0
1415,"Pilot Mountain, Desert Scheelite mine",tungsten,Mine Shaft,"<a href=""https://mrdata.usgs.gov/deposit/html/W-Mf00468"">Pilot Mountain, Desert Scheelite mine</a>: Mine Shaft<table><tr><td>Feature group</td><td>Mine Feature</td></tr><tr><td>Location</td><td>Mineral, NV</td></tr><tr><td>Commodity</td><td>tungsten</td></tr></table>",,0,FALSE,FALSE,0,0
1416,"Pilot Mountain, Garnet mine",tungsten,Open Pit Mine,"<a href=""https://mrdata.usgs.gov/deposit/html/W-Mf00469"">Pilot Mountain, Garnet mine</a>: Open Pit Mine<table><tr><td>Feature group</td><td>Mine Feature</td></tr><tr><td>Location</td><td>Mineral, NV</td></tr><tr><td>Commodity</td><td>tungsten</td></tr></table>",,0,FALSE,FALSE,0,0
1417,"Pilot Mountain, Gunmetal mine",tungsten (1),Open Pit Mine,"<a href=""https://mrdata.usgs.gov/deposit/html/W-Mf00470"">Pilot Mountain, Gunmetal mine</a>: Open Pit Mine<table><tr><td>Feature group</td><td>Mine Feature</td></tr><tr><td>Location</td><td>Mineral, NV</td></tr><tr><td>Commodity</td><td>tungsten (1)</td></tr></table>",,0,FALSE,FALSE,0,0
1418,"Pilot Mountain, Desert Scheelite deposit",copper (1); silver (1); tungsten (1); zinc (1),Deposit,"<a href=""https://mrdata.usgs.gov/deposit/html/W-Mo00531"">Pilot Mountain, Desert Scheelite deposit</a>: Deposit<table><tr><td>Feature group</td><td>Mineral Occurrence</td></tr><tr><td>Location</td><td>Mineral, NV</td></tr><tr><td>Commodity</td><td>copper (1); silver (1); tungsten (1); zinc (1)</td></tr></table>",,0,FALSE,FALSE,0,0
1419,"Pilot Mountain, Garnet deposit",tungsten,Deposit,"<a href=""https://mrdata.usgs.gov/deposit/html/W-Mo00562"">Pilot Mountain, Garnet deposit</a>: Deposit<table><tr><td>Feature group</td><td>Mineral Occurrence</td></tr><tr><td>Location</td><td>Mineral, NV</td></tr><tr><td>Commodity</td><td>tungsten</td></tr></table>",,0,FALSE,FALSE,0,0
1420,"Pilot Mountain, Gunmetal deposit",tungsten (1),Deposit,"<a href=""https://mrdata.usgs.gov/deposit/html/W-Mo00563"">Pilot Mountain, Gunmetal deposit</a>: Deposit<table><tr><td>Feature group</td><td>Mineral Occurrence</td></tr><tr><td>Location</td><td>Mineral, NV</td></tr><tr><td>Commodity</td><td>tungsten (1)</td></tr></table>",,0,FALSE,FALSE,0,0
1421,Pilot Mountains Mining District,copper; silver; tungsten; zinc,Mining District,"<a href=""https://mrdata.usgs.gov/deposit/html/W-Mr00122"">Pilot Mountains Mining District</a>: Mining District<table><tr><td>Feature group</td><td>Mineral Region</td></tr><tr><td>Location</td><td>Mineral, NV</td></tr><tr><td>Commodity</td><td>copper; silver; tungsten; zinc</td></tr></table>",,0,FALSE,FALSE,0,0
1422,"Mt. Hamilton, Seligman mine",gold; silver,Open Pit Mine,"<a href=""https://mrdata.usgs.gov/deposit/html/W-Mf00267"">Mt. Hamilton, Seligman mine</a>: Open Pit Mine<table><tr><td>Feature group</td><td>Mine Feature</td></tr><tr><td>Location</td><td>White Pine, NV</td></tr><tr><td>Commodity</td><td>gold; silver</td></tr></table>",Duckwater Reservation; Ely Reservation,2,FALSE,TRUE,1,1
1423,"Mt. Hamilton, Monte Cristo mine",tungsten,Open Pit Mine,"<a href=""https://mrdata.usgs.gov/deposit/html/W-Mf00472"">Mt. Hamilton, Monte Cristo mine</a>: Open Pit Mine<table><tr><td>Feature group</td><td>Mine Feature</td></tr><tr><td>Location</td><td>White Pine, NV</td></tr><tr><td>Commodity</td><td>tungsten</td></tr></table>",Duckwater Reservation; Ely Reservation,2,FALSE,TRUE,1,1
1424,"Mt. Hamilton, Mt. Hamilton deposit",copper; gold; molybdenum; silver; tungsten,Deposit,"<a href=""https://mrdata.usgs.gov/deposit/html/W-Mo00564"">Mt. Hamilton, Mt. Hamilton deposit</a>: Deposit<table><tr><td>Feature group</td><td>Mineral Occurrence</td></tr><tr><td>Location</td><td>White Pine, NV</td></tr><tr><td>Commodity</td><td>copper; gold; molybdenum; silver; tungsten</td></tr></table>",Duckwater Reservation; Ely Reservation,2,FALSE,TRUE,1,1
1425,"Indian Springs, Indian Springs mine",tungsten (1),Underground Workings,"<a href=""https://mrdata.usgs.gov/deposit/html/W-Mf00471"">Indian Springs, Indian Springs mine</a>: Underground Workings<table><tr><td>Feature group</td><td>Mine Feature</td></tr><tr><td>Location</td><td>Elko, NV</td></tr><tr><td>Commodity</td><td>tungsten (1)</td></tr></table>",,0,FALSE,FALSE,0,0
1426,"Indian Springs, Indian Springs deposit",tungsten,Deposit,"<a href=""https://mrdata.usgs.gov/deposit/html/W-Mo00548"">Indian Springs, Indian Springs deposit</a>: Deposit<table><tr><td>Feature group</td><td>Mineral Occurrence</td></tr><tr><td>Location</td><td>Elko, NV</td></tr><tr><td>Commodity</td><td>tungsten</td></tr></table>",,0,FALSE,FALSE,0,0
1427,White Pine Mining District,copper; gold; molybdenum; silver; tungsten,Mining District,"<a href=""https://mrdata.usgs.gov/deposit/html/W-Mr00124"">White Pine Mining District</a>: Mining District<table><tr><td>Feature group</td><td>Mineral Region</td></tr><tr><td>Location</td><td>White Pine, NV</td></tr><tr><td>Commodity</td><td>copper; gold; molybdenum; silver; tungsten</td></tr></table>",Duckwater Reservation; Ely Reservation,2,FALSE,TRUE,1,1
1428,Delano Mining District,tungsten,Mining District,"<a href=""https://mrdata.usgs.gov/deposit/html/W-Mr00123"">Delano Mining District</a>: Mining District<table><tr><td>Feature group</td><td>Mineral Region</td></tr><tr><td>Location</td><td>Elko, NV</td></tr><tr><td>Commodity</td><td>tungsten</td></tr></table>",,0,FALSE,FALSE,0,0
1429,Tem Piute Mining District,tungsten,Mining District,"<a href=""https://mrdata.usgs.gov/deposit/html/W-Mr00115"">Tem Piute Mining District</a>: Mining District<table><tr><td>Feature group</td><td>Mineral Region</td></tr><tr><td>Location</td><td>Lincoln, NV</td></tr><tr><td>Commodity</td><td>tungsten</td></tr></table>",,0,FALSE,FALSE,0,0
1430,"Emerson, Emerson mine",tungsten (1),Mine Shaft,"<a href=""https://mrdata.usgs.gov/deposit/html/W-Mf00421"">Emerson, Emerson mine</a>: Mine Shaft<table><tr><td>Feature group</td><td>Mine Feature</td></tr><tr><td>Location</td><td>Lincoln, NV</td></tr><tr><td>Commodity</td><td>tungsten (1)</td></tr></table>",,0,FALSE,FALSE,0,0
1431,"Emerson, Emerson deposit",tungsten (1),Deposit,"<a href=""https://mrdata.usgs.gov/deposit/html/W-Mo00457"">Emerson, Emerson deposit</a>: Deposit<table><tr><td>Feature group</td><td>Mineral Occurrence</td></tr><tr><td>Location</td><td>Lincoln, NV</td></tr><tr><td>Commodity</td><td>tungsten (1)</td></tr></table>",,0,FALSE,FALSE,0,0
1432,Potosi Mining District,tungsten,Mining District,"<a href=""https://mrdata.usgs.gov/deposit/html/W-Mr00035"">Potosi Mining District</a>: Mining District<table><tr><td>Feature group</td><td>Mineral Region</td></tr><tr><td>Location</td><td>Humboldt, NV</td></tr><tr><td>Commodity</td><td>tungsten</td></tr></table>",Winnemucca Indian Colony,1,FALSE,TRUE,1,0
1433,"Riley, Riley mine",tungsten (1),Mine Shaft,"<a href=""https://mrdata.usgs.gov/deposit/html/W-Mf00422"">Riley, Riley mine</a>: Mine Shaft<table><tr><td>Feature group</td><td>Mine Feature</td></tr><tr><td>Location</td><td>Humboldt, NV</td></tr><tr><td>Commodity</td><td>tungsten (1)</td></tr></table>",Winnemucca Indian Colony,1,FALSE,TRUE,1,0
1434,"Riley, Riley Extension mine",tungsten (1),Open Pit Mine,"<a href=""https://mrdata.usgs.gov/deposit/html/W-Mf00446"">Riley, Riley Extension mine</a>: Open Pit Mine<table><tr><td>Feature group</td><td>Mine Feature</td></tr><tr><td>Location</td><td>Humboldt, NV</td></tr><tr><td>Commodity</td><td>tungsten (1)</td></tr></table>",Winnemucca Indian Colony,1,FALSE,TRUE,1,0
1435,"Riley, Riley deposit",tungsten (1),Deposit,"<a href=""https://mrdata.usgs.gov/deposit/html/W-Mo00458"">Riley, Riley deposit</a>: Deposit<table><tr><td>Feature group</td><td>Mineral Occurrence</td></tr><tr><td>Location</td><td>Humboldt, NV</td></tr><tr><td>Commodity</td><td>tungsten (1)</td></tr></table>",Winnemucca Indian Colony,1,FALSE,TRUE,1,0
1436,"Riley, Riley Extension deposit",tungsten (1),Deposit,"<a href=""https://mrdata.usgs.gov/deposit/html/W-Mo00553"">Riley, Riley Extension deposit</a>: Deposit<table><tr><td>Feature group</td><td>Mineral Occurrence</td></tr><tr><td>Location</td><td>Humboldt, NV</td></tr><tr><td>Commodity</td><td>tungsten (1)</td></tr></table>",Winnemucca Indian Colony,1,FALSE,TRUE,1,0
1437,Mill City Mining District,tungsten,Mining District,"<a href=""https://mrdata.usgs.gov/deposit/html/W-Mr00079"">Mill City Mining District</a>: Mining District<table><tr><td>Feature group</td><td>Mineral Region</td></tr><tr><td>Location</td><td>Humboldt; Pershing, NV</td></tr><tr><td>Commodity</td><td>tungsten</td></tr></table>",Winnemucca Indian Colony,1,FALSE,TRUE,1,0
1438,"Springer, Springer mine",tungsten (1),Mine Shaft,"<a href=""https://mrdata.usgs.gov/deposit/html/W-Mf00483"">Springer, Springer mine</a>: Mine Shaft<table><tr><td>Feature group</td><td>Mine Feature</td></tr><tr><td>Location</td><td>Pershing, NV</td></tr><tr><td>Commodity</td><td>tungsten (1)</td></tr></table>",Winnemucca Indian Colony,1,FALSE,TRUE,1,0
1439,"Springer, Sutton deposit",tungsten (1),Deposit,"<a href=""https://mrdata.usgs.gov/deposit/html/W-Mo00415"">Springer, Sutton deposit</a>: Deposit<table><tr><td>Feature group</td><td>Mineral Occurrence</td></tr><tr><td>Location</td><td>Pershing, NV</td></tr><tr><td>Commodity</td><td>tungsten (1)</td></tr></table>",Winnemucca Indian Colony,1,FALSE,TRUE,1,0
1440,"Springer, George deposit",tungsten,Deposit,"<a href=""https://mrdata.usgs.gov/deposit/html/W-Mo00416"">Springer, George deposit</a>: Deposit<table><tr><td>Feature group</td><td>Mineral Occurrence</td></tr><tr><td>Location</td><td>Pershing, NV</td></tr><tr><td>Commodity</td><td>tungsten</td></tr></table>",Winnemucca Indian Colony,1,FALSE,TRUE,1,0
1441,"Springer, O'Byrne deposit",tungsten,Deposit,"<a href=""https://mrdata.usgs.gov/deposit/html/W-Mo00417"">Springer, O'Byrne deposit</a>: Deposit<table><tr><td>Feature group</td><td>Mineral Occurrence</td></tr><tr><td>Location</td><td>Pershing, NV</td></tr><tr><td>Commodity</td><td>tungsten</td></tr></table>",Winnemucca Indian Colony,1,FALSE,TRUE,1,0
1442,"Pacific, Pacific mine",tungsten (1),Open Pit Mine,"<a href=""https://mrdata.usgs.gov/deposit/html/W-Mf00447"">Pacific, Pacific mine</a>: Open Pit Mine<table><tr><td>Feature group</td><td>Mine Feature</td></tr><tr><td>Location</td><td>Humboldt, NV</td></tr><tr><td>Commodity</td><td>tungsten (1)</td></tr></table>",Winnemucca Indian Colony,1,FALSE,TRUE,1,0
1443,"Pacific, Pacific deposit",tungsten (1),Deposit,"<a href=""https://mrdata.usgs.gov/deposit/html/W-Mo00433"">Pacific, Pacific deposit</a>: Deposit<table><tr><td>Feature group</td><td>Mineral Occurrence</td></tr><tr><td>Location</td><td>Humboldt, NV</td></tr><tr><td>Commodity</td><td>tungsten (1)</td></tr></table>",Winnemucca Indian Colony,1,FALSE,TRUE,1,0
1444,"Granite Creek, Granite Creek mine",tungsten (1),Underground Workings,"<a href=""https://mrdata.usgs.gov/deposit/html/W-Mf00448"">Granite Creek, Granite Creek mine</a>: Underground Workings<table><tr><td>Feature group</td><td>Mine Feature</td></tr><tr><td>Location</td><td>Humboldt, NV</td></tr><tr><td>Commodity</td><td>tungsten (1)</td></tr></table>",Winnemucca Indian Colony,1,FALSE,TRUE,1,0
1445,"Granite Creek, Granite Creek deposit",tungsten (1),Deposit,"<a href=""https://mrdata.usgs.gov/deposit/html/W-Mo00769"">Granite Creek, Granite Creek deposit</a>: Deposit<table><tr><td>Feature group</td><td>Mineral Occurrence</td></tr><tr><td>Location</td><td>Humboldt, NV</td></tr><tr><td>Commodity</td><td>tungsten (1)</td></tr></table>",Winnemucca Indian Colony,1,FALSE,TRUE,1,0
1446,"Valley View, Valley View mine",tungsten (1),Open Pit Mine,"<a href=""https://mrdata.usgs.gov/deposit/html/W-Mf00449"">Valley View, Valley View mine</a>: Open Pit Mine<table><tr><td>Feature group</td><td>Mine Feature</td></tr><tr><td>Location</td><td>Humboldt, NV</td></tr><tr><td>Commodity</td><td>tungsten (1)</td></tr></table>",Winnemucca Indian Colony,1,FALSE,TRUE,1,0
1447,"Valley View, Valley View deposit",tungsten (1),Deposit,"<a href=""https://mrdata.usgs.gov/deposit/html/W-Mo00235"">Valley View, Valley View deposit</a>: Deposit<table><tr><td>Feature group</td><td>Mineral Occurrence</td></tr><tr><td>Location</td><td>Humboldt, NV</td></tr><tr><td>Commodity</td><td>tungsten (1)</td></tr></table>",Winnemucca Indian Colony,1,FALSE,TRUE,1,0
1448,"Markus, Markus mine",tungsten (1),Open Pit Mine,"<a href=""https://mrdata.usgs.gov/deposit/html/W-Mf00455"">Markus, Markus mine</a>: Open Pit Mine<table><tr><td>Feature group</td><td>Mine Feature</td></tr><tr><td>Location</td><td>Humboldt, NV</td></tr><tr><td>Commodity</td><td>tungsten (1)</td></tr></table>",Winnemucca Indian Colony,1,FALSE,TRUE,1,0
1449,"Markus, Markus deposit",tungsten (1),Deposit,"<a href=""https://mrdata.usgs.gov/deposit/html/W-Mo00283"">Markus, Markus deposit</a>: Deposit<table><tr><td>Feature group</td><td>Mineral Occurrence</td></tr><tr><td>Location</td><td>Humboldt, NV</td></tr><tr><td>Commodity</td><td>tungsten (1)</td></tr></table>",Winnemucca Indian Colony,1,FALSE,TRUE,1,0
1450,"Scheelite Chief, Scheelite Chief mine",tungsten (1),Adit,"<a href=""https://mrdata.usgs.gov/deposit/html/W-Mf00461"">Scheelite Chief, Scheelite Chief mine</a>: Adit<table><tr><td>Feature group</td><td>Mine Feature</td></tr><tr><td>Location</td><td>White Pine, NV</td></tr><tr><td>Commodity</td><td>tungsten (1)</td></tr></table>",,0,FALSE,FALSE,0,0
1451,"Scheelite Chief, Scheelite Chief deposit",tungsten (1),Deposit,"<a href=""https://mrdata.usgs.gov/deposit/html/W-Mo00331"">Scheelite Chief, Scheelite Chief deposit</a>: Deposit<table><tr><td>Feature group</td><td>Mineral Occurrence</td></tr><tr><td>Location</td><td>White Pine, NV</td></tr><tr><td>Commodity</td><td>tungsten (1)</td></tr></table>",,0,FALSE,FALSE,0,0
1452,Shoshone Mining District,tungsten,Mining District,"<a href=""https://mrdata.usgs.gov/deposit/html/W-Mr00116"">Shoshone Mining District</a>: Mining District<table><tr><td>Feature group</td><td>Mineral Region</td></tr><tr><td>Location</td><td>White Pine, NV</td></tr><tr><td>Commodity</td><td>tungsten</td></tr></table>",,0,FALSE,FALSE,0,0
1453,"Nevada Scheelite, Nevada Scheelite mine",tungsten (1),Underground Workings,"<a href=""https://mrdata.usgs.gov/deposit/html/W-Mf00462"">Nevada Scheelite, Nevada Scheelite mine</a>: Underground Workings<table><tr><td>Feature group</td><td>Mine Feature</td></tr><tr><td>Location</td><td>Mineral, NV</td></tr><tr><td>Commodity</td><td>tungsten (1)</td></tr></table>",Walker River Reservation,1,FALSE,TRUE,1,0
1454,"Nevada Scheelite, Nevada Scheelite deposit",tungsten (1),Deposit,"<a href=""https://mrdata.usgs.gov/deposit/html/W-Mo00345"">Nevada Scheelite, Nevada Scheelite deposit</a>: Deposit<table><tr><td>Feature group</td><td>Mineral Occurrence</td></tr><tr><td>Location</td><td>Mineral, NV</td></tr><tr><td>Commodity</td><td>tungsten (1)</td></tr></table>",Walker River Reservation,1,FALSE,TRUE,1,0
1455,Leonard Mining District,tungsten,Mining District,"<a href=""https://mrdata.usgs.gov/deposit/html/W-Mr00117"">Leonard Mining District</a>: Mining District<table><tr><td>Feature group</td><td>Mineral Region</td></tr><tr><td>Location</td><td>Mineral, NV</td></tr><tr><td>Commodity</td><td>tungsten</td></tr></table>",Walker River Reservation,1,FALSE,TRUE,1,0
1456,"M.G.L., M.G.L. mine",tungsten (1),Mine Shaft,"<a href=""https://mrdata.usgs.gov/deposit/html/W-Mf00463"">M.G.L., M.G.L. mine</a>: Mine Shaft<table><tr><td>Feature group</td><td>Mine Feature</td></tr><tr><td>Location</td><td>Pershing, NV</td></tr><tr><td>Commodity</td><td>tungsten (1)</td></tr></table>",Fallon Paiute-Shoshone Colony and Off-Reservation Trust Land; Pyramid Lake Paiute Reservation; Reno-Sparks Indian Colony and Off-Reservation Trust Land,3,FALSE,TRUE,1,1
1457,"M.G.L., M.G.L. deposit",tungsten (1),Deposit,"<a href=""https://mrdata.usgs.gov/deposit/html/W-Mo00525"">M.G.L., M.G.L. deposit</a>: Deposit<table><tr><td>Feature group</td><td>Mineral Occurrence</td></tr><tr><td>Location</td><td>Pershing, NV</td></tr><tr><td>Commodity</td><td>tungsten (1)</td></tr></table>",Fallon Paiute-Shoshone Colony and Off-Reservation Trust Land; Pyramid Lake Paiute Reservation; Reno-Sparks Indian Colony and Off-Reservation Trust Land,3,FALSE,TRUE,1,1
1458,Nightingale Mining District,tungsten,Mining District,"<a href=""https://mrdata.usgs.gov/deposit/html/W-Mr00119"">Nightingale Mining District</a>: Mining District<table><tr><td>Feature group</td><td>Mineral Region</td></tr><tr><td>Location</td><td>Churchill; Pershing; Washoe, NV</td></tr><tr><td>Commodity</td><td>tungsten</td></tr></table>",Fallon Paiute-Shoshone Colony and Off-Reservation Trust Land; Pyramid Lake Paiute Reservation; Reno-Sparks Indian Colony and Off-Reservation Trust Land,3,FALSE,TRUE,1,1
1459,"Nightingale, Nightingale mine",tungsten (1),Mine Shaft,"<a href=""https://mrdata.usgs.gov/deposit/html/W-Mf00464"">Nightingale, Nightingale mine</a>: Mine Shaft<table><tr><td>Feature group</td><td>Mine Feature</td></tr><tr><td>Location</td><td>Pershing, NV</td></tr><tr><td>Commodity</td><td>tungsten (1)</td></tr></table>",Fallon Paiute-Shoshone Colony and Off-Reservation Trust Land; Pyramid Lake Paiute Reservation; Reno-Sparks Indian Colony and Off-Reservation Trust Land,3,FALSE,TRUE,1,1
1460,"Nightingale, Nightingale deposit",tungsten (1),Deposit,"<a href=""https://mrdata.usgs.gov/deposit/html/W-Mo00516"">Nightingale, Nightingale deposit</a>: Deposit<table><tr><td>Feature group</td><td>Mineral Occurrence</td></tr><tr><td>Location</td><td>Pershing, NV</td></tr><tr><td>Commodity</td><td>tungsten (1)</td></tr></table>",Fallon Paiute-Shoshone Colony and Off-Reservation Trust Land; Pyramid Lake Paiute Reservation; Reno-Sparks Indian Colony and Off-Reservation Trust Land,3,FALSE,TRUE,1,1
1461,Golconda Mining District,"iron; manganese; silica, tungsten",Mining District,"<a href=""https://mrdata.usgs.gov/deposit/html/W-Mr00078"">Golconda Mining District</a>: Mining District<table><tr><td>Feature group</td><td>Mineral Region</td></tr><tr><td>Location</td><td>Humboldt, NV</td></tr><tr><td>Commodity</td><td>iron; manganese; silica, tungsten</td></tr></table>",Battle Mountain Reservation and Off-Reservation Trust Land; Winnemucca Indian Colony,2,FALSE,TRUE,1,1
1462,Cave Peak mining area,copper (1); molybdenum; niobium (1); tungsten,Area,"<a href=""https://mrdata.usgs.gov/deposit/html/W-Mr00177"">Cave Peak mining area</a>: Area<table><tr><td>Feature group</td><td>Mineral Region</td></tr><tr><td>Location</td><td>Culberson, TX</td></tr><tr><td>Commodity</td><td>copper (1); molybdenum; niobium (1); tungsten</td></tr></table>",,0,FALSE,FALSE,0,0
1463,"Cave Peak, Main Pipe",copper; molybdenum; niobium; tungsten,Deposit,"<a href=""https://mrdata.usgs.gov/deposit/html/W-Mo00723"">Cave Peak, Main Pipe</a>: Deposit<table><tr><td>Feature group</td><td>Mineral Occurrence</td></tr><tr><td>Location</td><td>Culberson, TX</td></tr><tr><td>Commodity</td><td>copper; molybdenum; niobium; tungsten</td></tr></table>",,0,FALSE,FALSE,0,0
1464,Notch Peak District,tungsten,Mining District,"<a href=""https://mrdata.usgs.gov/deposit/html/W-Mr00138"">Notch Peak District</a>: Mining District<table><tr><td>Feature group</td><td>Mineral Region</td></tr><tr><td>Location</td><td>Millard, UT</td></tr><tr><td>Commodity</td><td>tungsten</td></tr></table>",,0,FALSE,FALSE,0,0
1465,"Germania, Germania mine",tungsten (1),Underground Workings,"<a href=""https://mrdata.usgs.gov/deposit/html/W-Mf00559"">Germania, Germania mine</a>: Underground Workings<table><tr><td>Feature group</td><td>Mine Feature</td></tr><tr><td>Location</td><td>Stevens, WA</td></tr><tr><td>Commodity</td><td>tungsten (1)</td></tr></table>",Colville Reservation and Off-Reservation Trust Land; Kalispel Reservation and Off-Reservation Trust Land; Spokane Reservation and Off-Reservation Trust Land,3,FALSE,TRUE,1,1
1466,"Germania, Germania deposit",tungsten (1),Deposit,"<a href=""https://mrdata.usgs.gov/deposit/html/W-Mo00766"">Germania, Germania deposit</a>: Deposit<table><tr><td>Feature group</td><td>Mineral Occurrence</td></tr><tr><td>Location</td><td>Stevens, WA</td></tr><tr><td>Commodity</td><td>tungsten (1)</td></tr></table>",Colville Reservation and Off-Reservation Trust Land; Kalispel Reservation and Off-Reservation Trust Land; Spokane Reservation and Off-Reservation Trust Land,3,FALSE,TRUE,1,1
1467,Cedar Canyon Mining District,tungsten (1),Mining District,"<a href=""https://mrdata.usgs.gov/deposit/html/W-Mr00149"">Cedar Canyon Mining District</a>: Mining District<table><tr><td>Feature group</td><td>Mineral Region</td></tr><tr><td>Location</td><td>Stevens, WA</td></tr><tr><td>Commodity</td><td>tungsten (1)</td></tr></table>",Colville Reservation and Off-Reservation Trust Land; Spokane Reservation and Off-Reservation Trust Land,2,FALSE,TRUE,1,1
1468,Port Clarence District,beryllium (1); fluorspar (2); tin (2); tungsten (2),Mining District,"<a href=""https://mrdata.usgs.gov/deposit/html/W-Mr00082"">Port Clarence District</a>: Mining District<table><tr><td>Feature group</td><td>Mineral Region</td></tr><tr><td>Location</td><td>Nome, AK</td></tr><tr><td>Commodity</td><td>beryllium (1); fluorspar (2); tin (2); tungsten (2)</td></tr></table>",Brevig Mission ANVSA; Teller ANVSA; Wales ANVSA,3,FALSE,TRUE,1,1
1469,"Lost River, Lost River mine",tin,Underground Workings,"<a href=""https://mrdata.usgs.gov/deposit/html/W-Mf00354"">Lost River, Lost River mine</a>: Underground Workings<table><tr><td>Feature group</td><td>Mine Feature</td></tr><tr><td>Location</td><td>Nome, AK</td></tr><tr><td>Commodity</td><td>tin</td></tr></table>",Brevig Mission ANVSA; Teller ANVSA; Wales ANVSA,3,FALSE,TRUE,1,1
1470,"Lost River, Cassiterite Creek placer mine",tin,Placer Mine,"<a href=""https://mrdata.usgs.gov/deposit/html/W-Mf00423"">Lost River, Cassiterite Creek placer mine</a>: Placer Mine<table><tr><td>Feature group</td><td>Mine Feature</td></tr><tr><td>Location</td><td>Nome, AK</td></tr><tr><td>Commodity</td><td>tin</td></tr></table>",Brevig Mission ANVSA; Teller ANVSA; Wales ANVSA,3,FALSE,TRUE,1,1
1471,"Lost River, Ida Bell dike deposit",tin; tungsten,Deposit,"<a href=""https://mrdata.usgs.gov/deposit/html/W-Mo00404"">Lost River, Ida Bell dike deposit</a>: Deposit<table><tr><td>Feature group</td><td>Mineral Occurrence</td></tr><tr><td>Location</td><td>Nome, AK</td></tr><tr><td>Commodity</td><td>tin; tungsten</td></tr></table>",Brevig Mission ANVSA; Teller ANVSA; Wales ANVSA,3,FALSE,TRUE,1,1
1472,"Lost River, Lost River skarn deposit",beryllium; fluorspar; tin; tungsten,Deposit,"<a href=""https://mrdata.usgs.gov/deposit/html/W-Mo00405"">Lost River, Lost River skarn deposit</a>: Deposit<table><tr><td>Feature group</td><td>Mineral Occurrence</td></tr><tr><td>Location</td><td>Nome, AK</td></tr><tr><td>Commodity</td><td>beryllium; fluorspar; tin; tungsten</td></tr></table>",Brevig Mission ANVSA; Teller ANVSA; Wales ANVSA,3,FALSE,TRUE,1,1
1473,"Lost River, Cassiterite Creek placer deposit",tin,Deposit,"<a href=""https://mrdata.usgs.gov/deposit/html/W-Mo00434"">Lost River, Cassiterite Creek placer deposit</a>: Deposit<table><tr><td>Feature group</td><td>Mineral Occurrence</td></tr><tr><td>Location</td><td>Nome, AK</td></tr><tr><td>Commodity</td><td>tin</td></tr></table>",Brevig Mission ANVSA; Teller ANVSA; Wales ANVSA,3,FALSE,TRUE,1,1
1474,"Lost River, Cassiterite dike deposit",tin; tungsten,Deposit,"<a href=""https://mrdata.usgs.gov/deposit/html/W-Mo00527"">Lost River, Cassiterite dike deposit</a>: Deposit<table><tr><td>Feature group</td><td>Mineral Occurrence</td></tr><tr><td>Location</td><td>Nome, AK</td></tr><tr><td>Commodity</td><td>tin; tungsten</td></tr></table>",Brevig Mission ANVSA; Teller ANVSA; Wales ANVSA,3,FALSE,TRUE,1,1
1475,Bristol Bay Region,copper (1); gold (1); molybdenum (1); platinum-group elements (2); rhenium (3); silver (1); tin (4); tungsten (4),Mining District,"<a href=""https://mrdata.usgs.gov/deposit/html/W-Mr00013"">Bristol Bay Region</a>: Mining District<table><tr><td>Feature group</td><td>Mineral Region</td></tr><tr><td>Location</td><td>Bethel; Bristol Bay; Dillingham; Kenai Peninsula; Kodiak Island; Lake and Peninsula, AK</td></tr><tr><td>Commodity</td><td>copper (1); gold (1); molybdenum (1); platinum-group elements (2); rhenium (3); silver (1); tin (4); tungsten (4)</td></tr></table>",Dillingham ANVSA; Ekwok ANVSA; Levelock ANVSA; Naknek ANVSA; New Koliganek ANVSA; New Stuyahok ANVSA; Portage Creek ANVSA,7,FALSE,TRUE,1,1
1476,Nome District,gold (1); graphite (2); tungsten (1),Mining District,"<a href=""https://mrdata.usgs.gov/deposit/html/W-Mr00058"">Nome District</a>: Mining District<table><tr><td>Feature group</td><td>Mineral Region</td></tr><tr><td>Location</td><td>Nome, AK</td></tr><tr><td>Commodity</td><td>gold (1); graphite (2); tungsten (1)</td></tr></table>",Mary's Igloo ANVSA; Nome ANVSA; Solomon ANVSA,3,FALSE,TRUE,1,1
1477,Juneau District,copper (1); gold (1); iron (2); platinum-group elements (3); silver (1); titanium (2); tungsten (1); vanadium (2),Mining District,"<a href=""https://mrdata.usgs.gov/deposit/html/W-Mr00059"">Juneau District</a>: Mining District<table><tr><td>Feature group</td><td>Mineral Region</td></tr><tr><td>Location</td><td>Haines; Hoonah-Angoon; Juneau; Skagway, AK</td></tr><tr><td>Commodity</td><td>copper (1); gold (1); iron (2); platinum-group elements (3); silver (1); titanium (2); tungsten (1); vanadium (2)</td></tr></table>",Chilkoot ANVSA,1,FALSE,TRUE,1,0
1478,Goodpaster District,tungsten (1),Mining District,"<a href=""https://mrdata.usgs.gov/deposit/html/W-Mr00060"">Goodpaster District</a>: Mining District<table><tr><td>Feature group</td><td>Mineral Region</td></tr><tr><td>Location</td><td>Fairbanks North Star; Southeast Fairbanks, AK</td></tr><tr><td>Commodity</td><td>tungsten (1)</td></tr></table>",Dot Lake ANVSA; Healy Lake ANVSA,2,FALSE,TRUE,1,1
1479,Iditarod District,antimony (1); arsenic (1); gold (1); lead (1); silver (1); tungsten (1); zinc (1),Mining District,"<a href=""https://mrdata.usgs.gov/deposit/html/W-Mr00135"">Iditarod District</a>: Mining District<table><tr><td>Feature group</td><td>Mineral Region</td></tr><tr><td>Location</td><td>Bethel; Yukon-Koyukuk, AK</td></tr><tr><td>Commodity</td><td>antimony (1); arsenic (1); gold (1); lead (1); silver (1); tungsten (1); zinc (1)</td></tr></table>",Shageluk ANVSA,1,FALSE,TRUE,1,0
1480,"Sleitat Mountain, Sleitat Mountain deposit",silver; tin; tungsten,Deposit,"<a href=""https://mrdata.usgs.gov/deposit/html/W-Mo00336"">Sleitat Mountain, Sleitat Mountain deposit</a>: Deposit<table><tr><td>Feature group</td><td>Mineral Occurrence</td></tr><tr><td>Location</td><td>Dillingham, AK</td></tr><tr><td>Commodity</td><td>silver; tin; tungsten</td></tr></table>",New Koliganek ANVSA,1,FALSE,TRUE,1,0
1481,"Gilmore Dome, Stepovich mine",tungsten,Underground Workings,"<a href=""https://mrdata.usgs.gov/deposit/html/W-Mf00328"">Gilmore Dome, Stepovich mine</a>: Underground Workings<table><tr><td>Feature group</td><td>Mine Feature</td></tr><tr><td>Location</td><td>Fairbanks North Star, AK</td></tr><tr><td>Commodity</td><td>tungsten</td></tr></table>",,0,FALSE,FALSE,0,0
1482,"Gilmore Dome, Yellow Pup mine",tungsten,Underground Workings,"<a href=""https://mrdata.usgs.gov/deposit/html/W-Mf00484"">Gilmore Dome, Yellow Pup mine</a>: Underground Workings<table><tr><td>Feature group</td><td>Mine Feature</td></tr><tr><td>Location</td><td>Fairbanks North Star, AK</td></tr><tr><td>Commodity</td><td>tungsten</td></tr></table>",,0,FALSE,FALSE,0,0
1483,"Gilmore Dome, Gilmore Dome area",tungsten,Deposit,"<a href=""https://mrdata.usgs.gov/deposit/html/W-Mo00650"">Gilmore Dome, Gilmore Dome area</a>: Deposit<table><tr><td>Feature group</td><td>Mineral Occurrence</td></tr><tr><td>Location</td><td>Fairbanks North Star, AK</td></tr><tr><td>Commodity</td><td>tungsten</td></tr></table>",,0,FALSE,FALSE,0,0
1484,Fairbanks District,tungsten (1),Mining District,"<a href=""https://mrdata.usgs.gov/deposit/html/W-Mr00137"">Fairbanks District</a>: Mining District<table><tr><td>Feature group</td><td>Mineral Region</td></tr><tr><td>Location</td><td>Fairbanks North Star; Southeast Fairbanks; Yukon-Koyukuk, AK</td></tr><tr><td>Commodity</td><td>tungsten (1)</td></tr></table>",,0,FALSE,FALSE,0,0
1485,"Golden Horn, Golden Horn mine",gold; lead; silver; zinc,Underground Workings,"<a href=""https://mrdata.usgs.gov/deposit/html/W-Mf00569"">Golden Horn, Golden Horn mine</a>: Underground Workings<table><tr><td>Feature group</td><td>Mine Feature</td></tr><tr><td>Location</td><td>Yukon-Koyukuk, AK</td></tr><tr><td>Commodity</td><td>gold; lead; silver; zinc</td></tr></table>",Crooked Creek ANVSA; Georgetown ANVSA,2,FALSE,TRUE,1,1
1486,"Golden Horn, Golden Horn deposit",antimony; arsenic (1); gold; silver; tungsten,Deposit,"<a href=""https://mrdata.usgs.gov/deposit/html/W-Mo00706"">Golden Horn, Golden Horn deposit</a>: Deposit<table><tr><td>Feature group</td><td>Mineral Occurrence</td></tr><tr><td>Location</td><td>Yukon-Koyukuk, AK</td></tr><tr><td>Commodity</td><td>antimony; arsenic (1); gold; silver; tungsten</td></tr></table>",Crooked Creek ANVSA; Georgetown ANVSA,2,FALSE,TRUE,1,1
1487,"Bonita Creek, Bonita Creek deposit",gold; tungsten,Deposit,"<a href=""https://mrdata.usgs.gov/deposit/html/W-Mo00707"">Bonita Creek, Bonita Creek deposit</a>: Deposit<table><tr><td>Feature group</td><td>Mineral Occurrence</td></tr><tr><td>Location</td><td>Nome, AK</td></tr><tr><td>Commodity</td><td>gold; tungsten</td></tr></table>",Nome ANVSA; Solomon ANVSA,2,FALSE,TRUE,1,1
1488,"Margerie Glacier, Margerie Glacier deposit",copper; gold; silver; tungsten,Deposit,"<a href=""https://mrdata.usgs.gov/deposit/html/W-Mo00708"">Margerie Glacier, Margerie Glacier deposit</a>: Deposit<table><tr><td>Feature group</td><td>Mineral Occurrence</td></tr><tr><td>Location</td><td>Hoonah-Angoon, AK</td></tr><tr><td>Commodity</td><td>copper; gold; silver; tungsten</td></tr></table>",,0,FALSE,FALSE,0,0
1489,"Lucky 13, Lucky 13 deposit",tungsten,Deposit,"<a href=""https://mrdata.usgs.gov/deposit/html/W-Mo00709"">Lucky 13, Lucky 13 deposit</a>: Deposit<table><tr><td>Feature group</td><td>Mineral Occurrence</td></tr><tr><td>Location</td><td>Southeast Fairbanks, AK</td></tr><tr><td>Commodity</td><td>tungsten</td></tr></table>",Healy Lake ANVSA,1,FALSE,TRUE,1,0
1490,"Boriana, Boriana mine",copper (1); tungsten (1),Adit,"<a href=""https://mrdata.usgs.gov/deposit/html/W-Mf00560"">Boriana, Boriana mine</a>: Adit<table><tr><td>Feature group</td><td>Mine Feature</td></tr><tr><td>Location</td><td>Mohave, AZ</td></tr><tr><td>Commodity</td><td>copper (1); tungsten (1)</td></tr></table>",Fort Mojave Reservation and Off-Reservation Trust Land; Hualapai Indian Reservation and Off-Reservation Trust Land,2,FALSE,TRUE,1,1
1491,"Boriana, Boriana deposit",tungsten (1),Deposit,"<a href=""https://mrdata.usgs.gov/deposit/html/W-Mo00700"">Boriana, Boriana deposit</a>: Deposit<table><tr><td>Feature group</td><td>Mineral Occurrence</td></tr><tr><td>Location</td><td>Mohave, AZ</td></tr><tr><td>Commodity</td><td>tungsten (1)</td></tr></table>",Fort Mojave Reservation and Off-Reservation Trust Land; Hualapai Indian Reservation and Off-Reservation Trust Land,2,FALSE,TRUE,1,1
1492,Boriana Mineral District,copper; gold; silver; tungsten,Mineral District,"<a href=""https://mrdata.usgs.gov/deposit/html/W-Mr00131"">Boriana Mineral District</a>: Mineral District<table><tr><td>Feature group</td><td>Mineral Region</td></tr><tr><td>Location</td><td>Mohave, AZ</td></tr><tr><td>Commodity</td><td>copper; gold; silver; tungsten</td></tr></table>",Fort Mojave Reservation and Off-Reservation Trust Land; Hualapai Indian Reservation and Off-Reservation Trust Land,2,FALSE,TRUE,1,1
1493,"Pine Creek, Pine Creek mine",copper (1); gold (1); molybdenum (1); silver (1); tungsten (1),Underground Workings,"<a href=""https://mrdata.usgs.gov/deposit/html/W-Mf00400"">Pine Creek, Pine Creek mine</a>: Underground Workings<table><tr><td>Feature group</td><td>Mine Feature</td></tr><tr><td>Location</td><td>Inyo, CA</td></tr><tr><td>Commodity</td><td>copper (1); gold (1); molybdenum (1); silver (1); tungsten (1)</td></tr></table>",Benton Paiute Reservation and Off-Reservation Trust Land; Big Pine Reservation and Off-Reservation Trust Land; Bishop Reservation,3,FALSE,TRUE,1,1
1494,"Pine Creek, Pine Creek deposit",tungsten (1),Deposit,"<a href=""https://mrdata.usgs.gov/deposit/html/W-Mo00499"">Pine Creek, Pine Creek deposit</a>: Deposit<table><tr><td>Feature group</td><td>Mineral Occurrence</td></tr><tr><td>Location</td><td>Inyo, CA</td></tr><tr><td>Commodity</td><td>tungsten (1)</td></tr></table>",Benton Paiute Reservation and Off-Reservation Trust Land; Big Pine Reservation and Off-Reservation Trust Land; Bishop Reservation,3,FALSE,TRUE,1,1
1495,Chidago Mining District,tungsten,Mining District,"<a href=""https://mrdata.usgs.gov/deposit/html/W-Mr00038"">Chidago Mining District</a>: Mining District<table><tr><td>Feature group</td><td>Mineral Region</td></tr><tr><td>Location</td><td>Mono, CA</td></tr><tr><td>Commodity</td><td>tungsten</td></tr></table>",Benton Paiute Reservation and Off-Reservation Trust Land; Bishop Reservation,2,FALSE,TRUE,1,1
1496,Bishop Mining District,copper; gold; molybdenum; perlite; pumice; silver; tungsten,Mining District,"<a href=""https://mrdata.usgs.gov/deposit/html/W-Mr00031"">Bishop Mining District</a>: Mining District<table><tr><td>Feature group</td><td>Mineral Region</td></tr><tr><td>Location</td><td>Fresno; Inyo; Mono, CA</td></tr><tr><td>Commodity</td><td>copper; gold; molybdenum; perlite; pumice; silver; tungsten</td></tr></table>",Big Pine Reservation and Off-Reservation Trust Land; Bishop Reservation; Fort Independence Reservation,3,FALSE,TRUE,1,1
1497,"Brownstone, Brownstone mine",tungsten (1),Adit,"<a href=""https://mrdata.usgs.gov/deposit/html/W-Mf00565"">Brownstone, Brownstone mine</a>: Adit<table><tr><td>Feature group</td><td>Mine Feature</td></tr><tr><td>Location</td><td>Inyo, CA</td></tr><tr><td>Commodity</td><td>tungsten (1)</td></tr></table>",Benton Paiute Reservation and Off-Reservation Trust Land; Big Pine Reservation and Off-Reservation Trust Land; Bishop Reservation,3,FALSE,TRUE,1,1
1498,"Brownstone, Brownstone deposit",tungsten (1),Deposit,"<a href=""https://mrdata.usgs.gov/deposit/html/W-Mo00704"">Brownstone, Brownstone deposit</a>: Deposit<table><tr><td>Feature group</td><td>Mineral Occurrence</td></tr><tr><td>Location</td><td>Inyo, CA</td></tr><tr><td>Commodity</td><td>tungsten (1)</td></tr></table>",Benton Paiute Reservation and Off-Reservation Trust Land; Big Pine Reservation and Off-Reservation Trust Land; Bishop Reservation,3,FALSE,TRUE,1,1
1499,"Tungsten Peak, Tungsten Peak mine",tungsten (1),Mine Shaft,"<a href=""https://mrdata.usgs.gov/deposit/html/W-Mf00596"">Tungsten Peak, Tungsten Peak mine</a>: Mine Shaft<table><tr><td>Feature group</td><td>Mine Feature</td></tr><tr><td>Location</td><td>Kern, CA</td></tr><tr><td>Commodity</td><td>tungsten (1)</td></tr></table>",,0,FALSE,FALSE,0,0
1500,"Tungsten Peak, Tungsten Peak deposit",tungsten (1),Deposit,"<a href=""https://mrdata.usgs.gov/deposit/html/W-Mo00620"">Tungsten Peak, Tungsten Peak deposit</a>: Deposit<table><tr><td>Feature group</td><td>Mineral Occurrence</td></tr><tr><td>Location</td><td>Kern, CA</td></tr><tr><td>Commodity</td><td>tungsten (1)</td></tr></table>",,0,FALSE,FALSE,0,0
1501,"Tungstar, Tungstar mine",tungsten (1),Underground Workings,"<a href=""https://mrdata.usgs.gov/deposit/html/W-Mf00401"">Tungstar, Tungstar mine</a>: Underground Workings<table><tr><td>Feature group</td><td>Mine Feature</td></tr><tr><td>Location</td><td>Inyo, CA</td></tr><tr><td>Commodity</td><td>tungsten (1)</td></tr></table>",Benton Paiute Reservation and Off-Reservation Trust Land; Big Pine Reservation and Off-Reservation Trust Land; Bishop Reservation,3,FALSE,TRUE,1,1
1502,"Tungstar, Tungstar deposit",tungsten (1),Deposit,"<a href=""https://mrdata.usgs.gov/deposit/html/W-Mo00497"">Tungstar, Tungstar deposit</a>: Deposit<table><tr><td>Feature group</td><td>Mineral Occurrence</td></tr><tr><td>Location</td><td>Inyo, CA</td></tr><tr><td>Commodity</td><td>tungsten (1)</td></tr></table>",Benton Paiute Reservation and Off-Reservation Trust Land; Big Pine Reservation and Off-Reservation Trust Land; Bishop Reservation,3,FALSE,TRUE,1,1
1503,"Little Sister, Little Sister mine",tungsten (1),Open Pit Mine,"<a href=""https://mrdata.usgs.gov/deposit/html/W-Mf00402"">Little Sister, Little Sister mine</a>: Open Pit Mine<table><tr><td>Feature group</td><td>Mine Feature</td></tr><tr><td>Location</td><td>Inyo, CA</td></tr><tr><td>Commodity</td><td>tungsten (1)</td></tr></table>",Benton Paiute Reservation and Off-Reservation Trust Land; Big Pine Reservation and Off-Reservation Trust Land; Bishop Reservation,3,FALSE,TRUE,1,1
1504,"Little Sister, Little Sister deposit",tungsten,Deposit,"<a href=""https://mrdata.usgs.gov/deposit/html/W-Mo00506"">Little Sister, Little Sister deposit</a>: Deposit<table><tr><td>Feature group</td><td>Mineral Occurrence</td></tr><tr><td>Location</td><td>Inyo, CA</td></tr><tr><td>Commodity</td><td>tungsten</td></tr></table>",Benton Paiute Reservation and Off-Reservation Trust Land; Big Pine Reservation and Off-Reservation Trust Land; Bishop Reservation,3,FALSE,TRUE,1,1
1505,"Consolidated Tungsten, Consolidated Tungsten mine",tungsten (1),Underground Workings,"<a href=""https://mrdata.usgs.gov/deposit/html/W-Mf00403"">Consolidated Tungsten, Consolidated Tungsten mine</a>: Underground Workings<table><tr><td>Feature group</td><td>Mine Feature</td></tr><tr><td>Location</td><td>Tulare, CA</td></tr><tr><td>Commodity</td><td>tungsten (1)</td></tr></table>",Cold Springs Rancheria,1,FALSE,TRUE,1,0
1506,"Consolidated Tungsten, Consolidated Tungsten deposit",tungsten (1),Deposit,"<a href=""https://mrdata.usgs.gov/deposit/html/W-Mo00507"">Consolidated Tungsten, Consolidated Tungsten deposit</a>: Deposit<table><tr><td>Feature group</td><td>Mineral Occurrence</td></tr><tr><td>Location</td><td>Tulare, CA</td></tr><tr><td>Commodity</td><td>tungsten (1)</td></tr></table>",Cold Springs Rancheria,1,FALSE,TRUE,1,0
1507,"Black Rock, Black Rock mine",tungsten (1),Adit,"<a href=""https://mrdata.usgs.gov/deposit/html/W-Mf00399"">Black Rock, Black Rock mine</a>: Adit<table><tr><td>Feature group</td><td>Mine Feature</td></tr><tr><td>Location</td><td>Mono, CA</td></tr><tr><td>Commodity</td><td>tungsten (1)</td></tr></table>",Benton Paiute Reservation and Off-Reservation Trust Land; Bishop Reservation,2,FALSE,TRUE,1,1
1508,"Black Rock, Black Rock deposit",tungsten (1),Deposit,"<a href=""https://mrdata.usgs.gov/deposit/html/W-Mo00498"">Black Rock, Black Rock deposit</a>: Deposit<table><tr><td>Feature group</td><td>Mineral Occurrence</td></tr><tr><td>Location</td><td>Mono, CA</td></tr><tr><td>Commodity</td><td>tungsten (1)</td></tr></table>",Benton Paiute Reservation and Off-Reservation Trust Land; Bishop Reservation,2,FALSE,TRUE,1,1
1509,"Strawberry, Strawberry mine",tungsten (1),Mine Shaft,"<a href=""https://mrdata.usgs.gov/deposit/html/W-Mf00414"">Strawberry, Strawberry mine</a>: Mine Shaft<table><tr><td>Feature group</td><td>Mine Feature</td></tr><tr><td>Location</td><td>Madera, CA</td></tr><tr><td>Commodity</td><td>tungsten (1)</td></tr></table>",Big Sandy Rancheria and Off-Reservation Trust Land; North Fork Rancheria and Off-Reservation Trust Land; Picayune Rancheria and Off-Reservation Trust Land,3,FALSE,TRUE,1,1
1510,"Strawberry, Strawberry deposit",tungsten (1),Deposit,"<a href=""https://mrdata.usgs.gov/deposit/html/W-Mo00693"">Strawberry, Strawberry deposit</a>: Deposit<table><tr><td>Feature group</td><td>Mineral Occurrence</td></tr><tr><td>Location</td><td>Madera, CA</td></tr><tr><td>Commodity</td><td>tungsten (1)</td></tr></table>",Big Sandy Rancheria and Off-Reservation Trust Land; North Fork Rancheria and Off-Reservation Trust Land; Picayune Rancheria and Off-Reservation Trust Land,3,FALSE,TRUE,1,1
1511,"Tulare County Tungsten, Tulare County Tungsten mine",tungsten (1),Underground Workings,"<a href=""https://mrdata.usgs.gov/deposit/html/W-Mf00415"">Tulare County Tungsten, Tulare County Tungsten mine</a>: Underground Workings<table><tr><td>Feature group</td><td>Mine Feature</td></tr><tr><td>Location</td><td>Tulare, CA</td></tr><tr><td>Commodity</td><td>tungsten (1)</td></tr></table>",Tule River Reservation and Off-Reservation Trust Land,1,FALSE,TRUE,1,0
1512,"Tulare County Tungsten, Tulare County Tungsten deposit",tungsten,Deposit,"<a href=""https://mrdata.usgs.gov/deposit/html/W-Mo00694"">Tulare County Tungsten, Tulare County Tungsten deposit</a>: Deposit<table><tr><td>Feature group</td><td>Mineral Occurrence</td></tr><tr><td>Location</td><td>Tulare, CA</td></tr><tr><td>Commodity</td><td>tungsten</td></tr></table>",Tule River Reservation and Off-Reservation Trust Land,1,FALSE,TRUE,1,0
1513,"Tungstore, Tungstore mine",tungsten (1),Underground Workings,"<a href=""https://mrdata.usgs.gov/deposit/html/W-Mf00416"">Tungstore, Tungstore mine</a>: Underground Workings<table><tr><td>Feature group</td><td>Mine Feature</td></tr><tr><td>Location</td><td>Tulare, CA</td></tr><tr><td>Commodity</td><td>tungsten (1)</td></tr></table>",Tule River Reservation and Off-Reservation Trust Land,1,FALSE,TRUE,1,0
1514,"Tungstore, Tungstore deposit",tungsten (1),Deposit,"<a href=""https://mrdata.usgs.gov/deposit/html/W-Mo00695"">Tungstore, Tungstore deposit</a>: Deposit<table><tr><td>Feature group</td><td>Mineral Occurrence</td></tr><tr><td>Location</td><td>Tulare, CA</td></tr><tr><td>Commodity</td><td>tungsten (1)</td></tr></table>",Tule River Reservation and Off-Reservation Trust Land,1,FALSE,TRUE,1,0
1515,"Searles Lake, Searles Lake mine",lithium (1),Brine Mine,"<a href=""https://mrdata.usgs.gov/deposit/html/W-Mf00292"">Searles Lake, Searles Lake mine</a>: Brine Mine<table><tr><td>Feature group</td><td>Mine Feature</td></tr><tr><td>Location</td><td>San Bernardino, CA</td></tr><tr><td>Commodity</td><td>lithium (1)</td></tr></table>",,0,FALSE,FALSE,0,0
1516,"Searles Lake, Searles Lake brine deposit",lithium (1); tungsten (2),Deposit,"<a href=""https://mrdata.usgs.gov/deposit/html/W-Mo00593"">Searles Lake, Searles Lake brine deposit</a>: Deposit<table><tr><td>Feature group</td><td>Mineral Occurrence</td></tr><tr><td>Location</td><td>San Bernardino, CA</td></tr><tr><td>Commodity</td><td>lithium (1); tungsten (2)</td></tr></table>",,0,FALSE,FALSE,0,0
1517,Atolia District,tungsten,Mining District,"<a href=""https://mrdata.usgs.gov/deposit/html/W-Mr00033"">Atolia District</a>: Mining District<table><tr><td>Feature group</td><td>Mineral Region</td></tr><tr><td>Location</td><td>Kern; San Bernardino, CA</td></tr><tr><td>Commodity</td><td>tungsten</td></tr></table>",,0,FALSE,FALSE,0,0
1518,"Andrew Curtis, Andrew Curtis mine",tungsten (1),Underground Workings,"<a href=""https://mrdata.usgs.gov/deposit/html/W-Mf00417"">Andrew Curtis, Andrew Curtis mine</a>: Underground Workings<table><tr><td>Feature group</td><td>Mine Feature</td></tr><tr><td>Location</td><td>Los Angeles, CA</td></tr><tr><td>Commodity</td><td>tungsten (1)</td></tr></table>",San Manuel Reservation,1,FALSE,TRUE,1,0
1519,"Andrew Curtis, Andrew Curtis deposit",tungsten (1),Deposit,"<a href=""https://mrdata.usgs.gov/deposit/html/W-Mo00698"">Andrew Curtis, Andrew Curtis deposit</a>: Deposit<table><tr><td>Feature group</td><td>Mineral Occurrence</td></tr><tr><td>Location</td><td>Los Angeles, CA</td></tr><tr><td>Commodity</td><td>tungsten (1)</td></tr></table>",San Manuel Reservation,1,FALSE,TRUE,1,0
1520,Cement Creek District,tungsten,Mining District,"<a href=""https://mrdata.usgs.gov/deposit/html/W-Mr00030"">Cement Creek District</a>: Mining District<table><tr><td>Feature group</td><td>Mineral Region</td></tr><tr><td>Location</td><td>San Juan, CO</td></tr><tr><td>Commodity</td><td>tungsten</td></tr></table>",,0,FALSE,FALSE,0,0
1521,Boulder County Tungsten District,tungsten,Mining District,"<a href=""https://mrdata.usgs.gov/deposit/html/W-Mr00064"">Boulder County Tungsten District</a>: Mining District<table><tr><td>Feature group</td><td>Mineral Region</td></tr><tr><td>Location</td><td>Boulder, CO</td></tr><tr><td>Commodity</td><td>tungsten</td></tr></table>",,0,FALSE,FALSE,0,0
1522,"Tungsten, Tungsten mine",tungsten (1),Mine Shaft,"<a href=""https://mrdata.usgs.gov/deposit/html/W-Mf00346"">Tungsten, Tungsten mine</a>: Mine Shaft<table><tr><td>Feature group</td><td>Mine Feature</td></tr><tr><td>Location</td><td>Boulder, CO</td></tr><tr><td>Commodity</td><td>tungsten (1)</td></tr></table>",,0,FALSE,FALSE,0,0
1523,"Tungsten, Tungsten deposit",tungsten (1),Deposit,"<a href=""https://mrdata.usgs.gov/deposit/html/W-Mo00482"">Tungsten, Tungsten deposit</a>: Deposit<table><tr><td>Feature group</td><td>Mineral Occurrence</td></tr><tr><td>Location</td><td>Boulder, CO</td></tr><tr><td>Commodity</td><td>tungsten (1)</td></tr></table>",,0,FALSE,FALSE,0,0
1524,"Oregon, Oregon mine",tungsten (1),Adit,"<a href=""https://mrdata.usgs.gov/deposit/html/W-Mf00359"">Oregon, Oregon mine</a>: Adit<table><tr><td>Feature group</td><td>Mine Feature</td></tr><tr><td>Location</td><td>Boulder, CO</td></tr><tr><td>Commodity</td><td>tungsten (1)</td></tr></table>",,0,FALSE,FALSE,0,0
1525,"Oregon, Oregon deposit",tungsten (1),Deposit,"<a href=""https://mrdata.usgs.gov/deposit/html/W-Mo00371"">Oregon, Oregon deposit</a>: Deposit<table><tr><td>Feature group</td><td>Mineral Occurrence</td></tr><tr><td>Location</td><td>Boulder, CO</td></tr><tr><td>Commodity</td><td>tungsten (1)</td></tr></table>",,0,FALSE,FALSE,0,0
1526,"Vasco No. 6, Vasco No. 6 mine",tungsten,Mine Shaft,"<a href=""https://mrdata.usgs.gov/deposit/html/W-Mf00360"">Vasco No. 6, Vasco No. 6 mine</a>: Mine Shaft<table><tr><td>Feature group</td><td>Mine Feature</td></tr><tr><td>Location</td><td>Boulder, CO</td></tr><tr><td>Commodity</td><td>tungsten</td></tr></table>",,0,FALSE,FALSE,0,0
1527,"Vasco No. 6, Vasco No. 6 deposit",tungsten,Deposit,"<a href=""https://mrdata.usgs.gov/deposit/html/W-Mo00281"">Vasco No. 6, Vasco No. 6 deposit</a>: Deposit<table><tr><td>Feature group</td><td>Mineral Occurrence</td></tr><tr><td>Location</td><td>Boulder, CO</td></tr><tr><td>Commodity</td><td>tungsten</td></tr></table>",,0,FALSE,FALSE,0,0
1528,"Climax, Climax mine",molybdenum (1); tin (2); tungsten (2),Open Pit Mine,"<a href=""https://mrdata.usgs.gov/deposit/html/W-Mf00240"">Climax, Climax mine</a>: Open Pit Mine<table><tr><td>Feature group</td><td>Mine Feature</td></tr><tr><td>Location</td><td>Lake, CO</td></tr><tr><td>Commodity</td><td>molybdenum (1); tin (2); tungsten (2)</td></tr></table>",,0,FALSE,FALSE,0,0
1529,"Climax, Climax deposit",molybdenum (1); platinum-group elements (2); rhenium (3); tungsten (4),Deposit,"<a href=""https://mrdata.usgs.gov/deposit/html/W-Mo00262"">Climax, Climax deposit</a>: Deposit<table><tr><td>Feature group</td><td>Mineral Occurrence</td></tr><tr><td>Location</td><td>Lake, CO</td></tr><tr><td>Commodity</td><td>molybdenum (1); platinum-group elements (2); rhenium (3); tungsten (4)</td></tr></table>",,0,FALSE,FALSE,0,0
1530,"Climax, Climax tailings",tungsten (1),Deposit,"<a href=""https://mrdata.usgs.gov/deposit/html/W-Mo00402"">Climax, Climax tailings</a>: Deposit<table><tr><td>Feature group</td><td>Mineral Occurrence</td></tr><tr><td>Location</td><td>Lake, CO</td></tr><tr><td>Commodity</td><td>tungsten (1)</td></tr></table>",,0,FALSE,FALSE,0,0
1531,Climax District,molybdenum (1); platinum-group elements (2); rhenium; tin (3); tungsten (4),Mining District,"<a href=""https://mrdata.usgs.gov/deposit/html/W-Mr00069"">Climax District</a>: Mining District<table><tr><td>Feature group</td><td>Mineral Region</td></tr><tr><td>Location</td><td>Lake; Summit, CO</td></tr><tr><td>Commodity</td><td>molybdenum (1); platinum-group elements (2); rhenium; tin (3); tungsten (4)</td></tr></table>",,0,FALSE,FALSE,0,0
1532,"Cross, Cross mine",tungsten,Mine Shaft,"<a href=""https://mrdata.usgs.gov/deposit/html/W-Mf00351"">Cross, Cross mine</a>: Mine Shaft<table><tr><td>Feature group</td><td>Mine Feature</td></tr><tr><td>Location</td><td>Boulder, CO</td></tr><tr><td>Commodity</td><td>tungsten</td></tr></table>",,0,FALSE,FALSE,0,0
1533,"Cross, Cross deposit",tungsten,Deposit,"<a href=""https://mrdata.usgs.gov/deposit/html/W-Mo00333"">Cross, Cross deposit</a>: Deposit<table><tr><td>Feature group</td><td>Mineral Occurrence</td></tr><tr><td>Location</td><td>Boulder, CO</td></tr><tr><td>Commodity</td><td>tungsten</td></tr></table>",,0,FALSE,FALSE,0,0
1534,"Conger, Conger mine",tungsten (1),Mine Shaft,"<a href=""https://mrdata.usgs.gov/deposit/html/W-Mf00357"">Conger, Conger mine</a>: Mine Shaft<table><tr><td>Feature group</td><td>Mine Feature</td></tr><tr><td>Location</td><td>Boulder, CO</td></tr><tr><td>Commodity</td><td>tungsten (1)</td></tr></table>",,0,FALSE,FALSE,0,0
1535,"Conger, Beddig mine",tungsten,Mine Shaft,"<a href=""https://mrdata.usgs.gov/deposit/html/W-Mf00358"">Conger, Beddig mine</a>: Mine Shaft<table><tr><td>Feature group</td><td>Mine Feature</td></tr><tr><td>Location</td><td>Boulder, CO</td></tr><tr><td>Commodity</td><td>tungsten</td></tr></table>",,0,FALSE,FALSE,0,0
1536,"Conger, Conger deposit",tungsten (1),Deposit,"<a href=""https://mrdata.usgs.gov/deposit/html/W-Mo00380"">Conger, Conger deposit</a>: Deposit<table><tr><td>Feature group</td><td>Mineral Occurrence</td></tr><tr><td>Location</td><td>Boulder, CO</td></tr><tr><td>Commodity</td><td>tungsten (1)</td></tr></table>",,0,FALSE,FALSE,0,0
1537,"Conger, Beddig deposit",tungsten,Deposit,"<a href=""https://mrdata.usgs.gov/deposit/html/W-Mo00481"">Conger, Beddig deposit</a>: Deposit<table><tr><td>Feature group</td><td>Mineral Occurrence</td></tr><tr><td>Location</td><td>Boulder, CO</td></tr><tr><td>Commodity</td><td>tungsten</td></tr></table>",,0,FALSE,FALSE,0,0
1538,"Vasco No. 1, Vasco No. 1 mine",tungsten,Mine Shaft,"<a href=""https://mrdata.usgs.gov/deposit/html/W-Mf00344"">Vasco No. 1, Vasco No. 1 mine</a>: Mine Shaft<table><tr><td>Feature group</td><td>Mine Feature</td></tr><tr><td>Location</td><td>Boulder, CO</td></tr><tr><td>Commodity</td><td>tungsten</td></tr></table>",,0,FALSE,FALSE,0,0
1539,"Vasco No. 1, Vasco No. 1 deposit",tungsten,Deposit,"<a href=""https://mrdata.usgs.gov/deposit/html/W-Mo00280"">Vasco No. 1, Vasco No. 1 deposit</a>: Deposit<table><tr><td>Feature group</td><td>Mineral Occurrence</td></tr><tr><td>Location</td><td>Boulder, CO</td></tr><tr><td>Commodity</td><td>tungsten</td></tr></table>",,0,FALSE,FALSE,0,0
1540,"Quay, Quay mine",tungsten (1),Mine Shaft,"<a href=""https://mrdata.usgs.gov/deposit/html/W-Mf00352"">Quay, Quay mine</a>: Mine Shaft<table><tr><td>Feature group</td><td>Mine Feature</td></tr><tr><td>Location</td><td>Boulder, CO</td></tr><tr><td>Commodity</td><td>tungsten (1)</td></tr></table>",,0,FALSE,FALSE,0,0
1541,"Quay, Quay deposit",tungsten (1),Deposit,"<a href=""https://mrdata.usgs.gov/deposit/html/W-Mo00381"">Quay, Quay deposit</a>: Deposit<table><tr><td>Feature group</td><td>Mineral Occurrence</td></tr><tr><td>Location</td><td>Boulder, CO</td></tr><tr><td>Commodity</td><td>tungsten (1)</td></tr></table>",,0,FALSE,FALSE,0,0
1542,"Cold Spring, Cold Spring mine",tungsten,Mine Shaft,"<a href=""https://mrdata.usgs.gov/deposit/html/W-Mf00341"">Cold Spring, Cold Spring mine</a>: Mine Shaft<table><tr><td>Feature group</td><td>Mine Feature</td></tr><tr><td>Location</td><td>Boulder, CO</td></tr><tr><td>Commodity</td><td>tungsten</td></tr></table>",,0,FALSE,FALSE,0,0
1543,"Cold Spring, Cold Spring deposit",tungsten,Deposit,"<a href=""https://mrdata.usgs.gov/deposit/html/W-Mo00372"">Cold Spring, Cold Spring deposit</a>: Deposit<table><tr><td>Feature group</td><td>Mineral Occurrence</td></tr><tr><td>Location</td><td>Boulder, CO</td></tr><tr><td>Commodity</td><td>tungsten</td></tr></table>",,0,FALSE,FALSE,0,0
1544,"Mammoth, Mammoth mine",tungsten (1),Mine Shaft,"<a href=""https://mrdata.usgs.gov/deposit/html/W-Mf00362"">Mammoth, Mammoth mine</a>: Mine Shaft<table><tr><td>Feature group</td><td>Mine Feature</td></tr><tr><td>Location</td><td>Boulder, CO</td></tr><tr><td>Commodity</td><td>tungsten (1)</td></tr></table>",,0,FALSE,FALSE,0,0
1545,"Mammoth, Mammoth deposit",tungsten (1),Deposit,"<a href=""https://mrdata.usgs.gov/deposit/html/W-Mo00384"">Mammoth, Mammoth deposit</a>: Deposit<table><tr><td>Feature group</td><td>Mineral Occurrence</td></tr><tr><td>Location</td><td>Boulder, CO</td></tr><tr><td>Commodity</td><td>tungsten (1)</td></tr></table>",,0,FALSE,FALSE,0,0
1546,"Eureka, Eureka mine",tungsten (1),Adit,"<a href=""https://mrdata.usgs.gov/deposit/html/W-Mf00364"">Eureka, Eureka mine</a>: Adit<table><tr><td>Feature group</td><td>Mine Feature</td></tr><tr><td>Location</td><td>Boulder, CO</td></tr><tr><td>Commodity</td><td>tungsten (1)</td></tr></table>",,0,FALSE,FALSE,0,0
1547,"Eureka, Eureka deposit",tungsten (1),Deposit,"<a href=""https://mrdata.usgs.gov/deposit/html/W-Mo00385"">Eureka, Eureka deposit</a>: Deposit<table><tr><td>Feature group</td><td>Mineral Occurrence</td></tr><tr><td>Location</td><td>Boulder, CO</td></tr><tr><td>Commodity</td><td>tungsten (1)</td></tr></table>",,0,FALSE,FALSE,0,0
1548,"Lone Tree, Lone Tree mine",tungsten,Mine Shaft,"<a href=""https://mrdata.usgs.gov/deposit/html/W-Mf00420"">Lone Tree, Lone Tree mine</a>: Mine Shaft<table><tr><td>Feature group</td><td>Mine Feature</td></tr><tr><td>Location</td><td>Boulder, CO</td></tr><tr><td>Commodity</td><td>tungsten</td></tr></table>",,0,FALSE,FALSE,0,0
1549,"Lone Tree, Lone Tree deposit",tungsten,Deposit,"<a href=""https://mrdata.usgs.gov/deposit/html/W-Mo00494"">Lone Tree, Lone Tree deposit</a>: Deposit<table><tr><td>Feature group</td><td>Mineral Occurrence</td></tr><tr><td>Location</td><td>Boulder, CO</td></tr><tr><td>Commodity</td><td>tungsten</td></tr></table>",,0,FALSE,FALSE,0,0
1550,"Luckie No. 2, Luckie No. 2 mine",tungsten,Underground Workings,"<a href=""https://mrdata.usgs.gov/deposit/html/W-Mf00353"">Luckie No. 2, Luckie No. 2 mine</a>: Underground Workings<table><tr><td>Feature group</td><td>Mine Feature</td></tr><tr><td>Location</td><td>Boulder, CO</td></tr><tr><td>Commodity</td><td>tungsten</td></tr></table>",,0,FALSE,FALSE,0,0
1551,"Luckie No. 2, Luckie No. 2 deposit",tungsten,Deposit,"<a href=""https://mrdata.usgs.gov/deposit/html/W-Mo00424"">Luckie No. 2, Luckie No. 2 deposit</a>: Deposit<table><tr><td>Feature group</td><td>Mineral Occurrence</td></tr><tr><td>Location</td><td>Boulder, CO</td></tr><tr><td>Commodity</td><td>tungsten</td></tr></table>",,0,FALSE,FALSE,0,0
1552,"Clyde, Clyde mine",tungsten (1),Mine Shaft,"<a href=""https://mrdata.usgs.gov/deposit/html/W-Mf00366"">Clyde, Clyde mine</a>: Mine Shaft<table><tr><td>Feature group</td><td>Mine Feature</td></tr><tr><td>Location</td><td>Boulder, CO</td></tr><tr><td>Commodity</td><td>tungsten (1)</td></tr></table>",,0,FALSE,FALSE,0,0
1553,"Clyde, Clyde deposit",tungsten (1),Deposit,"<a href=""https://mrdata.usgs.gov/deposit/html/W-Mo00426"">Clyde, Clyde deposit</a>: Deposit<table><tr><td>Feature group</td><td>Mineral Occurrence</td></tr><tr><td>Location</td><td>Boulder, CO</td></tr><tr><td>Commodity</td><td>tungsten (1)</td></tr></table>",,0,FALSE,FALSE,0,0
1554,"April Fool-Good Friday, April Fool mine",tungsten (1),Mine Shaft,"<a href=""https://mrdata.usgs.gov/deposit/html/W-Mf00367"">April Fool-Good Friday, April Fool mine</a>: Mine Shaft<table><tr><td>Feature group</td><td>Mine Feature</td></tr><tr><td>Location</td><td>Boulder, CO</td></tr><tr><td>Commodity</td><td>tungsten (1)</td></tr></table>",,0,FALSE,FALSE,0,0
1555,"April Fool-Good Friday, April Fool deposit",tungsten (1),Deposit,"<a href=""https://mrdata.usgs.gov/deposit/html/W-Mo00428"">April Fool-Good Friday, April Fool deposit</a>: Deposit<table><tr><td>Feature group</td><td>Mineral Occurrence</td></tr><tr><td>Location</td><td>Boulder, CO</td></tr><tr><td>Commodity</td><td>tungsten (1)</td></tr></table>",,0,FALSE,FALSE,0,0
1556,"Rogers, Rogers No. 1 mine",tungsten (1),Adit,"<a href=""https://mrdata.usgs.gov/deposit/html/W-Mf00345"">Rogers, Rogers No. 1 mine</a>: Adit<table><tr><td>Feature group</td><td>Mine Feature</td></tr><tr><td>Location</td><td>Boulder, CO</td></tr><tr><td>Commodity</td><td>tungsten (1)</td></tr></table>",,0,FALSE,FALSE,0,0
1557,"Rogers, Rogers No. 1 deposit",tungsten (1),Deposit,"<a href=""https://mrdata.usgs.gov/deposit/html/W-Mo00690"">Rogers, Rogers No. 1 deposit</a>: Deposit<table><tr><td>Feature group</td><td>Mineral Occurrence</td></tr><tr><td>Location</td><td>Boulder, CO</td></tr><tr><td>Commodity</td><td>tungsten (1)</td></tr></table>",,0,FALSE,FALSE,0,0
1558,"Yellow Pine, Hangar Flats mine",antimony; gold; silver; tungsten,Open Pit Mine,"<a href=""https://mrdata.usgs.gov/deposit/html/W-Mf00331"">Yellow Pine, Hangar Flats mine</a>: Open Pit Mine<table><tr><td>Feature group</td><td>Mine Feature</td></tr><tr><td>Location</td><td>Valley, ID</td></tr><tr><td>Commodity</td><td>antimony; gold; silver; tungsten</td></tr></table>",,0,FALSE,FALSE,0,0
1559,"Yellow Pine, West End mine",gold; silver,Open Pit Mine,"<a href=""https://mrdata.usgs.gov/deposit/html/W-Mf00332"">Yellow Pine, West End mine</a>: Open Pit Mine<table><tr><td>Feature group</td><td>Mine Feature</td></tr><tr><td>Location</td><td>Valley, ID</td></tr><tr><td>Commodity</td><td>gold; silver</td></tr></table>",,0,FALSE,FALSE,0,0
1560,"Yellow Pine, Yellow Pine mine",antimony; gold; silver; tungsten,Open Pit Mine,"<a href=""https://mrdata.usgs.gov/deposit/html/W-Mf00562"">Yellow Pine, Yellow Pine mine</a>: Open Pit Mine<table><tr><td>Feature group</td><td>Mine Feature</td></tr><tr><td>Location</td><td>Valley, ID</td></tr><tr><td>Commodity</td><td>antimony; gold; silver; tungsten</td></tr></table>",,0,FALSE,FALSE,0,0
1561,"Yellow Pine, Historic tailings",antimony; gold; silver,Deposit,"<a href=""https://mrdata.usgs.gov/deposit/html/W-Mo00269"">Yellow Pine, Historic tailings</a>: Deposit<table><tr><td>Feature group</td><td>Mineral Occurrence</td></tr><tr><td>Location</td><td>Valley, ID</td></tr><tr><td>Commodity</td><td>antimony; gold; silver</td></tr></table>",,0,FALSE,FALSE,0,0
1562,"Yellow Pine, Hangar Flats deposit",antimony; gold; silver; tungsten,Deposit,"<a href=""https://mrdata.usgs.gov/deposit/html/W-Mo00299"">Yellow Pine, Hangar Flats deposit</a>: Deposit<table><tr><td>Feature group</td><td>Mineral Occurrence</td></tr><tr><td>Location</td><td>Valley, ID</td></tr><tr><td>Commodity</td><td>antimony; gold; silver; tungsten</td></tr></table>",,0,FALSE,FALSE,0,0
1563,"Yellow Pine, West End deposit",antimony; gold; silver,Deposit,"<a href=""https://mrdata.usgs.gov/deposit/html/W-Mo00304"">Yellow Pine, West End deposit</a>: Deposit<table><tr><td>Feature group</td><td>Mineral Occurrence</td></tr><tr><td>Location</td><td>Valley, ID</td></tr><tr><td>Commodity</td><td>antimony; gold; silver</td></tr></table>",,0,FALSE,FALSE,0,0
1564,"Yellow Pine, Yellow Pine deposit",antimony; gold; silver; tungsten,Deposit,"<a href=""https://mrdata.usgs.gov/deposit/html/W-Mo00765"">Yellow Pine, Yellow Pine deposit</a>: Deposit<table><tr><td>Feature group</td><td>Mineral Occurrence</td></tr><tr><td>Location</td><td>Valley, ID</td></tr><tr><td>Commodity</td><td>antimony; gold; silver; tungsten</td></tr></table>",,0,FALSE,FALSE,0,0
1565,Yellow Pine Mining District,antimony; gold; rare-earth elements (2); silver (1); tungsten,Mining District,"<a href=""https://mrdata.usgs.gov/deposit/html/W-Mr00150"">Yellow Pine Mining District</a>: Mining District<table><tr><td>Feature group</td><td>Mineral Region</td></tr><tr><td>Location</td><td>Valley, ID</td></tr><tr><td>Commodity</td><td>antimony; gold; rare-earth elements (2); silver (1); tungsten</td></tr></table>",,0,FALSE,FALSE,0,0
1566,"Thompson Creek, Thompson Creek mine",molybdenum (1),Open Pit Mine,"<a href=""https://mrdata.usgs.gov/deposit/html/W-Mf00243"">Thompson Creek, Thompson Creek mine</a>: Open Pit Mine<table><tr><td>Feature group</td><td>Mine Feature</td></tr><tr><td>Location</td><td>Custer, ID</td></tr><tr><td>Commodity</td><td>molybdenum (1)</td></tr></table>",,0,FALSE,FALSE,0,0
1567,"Thompson Creek, Tungsten Jim mine",tungsten (1),Adit,"<a href=""https://mrdata.usgs.gov/deposit/html/W-Mf00576"">Thompson Creek, Tungsten Jim mine</a>: Adit<table><tr><td>Feature group</td><td>Mine Feature</td></tr><tr><td>Location</td><td>Custer, ID</td></tr><tr><td>Commodity</td><td>tungsten (1)</td></tr></table>",,0,FALSE,FALSE,0,0
1568,"Thompson Creek, Thompson Creek deposit",molybdenum; rhenium,Deposit,"<a href=""https://mrdata.usgs.gov/deposit/html/W-Mo00266"">Thompson Creek, Thompson Creek deposit</a>: Deposit<table><tr><td>Feature group</td><td>Mineral Occurrence</td></tr><tr><td>Location</td><td>Custer, ID</td></tr><tr><td>Commodity</td><td>molybdenum; rhenium</td></tr></table>",,0,FALSE,FALSE,0,0
1569,"Thompson Creek, Tungsten Jim deposit",tungsten (1),Deposit,"<a href=""https://mrdata.usgs.gov/deposit/html/W-Mo00403"">Thompson Creek, Tungsten Jim deposit</a>: Deposit<table><tr><td>Feature group</td><td>Mineral Occurrence</td></tr><tr><td>Location</td><td>Custer, ID</td></tr><tr><td>Commodity</td><td>tungsten (1)</td></tr></table>",,0,FALSE,FALSE,0,0
1570,Blue Wing Mining District,copper (1); gold (1); lead (1); silver (1); tungsten; zinc (1),Mining District,"<a href=""https://mrdata.usgs.gov/deposit/html/W-Mr00153"">Blue Wing Mining District</a>: Mining District<table><tr><td>Feature group</td><td>Mineral Region</td></tr><tr><td>Location</td><td>Lemhi, ID</td></tr><tr><td>Commodity</td><td>copper (1); gold (1); lead (1); silver (1); tungsten; zinc (1)</td></tr></table>",,0,FALSE,FALSE,0,0
1571,Bayhorse Mining District,molybdenum (1); rhenium (1); tungsten (2),Mining District,"<a href=""https://mrdata.usgs.gov/deposit/html/W-Mr00065"">Bayhorse Mining District</a>: Mining District<table><tr><td>Feature group</td><td>Mineral Region</td></tr><tr><td>Location</td><td>Custer, ID</td></tr><tr><td>Commodity</td><td>molybdenum (1); rhenium (1); tungsten (2)</td></tr></table>",,0,FALSE,FALSE,0,0
1572,Grimes Pass Mining District,"copper (1), molybdenum (1); rhenium (1); silver; sulfur (1); tungsten (2)",Mining District,"<a href=""https://mrdata.usgs.gov/deposit/html/W-Mr00171"">Grimes Pass Mining District</a>: Mining District<table><tr><td>Feature group</td><td>Mineral Region</td></tr><tr><td>Location</td><td>Boise, ID</td></tr><tr><td>Commodity</td><td>copper (1), molybdenum (1); rhenium (1); silver; sulfur (1); tungsten (2)</td></tr></table>",,0,FALSE,FALSE,0,0
1573,"CuMo, CuMo deposit",copper; molybdenum; rhenium; silver; sulfur; tungsten (1),Deposit,"<a href=""https://mrdata.usgs.gov/deposit/html/W-Mo00509"">CuMo, CuMo deposit</a>: Deposit<table><tr><td>Feature group</td><td>Mineral Occurrence</td></tr><tr><td>Location</td><td>Boise, ID</td></tr><tr><td>Commodity</td><td>copper; molybdenum; rhenium; silver; sulfur; tungsten (1)</td></tr></table>",,0,FALSE,FALSE,0,0
1574,"Ima, Ima mine",copper (1); gold (1); lead (1); silver (1); tungsten (1); zinc (1),Adit,"<a href=""https://mrdata.usgs.gov/deposit/html/W-Mf00563"">Ima, Ima mine</a>: Adit<table><tr><td>Feature group</td><td>Mine Feature</td></tr><tr><td>Location</td><td>Lemhi, ID</td></tr><tr><td>Commodity</td><td>copper (1); gold (1); lead (1); silver (1); tungsten (1); zinc (1)</td></tr></table>",,0,FALSE,FALSE,0,0
1575,"Ima, Ima deposit",copper (1); lead (1); silver (1); tungsten (1); zinc (1),Deposit,"<a href=""https://mrdata.usgs.gov/deposit/html/W-Mo00764"">Ima, Ima deposit</a>: Deposit<table><tr><td>Feature group</td><td>Mineral Occurrence</td></tr><tr><td>Location</td><td>Lemhi, ID</td></tr><tr><td>Commodity</td><td>copper (1); lead (1); silver (1); tungsten (1); zinc (1)</td></tr></table>",,0,FALSE,FALSE,0,0
1576,Lost Creek Mining District,copper (1); gold (1); silver (1); tungsten (1),Mining District,"<a href=""https://mrdata.usgs.gov/deposit/html/W-Mr00151"">Lost Creek Mining District</a>: Mining District<table><tr><td>Feature group</td><td>Mineral Region</td></tr><tr><td>Location</td><td>Beaverhead, MT</td></tr><tr><td>Commodity</td><td>copper (1); gold (1); silver (1); tungsten (1)</td></tr></table>",,0,FALSE,FALSE,0,0
1577,Wise River Mining District,tungsten (1),Mining District,"<a href=""https://mrdata.usgs.gov/deposit/html/W-Mr00152"">Wise River Mining District</a>: Mining District<table><tr><td>Feature group</td><td>Mineral Region</td></tr><tr><td>Location</td><td>Beaverhead; Deer Lodge, MT</td></tr><tr><td>Commodity</td><td>tungsten (1)</td></tr></table>",,0,FALSE,FALSE,0,0
1578,"Brown's Lake, Brown's Lake mine",copper; gold (1); silver (1); tungsten,Open Pit Mine,"<a href=""https://mrdata.usgs.gov/deposit/html/W-Mf00567"">Brown's Lake, Brown's Lake mine</a>: Open Pit Mine<table><tr><td>Feature group</td><td>Mine Feature</td></tr><tr><td>Location</td><td>Beaverhead, MT</td></tr><tr><td>Commodity</td><td>copper; gold (1); silver (1); tungsten</td></tr></table>",,0,FALSE,FALSE,0,0
1579,"Brown's Lake, Brown's Lake deposit",tungsten,Deposit,"<a href=""https://mrdata.usgs.gov/deposit/html/W-Mo00718"">Brown's Lake, Brown's Lake deposit</a>: Deposit<table><tr><td>Feature group</td><td>Mineral Occurrence</td></tr><tr><td>Location</td><td>Beaverhead, MT</td></tr><tr><td>Commodity</td><td>tungsten</td></tr></table>",,0,FALSE,FALSE,0,0
1580,"Calvert, Calvert mine",tungsten,Open Pit Mine,"<a href=""https://mrdata.usgs.gov/deposit/html/W-Mf00568"">Calvert, Calvert mine</a>: Open Pit Mine<table><tr><td>Feature group</td><td>Mine Feature</td></tr><tr><td>Location</td><td>Beaverhead, MT</td></tr><tr><td>Commodity</td><td>tungsten</td></tr></table>",,0,FALSE,FALSE,0,0
1581,"Calvert, Calvert deposit",tungsten,Deposit,"<a href=""https://mrdata.usgs.gov/deposit/html/W-Mo00763"">Calvert, Calvert deposit</a>: Deposit<table><tr><td>Feature group</td><td>Mineral Occurrence</td></tr><tr><td>Location</td><td>Beaverhead, MT</td></tr><tr><td>Commodity</td><td>tungsten</td></tr></table>",,0,FALSE,FALSE,0,0
1582,Hamme District,tungsten (1),Mining District,"<a href=""https://mrdata.usgs.gov/deposit/html/W-Mr00134"">Hamme District</a>: Mining District<table><tr><td>Feature group</td><td>Mineral Region</td></tr><tr><td>Location</td><td>Granville; Halifax; Mecklenburg; Person; Vance, NC; VA</td></tr><tr><td>Commodity</td><td>tungsten (1)</td></tr></table>",Haliwa-Saponi SDTSA; Sappony SDTSA,2,FALSE,TRUE,1,1
1583,"Tungsten Queen, Tungsten Queen mine",tungsten (1),Underground Workings,"<a href=""https://mrdata.usgs.gov/deposit/html/W-Mf00564"">Tungsten Queen, Tungsten Queen mine</a>: Underground Workings<table><tr><td>Feature group</td><td>Mine Feature</td></tr><tr><td>Location</td><td>Vance, NC</td></tr><tr><td>Commodity</td><td>tungsten (1)</td></tr></table>",Haliwa-Saponi SDTSA; Sappony SDTSA,2,FALSE,TRUE,1,1
1584,"Tungsten Queen, Tungsten Queen tailings",tungsten,Deposit,"<a href=""https://mrdata.usgs.gov/deposit/html/W-Mo00703"">Tungsten Queen, Tungsten Queen tailings</a>: Deposit<table><tr><td>Feature group</td><td>Mineral Occurrence</td></tr><tr><td>Location</td><td>Vance, NC</td></tr><tr><td>Commodity</td><td>tungsten</td></tr></table>",Haliwa-Saponi SDTSA; Sappony SDTSA,2,FALSE,TRUE,1,1
1585,"Cunningham Hill, Cunningham Hill mine",gold,Open Pit Mine,"<a href=""https://mrdata.usgs.gov/deposit/html/W-Mf00561"">Cunningham Hill, Cunningham Hill mine</a>: Open Pit Mine<table><tr><td>Feature group</td><td>Mine Feature</td></tr><tr><td>Location</td><td>Santa Fe, NM</td></tr><tr><td>Commodity</td><td>gold</td></tr></table>",Isleta Pueblo; Jemez Pueblo; Pueblo de Cochiti; Pueblo of Pojoaque and Off-Reservation Trust Land; San Felipe Pueblo; San Felipe Pueblo/Santa Ana Pueblo joint-use area; San Felipe Pueblo/Santo Domingo Pueblo joint-use area; San Ildefonso Pueblo and Off-Reservation Trust Land; Sandia Pueblo and Off-Reservation Trust Land; Santa Ana Pueblo; Santo Domingo Pueblo; Tesuque Pueblo and Off-Reservation Trust Land; Zia Pueblo and Off-Reservation Trust Land,13,FALSE,TRUE,1,1
1586,"Cunningham Hill, Cunningham Hill deposit",gold; tungsten,Deposit,"<a href=""https://mrdata.usgs.gov/deposit/html/W-Mo00701"">Cunningham Hill, Cunningham Hill deposit</a>: Deposit<table><tr><td>Feature group</td><td>Mineral Occurrence</td></tr><tr><td>Location</td><td>Santa Fe, NM</td></tr><tr><td>Commodity</td><td>gold; tungsten</td></tr></table>",Isleta Pueblo; Jemez Pueblo; Pueblo de Cochiti; Pueblo of Pojoaque and Off-Reservation Trust Land; San Felipe Pueblo; San Felipe Pueblo/Santa Ana Pueblo joint-use area; San Felipe Pueblo/Santo Domingo Pueblo joint-use area; San Ildefonso Pueblo and Off-Reservation Trust Land; Sandia Pueblo and Off-Reservation Trust Land; Santa Ana Pueblo; Santo Domingo Pueblo; Tesuque Pueblo and Off-Reservation Trust Land; Zia Pueblo and Off-Reservation Trust Land,13,FALSE,TRUE,1,1
1587,"Victorio, Victorio deposit",beryllium (1); molybdenum; tungsten,Deposit,"<a href=""https://mrdata.usgs.gov/deposit/html/W-Mo00702"">Victorio, Victorio deposit</a>: Deposit<table><tr><td>Feature group</td><td>Mineral Occurrence</td></tr><tr><td>Location</td><td>Luna, NM</td></tr><tr><td>Commodity</td><td>beryllium (1); molybdenum; tungsten</td></tr></table>",,0,FALSE,FALSE,0,0
1588,Victorio District,beryllium; copper; gold; lead; molybdenum; silver; tungsten; zinc,Mining District,"<a href=""https://mrdata.usgs.gov/deposit/html/W-Mr00132"">Victorio District</a>: Mining District<table><tr><td>Feature group</td><td>Mineral Region</td></tr><tr><td>Location</td><td>Luna, NM</td></tr><tr><td>Commodity</td><td>beryllium; copper; gold; lead; molybdenum; silver; tungsten; zinc</td></tr></table>",,0,FALSE,FALSE,0,0
1589,Old Placers District,gold; tungsten,Mining District,"<a href=""https://mrdata.usgs.gov/deposit/html/W-Mr00133"">Old Placers District</a>: Mining District<table><tr><td>Feature group</td><td>Mineral Region</td></tr><tr><td>Location</td><td>Santa Fe, NM</td></tr><tr><td>Commodity</td><td>gold; tungsten</td></tr></table>",Isleta Pueblo; Jemez Pueblo; Pueblo de Cochiti; Pueblo of Pojoaque and Off-Reservation Trust Land; San Felipe Pueblo; San Felipe Pueblo/Santa Ana Pueblo joint-use area; San Felipe Pueblo/Santo Domingo Pueblo joint-use area; San Ildefonso Pueblo and Off-Reservation Trust Land; Sandia Pueblo and Off-Reservation Trust Land; Santa Ana Pueblo; Santo Domingo Pueblo; Tesuque Pueblo and Off-Reservation Trust Land; Zia Pueblo and Off-Reservation Trust Land,13,FALSE,TRUE,1,1
1590,"Golconda, Golconda mine",iron (1); manganese (1); silica (1); tungsten (1),Open Pit Mine,"<a href=""https://mrdata.usgs.gov/deposit/html/W-Mf00466"">Golconda, Golconda mine</a>: Open Pit Mine<table><tr><td>Feature group</td><td>Mine Feature</td></tr><tr><td>Location</td><td>Humboldt, NV</td></tr><tr><td>Commodity</td><td>iron (1); manganese (1); silica (1); tungsten (1)</td></tr></table>",Battle Mountain Reservation and Off-Reservation Trust Land; Winnemucca Indian Colony,2,FALSE,TRUE,1,1
1591,"Golconda, Golconda deposit",iron (1); manganese (1); silica (1); tungsten (1),Deposit,"<a href=""https://mrdata.usgs.gov/deposit/html/W-Mo00347"">Golconda, Golconda deposit</a>: Deposit<table><tr><td>Feature group</td><td>Mineral Occurrence</td></tr><tr><td>Location</td><td>Humboldt, NV</td></tr><tr><td>Commodity</td><td>iron (1); manganese (1); silica (1); tungsten (1)</td></tr></table>",Battle Mountain Reservation and Off-Reservation Trust Land; Winnemucca Indian Colony,2,FALSE,TRUE,1,1
1592,Lodi Mining District,tungsten,Mining District,"<a href=""https://mrdata.usgs.gov/deposit/html/W-Mr00120"">Lodi Mining District</a>: Mining District<table><tr><td>Feature group</td><td>Mineral Region</td></tr><tr><td>Location</td><td>Nye, NV</td></tr><tr><td>Commodity</td><td>tungsten</td></tr></table>",Walker River Reservation; Yomba Reservation,2,FALSE,TRUE,1,1
1593,"Victory, Victory mine",tungsten (1),Adit,"<a href=""https://mrdata.usgs.gov/deposit/html/W-Mf00286"">Victory, Victory mine</a>: Adit<table><tr><td>Feature group</td><td>Mine Feature</td></tr><tr><td>Location</td><td>Nye, NV</td></tr><tr><td>Commodity</td><td>tungsten (1)</td></tr></table>",Walker River Reservation; Yomba Reservation,2,FALSE,TRUE,1,1
1594,"Victory, Victory deposit",tungsten (1),Deposit,"<a href=""https://mrdata.usgs.gov/deposit/html/W-Mo00361"">Victory, Victory deposit</a>: Deposit<table><tr><td>Feature group</td><td>Mineral Occurrence</td></tr><tr><td>Location</td><td>Nye, NV</td></tr><tr><td>Commodity</td><td>tungsten (1)</td></tr></table>",Walker River Reservation; Yomba Reservation,2,FALSE,TRUE,1,1
1595,"Silver Dyke, Silver Dyke mine",tungsten (1),Mine Shaft,"<a href=""https://mrdata.usgs.gov/deposit/html/W-Mf00467"">Silver Dyke, Silver Dyke mine</a>: Mine Shaft<table><tr><td>Feature group</td><td>Mine Feature</td></tr><tr><td>Location</td><td>Mineral, NV</td></tr><tr><td>Commodity</td><td>tungsten (1)</td></tr></table>",,0,FALSE,FALSE,0,0
1596,"Silver Dyke, Silver Dyke deposit",tungsten (1),Deposit,"<a href=""https://mrdata.usgs.gov/deposit/html/W-Mo00526"">Silver Dyke, Silver Dyke deposit</a>: Deposit<table><tr><td>Feature group</td><td>Mineral Occurrence</td></tr><tr><td>Location</td><td>Mineral, NV</td></tr><tr><td>Commodity</td><td>tungsten (1)</td></tr></table>",,0,FALSE,FALSE,0,0
1597,Silver Star Mining District,tungsten,Mining District,"<a href=""https://mrdata.usgs.gov/deposit/html/W-Mr00121"">Silver Star Mining District</a>: Mining District<table><tr><td>Feature group</td><td>Mineral Region</td></tr><tr><td>Location</td><td>Mineral, NV</td></tr><tr><td>Commodity</td><td>tungsten</td></tr></table>",,0,FALSE,FALSE,0,0
1598,"Pilot Mountain, Desert Scheelite mine",tungsten,Mine Shaft,"<a href=""https://mrdata.usgs.gov/deposit/html/W-Mf00468"">Pilot Mountain, Desert Scheelite mine</a>: Mine Shaft<table><tr><td>Feature group</td><td>Mine Feature</td></tr><tr><td>Location</td><td>Mineral, NV</td></tr><tr><td>Commodity</td><td>tungsten</td></tr></table>",,0,FALSE,FALSE,0,0
1599,"Pilot Mountain, Garnet mine",tungsten,Open Pit Mine,"<a href=""https://mrdata.usgs.gov/deposit/html/W-Mf00469"">Pilot Mountain, Garnet mine</a>: Open Pit Mine<table><tr><td>Feature group</td><td>Mine Feature</td></tr><tr><td>Location</td><td>Mineral, NV</td></tr><tr><td>Commodity</td><td>tungsten</td></tr></table>",,0,FALSE,FALSE,0,0
1600,"Pilot Mountain, Gunmetal mine",tungsten (1),Open Pit Mine,"<a href=""https://mrdata.usgs.gov/deposit/html/W-Mf00470"">Pilot Mountain, Gunmetal mine</a>: Open Pit Mine<table><tr><td>Feature group</td><td>Mine Feature</td></tr><tr><td>Location</td><td>Mineral, NV</td></tr><tr><td>Commodity</td><td>tungsten (1)</td></tr></table>",,0,FALSE,FALSE,0,0
1601,"Pilot Mountain, Desert Scheelite deposit",copper (1); silver (1); tungsten (1); zinc (1),Deposit,"<a href=""https://mrdata.usgs.gov/deposit/html/W-Mo00531"">Pilot Mountain, Desert Scheelite deposit</a>: Deposit<table><tr><td>Feature group</td><td>Mineral Occurrence</td></tr><tr><td>Location</td><td>Mineral, NV</td></tr><tr><td>Commodity</td><td>copper (1); silver (1); tungsten (1); zinc (1)</td></tr></table>",,0,FALSE,FALSE,0,0
1602,"Pilot Mountain, Garnet deposit",tungsten,Deposit,"<a href=""https://mrdata.usgs.gov/deposit/html/W-Mo00562"">Pilot Mountain, Garnet deposit</a>: Deposit<table><tr><td>Feature group</td><td>Mineral Occurrence</td></tr><tr><td>Location</td><td>Mineral, NV</td></tr><tr><td>Commodity</td><td>tungsten</td></tr></table>",,0,FALSE,FALSE,0,0
1603,"Pilot Mountain, Gunmetal deposit",tungsten (1),Deposit,"<a href=""https://mrdata.usgs.gov/deposit/html/W-Mo00563"">Pilot Mountain, Gunmetal deposit</a>: Deposit<table><tr><td>Feature group</td><td>Mineral Occurrence</td></tr><tr><td>Location</td><td>Mineral, NV</td></tr><tr><td>Commodity</td><td>tungsten (1)</td></tr></table>",,0,FALSE,FALSE,0,0
1604,Pilot Mountains Mining District,copper; silver; tungsten; zinc,Mining District,"<a href=""https://mrdata.usgs.gov/deposit/html/W-Mr00122"">Pilot Mountains Mining District</a>: Mining District<table><tr><td>Feature group</td><td>Mineral Region</td></tr><tr><td>Location</td><td>Mineral, NV</td></tr><tr><td>Commodity</td><td>copper; silver; tungsten; zinc</td></tr></table>",,0,FALSE,FALSE,0,0
1605,"Mt. Hamilton, Seligman mine",gold; silver,Open Pit Mine,"<a href=""https://mrdata.usgs.gov/deposit/html/W-Mf00267"">Mt. Hamilton, Seligman mine</a>: Open Pit Mine<table><tr><td>Feature group</td><td>Mine Feature</td></tr><tr><td>Location</td><td>White Pine, NV</td></tr><tr><td>Commodity</td><td>gold; silver</td></tr></table>",Duckwater Reservation; Ely Reservation,2,FALSE,TRUE,1,1
1606,"Mt. Hamilton, Monte Cristo mine",tungsten,Open Pit Mine,"<a href=""https://mrdata.usgs.gov/deposit/html/W-Mf00472"">Mt. Hamilton, Monte Cristo mine</a>: Open Pit Mine<table><tr><td>Feature group</td><td>Mine Feature</td></tr><tr><td>Location</td><td>White Pine, NV</td></tr><tr><td>Commodity</td><td>tungsten</td></tr></table>",Duckwater Reservation; Ely Reservation,2,FALSE,TRUE,1,1
1607,"Mt. Hamilton, Mt. Hamilton deposit",copper; gold; molybdenum; silver; tungsten,Deposit,"<a href=""https://mrdata.usgs.gov/deposit/html/W-Mo00564"">Mt. Hamilton, Mt. Hamilton deposit</a>: Deposit<table><tr><td>Feature group</td><td>Mineral Occurrence</td></tr><tr><td>Location</td><td>White Pine, NV</td></tr><tr><td>Commodity</td><td>copper; gold; molybdenum; silver; tungsten</td></tr></table>",Duckwater Reservation; Ely Reservation,2,FALSE,TRUE,1,1
1608,"Indian Springs, Indian Springs mine",tungsten (1),Underground Workings,"<a href=""https://mrdata.usgs.gov/deposit/html/W-Mf00471"">Indian Springs, Indian Springs mine</a>: Underground Workings<table><tr><td>Feature group</td><td>Mine Feature</td></tr><tr><td>Location</td><td>Elko, NV</td></tr><tr><td>Commodity</td><td>tungsten (1)</td></tr></table>",,0,FALSE,FALSE,0,0
1609,"Indian Springs, Indian Springs deposit",tungsten,Deposit,"<a href=""https://mrdata.usgs.gov/deposit/html/W-Mo00548"">Indian Springs, Indian Springs deposit</a>: Deposit<table><tr><td>Feature group</td><td>Mineral Occurrence</td></tr><tr><td>Location</td><td>Elko, NV</td></tr><tr><td>Commodity</td><td>tungsten</td></tr></table>",,0,FALSE,FALSE,0,0
1610,White Pine Mining District,copper; gold; molybdenum; silver; tungsten,Mining District,"<a href=""https://mrdata.usgs.gov/deposit/html/W-Mr00124"">White Pine Mining District</a>: Mining District<table><tr><td>Feature group</td><td>Mineral Region</td></tr><tr><td>Location</td><td>White Pine, NV</td></tr><tr><td>Commodity</td><td>copper; gold; molybdenum; silver; tungsten</td></tr></table>",Duckwater Reservation; Ely Reservation,2,FALSE,TRUE,1,1
1611,Delano Mining District,tungsten,Mining District,"<a href=""https://mrdata.usgs.gov/deposit/html/W-Mr00123"">Delano Mining District</a>: Mining District<table><tr><td>Feature group</td><td>Mineral Region</td></tr><tr><td>Location</td><td>Elko, NV</td></tr><tr><td>Commodity</td><td>tungsten</td></tr></table>",,0,FALSE,FALSE,0,0
1612,Tem Piute Mining District,tungsten,Mining District,"<a href=""https://mrdata.usgs.gov/deposit/html/W-Mr00115"">Tem Piute Mining District</a>: Mining District<table><tr><td>Feature group</td><td>Mineral Region</td></tr><tr><td>Location</td><td>Lincoln, NV</td></tr><tr><td>Commodity</td><td>tungsten</td></tr></table>",,0,FALSE,FALSE,0,0
1613,"Emerson, Emerson mine",tungsten (1),Mine Shaft,"<a href=""https://mrdata.usgs.gov/deposit/html/W-Mf00421"">Emerson, Emerson mine</a>: Mine Shaft<table><tr><td>Feature group</td><td>Mine Feature</td></tr><tr><td>Location</td><td>Lincoln, NV</td></tr><tr><td>Commodity</td><td>tungsten (1)</td></tr></table>",,0,FALSE,FALSE,0,0
1614,"Emerson, Emerson deposit",tungsten (1),Deposit,"<a href=""https://mrdata.usgs.gov/deposit/html/W-Mo00457"">Emerson, Emerson deposit</a>: Deposit<table><tr><td>Feature group</td><td>Mineral Occurrence</td></tr><tr><td>Location</td><td>Lincoln, NV</td></tr><tr><td>Commodity</td><td>tungsten (1)</td></tr></table>",,0,FALSE,FALSE,0,0
1615,Potosi Mining District,tungsten,Mining District,"<a href=""https://mrdata.usgs.gov/deposit/html/W-Mr00035"">Potosi Mining District</a>: Mining District<table><tr><td>Feature group</td><td>Mineral Region</td></tr><tr><td>Location</td><td>Humboldt, NV</td></tr><tr><td>Commodity</td><td>tungsten</td></tr></table>",Winnemucca Indian Colony,1,FALSE,TRUE,1,0
1616,"Riley, Riley mine",tungsten (1),Mine Shaft,"<a href=""https://mrdata.usgs.gov/deposit/html/W-Mf00422"">Riley, Riley mine</a>: Mine Shaft<table><tr><td>Feature group</td><td>Mine Feature</td></tr><tr><td>Location</td><td>Humboldt, NV</td></tr><tr><td>Commodity</td><td>tungsten (1)</td></tr></table>",Winnemucca Indian Colony,1,FALSE,TRUE,1,0
1617,"Riley, Riley Extension mine",tungsten (1),Open Pit Mine,"<a href=""https://mrdata.usgs.gov/deposit/html/W-Mf00446"">Riley, Riley Extension mine</a>: Open Pit Mine<table><tr><td>Feature group</td><td>Mine Feature</td></tr><tr><td>Location</td><td>Humboldt, NV</td></tr><tr><td>Commodity</td><td>tungsten (1)</td></tr></table>",Winnemucca Indian Colony,1,FALSE,TRUE,1,0
1618,"Riley, Riley deposit",tungsten (1),Deposit,"<a href=""https://mrdata.usgs.gov/deposit/html/W-Mo00458"">Riley, Riley deposit</a>: Deposit<table><tr><td>Feature group</td><td>Mineral Occurrence</td></tr><tr><td>Location</td><td>Humboldt, NV</td></tr><tr><td>Commodity</td><td>tungsten (1)</td></tr></table>",Winnemucca Indian Colony,1,FALSE,TRUE,1,0
1619,"Riley, Riley Extension deposit",tungsten (1),Deposit,"<a href=""https://mrdata.usgs.gov/deposit/html/W-Mo00553"">Riley, Riley Extension deposit</a>: Deposit<table><tr><td>Feature group</td><td>Mineral Occurrence</td></tr><tr><td>Location</td><td>Humboldt, NV</td></tr><tr><td>Commodity</td><td>tungsten (1)</td></tr></table>",Winnemucca Indian Colony,1,FALSE,TRUE,1,0
1620,Mill City Mining District,tungsten,Mining District,"<a href=""https://mrdata.usgs.gov/deposit/html/W-Mr00079"">Mill City Mining District</a>: Mining District<table><tr><td>Feature group</td><td>Mineral Region</td></tr><tr><td>Location</td><td>Humboldt; Pershing, NV</td></tr><tr><td>Commodity</td><td>tungsten</td></tr></table>",Winnemucca Indian Colony,1,FALSE,TRUE,1,0
1621,"Springer, Springer mine",tungsten (1),Mine Shaft,"<a href=""https://mrdata.usgs.gov/deposit/html/W-Mf00483"">Springer, Springer mine</a>: Mine Shaft<table><tr><td>Feature group</td><td>Mine Feature</td></tr><tr><td>Location</td><td>Pershing, NV</td></tr><tr><td>Commodity</td><td>tungsten (1)</td></tr></table>",Winnemucca Indian Colony,1,FALSE,TRUE,1,0
1622,"Springer, Sutton deposit",tungsten (1),Deposit,"<a href=""https://mrdata.usgs.gov/deposit/html/W-Mo00415"">Springer, Sutton deposit</a>: Deposit<table><tr><td>Feature group</td><td>Mineral Occurrence</td></tr><tr><td>Location</td><td>Pershing, NV</td></tr><tr><td>Commodity</td><td>tungsten (1)</td></tr></table>",Winnemucca Indian Colony,1,FALSE,TRUE,1,0
1623,"Springer, George deposit",tungsten,Deposit,"<a href=""https://mrdata.usgs.gov/deposit/html/W-Mo00416"">Springer, George deposit</a>: Deposit<table><tr><td>Feature group</td><td>Mineral Occurrence</td></tr><tr><td>Location</td><td>Pershing, NV</td></tr><tr><td>Commodity</td><td>tungsten</td></tr></table>",Winnemucca Indian Colony,1,FALSE,TRUE,1,0
1624,"Springer, O'Byrne deposit",tungsten,Deposit,"<a href=""https://mrdata.usgs.gov/deposit/html/W-Mo00417"">Springer, O'Byrne deposit</a>: Deposit<table><tr><td>Feature group</td><td>Mineral Occurrence</td></tr><tr><td>Location</td><td>Pershing, NV</td></tr><tr><td>Commodity</td><td>tungsten</td></tr></table>",Winnemucca Indian Colony,1,FALSE,TRUE,1,0
1625,"Pacific, Pacific mine",tungsten (1),Open Pit Mine,"<a href=""https://mrdata.usgs.gov/deposit/html/W-Mf00447"">Pacific, Pacific mine</a>: Open Pit Mine<table><tr><td>Feature group</td><td>Mine Feature</td></tr><tr><td>Location</td><td>Humboldt, NV</td></tr><tr><td>Commodity</td><td>tungsten (1)</td></tr></table>",Winnemucca Indian Colony,1,FALSE,TRUE,1,0
1626,"Pacific, Pacific deposit",tungsten (1),Deposit,"<a href=""https://mrdata.usgs.gov/deposit/html/W-Mo00433"">Pacific, Pacific deposit</a>: Deposit<table><tr><td>Feature group</td><td>Mineral Occurrence</td></tr><tr><td>Location</td><td>Humboldt, NV</td></tr><tr><td>Commodity</td><td>tungsten (1)</td></tr></table>",Winnemucca Indian Colony,1,FALSE,TRUE,1,0
1627,"Granite Creek, Granite Creek mine",tungsten (1),Underground Workings,"<a href=""https://mrdata.usgs.gov/deposit/html/W-Mf00448"">Granite Creek, Granite Creek mine</a>: Underground Workings<table><tr><td>Feature group</td><td>Mine Feature</td></tr><tr><td>Location</td><td>Humboldt, NV</td></tr><tr><td>Commodity</td><td>tungsten (1)</td></tr></table>",Winnemucca Indian Colony,1,FALSE,TRUE,1,0
1628,"Granite Creek, Granite Creek deposit",tungsten (1),Deposit,"<a href=""https://mrdata.usgs.gov/deposit/html/W-Mo00769"">Granite Creek, Granite Creek deposit</a>: Deposit<table><tr><td>Feature group</td><td>Mineral Occurrence</td></tr><tr><td>Location</td><td>Humboldt, NV</td></tr><tr><td>Commodity</td><td>tungsten (1)</td></tr></table>",Winnemucca Indian Colony,1,FALSE,TRUE,1,0
1629,"Valley View, Valley View mine",tungsten (1),Open Pit Mine,"<a href=""https://mrdata.usgs.gov/deposit/html/W-Mf00449"">Valley View, Valley View mine</a>: Open Pit Mine<table><tr><td>Feature group</td><td>Mine Feature</td></tr><tr><td>Location</td><td>Humboldt, NV</td></tr><tr><td>Commodity</td><td>tungsten (1)</td></tr></table>",Winnemucca Indian Colony,1,FALSE,TRUE,1,0
1630,"Valley View, Valley View deposit",tungsten (1),Deposit,"<a href=""https://mrdata.usgs.gov/deposit/html/W-Mo00235"">Valley View, Valley View deposit</a>: Deposit<table><tr><td>Feature group</td><td>Mineral Occurrence</td></tr><tr><td>Location</td><td>Humboldt, NV</td></tr><tr><td>Commodity</td><td>tungsten (1)</td></tr></table>",Winnemucca Indian Colony,1,FALSE,TRUE,1,0
1631,"Markus, Markus mine",tungsten (1),Open Pit Mine,"<a href=""https://mrdata.usgs.gov/deposit/html/W-Mf00455"">Markus, Markus mine</a>: Open Pit Mine<table><tr><td>Feature group</td><td>Mine Feature</td></tr><tr><td>Location</td><td>Humboldt, NV</td></tr><tr><td>Commodity</td><td>tungsten (1)</td></tr></table>",Winnemucca Indian Colony,1,FALSE,TRUE,1,0
1632,"Markus, Markus deposit",tungsten (1),Deposit,"<a href=""https://mrdata.usgs.gov/deposit/html/W-Mo00283"">Markus, Markus deposit</a>: Deposit<table><tr><td>Feature group</td><td>Mineral Occurrence</td></tr><tr><td>Location</td><td>Humboldt, NV</td></tr><tr><td>Commodity</td><td>tungsten (1)</td></tr></table>",Winnemucca Indian Colony,1,FALSE,TRUE,1,0
1633,"Scheelite Chief, Scheelite Chief mine",tungsten (1),Adit,"<a href=""https://mrdata.usgs.gov/deposit/html/W-Mf00461"">Scheelite Chief, Scheelite Chief mine</a>: Adit<table><tr><td>Feature group</td><td>Mine Feature</td></tr><tr><td>Location</td><td>White Pine, NV</td></tr><tr><td>Commodity</td><td>tungsten (1)</td></tr></table>",,0,FALSE,FALSE,0,0
1634,"Scheelite Chief, Scheelite Chief deposit",tungsten (1),Deposit,"<a href=""https://mrdata.usgs.gov/deposit/html/W-Mo00331"">Scheelite Chief, Scheelite Chief deposit</a>: Deposit<table><tr><td>Feature group</td><td>Mineral Occurrence</td></tr><tr><td>Location</td><td>White Pine, NV</td></tr><tr><td>Commodity</td><td>tungsten (1)</td></tr></table>",,0,FALSE,FALSE,0,0
1635,Shoshone Mining District,tungsten,Mining District,"<a href=""https://mrdata.usgs.gov/deposit/html/W-Mr00116"">Shoshone Mining District</a>: Mining District<table><tr><td>Feature group</td><td>Mineral Region</td></tr><tr><td>Location</td><td>White Pine, NV</td></tr><tr><td>Commodity</td><td>tungsten</td></tr></table>",,0,FALSE,FALSE,0,0
1636,"Nevada Scheelite, Nevada Scheelite mine",tungsten (1),Underground Workings,"<a href=""https://mrdata.usgs.gov/deposit/html/W-Mf00462"">Nevada Scheelite, Nevada Scheelite mine</a>: Underground Workings<table><tr><td>Feature group</td><td>Mine Feature</td></tr><tr><td>Location</td><td>Mineral, NV</td></tr><tr><td>Commodity</td><td>tungsten (1)</td></tr></table>",Walker River Reservation,1,FALSE,TRUE,1,0
1637,"Nevada Scheelite, Nevada Scheelite deposit",tungsten (1),Deposit,"<a href=""https://mrdata.usgs.gov/deposit/html/W-Mo00345"">Nevada Scheelite, Nevada Scheelite deposit</a>: Deposit<table><tr><td>Feature group</td><td>Mineral Occurrence</td></tr><tr><td>Location</td><td>Mineral, NV</td></tr><tr><td>Commodity</td><td>tungsten (1)</td></tr></table>",Walker River Reservation,1,FALSE,TRUE,1,0
1638,Leonard Mining District,tungsten,Mining District,"<a href=""https://mrdata.usgs.gov/deposit/html/W-Mr00117"">Leonard Mining District</a>: Mining District<table><tr><td>Feature group</td><td>Mineral Region</td></tr><tr><td>Location</td><td>Mineral, NV</td></tr><tr><td>Commodity</td><td>tungsten</td></tr></table>",Walker River Reservation,1,FALSE,TRUE,1,0
1639,"M.G.L., M.G.L. mine",tungsten (1),Mine Shaft,"<a href=""https://mrdata.usgs.gov/deposit/html/W-Mf00463"">M.G.L., M.G.L. mine</a>: Mine Shaft<table><tr><td>Feature group</td><td>Mine Feature</td></tr><tr><td>Location</td><td>Pershing, NV</td></tr><tr><td>Commodity</td><td>tungsten (1)</td></tr></table>",Fallon Paiute-Shoshone Colony and Off-Reservation Trust Land; Pyramid Lake Paiute Reservation; Reno-Sparks Indian Colony and Off-Reservation Trust Land,3,FALSE,TRUE,1,1
1640,"M.G.L., M.G.L. deposit",tungsten (1),Deposit,"<a href=""https://mrdata.usgs.gov/deposit/html/W-Mo00525"">M.G.L., M.G.L. deposit</a>: Deposit<table><tr><td>Feature group</td><td>Mineral Occurrence</td></tr><tr><td>Location</td><td>Pershing, NV</td></tr><tr><td>Commodity</td><td>tungsten (1)</td></tr></table>",Fallon Paiute-Shoshone Colony and Off-Reservation Trust Land; Pyramid Lake Paiute Reservation; Reno-Sparks Indian Colony and Off-Reservation Trust Land,3,FALSE,TRUE,1,1
1641,Nightingale Mining District,tungsten,Mining District,"<a href=""https://mrdata.usgs.gov/deposit/html/W-Mr00119"">Nightingale Mining District</a>: Mining District<table><tr><td>Feature group</td><td>Mineral Region</td></tr><tr><td>Location</td><td>Churchill; Pershing; Washoe, NV</td></tr><tr><td>Commodity</td><td>tungsten</td></tr></table>",Fallon Paiute-Shoshone Colony and Off-Reservation Trust Land; Pyramid Lake Paiute Reservation; Reno-Sparks Indian Colony and Off-Reservation Trust Land,3,FALSE,TRUE,1,1
1642,"Nightingale, Nightingale mine",tungsten (1),Mine Shaft,"<a href=""https://mrdata.usgs.gov/deposit/html/W-Mf00464"">Nightingale, Nightingale mine</a>: Mine Shaft<table><tr><td>Feature group</td><td>Mine Feature</td></tr><tr><td>Location</td><td>Pershing, NV</td></tr><tr><td>Commodity</td><td>tungsten (1)</td></tr></table>",Fallon Paiute-Shoshone Colony and Off-Reservation Trust Land; Pyramid Lake Paiute Reservation; Reno-Sparks Indian Colony and Off-Reservation Trust Land,3,FALSE,TRUE,1,1
1643,"Nightingale, Nightingale deposit",tungsten (1),Deposit,"<a href=""https://mrdata.usgs.gov/deposit/html/W-Mo00516"">Nightingale, Nightingale deposit</a>: Deposit<table><tr><td>Feature group</td><td>Mineral Occurrence</td></tr><tr><td>Location</td><td>Pershing, NV</td></tr><tr><td>Commodity</td><td>tungsten (1)</td></tr></table>",Fallon Paiute-Shoshone Colony and Off-Reservation Trust Land; Pyramid Lake Paiute Reservation; Reno-Sparks Indian Colony and Off-Reservation Trust Land,3,FALSE,TRUE,1,1
1644,Golconda Mining District,"iron; manganese; silica, tungsten",Mining District,"<a href=""https://mrdata.usgs.gov/deposit/html/W-Mr00078"">Golconda Mining District</a>: Mining District<table><tr><td>Feature group</td><td>Mineral Region</td></tr><tr><td>Location</td><td>Humboldt, NV</td></tr><tr><td>Commodity</td><td>iron; manganese; silica, tungsten</td></tr></table>",Battle Mountain Reservation and Off-Reservation Trust Land; Winnemucca Indian Colony,2,FALSE,TRUE,1,1
1645,Cave Peak mining area,copper (1); molybdenum; niobium (1); tungsten,Area,"<a href=""https://mrdata.usgs.gov/deposit/html/W-Mr00177"">Cave Peak mining area</a>: Area<table><tr><td>Feature group</td><td>Mineral Region</td></tr><tr><td>Location</td><td>Culberson, TX</td></tr><tr><td>Commodity</td><td>copper (1); molybdenum; niobium (1); tungsten</td></tr></table>",,0,FALSE,FALSE,0,0
1646,"Cave Peak, Main Pipe",copper; molybdenum; niobium; tungsten,Deposit,"<a href=""https://mrdata.usgs.gov/deposit/html/W-Mo00723"">Cave Peak, Main Pipe</a>: Deposit<table><tr><td>Feature group</td><td>Mineral Occurrence</td></tr><tr><td>Location</td><td>Culberson, TX</td></tr><tr><td>Commodity</td><td>copper; molybdenum; niobium; tungsten</td></tr></table>",,0,FALSE,FALSE,0,0
1647,Notch Peak District,tungsten,Mining District,"<a href=""https://mrdata.usgs.gov/deposit/html/W-Mr00138"">Notch Peak District</a>: Mining District<table><tr><td>Feature group</td><td>Mineral Region</td></tr><tr><td>Location</td><td>Millard, UT</td></tr><tr><td>Commodity</td><td>tungsten</td></tr></table>",,0,FALSE,FALSE,0,0
1648,"Germania, Germania mine",tungsten (1),Underground Workings,"<a href=""https://mrdata.usgs.gov/deposit/html/W-Mf00559"">Germania, Germania mine</a>: Underground Workings<table><tr><td>Feature group</td><td>Mine Feature</td></tr><tr><td>Location</td><td>Stevens, WA</td></tr><tr><td>Commodity</td><td>tungsten (1)</td></tr></table>",Colville Reservation and Off-Reservation Trust Land; Kalispel Reservation and Off-Reservation Trust Land; Spokane Reservation and Off-Reservation Trust Land,3,FALSE,TRUE,1,1
1649,"Germania, Germania deposit",tungsten (1),Deposit,"<a href=""https://mrdata.usgs.gov/deposit/html/W-Mo00766"">Germania, Germania deposit</a>: Deposit<table><tr><td>Feature group</td><td>Mineral Occurrence</td></tr><tr><td>Location</td><td>Stevens, WA</td></tr><tr><td>Commodity</td><td>tungsten (1)</td></tr></table>",Colville Reservation and Off-Reservation Trust Land; Kalispel Reservation and Off-Reservation Trust Land; Spokane Reservation and Off-Reservation Trust Land,3,FALSE,TRUE,1,1
1650,Cedar Canyon Mining District,tungsten (1),Mining District,"<a href=""https://mrdata.usgs.gov/deposit/html/W-Mr00149"">Cedar Canyon Mining District</a>: Mining District<table><tr><td>Feature group</td><td>Mineral Region</td></tr><tr><td>Location</td><td>Stevens, WA</td></tr><tr><td>Commodity</td><td>tungsten (1)</td></tr></table>",Colville Reservation and Off-Reservation Trust Land; Spokane Reservation and Off-Reservation Trust Land,2,FALSE,TRUE,1,1
1651,Ketchikan District,beryllium (1); hafnium (2); niobium (1); rare-earth elements (1); tantalum (1); thorium (1); titanium (2); uranium (1); vanadium (2); yttrium (1); zirconium (1),Mining District,"<a href=""https://mrdata.usgs.gov/deposit/html/Nb-Mr00012"">Ketchikan District</a>: Mining District<table><tr><td>Feature group</td><td>Mineral Region</td></tr><tr><td>Location</td><td>Ketchikan Gateway; Prince of Wales-Hyder; Wrangell, AK</td></tr><tr><td>Commodity</td><td>beryllium (1); hafnium (2); niobium (1); rare-earth elements (1); tantalum (1); thorium (1); titanium (2); uranium (1); vanadium (2); yttrium (1); zirconium (1)</td></tr></table>",Annette Island Reserve; Craig ANVSA; Hydaburg ANVSA; Kasaan ANVSA; Ketchikan ANVSA; Klawock ANVSA; Saxman ANVSA,7,FALSE,TRUE,1,1
1652,"Bokan Mountain, Ross-Adams mine",uranium,Open Pit Mine,"<a href=""https://mrdata.usgs.gov/deposit/html/Nb-Mf00237"">Bokan Mountain, Ross-Adams mine</a>: Open Pit Mine<table><tr><td>Feature group</td><td>Mine Feature</td></tr><tr><td>Location</td><td>Prince of Wales-Hyder, AK</td></tr><tr><td>Commodity</td><td>uranium</td></tr></table>",Annette Island Reserve; Hydaburg ANVSA,2,FALSE,TRUE,1,1
1653,"Bokan Mountain, Cheri deposit",beryllium; niobium; rare-earth elements; tantalum; thorium; uranium; yttrium; zirconium,Deposit,"<a href=""https://mrdata.usgs.gov/deposit/html/Nb-Mo00219"">Bokan Mountain, Cheri deposit</a>: Deposit<table><tr><td>Feature group</td><td>Mineral Occurrence</td></tr><tr><td>Location</td><td>Prince of Wales-Hyder, AK</td></tr><tr><td>Commodity</td><td>beryllium; niobium; rare-earth elements; tantalum; thorium; uranium; yttrium; zirconium</td></tr></table>",Annette Island Reserve,1,FALSE,TRUE,1,0
1654,"Bokan Mountain, Geiger deposit",niobium; rare-earth elements; tantalum; thorium; uranium; yttrium; zirconium,Deposit,"<a href=""https://mrdata.usgs.gov/deposit/html/Nb-Mo00244"">Bokan Mountain, Geiger deposit</a>: Deposit<table><tr><td>Feature group</td><td>Mineral Occurrence</td></tr><tr><td>Location</td><td>Prince of Wales-Hyder, AK</td></tr><tr><td>Commodity</td><td>niobium; rare-earth elements; tantalum; thorium; uranium; yttrium; zirconium</td></tr></table>",Annette Island Reserve; Hydaburg ANVSA; Ketchikan ANVSA; Saxman ANVSA,4,FALSE,TRUE,1,1
1655,"Bokan Mountain, Geoduck deposit",beryllium; niobium; rare-earth elements; thorium; uranium; yttrium; zirconium,Deposit,"<a href=""https://mrdata.usgs.gov/deposit/html/Nb-Mo00245"">Bokan Mountain, Geoduck deposit</a>: Deposit<table><tr><td>Feature group</td><td>Mineral Occurrence</td></tr><tr><td>Location</td><td>Prince of Wales-Hyder, AK</td></tr><tr><td>Commodity</td><td>beryllium; niobium; rare-earth elements; thorium; uranium; yttrium; zirconium</td></tr></table>",Annette Island Reserve,1,FALSE,TRUE,1,0
1656,"Bokan Mountain, I&L Zone",niobium; rare-earth elements; thorium; uranium; zirconium,Deposit,"<a href=""https://mrdata.usgs.gov/deposit/html/Nb-Mo00246"">Bokan Mountain, I&L Zone</a>: Deposit<table><tr><td>Feature group</td><td>Mineral Occurrence</td></tr><tr><td>Location</td><td>Prince of Wales-Hyder, AK</td></tr><tr><td>Commodity</td><td>niobium; rare-earth elements; thorium; uranium; zirconium</td></tr></table>",Annette Island Reserve; Hydaburg ANVSA,2,FALSE,TRUE,1,1
1657,"Bokan Mountain, Ross-Adams deposit",rare-earth elements; thorium; uranium; yttrium; zirconium,Deposit,"<a href=""https://mrdata.usgs.gov/deposit/html/Nb-Mo00247"">Bokan Mountain, Ross-Adams deposit</a>: Deposit<table><tr><td>Feature group</td><td>Mineral Occurrence</td></tr><tr><td>Location</td><td>Prince of Wales-Hyder, AK</td></tr><tr><td>Commodity</td><td>rare-earth elements; thorium; uranium; yttrium; zirconium</td></tr></table>",Annette Island Reserve; Hydaburg ANVSA,2,FALSE,TRUE,1,1
1658,"Bokan Mountain, Sunday Lake deposit",niobium; rare-earth elements; thorium; uranium; yttrium; zirconium,Deposit,"<a href=""https://mrdata.usgs.gov/deposit/html/Nb-Mo00248"">Bokan Mountain, Sunday Lake deposit</a>: Deposit<table><tr><td>Feature group</td><td>Mineral Occurrence</td></tr><tr><td>Location</td><td>Prince of Wales-Hyder, AK</td></tr><tr><td>Commodity</td><td>niobium; rare-earth elements; thorium; uranium; yttrium; zirconium</td></tr></table>",Annette Island Reserve; Hydaburg ANVSA; Ketchikan ANVSA,3,FALSE,TRUE,1,1
1659,"Bokan Mountain, Upper Cheri deposit",niobium; rare-earth elements; thorium; uranium; yttrium; zirconium,Deposit,"<a href=""https://mrdata.usgs.gov/deposit/html/Nb-Mo00250"">Bokan Mountain, Upper Cheri deposit</a>: Deposit<table><tr><td>Feature group</td><td>Mineral Occurrence</td></tr><tr><td>Location</td><td>Prince of Wales-Hyder, AK</td></tr><tr><td>Commodity</td><td>niobium; rare-earth elements; thorium; uranium; yttrium; zirconium</td></tr></table>",Annette Island Reserve,1,FALSE,TRUE,1,0
1660,"Bokan Mountain, Dotson Zone",beryllium; hafnium (2); niobium; rare-earth elements; thorium; titanium (2); uranium; vanadium (2); zirconium,Deposit,"<a href=""https://mrdata.usgs.gov/deposit/html/Nb-Mo00252"">Bokan Mountain, Dotson Zone</a>: Deposit<table><tr><td>Feature group</td><td>Mineral Occurrence</td></tr><tr><td>Location</td><td>Prince of Wales-Hyder, AK</td></tr><tr><td>Commodity</td><td>beryllium; hafnium (2); niobium; rare-earth elements; thorium; titanium (2); uranium; vanadium (2); zirconium</td></tr></table>",Annette Island Reserve; Hydaburg ANVSA; Ketchikan ANVSA; Saxman ANVSA,4,FALSE,TRUE,1,1
1661,"Bokan Mountain, IL&M deposit",niobium; rare-earth elements; uranium; yttrium; zirconium,Deposit,"<a href=""https://mrdata.usgs.gov/deposit/html/Nb-Mo00554"">Bokan Mountain, IL&M deposit</a>: Deposit<table><tr><td>Feature group</td><td>Mineral Occurrence</td></tr><tr><td>Location</td><td>Prince of Wales-Hyder, AK</td></tr><tr><td>Commodity</td><td>niobium; rare-earth elements; uranium; yttrium; zirconium</td></tr></table>",Annette Island Reserve; Hydaburg ANVSA,2,FALSE,TRUE,1,1
1662,Arkansas bauxite region,bauxite; niobium,Mining District,"<a href=""https://mrdata.usgs.gov/deposit/html/Nb-Mr00182"">Arkansas bauxite region</a>: Mining District<table><tr><td>Feature group</td><td>Mineral Region</td></tr><tr><td>Location</td><td>Grant; Jefferson; Lonoke; Pulaski; Saline, AR</td></tr><tr><td>Commodity</td><td>bauxite; niobium</td></tr></table>",,0,FALSE,FALSE,0,0
1663,"Iron Hill, Iron Hill pyroxenite deposit",iron (2); titanium (1); vanadium (3),Deposit,"<a href=""https://mrdata.usgs.gov/deposit/html/Nb-Mo00286"">Iron Hill, Iron Hill pyroxenite deposit</a>: Deposit<table><tr><td>Feature group</td><td>Mineral Occurrence</td></tr><tr><td>Location</td><td>Gunnison, CO</td></tr><tr><td>Commodity</td><td>iron (2); titanium (1); vanadium (3)</td></tr></table>",,0,FALSE,FALSE,0,0
1664,"Iron Hill, Iron Hill carbonatite dikes deposit",niobium (1); rare-earth elements (1); thorium (1); uranium (1),Deposit,"<a href=""https://mrdata.usgs.gov/deposit/html/Nb-Mo00852"">Iron Hill, Iron Hill carbonatite dikes deposit</a>: Deposit<table><tr><td>Feature group</td><td>Mineral Occurrence</td></tr><tr><td>Location</td><td>Gunnison, CO</td></tr><tr><td>Commodity</td><td>niobium (1); rare-earth elements (1); thorium (1); uranium (1)</td></tr></table>",,0,FALSE,FALSE,0,0
1665,"Iron Hill, Iron Hill carbonatite stock deposit",niobium (1); rare-earth elements (1); thorium (1); uranium (1),Deposit,"<a href=""https://mrdata.usgs.gov/deposit/html/Nb-Mo00853"">Iron Hill, Iron Hill carbonatite stock deposit</a>: Deposit<table><tr><td>Feature group</td><td>Mineral Occurrence</td></tr><tr><td>Location</td><td>Gunnison, CO</td></tr><tr><td>Commodity</td><td>niobium (1); rare-earth elements (1); thorium (1); uranium (1)</td></tr></table>",,0,FALSE,FALSE,0,0
1666,Powderhorn District,iron; niobium; rare-earth elements; thorium; titanium; uranium; vanadium,Mineral District,"<a href=""https://mrdata.usgs.gov/deposit/html/Nb-Mr00046"">Powderhorn District</a>: Mineral District<table><tr><td>Feature group</td><td>Mineral Region</td></tr><tr><td>Location</td><td>Gunnison; Saguache, CO</td></tr><tr><td>Commodity</td><td>iron; niobium; rare-earth elements; thorium; titanium; uranium; vanadium</td></tr></table>",,0,FALSE,FALSE,0,0
1667,Elk Creek carbonatite area,niobium; scandium (1); titanium (1),Area,"<a href=""https://mrdata.usgs.gov/deposit/html/Nb-Mr00174"">Elk Creek carbonatite area</a>: Area<table><tr><td>Feature group</td><td>Mineral Region</td></tr><tr><td>Location</td><td>Johnson; Pawnee, NE</td></tr><tr><td>Commodity</td><td>niobium; scandium (1); titanium (1)</td></tr></table>",Sac and Fox Nation Reservation and Off-Reservation Trust Land,1,FALSE,TRUE,1,0
1668,"Elk Creek, Elk Creek deposit",niobium; scandium; titanium,Deposit,"<a href=""https://mrdata.usgs.gov/deposit/html/Nb-Mo00255"">Elk Creek, Elk Creek deposit</a>: Deposit<table><tr><td>Feature group</td><td>Mineral Occurrence</td></tr><tr><td>Location</td><td>Johnson, NE</td></tr><tr><td>Commodity</td><td>niobium; scandium; titanium</td></tr></table>",Sac and Fox Nation Reservation and Off-Reservation Trust Land,1,FALSE,TRUE,1,0
1669,Sierra Blanca mining area,aluminum; beryllium; gallium; hafnium; iron; lithium; magnesium; manganese; niobium; potassium; rare-earth elements; scandium; sodium; tantalum; thorium; tin; uranium; yttrium; zirconium,Area,"<a href=""https://mrdata.usgs.gov/deposit/html/Nb-Mr00176"">Sierra Blanca mining area</a>: Area<table><tr><td>Feature group</td><td>Mineral Region</td></tr><tr><td>Location</td><td>Hudspeth, TX</td></tr><tr><td>Commodity</td><td>aluminum; beryllium; gallium; hafnium; iron; lithium; magnesium; manganese; niobium; potassium; rare-earth elements; scandium; sodium; tantalum; thorium; tin; uranium; yttrium; zirconium</td></tr></table>",,0,FALSE,FALSE,0,0
1670,Cave Peak mining area,copper (1); molybdenum; niobium (1); tungsten,Area,"<a href=""https://mrdata.usgs.gov/deposit/html/Nb-Mr00177"">Cave Peak mining area</a>: Area<table><tr><td>Feature group</td><td>Mineral Region</td></tr><tr><td>Location</td><td>Culberson, TX</td></tr><tr><td>Commodity</td><td>copper (1); molybdenum; niobium (1); tungsten</td></tr></table>",,0,FALSE,FALSE,0,0
1671,"Round Top, Round Top deposit",aluminum; beryllium; gallium; hafnium; iron; lithium; magnesium; manganese; niobium; potassium; rare-earth elements; scandium; sodium; tantalum; thorium; tin; uranium; yttrium; zirconium,Deposit,"<a href=""https://mrdata.usgs.gov/deposit/html/Nb-Mo00233"">Round Top, Round Top deposit</a>: Deposit<table><tr><td>Feature group</td><td>Mineral Occurrence</td></tr><tr><td>Location</td><td>Hudspeth, TX</td></tr><tr><td>Commodity</td><td>aluminum; beryllium; gallium; hafnium; iron; lithium; magnesium; manganese; niobium; potassium; rare-earth elements; scandium; sodium; tantalum; thorium; tin; uranium; yttrium; zirconium</td></tr></table>",,0,FALSE,FALSE,0,0
1672,"Cave Peak, Main pipe",copper; molybdenum; niobium; tungsten,Deposit,"<a href=""https://mrdata.usgs.gov/deposit/html/Nb-Mo00723"">Cave Peak, Main pipe</a>: Deposit<table><tr><td>Feature group</td><td>Mineral Occurrence</td></tr><tr><td>Location</td><td>Culberson, TX</td></tr><tr><td>Commodity</td><td>copper; molybdenum; niobium; tungsten</td></tr></table>",,0,FALSE,FALSE,0,0
1673,Ketchikan District,beryllium (1); hafnium (2); niobium (1); rare-earth elements (1); tantalum (1); thorium (1); titanium (2); uranium (1); vanadium (2); yttrium (1); zirconium (1),Mining District,"<a href=""https://mrdata.usgs.gov/deposit/html/Nb-Mr00012"">Ketchikan District</a>: Mining District<table><tr><td>Feature group</td><td>Mineral Region</td></tr><tr><td>Location</td><td>Ketchikan Gateway; Prince of Wales-Hyder; Wrangell, AK</td></tr><tr><td>Commodity</td><td>beryllium (1); hafnium (2); niobium (1); rare-earth elements (1); tantalum (1); thorium (1); titanium (2); uranium (1); vanadium (2); yttrium (1); zirconium (1)</td></tr></table>",Annette Island Reserve; Craig ANVSA; Hydaburg ANVSA; Kasaan ANVSA; Ketchikan ANVSA; Klawock ANVSA; Saxman ANVSA,7,FALSE,TRUE,1,1
1674,"Bokan Mountain, Ross-Adams mine",uranium,Open Pit Mine,"<a href=""https://mrdata.usgs.gov/deposit/html/Nb-Mf00237"">Bokan Mountain, Ross-Adams mine</a>: Open Pit Mine<table><tr><td>Feature group</td><td>Mine Feature</td></tr><tr><td>Location</td><td>Prince of Wales-Hyder, AK</td></tr><tr><td>Commodity</td><td>uranium</td></tr></table>",Annette Island Reserve; Hydaburg ANVSA,2,FALSE,TRUE,1,1
1675,"Bokan Mountain, Cheri deposit",beryllium; niobium; rare-earth elements; tantalum; thorium; uranium; yttrium; zirconium,Deposit,"<a href=""https://mrdata.usgs.gov/deposit/html/Nb-Mo00219"">Bokan Mountain, Cheri deposit</a>: Deposit<table><tr><td>Feature group</td><td>Mineral Occurrence</td></tr><tr><td>Location</td><td>Prince of Wales-Hyder, AK</td></tr><tr><td>Commodity</td><td>beryllium; niobium; rare-earth elements; tantalum; thorium; uranium; yttrium; zirconium</td></tr></table>",Annette Island Reserve,1,FALSE,TRUE,1,0
1676,"Bokan Mountain, Geiger deposit",niobium; rare-earth elements; tantalum; thorium; uranium; yttrium; zirconium,Deposit,"<a href=""https://mrdata.usgs.gov/deposit/html/Nb-Mo00244"">Bokan Mountain, Geiger deposit</a>: Deposit<table><tr><td>Feature group</td><td>Mineral Occurrence</td></tr><tr><td>Location</td><td>Prince of Wales-Hyder, AK</td></tr><tr><td>Commodity</td><td>niobium; rare-earth elements; tantalum; thorium; uranium; yttrium; zirconium</td></tr></table>",Annette Island Reserve; Hydaburg ANVSA; Ketchikan ANVSA; Saxman ANVSA,4,FALSE,TRUE,1,1
1677,"Bokan Mountain, Geoduck deposit",beryllium; niobium; rare-earth elements; thorium; uranium; yttrium; zirconium,Deposit,"<a href=""https://mrdata.usgs.gov/deposit/html/Nb-Mo00245"">Bokan Mountain, Geoduck deposit</a>: Deposit<table><tr><td>Feature group</td><td>Mineral Occurrence</td></tr><tr><td>Location</td><td>Prince of Wales-Hyder, AK</td></tr><tr><td>Commodity</td><td>beryllium; niobium; rare-earth elements; thorium; uranium; yttrium; zirconium</td></tr></table>",Annette Island Reserve,1,FALSE,TRUE,1,0
1678,"Bokan Mountain, I&L Zone",niobium; rare-earth elements; thorium; uranium; zirconium,Deposit,"<a href=""https://mrdata.usgs.gov/deposit/html/Nb-Mo00246"">Bokan Mountain, I&L Zone</a>: Deposit<table><tr><td>Feature group</td><td>Mineral Occurrence</td></tr><tr><td>Location</td><td>Prince of Wales-Hyder, AK</td></tr><tr><td>Commodity</td><td>niobium; rare-earth elements; thorium; uranium; zirconium</td></tr></table>",Annette Island Reserve; Hydaburg ANVSA,2,FALSE,TRUE,1,1
1679,"Bokan Mountain, Ross-Adams deposit",rare-earth elements; thorium; uranium; yttrium; zirconium,Deposit,"<a href=""https://mrdata.usgs.gov/deposit/html/Nb-Mo00247"">Bokan Mountain, Ross-Adams deposit</a>: Deposit<table><tr><td>Feature group</td><td>Mineral Occurrence</td></tr><tr><td>Location</td><td>Prince of Wales-Hyder, AK</td></tr><tr><td>Commodity</td><td>rare-earth elements; thorium; uranium; yttrium; zirconium</td></tr></table>",Annette Island Reserve; Hydaburg ANVSA,2,FALSE,TRUE,1,1
1680,"Bokan Mountain, Sunday Lake deposit",niobium; rare-earth elements; thorium; uranium; yttrium; zirconium,Deposit,"<a href=""https://mrdata.usgs.gov/deposit/html/Nb-Mo00248"">Bokan Mountain, Sunday Lake deposit</a>: Deposit<table><tr><td>Feature group</td><td>Mineral Occurrence</td></tr><tr><td>Location</td><td>Prince of Wales-Hyder, AK</td></tr><tr><td>Commodity</td><td>niobium; rare-earth elements; thorium; uranium; yttrium; zirconium</td></tr></table>",Annette Island Reserve; Hydaburg ANVSA; Ketchikan ANVSA,3,FALSE,TRUE,1,1
1681,"Bokan Mountain, Upper Cheri deposit",niobium; rare-earth elements; thorium; uranium; yttrium; zirconium,Deposit,"<a href=""https://mrdata.usgs.gov/deposit/html/Nb-Mo00250"">Bokan Mountain, Upper Cheri deposit</a>: Deposit<table><tr><td>Feature group</td><td>Mineral Occurrence</td></tr><tr><td>Location</td><td>Prince of Wales-Hyder, AK</td></tr><tr><td>Commodity</td><td>niobium; rare-earth elements; thorium; uranium; yttrium; zirconium</td></tr></table>",Annette Island Reserve,1,FALSE,TRUE,1,0
1682,"Bokan Mountain, Dotson Zone",beryllium; hafnium (2); niobium; rare-earth elements; thorium; titanium (2); uranium; vanadium (2); zirconium,Deposit,"<a href=""https://mrdata.usgs.gov/deposit/html/Nb-Mo00252"">Bokan Mountain, Dotson Zone</a>: Deposit<table><tr><td>Feature group</td><td>Mineral Occurrence</td></tr><tr><td>Location</td><td>Prince of Wales-Hyder, AK</td></tr><tr><td>Commodity</td><td>beryllium; hafnium (2); niobium; rare-earth elements; thorium; titanium (2); uranium; vanadium (2); zirconium</td></tr></table>",Annette Island Reserve; Hydaburg ANVSA; Ketchikan ANVSA; Saxman ANVSA,4,FALSE,TRUE,1,1
1683,"Bokan Mountain, IL&M deposit",niobium; rare-earth elements; uranium; yttrium; zirconium,Deposit,"<a href=""https://mrdata.usgs.gov/deposit/html/Nb-Mo00554"">Bokan Mountain, IL&M deposit</a>: Deposit<table><tr><td>Feature group</td><td>Mineral Occurrence</td></tr><tr><td>Location</td><td>Prince of Wales-Hyder, AK</td></tr><tr><td>Commodity</td><td>niobium; rare-earth elements; uranium; yttrium; zirconium</td></tr></table>",Annette Island Reserve; Hydaburg ANVSA,2,FALSE,TRUE,1,1
1684,Arkansas bauxite region,bauxite; niobium,Mining District,"<a href=""https://mrdata.usgs.gov/deposit/html/Nb-Mr00182"">Arkansas bauxite region</a>: Mining District<table><tr><td>Feature group</td><td>Mineral Region</td></tr><tr><td>Location</td><td>Grant; Jefferson; Lonoke; Pulaski; Saline, AR</td></tr><tr><td>Commodity</td><td>bauxite; niobium</td></tr></table>",,0,FALSE,FALSE,0,0
1685,"Iron Hill, Iron Hill pyroxenite deposit",iron (2); titanium (1); vanadium (3),Deposit,"<a href=""https://mrdata.usgs.gov/deposit/html/Nb-Mo00286"">Iron Hill, Iron Hill pyroxenite deposit</a>: Deposit<table><tr><td>Feature group</td><td>Mineral Occurrence</td></tr><tr><td>Location</td><td>Gunnison, CO</td></tr><tr><td>Commodity</td><td>iron (2); titanium (1); vanadium (3)</td></tr></table>",,0,FALSE,FALSE,0,0
1686,"Iron Hill, Iron Hill carbonatite dikes deposit",niobium (1); rare-earth elements (1); thorium (1); uranium (1),Deposit,"<a href=""https://mrdata.usgs.gov/deposit/html/Nb-Mo00852"">Iron Hill, Iron Hill carbonatite dikes deposit</a>: Deposit<table><tr><td>Feature group</td><td>Mineral Occurrence</td></tr><tr><td>Location</td><td>Gunnison, CO</td></tr><tr><td>Commodity</td><td>niobium (1); rare-earth elements (1); thorium (1); uranium (1)</td></tr></table>",,0,FALSE,FALSE,0,0
1687,"Iron Hill, Iron Hill carbonatite stock deposit",niobium (1); rare-earth elements (1); thorium (1); uranium (1),Deposit,"<a href=""https://mrdata.usgs.gov/deposit/html/Nb-Mo00853"">Iron Hill, Iron Hill carbonatite stock deposit</a>: Deposit<table><tr><td>Feature group</td><td>Mineral Occurrence</td></tr><tr><td>Location</td><td>Gunnison, CO</td></tr><tr><td>Commodity</td><td>niobium (1); rare-earth elements (1); thorium (1); uranium (1)</td></tr></table>",,0,FALSE,FALSE,0,0
1688,Powderhorn District,iron; niobium; rare-earth elements; thorium; titanium; uranium; vanadium,Mineral District,"<a href=""https://mrdata.usgs.gov/deposit/html/Nb-Mr00046"">Powderhorn District</a>: Mineral District<table><tr><td>Feature group</td><td>Mineral Region</td></tr><tr><td>Location</td><td>Gunnison; Saguache, CO</td></tr><tr><td>Commodity</td><td>iron; niobium; rare-earth elements; thorium; titanium; uranium; vanadium</td></tr></table>",,0,FALSE,FALSE,0,0
1689,Elk Creek carbonatite area,niobium; scandium (1); titanium (1),Area,"<a href=""https://mrdata.usgs.gov/deposit/html/Nb-Mr00174"">Elk Creek carbonatite area</a>: Area<table><tr><td>Feature group</td><td>Mineral Region</td></tr><tr><td>Location</td><td>Johnson; Pawnee, NE</td></tr><tr><td>Commodity</td><td>niobium; scandium (1); titanium (1)</td></tr></table>",Sac and Fox Nation Reservation and Off-Reservation Trust Land,1,FALSE,TRUE,1,0
1690,"Elk Creek, Elk Creek deposit",niobium; scandium; titanium,Deposit,"<a href=""https://mrdata.usgs.gov/deposit/html/Nb-Mo00255"">Elk Creek, Elk Creek deposit</a>: Deposit<table><tr><td>Feature group</td><td>Mineral Occurrence</td></tr><tr><td>Location</td><td>Johnson, NE</td></tr><tr><td>Commodity</td><td>niobium; scandium; titanium</td></tr></table>",Sac and Fox Nation Reservation and Off-Reservation Trust Land,1,FALSE,TRUE,1,0
1691,Sierra Blanca mining area,aluminum; beryllium; gallium; hafnium; iron; lithium; magnesium; manganese; niobium; potassium; rare-earth elements; scandium; sodium; tantalum; thorium; tin; uranium; yttrium; zirconium,Area,"<a href=""https://mrdata.usgs.gov/deposit/html/Nb-Mr00176"">Sierra Blanca mining area</a>: Area<table><tr><td>Feature group</td><td>Mineral Region</td></tr><tr><td>Location</td><td>Hudspeth, TX</td></tr><tr><td>Commodity</td><td>aluminum; beryllium; gallium; hafnium; iron; lithium; magnesium; manganese; niobium; potassium; rare-earth elements; scandium; sodium; tantalum; thorium; tin; uranium; yttrium; zirconium</td></tr></table>",,0,FALSE,FALSE,0,0
1692,Cave Peak mining area,copper (1); molybdenum; niobium (1); tungsten,Area,"<a href=""https://mrdata.usgs.gov/deposit/html/Nb-Mr00177"">Cave Peak mining area</a>: Area<table><tr><td>Feature group</td><td>Mineral Region</td></tr><tr><td>Location</td><td>Culberson, TX</td></tr><tr><td>Commodity</td><td>copper (1); molybdenum; niobium (1); tungsten</td></tr></table>",,0,FALSE,FALSE,0,0
1693,"Round Top, Round Top deposit",aluminum; beryllium; gallium; hafnium; iron; lithium; magnesium; manganese; niobium; potassium; rare-earth elements; scandium; sodium; tantalum; thorium; tin; uranium; yttrium; zirconium,Deposit,"<a href=""https://mrdata.usgs.gov/deposit/html/Nb-Mo00233"">Round Top, Round Top deposit</a>: Deposit<table><tr><td>Feature group</td><td>Mineral Occurrence</td></tr><tr><td>Location</td><td>Hudspeth, TX</td></tr><tr><td>Commodity</td><td>aluminum; beryllium; gallium; hafnium; iron; lithium; magnesium; manganese; niobium; potassium; rare-earth elements; scandium; sodium; tantalum; thorium; tin; uranium; yttrium; zirconium</td></tr></table>",,0,FALSE,FALSE,0,0
1694,"Cave Peak, Main pipe",copper; molybdenum; niobium; tungsten,Deposit,"<a href=""https://mrdata.usgs.gov/deposit/html/Nb-Mo00723"">Cave Peak, Main pipe</a>: Deposit<table><tr><td>Feature group</td><td>Mineral Occurrence</td></tr><tr><td>Location</td><td>Culberson, TX</td></tr><tr><td>Commodity</td><td>copper; molybdenum; niobium; tungsten</td></tr></table>",,0,FALSE,FALSE,0,0
1695,Ketchikan District,beryllium (1); hafnium (2); niobium (1); rare-earth elements (1); tantalum (1); thorium (1); titanium (2); uranium (1); vanadium (2); yttrium (1); zirconium (1),Mining District,"<a href=""https://mrdata.usgs.gov/deposit/html/Ta-Mr00012"">Ketchikan District</a>: Mining District<table><tr><td>Feature group</td><td>Mineral Region</td></tr><tr><td>Location</td><td>Ketchikan Gateway; Prince of Wales-Hyder; Wrangell, AK</td></tr><tr><td>Commodity</td><td>beryllium (1); hafnium (2); niobium (1); rare-earth elements (1); tantalum (1); thorium (1); titanium (2); uranium (1); vanadium (2); yttrium (1); zirconium (1)</td></tr></table>",Annette Island Reserve; Craig ANVSA; Hydaburg ANVSA; Kasaan ANVSA; Ketchikan ANVSA; Klawock ANVSA; Saxman ANVSA,7,FALSE,TRUE,1,1
1696,"Bokan Mountain, Ross-Adams mine",uranium,Open Pit Mine,"<a href=""https://mrdata.usgs.gov/deposit/html/Ta-Mf00237"">Bokan Mountain, Ross-Adams mine</a>: Open Pit Mine<table><tr><td>Feature group</td><td>Mine Feature</td></tr><tr><td>Location</td><td>Prince of Wales-Hyder, AK</td></tr><tr><td>Commodity</td><td>uranium</td></tr></table>",Annette Island Reserve; Hydaburg ANVSA,2,FALSE,TRUE,1,1
1697,"Bokan Mountain, Cheri deposit",beryllium; niobium; rare-earth elements; tantalum; thorium; uranium; yttrium; zirconium,Deposit,"<a href=""https://mrdata.usgs.gov/deposit/html/Ta-Mo00219"">Bokan Mountain, Cheri deposit</a>: Deposit<table><tr><td>Feature group</td><td>Mineral Occurrence</td></tr><tr><td>Location</td><td>Prince of Wales-Hyder, AK</td></tr><tr><td>Commodity</td><td>beryllium; niobium; rare-earth elements; tantalum; thorium; uranium; yttrium; zirconium</td></tr></table>",Annette Island Reserve,1,FALSE,TRUE,1,0
1698,"Bokan Mountain, Geiger deposit",niobium; rare-earth elements; tantalum; thorium; uranium; yttrium; zirconium,Deposit,"<a href=""https://mrdata.usgs.gov/deposit/html/Ta-Mo00244"">Bokan Mountain, Geiger deposit</a>: Deposit<table><tr><td>Feature group</td><td>Mineral Occurrence</td></tr><tr><td>Location</td><td>Prince of Wales-Hyder, AK</td></tr><tr><td>Commodity</td><td>niobium; rare-earth elements; tantalum; thorium; uranium; yttrium; zirconium</td></tr></table>",Annette Island Reserve; Hydaburg ANVSA; Ketchikan ANVSA; Saxman ANVSA,4,FALSE,TRUE,1,1
1699,"Bokan Mountain, Geoduck deposit",beryllium; niobium; rare-earth elements; thorium; uranium; yttrium; zirconium,Deposit,"<a href=""https://mrdata.usgs.gov/deposit/html/Ta-Mo00245"">Bokan Mountain, Geoduck deposit</a>: Deposit<table><tr><td>Feature group</td><td>Mineral Occurrence</td></tr><tr><td>Location</td><td>Prince of Wales-Hyder, AK</td></tr><tr><td>Commodity</td><td>beryllium; niobium; rare-earth elements; thorium; uranium; yttrium; zirconium</td></tr></table>",Annette Island Reserve,1,FALSE,TRUE,1,0
1700,"Bokan Mountain, I&L Zone",niobium; rare-earth elements; thorium; uranium; zirconium,Deposit,"<a href=""https://mrdata.usgs.gov/deposit/html/Ta-Mo00246"">Bokan Mountain, I&L Zone</a>: Deposit<table><tr><td>Feature group</td><td>Mineral Occurrence</td></tr><tr><td>Location</td><td>Prince of Wales-Hyder, AK</td></tr><tr><td>Commodity</td><td>niobium; rare-earth elements; thorium; uranium; zirconium</td></tr></table>",Annette Island Reserve; Hydaburg ANVSA,2,FALSE,TRUE,1,1
1701,"Bokan Mountain, Ross-Adams deposit",rare-earth elements; thorium; uranium; yttrium; zirconium,Deposit,"<a href=""https://mrdata.usgs.gov/deposit/html/Ta-Mo00247"">Bokan Mountain, Ross-Adams deposit</a>: Deposit<table><tr><td>Feature group</td><td>Mineral Occurrence</td></tr><tr><td>Location</td><td>Prince of Wales-Hyder, AK</td></tr><tr><td>Commodity</td><td>rare-earth elements; thorium; uranium; yttrium; zirconium</td></tr></table>",Annette Island Reserve; Hydaburg ANVSA,2,FALSE,TRUE,1,1
1702,"Bokan Mountain, Sunday Lake deposit",niobium; rare-earth elements; thorium; uranium; yttrium; zirconium,Deposit,"<a href=""https://mrdata.usgs.gov/deposit/html/Ta-Mo00248"">Bokan Mountain, Sunday Lake deposit</a>: Deposit<table><tr><td>Feature group</td><td>Mineral Occurrence</td></tr><tr><td>Location</td><td>Prince of Wales-Hyder, AK</td></tr><tr><td>Commodity</td><td>niobium; rare-earth elements; thorium; uranium; yttrium; zirconium</td></tr></table>",Annette Island Reserve; Hydaburg ANVSA; Ketchikan ANVSA,3,FALSE,TRUE,1,1
1703,"Bokan Mountain, Upper Cheri deposit",niobium; rare-earth elements; thorium; uranium; yttrium; zirconium,Deposit,"<a href=""https://mrdata.usgs.gov/deposit/html/Ta-Mo00250"">Bokan Mountain, Upper Cheri deposit</a>: Deposit<table><tr><td>Feature group</td><td>Mineral Occurrence</td></tr><tr><td>Location</td><td>Prince of Wales-Hyder, AK</td></tr><tr><td>Commodity</td><td>niobium; rare-earth elements; thorium; uranium; yttrium; zirconium</td></tr></table>",Annette Island Reserve,1,FALSE,TRUE,1,0
1704,"Bokan Mountain, Dotson Zone",beryllium; hafnium (2); niobium; rare-earth elements; thorium; titanium (2); uranium; vanadium (2); zirconium,Deposit,"<a href=""https://mrdata.usgs.gov/deposit/html/Ta-Mo00252"">Bokan Mountain, Dotson Zone</a>: Deposit<table><tr><td>Feature group</td><td>Mineral Occurrence</td></tr><tr><td>Location</td><td>Prince of Wales-Hyder, AK</td></tr><tr><td>Commodity</td><td>beryllium; hafnium (2); niobium; rare-earth elements; thorium; titanium (2); uranium; vanadium (2); zirconium</td></tr></table>",Annette Island Reserve; Hydaburg ANVSA; Ketchikan ANVSA; Saxman ANVSA,4,FALSE,TRUE,1,1
1705,"Bokan Mountain, IL&M deposit",niobium; rare-earth elements; uranium; yttrium; zirconium,Deposit,"<a href=""https://mrdata.usgs.gov/deposit/html/Ta-Mo00554"">Bokan Mountain, IL&M deposit</a>: Deposit<table><tr><td>Feature group</td><td>Mineral Occurrence</td></tr><tr><td>Location</td><td>Prince of Wales-Hyder, AK</td></tr><tr><td>Commodity</td><td>niobium; rare-earth elements; uranium; yttrium; zirconium</td></tr></table>",Annette Island Reserve; Hydaburg ANVSA,2,FALSE,TRUE,1,1
1706,Sierra Blanca mining area,aluminum; beryllium; gallium; hafnium; iron; lithium; magnesium; manganese; niobium; potassium; rare-earth elements; scandium; sodium; tantalum; thorium; tin; uranium; yttrium; zirconium,Area,"<a href=""https://mrdata.usgs.gov/deposit/html/Ta-Mr00176"">Sierra Blanca mining area</a>: Area<table><tr><td>Feature group</td><td>Mineral Region</td></tr><tr><td>Location</td><td>Hudspeth, TX</td></tr><tr><td>Commodity</td><td>aluminum; beryllium; gallium; hafnium; iron; lithium; magnesium; manganese; niobium; potassium; rare-earth elements; scandium; sodium; tantalum; thorium; tin; uranium; yttrium; zirconium</td></tr></table>",,0,FALSE,FALSE,0,0
1707,"Round Top, Round Top deposit",aluminum; beryllium; gallium; hafnium; iron; lithium; magnesium; manganese; niobium; potassium; rare-earth elements; scandium; sodium; tantalum; thorium; tin; uranium; yttrium; zirconium,Deposit,"<a href=""https://mrdata.usgs.gov/deposit/html/Ta-Mo00233"">Round Top, Round Top deposit</a>: Deposit<table><tr><td>Feature group</td><td>Mineral Occurrence</td></tr><tr><td>Location</td><td>Hudspeth, TX</td></tr><tr><td>Commodity</td><td>aluminum; beryllium; gallium; hafnium; iron; lithium; magnesium; manganese; niobium; potassium; rare-earth elements; scandium; sodium; tantalum; thorium; tin; uranium; yttrium; zirconium</td></tr></table>",,0,FALSE,FALSE,0,0
1708,Ketchikan District,beryllium (1); hafnium (2); niobium (1); rare-earth elements (1); tantalum (1); thorium (1); titanium (2); uranium (1); vanadium (2); yttrium (1); zirconium (1),Mining District,"<a href=""https://mrdata.usgs.gov/deposit/html/Ta-Mr00012"">Ketchikan District</a>: Mining District<table><tr><td>Feature group</td><td>Mineral Region</td></tr><tr><td>Location</td><td>Ketchikan Gateway; Prince of Wales-Hyder; Wrangell, AK</td></tr><tr><td>Commodity</td><td>beryllium (1); hafnium (2); niobium (1); rare-earth elements (1); tantalum (1); thorium (1); titanium (2); uranium (1); vanadium (2); yttrium (1); zirconium (1)</td></tr></table>",Annette Island Reserve; Craig ANVSA; Hydaburg ANVSA; Kasaan ANVSA; Ketchikan ANVSA; Klawock ANVSA; Saxman ANVSA,7,FALSE,TRUE,1,1
1709,"Bokan Mountain, Ross-Adams mine",uranium,Open Pit Mine,"<a href=""https://mrdata.usgs.gov/deposit/html/Ta-Mf00237"">Bokan Mountain, Ross-Adams mine</a>: Open Pit Mine<table><tr><td>Feature group</td><td>Mine Feature</td></tr><tr><td>Location</td><td>Prince of Wales-Hyder, AK</td></tr><tr><td>Commodity</td><td>uranium</td></tr></table>",Annette Island Reserve; Hydaburg ANVSA,2,FALSE,TRUE,1,1
1710,"Bokan Mountain, Cheri deposit",beryllium; niobium; rare-earth elements; tantalum; thorium; uranium; yttrium; zirconium,Deposit,"<a href=""https://mrdata.usgs.gov/deposit/html/Ta-Mo00219"">Bokan Mountain, Cheri deposit</a>: Deposit<table><tr><td>Feature group</td><td>Mineral Occurrence</td></tr><tr><td>Location</td><td>Prince of Wales-Hyder, AK</td></tr><tr><td>Commodity</td><td>beryllium; niobium; rare-earth elements; tantalum; thorium; uranium; yttrium; zirconium</td></tr></table>",Annette Island Reserve,1,FALSE,TRUE,1,0
1711,"Bokan Mountain, Geiger deposit",niobium; rare-earth elements; tantalum; thorium; uranium; yttrium; zirconium,Deposit,"<a href=""https://mrdata.usgs.gov/deposit/html/Ta-Mo00244"">Bokan Mountain, Geiger deposit</a>: Deposit<table><tr><td>Feature group</td><td>Mineral Occurrence</td></tr><tr><td>Location</td><td>Prince of Wales-Hyder, AK</td></tr><tr><td>Commodity</td><td>niobium; rare-earth elements; tantalum; thorium; uranium; yttrium; zirconium</td></tr></table>",Annette Island Reserve; Hydaburg ANVSA; Ketchikan ANVSA; Saxman ANVSA,4,FALSE,TRUE,1,1
1712,"Bokan Mountain, Geoduck deposit",beryllium; niobium; rare-earth elements; thorium; uranium; yttrium; zirconium,Deposit,"<a href=""https://mrdata.usgs.gov/deposit/html/Ta-Mo00245"">Bokan Mountain, Geoduck deposit</a>: Deposit<table><tr><td>Feature group</td><td>Mineral Occurrence</td></tr><tr><td>Location</td><td>Prince of Wales-Hyder, AK</td></tr><tr><td>Commodity</td><td>beryllium; niobium; rare-earth elements; thorium; uranium; yttrium; zirconium</td></tr></table>",Annette Island Reserve,1,FALSE,TRUE,1,0
1713,"Bokan Mountain, I&L Zone",niobium; rare-earth elements; thorium; uranium; zirconium,Deposit,"<a href=""https://mrdata.usgs.gov/deposit/html/Ta-Mo00246"">Bokan Mountain, I&L Zone</a>: Deposit<table><tr><td>Feature group</td><td>Mineral Occurrence</td></tr><tr><td>Location</td><td>Prince of Wales-Hyder, AK</td></tr><tr><td>Commodity</td><td>niobium; rare-earth elements; thorium; uranium; zirconium</td></tr></table>",Annette Island Reserve; Hydaburg ANVSA,2,FALSE,TRUE,1,1
1714,"Bokan Mountain, Ross-Adams deposit",rare-earth elements; thorium; uranium; yttrium; zirconium,Deposit,"<a href=""https://mrdata.usgs.gov/deposit/html/Ta-Mo00247"">Bokan Mountain, Ross-Adams deposit</a>: Deposit<table><tr><td>Feature group</td><td>Mineral Occurrence</td></tr><tr><td>Location</td><td>Prince of Wales-Hyder, AK</td></tr><tr><td>Commodity</td><td>rare-earth elements; thorium; uranium; yttrium; zirconium</td></tr></table>",Annette Island Reserve; Hydaburg ANVSA,2,FALSE,TRUE,1,1
1715,"Bokan Mountain, Sunday Lake deposit",niobium; rare-earth elements; thorium; uranium; yttrium; zirconium,Deposit,"<a href=""https://mrdata.usgs.gov/deposit/html/Ta-Mo00248"">Bokan Mountain, Sunday Lake deposit</a>: Deposit<table><tr><td>Feature group</td><td>Mineral Occurrence</td></tr><tr><td>Location</td><td>Prince of Wales-Hyder, AK</td></tr><tr><td>Commodity</td><td>niobium; rare-earth elements; thorium; uranium; yttrium; zirconium</td></tr></table>",Annette Island Reserve; Hydaburg ANVSA; Ketchikan ANVSA,3,FALSE,TRUE,1,1
1716,"Bokan Mountain, Upper Cheri deposit",niobium; rare-earth elements; thorium; uranium; yttrium; zirconium,Deposit,"<a href=""https://mrdata.usgs.gov/deposit/html/Ta-Mo00250"">Bokan Mountain, Upper Cheri deposit</a>: Deposit<table><tr><td>Feature group</td><td>Mineral Occurrence</td></tr><tr><td>Location</td><td>Prince of Wales-Hyder, AK</td></tr><tr><td>Commodity</td><td>niobium; rare-earth elements; thorium; uranium; yttrium; zirconium</td></tr></table>",Annette Island Reserve,1,FALSE,TRUE,1,0
1717,"Bokan Mountain, Dotson Zone",beryllium; hafnium (2); niobium; rare-earth elements; thorium; titanium (2); uranium; vanadium (2); zirconium,Deposit,"<a href=""https://mrdata.usgs.gov/deposit/html/Ta-Mo00252"">Bokan Mountain, Dotson Zone</a>: Deposit<table><tr><td>Feature group</td><td>Mineral Occurrence</td></tr><tr><td>Location</td><td>Prince of Wales-Hyder, AK</td></tr><tr><td>Commodity</td><td>beryllium; hafnium (2); niobium; rare-earth elements; thorium; titanium (2); uranium; vanadium (2); zirconium</td></tr></table>",Annette Island Reserve; Hydaburg ANVSA; Ketchikan ANVSA; Saxman ANVSA,4,FALSE,TRUE,1,1
1718,"Bokan Mountain, IL&M deposit",niobium; rare-earth elements; uranium; yttrium; zirconium,Deposit,"<a href=""https://mrdata.usgs.gov/deposit/html/Ta-Mo00554"">Bokan Mountain, IL&M deposit</a>: Deposit<table><tr><td>Feature group</td><td>Mineral Occurrence</td></tr><tr><td>Location</td><td>Prince of Wales-Hyder, AK</td></tr><tr><td>Commodity</td><td>niobium; rare-earth elements; uranium; yttrium; zirconium</td></tr></table>",Annette Island Reserve; Hydaburg ANVSA,2,FALSE,TRUE,1,1
1719,Sierra Blanca mining area,aluminum; beryllium; gallium; hafnium; iron; lithium; magnesium; manganese; niobium; potassium; rare-earth elements; scandium; sodium; tantalum; thorium; tin; uranium; yttrium; zirconium,Area,"<a href=""https://mrdata.usgs.gov/deposit/html/Ta-Mr00176"">Sierra Blanca mining area</a>: Area<table><tr><td>Feature group</td><td>Mineral Region</td></tr><tr><td>Location</td><td>Hudspeth, TX</td></tr><tr><td>Commodity</td><td>aluminum; beryllium; gallium; hafnium; iron; lithium; magnesium; manganese; niobium; potassium; rare-earth elements; scandium; sodium; tantalum; thorium; tin; uranium; yttrium; zirconium</td></tr></table>",,0,FALSE,FALSE,0,0
1720,"Round Top, Round Top deposit",aluminum; beryllium; gallium; hafnium; iron; lithium; magnesium; manganese; niobium; potassium; rare-earth elements; scandium; sodium; tantalum; thorium; tin; uranium; yttrium; zirconium,Deposit,"<a href=""https://mrdata.usgs.gov/deposit/html/Ta-Mo00233"">Round Top, Round Top deposit</a>: Deposit<table><tr><td>Feature group</td><td>Mineral Occurrence</td></tr><tr><td>Location</td><td>Hudspeth, TX</td></tr><tr><td>Commodity</td><td>aluminum; beryllium; gallium; hafnium; iron; lithium; magnesium; manganese; niobium; potassium; rare-earth elements; scandium; sodium; tantalum; thorium; tin; uranium; yttrium; zirconium</td></tr></table>",,0,FALSE,FALSE,0,0
1721,Sierra Blanca mining area,aluminum; beryllium; gallium; hafnium; iron; lithium; magnesium; manganese; niobium; potassium; rare-earth elements; scandium; sodium; tantalum; thorium; tin; uranium; yttrium; zirconium,Area,"<a href=""https://mrdata.usgs.gov/deposit/html/Ga-Mr00176"">Sierra Blanca mining area</a>: Area<table><tr><td>Feature group</td><td>Mineral Region</td></tr><tr><td>Location</td><td>Hudspeth, TX</td></tr><tr><td>Commodity</td><td>aluminum; beryllium; gallium; hafnium; iron; lithium; magnesium; manganese; niobium; potassium; rare-earth elements; scandium; sodium; tantalum; thorium; tin; uranium; yttrium; zirconium</td></tr></table>",,0,FALSE,FALSE,0,0
1722,"Round Top, Round Top deposit",aluminum; beryllium; gallium; hafnium; iron; lithium; magnesium; manganese; niobium; potassium; rare-earth elements; scandium; sodium; tantalum; thorium; tin; uranium; yttrium; zirconium,Deposit,"<a href=""https://mrdata.usgs.gov/deposit/html/Ga-Mo00233"">Round Top, Round Top deposit</a>: Deposit<table><tr><td>Feature group</td><td>Mineral Occurrence</td></tr><tr><td>Location</td><td>Hudspeth, TX</td></tr><tr><td>Commodity</td><td>aluminum; beryllium; gallium; hafnium; iron; lithium; magnesium; manganese; niobium; potassium; rare-earth elements; scandium; sodium; tantalum; thorium; tin; uranium; yttrium; zirconium</td></tr></table>",,0,FALSE,FALSE,0,0
1723,Tutsagubet Mining District,arsenic (1); copper; gallium; germanium; iron (1); lead (1); silver (1); zinc (1),Mining District,"<a href=""https://mrdata.usgs.gov/deposit/html/Ga-Mr00187"">Tutsagubet Mining District</a>: Mining District<table><tr><td>Feature group</td><td>Mineral Region</td></tr><tr><td>Location</td><td>Washington, UT</td></tr><tr><td>Commodity</td><td>arsenic (1); copper; gallium; germanium; iron (1); lead (1); silver (1); zinc (1)</td></tr></table>",Paiute (UT) Reservation,1,FALSE,TRUE,1,0
1724,"Apex, Apex mine",copper (1); gallium (1); germanium (1); lead (1); silver (1),Adit,"<a href=""https://mrdata.usgs.gov/deposit/html/Ga-Mf00589"">Apex, Apex mine</a>: Adit<table><tr><td>Feature group</td><td>Mine Feature</td></tr><tr><td>Location</td><td>Washington, UT</td></tr><tr><td>Commodity</td><td>copper (1); gallium (1); germanium (1); lead (1); silver (1)</td></tr></table>",Paiute (UT) Reservation,1,FALSE,TRUE,1,0
1725,"Apex, Apex deposit",arsenic (1); copper (1); gallium (1); germanium (1); iron (1); lead (1); silver (1); zinc (1),Deposit,"<a href=""https://mrdata.usgs.gov/deposit/html/Ga-Mo00838"">Apex, Apex deposit</a>: Deposit<table><tr><td>Feature group</td><td>Mineral Occurrence</td></tr><tr><td>Location</td><td>Washington, UT</td></tr><tr><td>Commodity</td><td>arsenic (1); copper (1); gallium (1); germanium (1); iron (1); lead (1); silver (1); zinc (1)</td></tr></table>",Paiute (UT) Reservation,1,FALSE,TRUE,1,0
1726,"Apex, Apex surface dumps",copper (1); gallium (1); germanium (1),Deposit,"<a href=""https://mrdata.usgs.gov/deposit/html/Ga-Mo00849"">Apex, Apex surface dumps</a>: Deposit<table><tr><td>Feature group</td><td>Mineral Occurrence</td></tr><tr><td>Location</td><td>Washington, UT</td></tr><tr><td>Commodity</td><td>copper (1); gallium (1); germanium (1)</td></tr></table>",Paiute (UT) Reservation,1,FALSE,TRUE,1,0
1727,Sierra Blanca mining area,aluminum; beryllium; gallium; hafnium; iron; lithium; magnesium; manganese; niobium; potassium; rare-earth elements; scandium; sodium; tantalum; thorium; tin; uranium; yttrium; zirconium,Area,"<a href=""https://mrdata.usgs.gov/deposit/html/Ga-Mr00176"">Sierra Blanca mining area</a>: Area<table><tr><td>Feature group</td><td>Mineral Region</td></tr><tr><td>Location</td><td>Hudspeth, TX</td></tr><tr><td>Commodity</td><td>aluminum; beryllium; gallium; hafnium; iron; lithium; magnesium; manganese; niobium; potassium; rare-earth elements; scandium; sodium; tantalum; thorium; tin; uranium; yttrium; zirconium</td></tr></table>",,0,FALSE,FALSE,0,0
1728,"Round Top, Round Top deposit",aluminum; beryllium; gallium; hafnium; iron; lithium; magnesium; manganese; niobium; potassium; rare-earth elements; scandium; sodium; tantalum; thorium; tin; uranium; yttrium; zirconium,Deposit,"<a href=""https://mrdata.usgs.gov/deposit/html/Ga-Mo00233"">Round Top, Round Top deposit</a>: Deposit<table><tr><td>Feature group</td><td>Mineral Occurrence</td></tr><tr><td>Location</td><td>Hudspeth, TX</td></tr><tr><td>Commodity</td><td>aluminum; beryllium; gallium; hafnium; iron; lithium; magnesium; manganese; niobium; potassium; rare-earth elements; scandium; sodium; tantalum; thorium; tin; uranium; yttrium; zirconium</td></tr></table>",,0,FALSE,FALSE,0,0
1729,Tutsagubet Mining District,arsenic (1); copper; gallium; germanium; iron (1); lead (1); silver (1); zinc (1),Mining District,"<a href=""https://mrdata.usgs.gov/deposit/html/Ga-Mr00187"">Tutsagubet Mining District</a>: Mining District<table><tr><td>Feature group</td><td>Mineral Region</td></tr><tr><td>Location</td><td>Washington, UT</td></tr><tr><td>Commodity</td><td>arsenic (1); copper; gallium; germanium; iron (1); lead (1); silver (1); zinc (1)</td></tr></table>",Paiute (UT) Reservation,1,FALSE,TRUE,1,0
1730,"Apex, Apex mine",copper (1); gallium (1); germanium (1); lead (1); silver (1),Adit,"<a href=""https://mrdata.usgs.gov/deposit/html/Ga-Mf00589"">Apex, Apex mine</a>: Adit<table><tr><td>Feature group</td><td>Mine Feature</td></tr><tr><td>Location</td><td>Washington, UT</td></tr><tr><td>Commodity</td><td>copper (1); gallium (1); germanium (1); lead (1); silver (1)</td></tr></table>",Paiute (UT) Reservation,1,FALSE,TRUE,1,0
1731,"Apex, Apex deposit",arsenic (1); copper (1); gallium (1); germanium (1); iron (1); lead (1); silver (1); zinc (1),Deposit,"<a href=""https://mrdata.usgs.gov/deposit/html/Ga-Mo00838"">Apex, Apex deposit</a>: Deposit<table><tr><td>Feature group</td><td>Mineral Occurrence</td></tr><tr><td>Location</td><td>Washington, UT</td></tr><tr><td>Commodity</td><td>arsenic (1); copper (1); gallium (1); germanium (1); iron (1); lead (1); silver (1); zinc (1)</td></tr></table>",Paiute (UT) Reservation,1,FALSE,TRUE,1,0
1732,"Apex, Apex surface dumps",copper (1); gallium (1); germanium (1),Deposit,"<a href=""https://mrdata.usgs.gov/deposit/html/Ga-Mo00849"">Apex, Apex surface dumps</a>: Deposit<table><tr><td>Feature group</td><td>Mineral Occurrence</td></tr><tr><td>Location</td><td>Washington, UT</td></tr><tr><td>Commodity</td><td>copper (1); gallium (1); germanium (1)</td></tr></table>",Paiute (UT) Reservation,1,FALSE,TRUE,1,0
1733,Kigluaik Mountains graphite district,graphite,Mining District,"<a href=""https://mrdata.usgs.gov/deposit/html/Graphite-Mr00006"">Kigluaik Mountains graphite district</a>: Mining District<table><tr><td>Feature group</td><td>Mineral Region</td></tr><tr><td>Location</td><td>Nome, AK</td></tr><tr><td>Commodity</td><td>graphite</td></tr></table>",Brevig Mission ANVSA; Mary's Igloo ANVSA; Nome ANVSA; Teller ANVSA,4,FALSE,TRUE,1,1
1734,"Graphite Creek, Christophosen Creek mine",graphite,Unspecified Mine Feature,"<a href=""https://mrdata.usgs.gov/deposit/html/Graphite-Mf00003"">Graphite Creek, Christophosen Creek mine</a>: Unspecified Mine Feature<table><tr><td>Feature group</td><td>Mine Feature</td></tr><tr><td>Location</td><td>Nome, AK</td></tr><tr><td>Commodity</td><td>graphite</td></tr></table>",Brevig Mission ANVSA; Mary's Igloo ANVSA; Nome ANVSA; Teller ANVSA,4,FALSE,TRUE,1,1
1735,"Graphite Creek, Graphite Creek mine",graphite,Unspecified Mine Feature,"<a href=""https://mrdata.usgs.gov/deposit/html/Graphite-Mf00005"">Graphite Creek, Graphite Creek mine</a>: Unspecified Mine Feature<table><tr><td>Feature group</td><td>Mine Feature</td></tr><tr><td>Location</td><td>Nome, AK</td></tr><tr><td>Commodity</td><td>graphite</td></tr></table>",Brevig Mission ANVSA; Mary's Igloo ANVSA; Nome ANVSA; Teller ANVSA,4,FALSE,TRUE,1,1
1736,"Graphite Creek, Graphite Creek deposit",graphite,Deposit,"<a href=""https://mrdata.usgs.gov/deposit/html/Graphite-Mo00118"">Graphite Creek, Graphite Creek deposit</a>: Deposit<table><tr><td>Feature group</td><td>Mineral Occurrence</td></tr><tr><td>Location</td><td>Nome, AK</td></tr><tr><td>Commodity</td><td>graphite</td></tr></table>",Brevig Mission ANVSA; Mary's Igloo ANVSA; Nome ANVSA; Teller ANVSA,4,FALSE,TRUE,1,1
1737,Clay-Coosa-Chilton graphite district,graphite,Mineral District,"<a href=""https://mrdata.usgs.gov/deposit/html/Graphite-Mr00007"">Clay-Coosa-Chilton graphite district</a>: Mineral District<table><tr><td>Feature group</td><td>Mineral Region</td></tr><tr><td>Location</td><td>Chilton; Clay; Coosa, AL</td></tr><tr><td>Commodity</td><td>graphite</td></tr></table>",,0,FALSE,FALSE,0,0
1738,"Coosa, Coosa deposit",graphite,Deposit,"<a href=""https://mrdata.usgs.gov/deposit/html/Graphite-Mo00119"">Coosa, Coosa deposit</a>: Deposit<table><tr><td>Feature group</td><td>Mineral Occurrence</td></tr><tr><td>Location</td><td>Coosa, AL</td></tr><tr><td>Commodity</td><td>graphite</td></tr></table>",Poarch Creek Reservation and Off-Reservation Trust Land,1,FALSE,TRUE,1,0
1739,Quartz Creek district,copper; gold; graphite; lead; silver,Mining District,"<a href=""https://mrdata.usgs.gov/deposit/html/Graphite-Mr00008"">Quartz Creek district</a>: Mining District<table><tr><td>Feature group</td><td>Mineral Region</td></tr><tr><td>Location</td><td>Gunnison, CO</td></tr><tr><td>Commodity</td><td>copper; gold; graphite; lead; silver</td></tr></table>",,0,FALSE,FALSE,0,0
1740,Blacktail district,copper; graphite; gold; silver,Mining District,"<a href=""https://mrdata.usgs.gov/deposit/html/Graphite-Mr00009"">Blacktail district</a>: Mining District<table><tr><td>Feature group</td><td>Mineral Region</td></tr><tr><td>Location</td><td>Beaverhead, MT</td></tr><tr><td>Commodity</td><td>copper; graphite; gold; silver</td></tr></table>",,0,FALSE,FALSE,0,0
1741,"Crystal Graphite, Crystal Graphite mine",graphite,Underground Workings,"<a href=""https://mrdata.usgs.gov/deposit/html/Graphite-Mf00013"">Crystal Graphite, Crystal Graphite mine</a>: Underground Workings<table><tr><td>Feature group</td><td>Mine Feature</td></tr><tr><td>Location</td><td>Beaverhead, MT</td></tr><tr><td>Commodity</td><td>graphite</td></tr></table>",,0,FALSE,FALSE,0,0
1742,"Crystal Graphite, Crystal Graphite deposit",graphite,Deposit,"<a href=""https://mrdata.usgs.gov/deposit/html/Graphite-Mo00120"">Crystal Graphite, Crystal Graphite deposit</a>: Deposit<table><tr><td>Feature group</td><td>Mineral Occurrence</td></tr><tr><td>Location</td><td>Beaverhead, MT</td></tr><tr><td>Commodity</td><td>graphite</td></tr></table>",,0,FALSE,FALSE,0,0
1743,Eastern Adirondack Mountains,graphite,Mining District,"<a href=""https://mrdata.usgs.gov/deposit/html/Graphite-Mr00014"">Eastern Adirondack Mountains</a>: Mining District<table><tr><td>Feature group</td><td>Mineral Region</td></tr><tr><td>Location</td><td>Saratoga; Warren; Washington, NY</td></tr><tr><td>Commodity</td><td>graphite</td></tr></table>",,0,FALSE,FALSE,0,0
1744,Chester-Allentown,graphite,Mining District,"<a href=""https://mrdata.usgs.gov/deposit/html/Graphite-Mr00015"">Chester-Allentown</a>: Mining District<table><tr><td>Feature group</td><td>Mineral Region</td></tr><tr><td>Location</td><td>Berks; Chester; Lehigh; Montgomery, PA</td></tr><tr><td>Commodity</td><td>graphite</td></tr></table>",,0,FALSE,FALSE,0,0
1745,"Southwestern Graphite, Southwestern Graphite mine",graphite (1),Open Pit Mine,"<a href=""https://mrdata.usgs.gov/deposit/html/Graphite-Mf00016"">Southwestern Graphite, Southwestern Graphite mine</a>: Open Pit Mine<table><tr><td>Feature group</td><td>Mine Feature</td></tr><tr><td>Location</td><td>Burnet, TX</td></tr><tr><td>Commodity</td><td>graphite (1)</td></tr></table>",,0,FALSE,FALSE,0,0
1746,"Southwestern Graphite, Southwestern Graphite deposit",graphite (1),Deposit,"<a href=""https://mrdata.usgs.gov/deposit/html/Graphite-Mo00123"">Southwestern Graphite, Southwestern Graphite deposit</a>: Deposit<table><tr><td>Feature group</td><td>Mineral Occurrence</td></tr><tr><td>Location</td><td>Burnet, TX</td></tr><tr><td>Commodity</td><td>graphite (1)</td></tr></table>",,0,FALSE,FALSE,0,0
1747,Kigluaik Mountains graphite district,graphite,Mining District,"<a href=""https://mrdata.usgs.gov/deposit/html/Graphite-Mr00006"">Kigluaik Mountains graphite district</a>: Mining District<table><tr><td>Feature group</td><td>Mineral Region</td></tr><tr><td>Location</td><td>Nome, AK</td></tr><tr><td>Commodity</td><td>graphite</td></tr></table>",Brevig Mission ANVSA; Mary's Igloo ANVSA; Nome ANVSA; Teller ANVSA,4,FALSE,TRUE,1,1
1748,"Graphite Creek, Christophosen Creek mine",graphite,Unspecified Mine Feature,"<a href=""https://mrdata.usgs.gov/deposit/html/Graphite-Mf00003"">Graphite Creek, Christophosen Creek mine</a>: Unspecified Mine Feature<table><tr><td>Feature group</td><td>Mine Feature</td></tr><tr><td>Location</td><td>Nome, AK</td></tr><tr><td>Commodity</td><td>graphite</td></tr></table>",Brevig Mission ANVSA; Mary's Igloo ANVSA; Nome ANVSA; Teller ANVSA,4,FALSE,TRUE,1,1
1749,"Graphite Creek, Graphite Creek mine",graphite,Unspecified Mine Feature,"<a href=""https://mrdata.usgs.gov/deposit/html/Graphite-Mf00005"">Graphite Creek, Graphite Creek mine</a>: Unspecified Mine Feature<table><tr><td>Feature group</td><td>Mine Feature</td></tr><tr><td>Location</td><td>Nome, AK</td></tr><tr><td>Commodity</td><td>graphite</td></tr></table>",Brevig Mission ANVSA; Mary's Igloo ANVSA; Nome ANVSA; Teller ANVSA,4,FALSE,TRUE,1,1
1750,"Graphite Creek, Graphite Creek deposit",graphite,Deposit,"<a href=""https://mrdata.usgs.gov/deposit/html/Graphite-Mo00118"">Graphite Creek, Graphite Creek deposit</a>: Deposit<table><tr><td>Feature group</td><td>Mineral Occurrence</td></tr><tr><td>Location</td><td>Nome, AK</td></tr><tr><td>Commodity</td><td>graphite</td></tr></table>",Brevig Mission ANVSA; Mary's Igloo ANVSA; Nome ANVSA; Teller ANVSA,4,FALSE,TRUE,1,1
1751,Clay-Coosa-Chilton graphite district,graphite,Mineral District,"<a href=""https://mrdata.usgs.gov/deposit/html/Graphite-Mr00007"">Clay-Coosa-Chilton graphite district</a>: Mineral District<table><tr><td>Feature group</td><td>Mineral Region</td></tr><tr><td>Location</td><td>Chilton; Clay; Coosa, AL</td></tr><tr><td>Commodity</td><td>graphite</td></tr></table>",,0,FALSE,FALSE,0,0
1752,"Coosa, Coosa deposit",graphite,Deposit,"<a href=""https://mrdata.usgs.gov/deposit/html/Graphite-Mo00119"">Coosa, Coosa deposit</a>: Deposit<table><tr><td>Feature group</td><td>Mineral Occurrence</td></tr><tr><td>Location</td><td>Coosa, AL</td></tr><tr><td>Commodity</td><td>graphite</td></tr></table>",Poarch Creek Reservation and Off-Reservation Trust Land,1,FALSE,TRUE,1,0
1753,Quartz Creek district,copper; gold; graphite; lead; silver,Mining District,"<a href=""https://mrdata.usgs.gov/deposit/html/Graphite-Mr00008"">Quartz Creek district</a>: Mining District<table><tr><td>Feature group</td><td>Mineral Region</td></tr><tr><td>Location</td><td>Gunnison, CO</td></tr><tr><td>Commodity</td><td>copper; gold; graphite; lead; silver</td></tr></table>",,0,FALSE,FALSE,0,0
1754,Blacktail district,copper; graphite; gold; silver,Mining District,"<a href=""https://mrdata.usgs.gov/deposit/html/Graphite-Mr00009"">Blacktail district</a>: Mining District<table><tr><td>Feature group</td><td>Mineral Region</td></tr><tr><td>Location</td><td>Beaverhead, MT</td></tr><tr><td>Commodity</td><td>copper; graphite; gold; silver</td></tr></table>",,0,FALSE,FALSE,0,0
1755,"Crystal Graphite, Crystal Graphite mine",graphite,Underground Workings,"<a href=""https://mrdata.usgs.gov/deposit/html/Graphite-Mf00013"">Crystal Graphite, Crystal Graphite mine</a>: Underground Workings<table><tr><td>Feature group</td><td>Mine Feature</td></tr><tr><td>Location</td><td>Beaverhead, MT</td></tr><tr><td>Commodity</td><td>graphite</td></tr></table>",,0,FALSE,FALSE,0,0
1756,"Crystal Graphite, Crystal Graphite deposit",graphite,Deposit,"<a href=""https://mrdata.usgs.gov/deposit/html/Graphite-Mo00120"">Crystal Graphite, Crystal Graphite deposit</a>: Deposit<table><tr><td>Feature group</td><td>Mineral Occurrence</td></tr><tr><td>Location</td><td>Beaverhead, MT</td></tr><tr><td>Commodity</td><td>graphite</td></tr></table>",,0,FALSE,FALSE,0,0
1757,Eastern Adirondack Mountains,graphite,Mining District,"<a href=""https://mrdata.usgs.gov/deposit/html/Graphite-Mr00014"">Eastern Adirondack Mountains</a>: Mining District<table><tr><td>Feature group</td><td>Mineral Region</td></tr><tr><td>Location</td><td>Saratoga; Warren; Washington, NY</td></tr><tr><td>Commodity</td><td>graphite</td></tr></table>",,0,FALSE,FALSE,0,0
1758,Chester-Allentown,graphite,Mining District,"<a href=""https://mrdata.usgs.gov/deposit/html/Graphite-Mr00015"">Chester-Allentown</a>: Mining District<table><tr><td>Feature group</td><td>Mineral Region</td></tr><tr><td>Location</td><td>Berks; Chester; Lehigh; Montgomery, PA</td></tr><tr><td>Commodity</td><td>graphite</td></tr></table>",,0,FALSE,FALSE,0,0
1759,"Southwestern Graphite, Southwestern Graphite mine",graphite (1),Open Pit Mine,"<a href=""https://mrdata.usgs.gov/deposit/html/Graphite-Mf00016"">Southwestern Graphite, Southwestern Graphite mine</a>: Open Pit Mine<table><tr><td>Feature group</td><td>Mine Feature</td></tr><tr><td>Location</td><td>Burnet, TX</td></tr><tr><td>Commodity</td><td>graphite (1)</td></tr></table>",,0,FALSE,FALSE,0,0
1760,"Southwestern Graphite, Southwestern Graphite deposit",graphite (1),Deposit,"<a href=""https://mrdata.usgs.gov/deposit/html/Graphite-Mo00123"">Southwestern Graphite, Southwestern Graphite deposit</a>: Deposit<table><tr><td>Feature group</td><td>Mineral Occurrence</td></tr><tr><td>Location</td><td>Burnet, TX</td></tr><tr><td>Commodity</td><td>graphite (1)</td></tr></table>",,0,FALSE,FALSE,0,0
1761,"Chino, Chino mine",copper (1); gold (1); molybdenum (1); silver (1),Open Pit Mine,"<a href=""https://mrdata.usgs.gov/deposit/html/In-Mf00236"">Chino, Chino mine</a>: Open Pit Mine<table><tr><td>Feature group</td><td>Mine Feature</td></tr><tr><td>Location</td><td>Grant, NM</td></tr><tr><td>Commodity</td><td>copper (1); gold (1); molybdenum (1); silver (1)</td></tr></table>",,0,FALSE,FALSE,0,0
1762,"Chino, Santa Rita deposit",copper; gold (1); indium (2); molybdenum; rhenium (3); silver,Deposit,"<a href=""https://mrdata.usgs.gov/deposit/html/In-Mo00243"">Chino, Santa Rita deposit</a>: Deposit<table><tr><td>Feature group</td><td>Mineral Occurrence</td></tr><tr><td>Location</td><td>Grant, NM</td></tr><tr><td>Commodity</td><td>copper; gold (1); indium (2); molybdenum; rhenium (3); silver</td></tr></table>",,0,FALSE,FALSE,0,0
1763,"Chino, Leach stockpiles",copper (1),Stockpile,"<a href=""https://mrdata.usgs.gov/deposit/html/In-Mo00847"">Chino, Leach stockpiles</a>: Stockpile<table><tr><td>Feature group</td><td>Mineral Occurrence</td></tr><tr><td>Location</td><td>Grant, NM</td></tr><tr><td>Commodity</td><td>copper (1)</td></tr></table>",,0,FALSE,FALSE,0,0
1764,Santa Rita district,copper; gold; indium (1); molybdenum; rhenium (2); silver,Mining District,"<a href=""https://mrdata.usgs.gov/deposit/html/In-Mr00067"">Santa Rita district</a>: Mining District<table><tr><td>Feature group</td><td>Mineral Region</td></tr><tr><td>Location</td><td>Grant, NM</td></tr><tr><td>Commodity</td><td>copper; gold; indium (1); molybdenum; rhenium (2); silver</td></tr></table>",,0,FALSE,FALSE,0,0
1765,Fish Springs district,copper (1); gold (1); indium (1); iron (1); lead; silver; zinc (1),Mining District,"<a href=""https://mrdata.usgs.gov/deposit/html/In-Mr00084"">Fish Springs district</a>: Mining District<table><tr><td>Feature group</td><td>Mineral Region</td></tr><tr><td>Location</td><td>Juab, UT</td></tr><tr><td>Commodity</td><td>copper (1); gold (1); indium (1); iron (1); lead; silver; zinc (1)</td></tr></table>",Goshute Reservation,1,FALSE,TRUE,1,0
1766,"West Desert, West Desert deposit",copper; indium; iron; zinc,Deposit,"<a href=""https://mrdata.usgs.gov/deposit/html/In-Mo00129"">West Desert, West Desert deposit</a>: Deposit<table><tr><td>Feature group</td><td>Mineral Occurrence</td></tr><tr><td>Location</td><td>Juab, UT</td></tr><tr><td>Commodity</td><td>copper; indium; iron; zinc</td></tr></table>",Goshute Reservation,1,FALSE,TRUE,1,0
1767,"Bingham, Barneys Canyon mine",gold,Open Pit Mine,"<a href=""https://mrdata.usgs.gov/deposit/html/In-Mf00022"">Bingham, Barneys Canyon mine</a>: Open Pit Mine<table><tr><td>Feature group</td><td>Mine Feature</td></tr><tr><td>Location</td><td>Salt Lake, UT</td></tr><tr><td>Commodity</td><td>gold</td></tr></table>",Skull Valley Reservation,1,FALSE,TRUE,1,0
1768,"Bingham, Melco mine",gold,Open Pit Mine,"<a href=""https://mrdata.usgs.gov/deposit/html/In-Mf00023"">Bingham, Melco mine</a>: Open Pit Mine<table><tr><td>Feature group</td><td>Mine Feature</td></tr><tr><td>Location</td><td>Salt Lake, UT</td></tr><tr><td>Commodity</td><td>gold</td></tr></table>",Skull Valley Reservation,1,FALSE,TRUE,1,0
1769,"Bingham, Bingham Pb-Zn-Ag mines",copper; gold; lead; silver; zinc,Underground Workings,"<a href=""https://mrdata.usgs.gov/deposit/html/In-Mf00025"">Bingham, Bingham Pb-Zn-Ag mines</a>: Underground Workings<table><tr><td>Feature group</td><td>Mine Feature</td></tr><tr><td>Location</td><td>Salt Lake, UT</td></tr><tr><td>Commodity</td><td>copper; gold; lead; silver; zinc</td></tr></table>",Skull Valley Reservation,1,FALSE,TRUE,1,0
1770,"Bingham, Bingham Canyon mine",copper; gold; molybdenum; silver,Open Pit Mine,"<a href=""https://mrdata.usgs.gov/deposit/html/In-Mf00235"">Bingham, Bingham Canyon mine</a>: Open Pit Mine<table><tr><td>Feature group</td><td>Mine Feature</td></tr><tr><td>Location</td><td>Salt Lake, UT</td></tr><tr><td>Commodity</td><td>copper; gold; molybdenum; silver</td></tr></table>",Skull Valley Reservation,1,FALSE,TRUE,1,0
1771,"Bingham, Carr Fork mine",copper; gold; silver,Underground Workings,"<a href=""https://mrdata.usgs.gov/deposit/html/In-Mf00274"">Bingham, Carr Fork mine</a>: Underground Workings<table><tr><td>Feature group</td><td>Mine Feature</td></tr><tr><td>Location</td><td>Tooele, UT</td></tr><tr><td>Commodity</td><td>copper; gold; silver</td></tr></table>",Skull Valley Reservation,1,FALSE,TRUE,1,0
1772,"Bingham, Barneys Canyon deposit",gold,Deposit,"<a href=""https://mrdata.usgs.gov/deposit/html/In-Mo00088"">Bingham, Barneys Canyon deposit</a>: Deposit<table><tr><td>Feature group</td><td>Mineral Occurrence</td></tr><tr><td>Location</td><td>Salt Lake, UT</td></tr><tr><td>Commodity</td><td>gold</td></tr></table>",Skull Valley Reservation,1,FALSE,TRUE,1,0
1773,"Bingham, Melco deposit",gold,Deposit,"<a href=""https://mrdata.usgs.gov/deposit/html/In-Mo00091"">Bingham, Melco deposit</a>: Deposit<table><tr><td>Feature group</td><td>Mineral Occurrence</td></tr><tr><td>Location</td><td>Salt Lake, UT</td></tr><tr><td>Commodity</td><td>gold</td></tr></table>",Skull Valley Reservation,1,FALSE,TRUE,1,0
1774,"Bingham, Bingham polymetallic Pb-Zn-Cu-Ag-Au veins",copper; gold; lead; silver; zinc,Deposit,"<a href=""https://mrdata.usgs.gov/deposit/html/In-Mo00130"">Bingham, Bingham polymetallic Pb-Zn-Cu-Ag-Au veins</a>: Deposit<table><tr><td>Feature group</td><td>Mineral Occurrence</td></tr><tr><td>Location</td><td>Salt Lake, UT</td></tr><tr><td>Commodity</td><td>copper; gold; lead; silver; zinc</td></tr></table>",Skull Valley Reservation,1,FALSE,TRUE,1,0
1775,"Bingham, Bingham porphyry Cu deposit",copper; gold; indium (1); lead (4); molybdenum; platinum-group elements (2); rhenium (3); silver; zinc (4),Deposit,"<a href=""https://mrdata.usgs.gov/deposit/html/In-Mo00284"">Bingham, Bingham porphyry Cu deposit</a>: Deposit<table><tr><td>Feature group</td><td>Mineral Occurrence</td></tr><tr><td>Location</td><td>Salt Lake, UT</td></tr><tr><td>Commodity</td><td>copper; gold; indium (1); lead (4); molybdenum; platinum-group elements (2); rhenium (3); silver; zinc (4)</td></tr></table>",Skull Valley Reservation,1,FALSE,TRUE,1,0
1776,"Bingham, Bingham skarn deposit",copper; gold; silver,Deposit,"<a href=""https://mrdata.usgs.gov/deposit/html/In-Mo00352"">Bingham, Bingham skarn deposit</a>: Deposit<table><tr><td>Feature group</td><td>Mineral Occurrence</td></tr><tr><td>Location</td><td>Salt Lake, UT</td></tr><tr><td>Commodity</td><td>copper; gold; silver</td></tr></table>",Skull Valley Reservation,1,FALSE,TRUE,1,0
1777,Bingham district,copper (1); gold (2); indium (3); lead (1); molybdenum (2); platinum-group elements (4); rhenium (5); silver (1); zinc (1),Mining District,"<a href=""https://mrdata.usgs.gov/deposit/html/In-Mr00077"">Bingham district</a>: Mining District<table><tr><td>Feature group</td><td>Mineral Region</td></tr><tr><td>Location</td><td>Salt Lake; Tooele; Utah, UT</td></tr><tr><td>Commodity</td><td>copper (1); gold (2); indium (3); lead (1); molybdenum (2); platinum-group elements (4); rhenium (5); silver (1); zinc (1)</td></tr></table>",Skull Valley Reservation,1,FALSE,TRUE,1,0
