{
"type": "FeatureCollection",
"name": "mrds_directlyontriballands",
"crs": { "type": "name", "properties": { "name": "urn:ogc:def:crs:OGC:1.3:CRS84" } },
"features": [
{ "type": "Feature", "properties": { "OBJECTID": 752, "Join_Count": 1, "TARGET_FID": 752, "JOIN_FID": 87, "DEP_ID": "10026914", "SITE_NAME": "Lobos Group", "DEV_STAT": "Occurrence", "URL": "https://mrdata.usgs.gov/mrds/show-mrds.php?dep_id=10026914", "CODE_LIST": " U CU", "Grade": "C", "AIANNH": "4200", "FSRFLG": "F", "AIANNHNS": "00023763", "AREALAND": 11535075609.0, "ALANDHIST": 11535075609.0, "AREAWATER": 883039.0, "AWATERHIST": 883039.0, "AIANNHCC": "D1", "EFFDATE": null, "ESTABDATE": null, "FUNCSTAT": "A", "GCFLG": null, "GEOID": "4200M", "LSADC": "86", "MTFCC": "G2100", "BASENAME": "Tohono O'odham Nation", "NAME": "Tohono O'odham Nation Reservation and Off-Reservation Trust Land", "ObjID": "251901230456558", "AIANNHCOMP": "M", "STATEFP1": "0473950", "STATEFP2": null, "STATEFP3": null, "UR": null, "VINTAGE": "90", "AIANNHFP1": "04-73950", "AIANNHFP2": null, "AIANNHFP3": null, "HU100": null, "POP100": null, "CENTLAT": "+32.1502060", "CENTLON": "-112.0448619", "INTPTLAT": "+32.1500358", "INTPTLON": "-112.0704020", "STGEOMETRY_AREA": 16140873956.8624, "STGEOMETRY_LEN": 833921.75749800005 }, "geometry": { "type": "Point", "coordinates": [ -111.67237, 31.6443 ] } },
{ "type": "Feature", "properties": { "OBJECTID": 786, "Join_Count": 1, "TARGET_FID": 786, "JOIN_FID": 87, "DEP_ID": "10026905", "SITE_NAME": "Emmett and Elgin Mine", "DEV_STAT": "Producer", "URL": "https://mrdata.usgs.gov/mrds/show-mrds.php?dep_id=10026905", "CODE_LIST": " AU AG CU", "Grade": "B", "AIANNH": "4200", "FSRFLG": "F", "AIANNHNS": "00023763", "AREALAND": 11535075609.0, "ALANDHIST": 11535075609.0, "AREAWATER": 883039.0, "AWATERHIST": 883039.0, "AIANNHCC": "D1", "EFFDATE": null, "ESTABDATE": null, "FUNCSTAT": "A", "GCFLG": null, "GEOID": "4200M", "LSADC": "86", "MTFCC": "G2100", "BASENAME": "Tohono O'odham Nation", "NAME": "Tohono O'odham Nation Reservation and Off-Reservation Trust Land", "ObjID": "251901230456558", "AIANNHCOMP": "M", "STATEFP1": "0473950", "STATEFP2": null, "STATEFP3": null, "UR": null, "VINTAGE": "90", "AIANNHFP1": "04-73950", "AIANNHFP2": null, "AIANNHFP3": null, "HU100": null, "POP100": null, "CENTLAT": "+32.1502060", "CENTLON": "-112.0448619", "INTPTLAT": "+32.1500358", "INTPTLON": "-112.0704020", "STGEOMETRY_AREA": 16140873956.8624, "STGEOMETRY_LEN": 833921.75749800005 }, "geometry": { "type": "Point", "coordinates": [ -111.65598, 31.71319 ] } },
{ "type": "Feature", "properties": { "OBJECTID": 831, "Join_Count": 1, "TARGET_FID": 831, "JOIN_FID": 87, "DEP_ID": "10026873", "SITE_NAME": "Ventana Mine Group", "DEV_STAT": "Producer", "URL": "https://mrdata.usgs.gov/mrds/show-mrds.php?dep_id=10026873", "CODE_LIST": " CU AG AU PB ZN MN", "Grade": "B", "AIANNH": "4200", "FSRFLG": "F", "AIANNHNS": "00023763", "AREALAND": 11535075609.0, "ALANDHIST": 11535075609.0, "AREAWATER": 883039.0, "AWATERHIST": 883039.0, "AIANNHCC": "D1", "EFFDATE": null, "ESTABDATE": null, "FUNCSTAT": "A", "GCFLG": null, "GEOID": "4200M", "LSADC": "86", "MTFCC": "G2100", "BASENAME": "Tohono O'odham Nation", "NAME": "Tohono O'odham Nation Reservation and Off-Reservation Trust Land", "ObjID": "251901230456558", "AIANNHCOMP": "M", "STATEFP1": "0473950", "STATEFP2": null, "STATEFP3": null, "UR": null, "VINTAGE": "90", "AIANNHFP1": "04-73950", "AIANNHFP2": null, "AIANNHFP3": null, "HU100": null, "POP100": null, "CENTLAT": "+32.1502060", "CENTLON": "-112.0448619", "INTPTLAT": "+32.1500358", "INTPTLON": "-112.0704020", "STGEOMETRY_AREA": 16140873956.8624, "STGEOMETRY_LEN": 833921.75749800005 }, "geometry": { "type": "Point", "coordinates": [ -111.66292, 31.78095 ] } },
{ "type": "Feature", "properties": { "OBJECTID": 900, "Join_Count": 1, "TARGET_FID": 900, "JOIN_FID": 87, "DEP_ID": "10039471", "SITE_NAME": "Big Banana Mine", "DEV_STAT": "Producer", "URL": "https://mrdata.usgs.gov/mrds/show-mrds.php?dep_id=10039471", "CODE_LIST": " W CU MO F", "Grade": "B", "AIANNH": "4200", "FSRFLG": "F", "AIANNHNS": "00023763", "AREALAND": 11535075609.0, "ALANDHIST": 11535075609.0, "AREAWATER": 883039.0, "AWATERHIST": 883039.0, "AIANNHCC": "D1", "EFFDATE": null, "ESTABDATE": null, "FUNCSTAT": "A", "GCFLG": null, "GEOID": "4200M", "LSADC": "86", "MTFCC": "G2100", "BASENAME": "Tohono O'odham Nation", "NAME": "Tohono O'odham Nation Reservation and Off-Reservation Trust Land", "ObjID": "251901230456558", "AIANNHCOMP": "M", "STATEFP1": "0473950", "STATEFP2": null, "STATEFP3": null, "UR": null, "VINTAGE": "90", "AIANNHFP1": "04-73950", "AIANNHFP2": null, "AIANNHFP3": null, "HU100": null, "POP100": null, "CENTLAT": "+32.1502060", "CENTLON": "-112.0448619", "INTPTLAT": "+32.1500358", "INTPTLON": "-112.0704020", "STGEOMETRY_AREA": 16140873956.8624, "STGEOMETRY_LEN": 833921.75749800005 }, "geometry": { "type": "Point", "coordinates": [ -111.65653, 31.90873 ] } },
{ "type": "Feature", "properties": { "OBJECTID": 946, "Join_Count": 1, "TARGET_FID": 946, "JOIN_FID": 87, "DEP_ID": "10095427", "SITE_NAME": "Mego Nos. 1 & 2 Prospects", "DEV_STAT": "Occurrence", "URL": "https://mrdata.usgs.gov/mrds/show-mrds.php?dep_id=10095427", "CODE_LIST": " W", "Grade": "C", "AIANNH": "4200", "FSRFLG": "F", "AIANNHNS": "00023763", "AREALAND": 11535075609.0, "ALANDHIST": 11535075609.0, "AREAWATER": 883039.0, "AWATERHIST": 883039.0, "AIANNHCC": "D1", "EFFDATE": null, "ESTABDATE": null, "FUNCSTAT": "A", "GCFLG": null, "GEOID": "4200M", "LSADC": "86", "MTFCC": "G2100", "BASENAME": "Tohono O'odham Nation", "NAME": "Tohono O'odham Nation Reservation and Off-Reservation Trust Land", "ObjID": "251901230456558", "AIANNHCOMP": "M", "STATEFP1": "0473950", "STATEFP2": null, "STATEFP3": null, "UR": null, "VINTAGE": "90", "AIANNHFP1": "04-73950", "AIANNHFP2": null, "AIANNHFP3": null, "HU100": null, "POP100": null, "CENTLAT": "+32.1502060", "CENTLON": "-112.0448619", "INTPTLAT": "+32.1500358", "INTPTLON": "-112.0704020", "STGEOMETRY_AREA": 16140873956.8624, "STGEOMETRY_LEN": 833921.75749800005 }, "geometry": { "type": "Point", "coordinates": [ -111.69487, 31.98068 ] } },
{ "type": "Feature", "properties": { "OBJECTID": 949, "Join_Count": 1, "TARGET_FID": 949, "JOIN_FID": 87, "DEP_ID": "10026854", "SITE_NAME": "Lucido Claim Group", "DEV_STAT": "Producer", "URL": "https://mrdata.usgs.gov/mrds/show-mrds.php?dep_id=10026854", "CODE_LIST": " AU AG CU", "Grade": "C", "AIANNH": "4200", "FSRFLG": "F", "AIANNHNS": "00023763", "AREALAND": 11535075609.0, "ALANDHIST": 11535075609.0, "AREAWATER": 883039.0, "AWATERHIST": 883039.0, "AIANNHCC": "D1", "EFFDATE": null, "ESTABDATE": null, "FUNCSTAT": "A", "GCFLG": null, "GEOID": "4200M", "LSADC": "86", "MTFCC": "G2100", "BASENAME": "Tohono O'odham Nation", "NAME": "Tohono O'odham Nation Reservation and Off-Reservation Trust Land", "ObjID": "251901230456558", "AIANNHCOMP": "M", "STATEFP1": "0473950", "STATEFP2": null, "STATEFP3": null, "UR": null, "VINTAGE": "90", "AIANNHFP1": "04-73950", "AIANNHFP2": null, "AIANNHFP3": null, "HU100": null, "POP100": null, "CENTLAT": "+32.1502060", "CENTLON": "-112.0448619", "INTPTLAT": "+32.1500358", "INTPTLON": "-112.0704020", "STGEOMETRY_AREA": 16140873956.8624, "STGEOMETRY_LEN": 833921.75749800005 }, "geometry": { "type": "Point", "coordinates": [ -111.81765, 31.98568 ] } },
{ "type": "Feature", "properties": { "OBJECTID": 954, "Join_Count": 1, "TARGET_FID": 954, "JOIN_FID": 87, "DEP_ID": "10026835", "SITE_NAME": "Badger Mine", "DEV_STAT": "Producer", "URL": "https://mrdata.usgs.gov/mrds/show-mrds.php?dep_id=10026835", "CODE_LIST": " AU AG", "Grade": "C", "AIANNH": "4200", "FSRFLG": "F", "AIANNHNS": "00023763", "AREALAND": 11535075609.0, "ALANDHIST": 11535075609.0, "AREAWATER": 883039.0, "AWATERHIST": 883039.0, "AIANNHCC": "D1", "EFFDATE": null, "ESTABDATE": null, "FUNCSTAT": "A", "GCFLG": null, "GEOID": "4200M", "LSADC": "86", "MTFCC": "G2100", "BASENAME": "Tohono O'odham Nation", "NAME": "Tohono O'odham Nation Reservation and Off-Reservation Trust Land", "ObjID": "251901230456558", "AIANNHCOMP": "M", "STATEFP1": "0473950", "STATEFP2": null, "STATEFP3": null, "UR": null, "VINTAGE": "90", "AIANNHFP1": "04-73950", "AIANNHFP2": null, "AIANNHFP3": null, "HU100": null, "POP100": null, "CENTLAT": "+32.1502060", "CENTLON": "-112.0448619", "INTPTLAT": "+32.1500358", "INTPTLON": "-112.0704020", "STGEOMETRY_AREA": 16140873956.8624, "STGEOMETRY_LEN": 833921.75749800005 }, "geometry": { "type": "Point", "coordinates": [ -111.82099, 31.99262 ] } },
{ "type": "Feature", "properties": { "OBJECTID": 955, "Join_Count": 1, "TARGET_FID": 955, "JOIN_FID": 87, "DEP_ID": "10026912", "SITE_NAME": "Sherwood Mine", "DEV_STAT": "Producer", "URL": "https://mrdata.usgs.gov/mrds/show-mrds.php?dep_id=10026912", "CODE_LIST": " CU AG AU", "Grade": "B", "AIANNH": "4200", "FSRFLG": "F", "AIANNHNS": "00023763", "AREALAND": 11535075609.0, "ALANDHIST": 11535075609.0, "AREAWATER": 883039.0, "AWATERHIST": 883039.0, "AIANNHCC": "D1", "EFFDATE": null, "ESTABDATE": null, "FUNCSTAT": "A", "GCFLG": null, "GEOID": "4200M", "LSADC": "86", "MTFCC": "G2100", "BASENAME": "Tohono O'odham Nation", "NAME": "Tohono O'odham Nation Reservation and Off-Reservation Trust Land", "ObjID": "251901230456558", "AIANNHCOMP": "M", "STATEFP1": "0473950", "STATEFP2": null, "STATEFP3": null, "UR": null, "VINTAGE": "90", "AIANNHFP1": "04-73950", "AIANNHFP2": null, "AIANNHFP3": null, "HU100": null, "POP100": null, "CENTLAT": "+32.1502060", "CENTLON": "-112.0448619", "INTPTLAT": "+32.1500358", "INTPTLON": "-112.0704020", "STGEOMETRY_AREA": 16140873956.8624, "STGEOMETRY_LEN": 833921.75749800005 }, "geometry": { "type": "Point", "coordinates": [ -111.86432, 31.99706 ] } },
{ "type": "Feature", "properties": { "OBJECTID": 956, "Join_Count": 1, "TARGET_FID": 956, "JOIN_FID": 87, "DEP_ID": "10026751", "SITE_NAME": "Corona Group", "DEV_STAT": "Producer", "URL": "https://mrdata.usgs.gov/mrds/show-mrds.php?dep_id=10026751", "CODE_LIST": " AU", "Grade": "C", "AIANNH": "4200", "FSRFLG": "F", "AIANNHNS": "00023763", "AREALAND": 11535075609.0, "ALANDHIST": 11535075609.0, "AREAWATER": 883039.0, "AWATERHIST": 883039.0, "AIANNHCC": "D1", "EFFDATE": null, "ESTABDATE": null, "FUNCSTAT": "A", "GCFLG": null, "GEOID": "4200M", "LSADC": "86", "MTFCC": "G2100", "BASENAME": "Tohono O'odham Nation", "NAME": "Tohono O'odham Nation Reservation and Off-Reservation Trust Land", "ObjID": "251901230456558", "AIANNHCOMP": "M", "STATEFP1": "0473950", "STATEFP2": null, "STATEFP3": null, "UR": null, "VINTAGE": "90", "AIANNHFP1": "04-73950", "AIANNHFP2": null, "AIANNHFP3": null, "HU100": null, "POP100": null, "CENTLAT": "+32.1502060", "CENTLON": "-112.0448619", "INTPTLAT": "+32.1500358", "INTPTLON": "-112.0704020", "STGEOMETRY_AREA": 16140873956.8624, "STGEOMETRY_LEN": 833921.75749800005 }, "geometry": { "type": "Point", "coordinates": [ -111.82377, 32.00873 ] } },
{ "type": "Feature", "properties": { "OBJECTID": 959, "Join_Count": 1, "TARGET_FID": 959, "JOIN_FID": 87, "DEP_ID": "10026872", "SITE_NAME": "Comobabi and Crusader Mines", "DEV_STAT": "Producer", "URL": "https://mrdata.usgs.gov/mrds/show-mrds.php?dep_id=10026872", "CODE_LIST": " AG CU AU PB", "Grade": "C", "AIANNH": "4200", "FSRFLG": "F", "AIANNHNS": "00023763", "AREALAND": 11535075609.0, "ALANDHIST": 11535075609.0, "AREAWATER": 883039.0, "AWATERHIST": 883039.0, "AIANNHCC": "D1", "EFFDATE": null, "ESTABDATE": null, "FUNCSTAT": "A", "GCFLG": null, "GEOID": "4200M", "LSADC": "86", "MTFCC": "G2100", "BASENAME": "Tohono O'odham Nation", "NAME": "Tohono O'odham Nation Reservation and Off-Reservation Trust Land", "ObjID": "251901230456558", "AIANNHCOMP": "M", "STATEFP1": "0473950", "STATEFP2": null, "STATEFP3": null, "UR": null, "VINTAGE": "90", "AIANNHFP1": "04-73950", "AIANNHFP2": null, "AIANNHFP3": null, "HU100": null, "POP100": null, "CENTLAT": "+32.1502060", "CENTLON": "-112.0448619", "INTPTLAT": "+32.1500358", "INTPTLON": "-112.0704020", "STGEOMETRY_AREA": 16140873956.8624, "STGEOMETRY_LEN": 833921.75749800005 }, "geometry": { "type": "Point", "coordinates": [ -111.88849, 32.01373 ] } },
{ "type": "Feature", "properties": { "OBJECTID": 961, "Join_Count": 1, "TARGET_FID": 961, "JOIN_FID": 87, "DEP_ID": "10039668", "SITE_NAME": "San Xavier Mine", "DEV_STAT": "Producer", "URL": "https://mrdata.usgs.gov/mrds/show-mrds.php?dep_id=10039668", "CODE_LIST": " CU_S CU_O AG MO", "Grade": "B", "AIANNH": "4200", "FSRFLG": "F", "AIANNHNS": "00023763", "AREALAND": 11535075609.0, "ALANDHIST": 11535075609.0, "AREAWATER": 883039.0, "AWATERHIST": 883039.0, "AIANNHCC": "D1", "EFFDATE": null, "ESTABDATE": null, "FUNCSTAT": "A", "GCFLG": null, "GEOID": "4200M", "LSADC": "86", "MTFCC": "G2100", "BASENAME": "Tohono O'odham Nation", "NAME": "Tohono O'odham Nation Reservation and Off-Reservation Trust Land", "ObjID": "251901230456558", "AIANNHCOMP": "M", "STATEFP1": "0473950", "STATEFP2": null, "STATEFP3": null, "UR": null, "VINTAGE": "90", "AIANNHFP1": "04-73950", "AIANNHFP2": null, "AIANNHFP3": null, "HU100": null, "POP100": null, "CENTLAT": "+32.1502060", "CENTLON": "-112.0448619", "INTPTLAT": "+32.1500358", "INTPTLON": "-112.0704020", "STGEOMETRY_AREA": 16140873956.8624, "STGEOMETRY_LEN": 833921.75749800005 }, "geometry": { "type": "Point", "coordinates": [ -111.08152, 32.02762 ] } },
{ "type": "Feature", "properties": { "OBJECTID": 962, "Join_Count": 1, "TARGET_FID": 962, "JOIN_FID": 87, "DEP_ID": "10108963", "SITE_NAME": "Sun Gold Mine", "DEV_STAT": "Producer", "URL": "https://mrdata.usgs.gov/mrds/show-mrds.php?dep_id=10108963", "CODE_LIST": " AU PB AG ZN CU", "Grade": "B", "AIANNH": "4200", "FSRFLG": "F", "AIANNHNS": "00023763", "AREALAND": 11535075609.0, "ALANDHIST": 11535075609.0, "AREAWATER": 883039.0, "AWATERHIST": 883039.0, "AIANNHCC": "D1", "EFFDATE": null, "ESTABDATE": null, "FUNCSTAT": "A", "GCFLG": null, "GEOID": "4200M", "LSADC": "86", "MTFCC": "G2100", "BASENAME": "Tohono O'odham Nation", "NAME": "Tohono O'odham Nation Reservation and Off-Reservation Trust Land", "ObjID": "251901230456558", "AIANNHCOMP": "M", "STATEFP1": "0473950", "STATEFP2": null, "STATEFP3": null, "UR": null, "VINTAGE": "90", "AIANNHFP1": "04-73950", "AIANNHFP2": null, "AIANNHFP3": null, "HU100": null, "POP100": null, "CENTLAT": "+32.1502060", "CENTLON": "-112.0448619", "INTPTLAT": "+32.1500358", "INTPTLON": "-112.0704020", "STGEOMETRY_AREA": 16140873956.8624, "STGEOMETRY_LEN": 833921.75749800005 }, "geometry": { "type": "Point", "coordinates": [ -111.91682, 32.03067 ] } },
{ "type": "Feature", "properties": { "OBJECTID": 965, "Join_Count": 1, "TARGET_FID": 965, "JOIN_FID": 87, "DEP_ID": "10039669", "SITE_NAME": "Cunquian Mine", "DEV_STAT": "Producer", "URL": "https://mrdata.usgs.gov/mrds/show-mrds.php?dep_id=10039669", "CODE_LIST": " AU AG CU PB ZN", "Grade": "C", "AIANNH": "4200", "FSRFLG": "F", "AIANNHNS": "00023763", "AREALAND": 11535075609.0, "ALANDHIST": 11535075609.0, "AREAWATER": 883039.0, "AWATERHIST": 883039.0, "AIANNHCC": "D1", "EFFDATE": null, "ESTABDATE": null, "FUNCSTAT": "A", "GCFLG": null, "GEOID": "4200M", "LSADC": "86", "MTFCC": "G2100", "BASENAME": "Tohono O'odham Nation", "NAME": "Tohono O'odham Nation Reservation and Off-Reservation Trust Land", "ObjID": "251901230456558", "AIANNHCOMP": "M", "STATEFP1": "0473950", "STATEFP2": null, "STATEFP3": null, "UR": null, "VINTAGE": "90", "AIANNHFP1": "04-73950", "AIANNHFP2": null, "AIANNHFP3": null, "HU100": null, "POP100": null, "CENTLAT": "+32.1502060", "CENTLON": "-112.0448619", "INTPTLAT": "+32.1500358", "INTPTLON": "-112.0704020", "STGEOMETRY_AREA": 16140873956.8624, "STGEOMETRY_LEN": 833921.75749800005 }, "geometry": { "type": "Point", "coordinates": [ -111.96571, 32.04067 ] } },
{ "type": "Feature", "properties": { "OBJECTID": 966, "Join_Count": 1, "TARGET_FID": 966, "JOIN_FID": 87, "DEP_ID": "10026855", "SITE_NAME": "Desert Lode Mine", "DEV_STAT": "Producer", "URL": "https://mrdata.usgs.gov/mrds/show-mrds.php?dep_id=10026855", "CODE_LIST": " AU AG", "Grade": "C", "AIANNH": "4200", "FSRFLG": "F", "AIANNHNS": "00023763", "AREALAND": 11535075609.0, "ALANDHIST": 11535075609.0, "AREAWATER": 883039.0, "AWATERHIST": 883039.0, "AIANNHCC": "D1", "EFFDATE": null, "ESTABDATE": null, "FUNCSTAT": "A", "GCFLG": null, "GEOID": "4200M", "LSADC": "86", "MTFCC": "G2100", "BASENAME": "Tohono O'odham Nation", "NAME": "Tohono O'odham Nation Reservation and Off-Reservation Trust Land", "ObjID": "251901230456558", "AIANNHCOMP": "M", "STATEFP1": "0473950", "STATEFP2": null, "STATEFP3": null, "UR": null, "VINTAGE": "90", "AIANNHFP1": "04-73950", "AIANNHFP2": null, "AIANNHFP3": null, "HU100": null, "POP100": null, "CENTLAT": "+32.1502060", "CENTLON": "-112.0448619", "INTPTLAT": "+32.1500358", "INTPTLON": "-112.0704020", "STGEOMETRY_AREA": 16140873956.8624, "STGEOMETRY_LEN": 833921.75749800005 }, "geometry": { "type": "Point", "coordinates": [ -111.95599, 32.04067 ] } },
{ "type": "Feature", "properties": { "OBJECTID": 968, "Join_Count": 1, "TARGET_FID": 968, "JOIN_FID": 87, "DEP_ID": "10026978", "SITE_NAME": "England - Hill - Bixby Groups", "DEV_STAT": "Occurrence", "URL": "https://mrdata.usgs.gov/mrds/show-mrds.php?dep_id=10026978", "CODE_LIST": " U TH", "Grade": "C", "AIANNH": "4200", "FSRFLG": "F", "AIANNHNS": "00023763", "AREALAND": 11535075609.0, "ALANDHIST": 11535075609.0, "AREAWATER": 883039.0, "AWATERHIST": 883039.0, "AIANNHCC": "D1", "EFFDATE": null, "ESTABDATE": null, "FUNCSTAT": "A", "GCFLG": null, "GEOID": "4200M", "LSADC": "86", "MTFCC": "G2100", "BASENAME": "Tohono O'odham Nation", "NAME": "Tohono O'odham Nation Reservation and Off-Reservation Trust Land", "ObjID": "251901230456558", "AIANNHCOMP": "M", "STATEFP1": "0473950", "STATEFP2": null, "STATEFP3": null, "UR": null, "VINTAGE": "90", "AIANNHFP1": "04-73950", "AIANNHFP2": null, "AIANNHFP3": null, "HU100": null, "POP100": null, "CENTLAT": "+32.1502060", "CENTLON": "-112.0448619", "INTPTLAT": "+32.1500358", "INTPTLON": "-112.0704020", "STGEOMETRY_AREA": 16140873956.8624, "STGEOMETRY_LEN": 833921.75749800005 }, "geometry": { "type": "Point", "coordinates": [ -111.11708, 32.0429 ] } },
{ "type": "Feature", "properties": { "OBJECTID": 972, "Join_Count": 1, "TARGET_FID": 972, "JOIN_FID": 87, "DEP_ID": "10039656", "SITE_NAME": "Roadside Mine", "DEV_STAT": "Occurrence", "URL": "https://mrdata.usgs.gov/mrds/show-mrds.php?dep_id=10039656", "CODE_LIST": " CU AG AU HG", "Grade": "B", "AIANNH": "4200", "FSRFLG": "F", "AIANNHNS": "00023763", "AREALAND": 11535075609.0, "ALANDHIST": 11535075609.0, "AREAWATER": 883039.0, "AWATERHIST": 883039.0, "AIANNHCC": "D1", "EFFDATE": null, "ESTABDATE": null, "FUNCSTAT": "A", "GCFLG": null, "GEOID": "4200M", "LSADC": "86", "MTFCC": "G2100", "BASENAME": "Tohono O'odham Nation", "NAME": "Tohono O'odham Nation Reservation and Off-Reservation Trust Land", "ObjID": "251901230456558", "AIANNHCOMP": "M", "STATEFP1": "0473950", "STATEFP2": null, "STATEFP3": null, "UR": null, "VINTAGE": "90", "AIANNHFP1": "04-73950", "AIANNHFP2": null, "AIANNHFP3": null, "HU100": null, "POP100": null, "CENTLAT": "+32.1502060", "CENTLON": "-112.0448619", "INTPTLAT": "+32.1500358", "INTPTLON": "-112.0704020", "STGEOMETRY_AREA": 16140873956.8624, "STGEOMETRY_LEN": 833921.75749800005 }, "geometry": { "type": "Point", "coordinates": [ -111.51181, 32.04512 ] } },
{ "type": "Feature", "properties": { "OBJECTID": 975, "Join_Count": 1, "TARGET_FID": 975, "JOIN_FID": 87, "DEP_ID": "10109014", "SITE_NAME": "Ben Lomand Mines", "DEV_STAT": "Producer", "URL": "https://mrdata.usgs.gov/mrds/show-mrds.php?dep_id=10109014", "CODE_LIST": " AU AG PB CU ZN", "Grade": "B", "AIANNH": "4200", "FSRFLG": "F", "AIANNHNS": "00023763", "AREALAND": 11535075609.0, "ALANDHIST": 11535075609.0, "AREAWATER": 883039.0, "AWATERHIST": 883039.0, "AIANNHCC": "D1", "EFFDATE": null, "ESTABDATE": null, "FUNCSTAT": "A", "GCFLG": null, "GEOID": "4200M", "LSADC": "86", "MTFCC": "G2100", "BASENAME": "Tohono O'odham Nation", "NAME": "Tohono O'odham Nation Reservation and Off-Reservation Trust Land", "ObjID": "251901230456558", "AIANNHCOMP": "M", "STATEFP1": "0473950", "STATEFP2": null, "STATEFP3": null, "UR": null, "VINTAGE": "90", "AIANNHFP1": "04-73950", "AIANNHFP2": null, "AIANNHFP3": null, "HU100": null, "POP100": null, "CENTLAT": "+32.1502060", "CENTLON": "-112.0448619", "INTPTLAT": "+32.1500358", "INTPTLON": "-112.0704020", "STGEOMETRY_AREA": 16140873956.8624, "STGEOMETRY_LEN": 833921.75749800005 }, "geometry": { "type": "Point", "coordinates": [ -112.13683, 32.04928 ] } },
{ "type": "Feature", "properties": { "OBJECTID": 977, "Join_Count": 1, "TARGET_FID": 977, "JOIN_FID": 87, "DEP_ID": "10109619", "SITE_NAME": "Picacho Mine", "DEV_STAT": "Producer", "URL": "https://mrdata.usgs.gov/mrds/show-mrds.php?dep_id=10109619", "CODE_LIST": " AG AU CU PB ZN", "Grade": "B", "AIANNH": "4200", "FSRFLG": "F", "AIANNHNS": "00023763", "AREALAND": 11535075609.0, "ALANDHIST": 11535075609.0, "AREAWATER": 883039.0, "AWATERHIST": 883039.0, "AIANNHCC": "D1", "EFFDATE": null, "ESTABDATE": null, "FUNCSTAT": "A", "GCFLG": null, "GEOID": "4200M", "LSADC": "86", "MTFCC": "G2100", "BASENAME": "Tohono O'odham Nation", "NAME": "Tohono O'odham Nation Reservation and Off-Reservation Trust Land", "ObjID": "251901230456558", "AIANNHCOMP": "M", "STATEFP1": "0473950", "STATEFP2": null, "STATEFP3": null, "UR": null, "VINTAGE": "90", "AIANNHFP1": "04-73950", "AIANNHFP2": null, "AIANNHFP3": null, "HU100": null, "POP100": null, "CENTLAT": "+32.1502060", "CENTLON": "-112.0448619", "INTPTLAT": "+32.1500358", "INTPTLON": "-112.0704020", "STGEOMETRY_AREA": 16140873956.8624, "STGEOMETRY_LEN": 833921.75749800005 }, "geometry": { "type": "Point", "coordinates": [ -111.94765, 32.0565 ] } },
{ "type": "Feature", "properties": { "OBJECTID": 978, "Join_Count": 1, "TARGET_FID": 978, "JOIN_FID": 87, "DEP_ID": "10108976", "SITE_NAME": "Columbia Mine Group", "DEV_STAT": "Producer", "URL": "https://mrdata.usgs.gov/mrds/show-mrds.php?dep_id=10108976", "CODE_LIST": " CU AG AU", "Grade": "C", "AIANNH": "4200", "FSRFLG": "F", "AIANNHNS": "00023763", "AREALAND": 11535075609.0, "ALANDHIST": 11535075609.0, "AREAWATER": 883039.0, "AWATERHIST": 883039.0, "AIANNHCC": "D1", "EFFDATE": null, "ESTABDATE": null, "FUNCSTAT": "A", "GCFLG": null, "GEOID": "4200M", "LSADC": "86", "MTFCC": "G2100", "BASENAME": "Tohono O'odham Nation", "NAME": "Tohono O'odham Nation Reservation and Off-Reservation Trust Land", "ObjID": "251901230456558", "AIANNHCOMP": "M", "STATEFP1": "0473950", "STATEFP2": null, "STATEFP3": null, "UR": null, "VINTAGE": "90", "AIANNHFP1": "04-73950", "AIANNHFP2": null, "AIANNHFP3": null, "HU100": null, "POP100": null, "CENTLAT": "+32.1502060", "CENTLON": "-112.0448619", "INTPTLAT": "+32.1500358", "INTPTLON": "-112.0704020", "STGEOMETRY_AREA": 16140873956.8624, "STGEOMETRY_LEN": 833921.75749800005 }, "geometry": { "type": "Point", "coordinates": [ -111.78821, 32.05844 ] } },
{ "type": "Feature", "properties": { "OBJECTID": 980, "Join_Count": 1, "TARGET_FID": 980, "JOIN_FID": 87, "DEP_ID": "10026804", "SITE_NAME": "Old Timer Mine", "DEV_STAT": "Producer", "URL": "https://mrdata.usgs.gov/mrds/show-mrds.php?dep_id=10026804", "CODE_LIST": " AG CU AU", "Grade": "C", "AIANNH": "4200", "FSRFLG": "F", "AIANNHNS": "00023763", "AREALAND": 11535075609.0, "ALANDHIST": 11535075609.0, "AREAWATER": 883039.0, "AWATERHIST": 883039.0, "AIANNHCC": "D1", "EFFDATE": null, "ESTABDATE": null, "FUNCSTAT": "A", "GCFLG": null, "GEOID": "4200M", "LSADC": "86", "MTFCC": "G2100", "BASENAME": "Tohono O'odham Nation", "NAME": "Tohono O'odham Nation Reservation and Off-Reservation Trust Land", "ObjID": "251901230456558", "AIANNHCOMP": "M", "STATEFP1": "0473950", "STATEFP2": null, "STATEFP3": null, "UR": null, "VINTAGE": "90", "AIANNHFP1": "04-73950", "AIANNHFP2": null, "AIANNHFP3": null, "HU100": null, "POP100": null, "CENTLAT": "+32.1502060", "CENTLON": "-112.0448619", "INTPTLAT": "+32.1500358", "INTPTLON": "-112.0704020", "STGEOMETRY_AREA": 16140873956.8624, "STGEOMETRY_LEN": 833921.75749800005 }, "geometry": { "type": "Point", "coordinates": [ -111.93182, 32.06178 ] } },
{ "type": "Feature", "properties": { "OBJECTID": 981, "Join_Count": 1, "TARGET_FID": 981, "JOIN_FID": 87, "DEP_ID": "10026740", "SITE_NAME": "Weldon Mine", "DEV_STAT": "Producer", "URL": "https://mrdata.usgs.gov/mrds/show-mrds.php?dep_id=10026740", "CODE_LIST": " AU AG PB CU ZN", "Grade": "B", "AIANNH": "4200", "FSRFLG": "F", "AIANNHNS": "00023763", "AREALAND": 11535075609.0, "ALANDHIST": 11535075609.0, "AREAWATER": 883039.0, "AWATERHIST": 883039.0, "AIANNHCC": "D1", "EFFDATE": null, "ESTABDATE": null, "FUNCSTAT": "A", "GCFLG": null, "GEOID": "4200M", "LSADC": "86", "MTFCC": "G2100", "BASENAME": "Tohono O'odham Nation", "NAME": "Tohono O'odham Nation Reservation and Off-Reservation Trust Land", "ObjID": "251901230456558", "AIANNHCOMP": "M", "STATEFP1": "0473950", "STATEFP2": null, "STATEFP3": null, "UR": null, "VINTAGE": "90", "AIANNHFP1": "04-73950", "AIANNHFP2": null, "AIANNHFP3": null, "HU100": null, "POP100": null, "CENTLAT": "+32.1502060", "CENTLON": "-112.0448619", "INTPTLAT": "+32.1500358", "INTPTLON": "-112.0704020", "STGEOMETRY_AREA": 16140873956.8624, "STGEOMETRY_LEN": 833921.75749800005 }, "geometry": { "type": "Point", "coordinates": [ -112.15183, 32.06289 ] } },
{ "type": "Feature", "properties": { "OBJECTID": 983, "Join_Count": 1, "TARGET_FID": 983, "JOIN_FID": 87, "DEP_ID": "10026796", "SITE_NAME": "Silver Queen Mine", "DEV_STAT": "Producer", "URL": "https://mrdata.usgs.gov/mrds/show-mrds.php?dep_id=10026796", "CODE_LIST": " AG CU AU PB", "Grade": "B", "AIANNH": "4200", "FSRFLG": "F", "AIANNHNS": "00023763", "AREALAND": 11535075609.0, "ALANDHIST": 11535075609.0, "AREAWATER": 883039.0, "AWATERHIST": 883039.0, "AIANNHCC": "D1", "EFFDATE": null, "ESTABDATE": null, "FUNCSTAT": "A", "GCFLG": null, "GEOID": "4200M", "LSADC": "86", "MTFCC": "G2100", "BASENAME": "Tohono O'odham Nation", "NAME": "Tohono O'odham Nation Reservation and Off-Reservation Trust Land", "ObjID": "251901230456558", "AIANNHCOMP": "M", "STATEFP1": "0473950", "STATEFP2": null, "STATEFP3": null, "UR": null, "VINTAGE": "90", "AIANNHFP1": "04-73950", "AIANNHFP2": null, "AIANNHFP3": null, "HU100": null, "POP100": null, "CENTLAT": "+32.1502060", "CENTLON": "-112.0448619", "INTPTLAT": "+32.1500358", "INTPTLON": "-112.0704020", "STGEOMETRY_AREA": 16140873956.8624, "STGEOMETRY_LEN": 833921.75749800005 }, "geometry": { "type": "Point", "coordinates": [ -111.93738, 32.0665 ] } },
{ "type": "Feature", "properties": { "OBJECTID": 990, "Join_Count": 1, "TARGET_FID": 990, "JOIN_FID": 87, "DEP_ID": "10039662", "SITE_NAME": "Silver Dollar Claims", "DEV_STAT": "Occurrence", "URL": "https://mrdata.usgs.gov/mrds/show-mrds.php?dep_id=10039662", "CODE_LIST": " W BA", "Grade": "C", "AIANNH": "4200", "FSRFLG": "F", "AIANNHNS": "00023763", "AREALAND": 11535075609.0, "ALANDHIST": 11535075609.0, "AREAWATER": 883039.0, "AWATERHIST": 883039.0, "AIANNHCC": "D1", "EFFDATE": null, "ESTABDATE": null, "FUNCSTAT": "A", "GCFLG": null, "GEOID": "4200M", "LSADC": "86", "MTFCC": "G2100", "BASENAME": "Tohono O'odham Nation", "NAME": "Tohono O'odham Nation Reservation and Off-Reservation Trust Land", "ObjID": "251901230456558", "AIANNHCOMP": "M", "STATEFP1": "0473950", "STATEFP2": null, "STATEFP3": null, "UR": null, "VINTAGE": "90", "AIANNHFP1": "04-73950", "AIANNHFP2": null, "AIANNHFP3": null, "HU100": null, "POP100": null, "CENTLAT": "+32.1502060", "CENTLON": "-112.0448619", "INTPTLAT": "+32.1500358", "INTPTLON": "-112.0704020", "STGEOMETRY_AREA": 16140873956.8624, "STGEOMETRY_LEN": 833921.75749800005 }, "geometry": { "type": "Point", "coordinates": [ -111.95321, 32.07817 ] } },
{ "type": "Feature", "properties": { "OBJECTID": 991, "Join_Count": 1, "TARGET_FID": 991, "JOIN_FID": 87, "DEP_ID": "10039663", "SITE_NAME": "Coyote Hole Claims", "DEV_STAT": "Producer", "URL": "https://mrdata.usgs.gov/mrds/show-mrds.php?dep_id=10039663", "CODE_LIST": " W CU", "Grade": "B", "AIANNH": "4200", "FSRFLG": "F", "AIANNHNS": "00023763", "AREALAND": 11535075609.0, "ALANDHIST": 11535075609.0, "AREAWATER": 883039.0, "AWATERHIST": 883039.0, "AIANNHCC": "D1", "EFFDATE": null, "ESTABDATE": null, "FUNCSTAT": "A", "GCFLG": null, "GEOID": "4200M", "LSADC": "86", "MTFCC": "G2100", "BASENAME": "Tohono O'odham Nation", "NAME": "Tohono O'odham Nation Reservation and Off-Reservation Trust Land", "ObjID": "251901230456558", "AIANNHCOMP": "M", "STATEFP1": "0473950", "STATEFP2": null, "STATEFP3": null, "UR": null, "VINTAGE": "90", "AIANNHFP1": "04-73950", "AIANNHFP2": null, "AIANNHFP3": null, "HU100": null, "POP100": null, "CENTLAT": "+32.1502060", "CENTLON": "-112.0448619", "INTPTLAT": "+32.1500358", "INTPTLON": "-112.0704020", "STGEOMETRY_AREA": 16140873956.8624, "STGEOMETRY_LEN": 833921.75749800005 }, "geometry": { "type": "Point", "coordinates": [ -111.95377, 32.08261 ] } },
{ "type": "Feature", "properties": { "OBJECTID": 996, "Join_Count": 1, "TARGET_FID": 996, "JOIN_FID": 87, "DEP_ID": "10026742", "SITE_NAME": "Horseshoe Placers", "DEV_STAT": "Producer", "URL": "https://mrdata.usgs.gov/mrds/show-mrds.php?dep_id=10026742", "CODE_LIST": " AU AG", "Grade": "B", "AIANNH": "4200", "FSRFLG": "F", "AIANNHNS": "00023763", "AREALAND": 11535075609.0, "ALANDHIST": 11535075609.0, "AREAWATER": 883039.0, "AWATERHIST": 883039.0, "AIANNHCC": "D1", "EFFDATE": null, "ESTABDATE": null, "FUNCSTAT": "A", "GCFLG": null, "GEOID": "4200M", "LSADC": "86", "MTFCC": "G2100", "BASENAME": "Tohono O'odham Nation", "NAME": "Tohono O'odham Nation Reservation and Off-Reservation Trust Land", "ObjID": "251901230456558", "AIANNHCOMP": "M", "STATEFP1": "0473950", "STATEFP2": null, "STATEFP3": null, "UR": null, "VINTAGE": "90", "AIANNHFP1": "04-73950", "AIANNHFP2": null, "AIANNHFP3": null, "HU100": null, "POP100": null, "CENTLAT": "+32.1502060", "CENTLON": "-112.0448619", "INTPTLAT": "+32.1500358", "INTPTLON": "-112.0704020", "STGEOMETRY_AREA": 16140873956.8624, "STGEOMETRY_LEN": 833921.75749800005 }, "geometry": { "type": "Point", "coordinates": [ -112.1135, 32.09233 ] } },
{ "type": "Feature", "properties": { "OBJECTID": 1007, "Join_Count": 1, "TARGET_FID": 1007, "JOIN_FID": 87, "DEP_ID": "10108961", "SITE_NAME": "Morgan Mine Group", "DEV_STAT": "Producer", "URL": "https://mrdata.usgs.gov/mrds/show-mrds.php?dep_id=10108961", "CODE_LIST": " AU AG PB CU", "Grade": "B", "AIANNH": "4200", "FSRFLG": "F", "AIANNHNS": "00023763", "AREALAND": 11535075609.0, "ALANDHIST": 11535075609.0, "AREAWATER": 883039.0, "AWATERHIST": 883039.0, "AIANNHCC": "D1", "EFFDATE": null, "ESTABDATE": null, "FUNCSTAT": "A", "GCFLG": null, "GEOID": "4200M", "LSADC": "86", "MTFCC": "G2100", "BASENAME": "Tohono O'odham Nation", "NAME": "Tohono O'odham Nation Reservation and Off-Reservation Trust Land", "ObjID": "251901230456558", "AIANNHCOMP": "M", "STATEFP1": "0473950", "STATEFP2": null, "STATEFP3": null, "UR": null, "VINTAGE": "90", "AIANNHFP1": "04-73950", "AIANNHFP2": null, "AIANNHFP3": null, "HU100": null, "POP100": null, "CENTLAT": "+32.1502060", "CENTLON": "-112.0448619", "INTPTLAT": "+32.1500358", "INTPTLON": "-112.0704020", "STGEOMETRY_AREA": 16140873956.8624, "STGEOMETRY_LEN": 833921.75749800005 }, "geometry": { "type": "Point", "coordinates": [ -112.14183, 32.11261 ] } },
{ "type": "Feature", "properties": { "OBJECTID": 1014, "Join_Count": 1, "TARGET_FID": 1014, "JOIN_FID": 87, "DEP_ID": "10027153", "SITE_NAME": "White Prince Claim", "DEV_STAT": "Occurrence", "URL": "https://mrdata.usgs.gov/mrds/show-mrds.php?dep_id=10027153", "CODE_LIST": " BA F MN", "Grade": "C", "AIANNH": "4200", "FSRFLG": "F", "AIANNHNS": "00023763", "AREALAND": 11535075609.0, "ALANDHIST": 11535075609.0, "AREAWATER": 883039.0, "AWATERHIST": 883039.0, "AIANNHCC": "D1", "EFFDATE": null, "ESTABDATE": null, "FUNCSTAT": "A", "GCFLG": null, "GEOID": "4200M", "LSADC": "86", "MTFCC": "G2100", "BASENAME": "Tohono O'odham Nation", "NAME": "Tohono O'odham Nation Reservation and Off-Reservation Trust Land", "ObjID": "251901230456558", "AIANNHCOMP": "M", "STATEFP1": "0473950", "STATEFP2": null, "STATEFP3": null, "UR": null, "VINTAGE": "90", "AIANNHFP1": "04-73950", "AIANNHFP2": null, "AIANNHFP3": null, "HU100": null, "POP100": null, "CENTLAT": "+32.1502060", "CENTLON": "-112.0448619", "INTPTLAT": "+32.1500358", "INTPTLON": "-112.0704020", "STGEOMETRY_AREA": 16140873956.8624, "STGEOMETRY_LEN": 833921.75749800005 }, "geometry": { "type": "Point", "coordinates": [ -112.19016, 32.11872 ] } },
{ "type": "Feature", "properties": { "OBJECTID": 1015, "Join_Count": 1, "TARGET_FID": 1015, "JOIN_FID": 87, "DEP_ID": "10108958", "SITE_NAME": "Mocking Bird Mine Group", "DEV_STAT": "Producer", "URL": "https://mrdata.usgs.gov/mrds/show-mrds.php?dep_id=10108958", "CODE_LIST": " AU AG PB CU V", "Grade": "B", "AIANNH": "4200", "FSRFLG": "F", "AIANNHNS": "00023763", "AREALAND": 11535075609.0, "ALANDHIST": 11535075609.0, "AREAWATER": 883039.0, "AWATERHIST": 883039.0, "AIANNHCC": "D1", "EFFDATE": null, "ESTABDATE": null, "FUNCSTAT": "A", "GCFLG": null, "GEOID": "4200M", "LSADC": "86", "MTFCC": "G2100", "BASENAME": "Tohono O'odham Nation", "NAME": "Tohono O'odham Nation Reservation and Off-Reservation Trust Land", "ObjID": "251901230456558", "AIANNHCOMP": "M", "STATEFP1": "0473950", "STATEFP2": null, "STATEFP3": null, "UR": null, "VINTAGE": "90", "AIANNHFP1": "04-73950", "AIANNHFP2": null, "AIANNHFP3": null, "HU100": null, "POP100": null, "CENTLAT": "+32.1502060", "CENTLON": "-112.0448619", "INTPTLAT": "+32.1500358", "INTPTLON": "-112.0704020", "STGEOMETRY_AREA": 16140873956.8624, "STGEOMETRY_LEN": 833921.75749800005 }, "geometry": { "type": "Point", "coordinates": [ -112.13489, 32.12372 ] } },
{ "type": "Feature", "properties": { "OBJECTID": 1017, "Join_Count": 1, "TARGET_FID": 1017, "JOIN_FID": 87, "DEP_ID": "10026748", "SITE_NAME": "Horseshoe Basin Occurrence", "DEV_STAT": "Occurrence", "URL": "https://mrdata.usgs.gov/mrds/show-mrds.php?dep_id=10026748", "CODE_LIST": " FE CU AU", "Grade": "C", "AIANNH": "4200", "FSRFLG": "F", "AIANNHNS": "00023763", "AREALAND": 11535075609.0, "ALANDHIST": 11535075609.0, "AREAWATER": 883039.0, "AWATERHIST": 883039.0, "AIANNHCC": "D1", "EFFDATE": null, "ESTABDATE": null, "FUNCSTAT": "A", "GCFLG": null, "GEOID": "4200M", "LSADC": "86", "MTFCC": "G2100", "BASENAME": "Tohono O'odham Nation", "NAME": "Tohono O'odham Nation Reservation and Off-Reservation Trust Land", "ObjID": "251901230456558", "AIANNHCOMP": "M", "STATEFP1": "0473950", "STATEFP2": null, "STATEFP3": null, "UR": null, "VINTAGE": "90", "AIANNHFP1": "04-73950", "AIANNHFP2": null, "AIANNHFP3": null, "HU100": null, "POP100": null, "CENTLAT": "+32.1502060", "CENTLON": "-112.0448619", "INTPTLAT": "+32.1500358", "INTPTLON": "-112.0704020", "STGEOMETRY_AREA": 16140873956.8624, "STGEOMETRY_LEN": 833921.75749800005 }, "geometry": { "type": "Point", "coordinates": [ -112.13766, 32.12733 ] } },
{ "type": "Feature", "properties": { "OBJECTID": 1019, "Join_Count": 1, "TARGET_FID": 1019, "JOIN_FID": 87, "DEP_ID": "10026743", "SITE_NAME": "Linda Lee Claims", "DEV_STAT": "Producer", "URL": "https://mrdata.usgs.gov/mrds/show-mrds.php?dep_id=10026743", "CODE_LIST": " AU U", "Grade": "C", "AIANNH": "4200", "FSRFLG": "F", "AIANNHNS": "00023763", "AREALAND": 11535075609.0, "ALANDHIST": 11535075609.0, "AREAWATER": 883039.0, "AWATERHIST": 883039.0, "AIANNHCC": "D1", "EFFDATE": null, "ESTABDATE": null, "FUNCSTAT": "A", "GCFLG": null, "GEOID": "4200M", "LSADC": "86", "MTFCC": "G2100", "BASENAME": "Tohono O'odham Nation", "NAME": "Tohono O'odham Nation Reservation and Off-Reservation Trust Land", "ObjID": "251901230456558", "AIANNHCOMP": "M", "STATEFP1": "0473950", "STATEFP2": null, "STATEFP3": null, "UR": null, "VINTAGE": "90", "AIANNHFP1": "04-73950", "AIANNHFP2": null, "AIANNHFP3": null, "HU100": null, "POP100": null, "CENTLAT": "+32.1502060", "CENTLON": "-112.0448619", "INTPTLAT": "+32.1500358", "INTPTLON": "-112.0704020", "STGEOMETRY_AREA": 16140873956.8624, "STGEOMETRY_LEN": 833921.75749800005 }, "geometry": { "type": "Point", "coordinates": [ -112.12766, 32.13011 ] } },
{ "type": "Feature", "properties": { "OBJECTID": 1021, "Join_Count": 1, "TARGET_FID": 1021, "JOIN_FID": 87, "DEP_ID": "10027155", "SITE_NAME": "Ballas Mine Area", "DEV_STAT": "Producer", "URL": "https://mrdata.usgs.gov/mrds/show-mrds.php?dep_id=10027155", "CODE_LIST": " AG PB CU AU ZN", "Grade": "B", "AIANNH": "4200", "FSRFLG": "F", "AIANNHNS": "00023763", "AREALAND": 11535075609.0, "ALANDHIST": 11535075609.0, "AREAWATER": 883039.0, "AWATERHIST": 883039.0, "AIANNHCC": "D1", "EFFDATE": null, "ESTABDATE": null, "FUNCSTAT": "A", "GCFLG": null, "GEOID": "4200M", "LSADC": "86", "MTFCC": "G2100", "BASENAME": "Tohono O'odham Nation", "NAME": "Tohono O'odham Nation Reservation and Off-Reservation Trust Land", "ObjID": "251901230456558", "AIANNHCOMP": "M", "STATEFP1": "0473950", "STATEFP2": null, "STATEFP3": null, "UR": null, "VINTAGE": "90", "AIANNHFP1": "04-73950", "AIANNHFP2": null, "AIANNHFP3": null, "HU100": null, "POP100": null, "CENTLAT": "+32.1502060", "CENTLON": "-112.0448619", "INTPTLAT": "+32.1500358", "INTPTLON": "-112.0704020", "STGEOMETRY_AREA": 16140873956.8624, "STGEOMETRY_LEN": 833921.75749800005 }, "geometry": { "type": "Point", "coordinates": [ -112.14933, 32.13567 ] } },
{ "type": "Feature", "properties": { "OBJECTID": 1022, "Join_Count": 1, "TARGET_FID": 1022, "JOIN_FID": 87, "DEP_ID": "10026746", "SITE_NAME": "Stepp - Laive Occurrence", "DEV_STAT": "Occurrence", "URL": "https://mrdata.usgs.gov/mrds/show-mrds.php?dep_id=10026746", "CODE_LIST": " FE CU", "Grade": "C", "AIANNH": "4200", "FSRFLG": "F", "AIANNHNS": "00023763", "AREALAND": 11535075609.0, "ALANDHIST": 11535075609.0, "AREAWATER": 883039.0, "AWATERHIST": 883039.0, "AIANNHCC": "D1", "EFFDATE": null, "ESTABDATE": null, "FUNCSTAT": "A", "GCFLG": null, "GEOID": "4200M", "LSADC": "86", "MTFCC": "G2100", "BASENAME": "Tohono O'odham Nation", "NAME": "Tohono O'odham Nation Reservation and Off-Reservation Trust Land", "ObjID": "251901230456558", "AIANNHCOMP": "M", "STATEFP1": "0473950", "STATEFP2": null, "STATEFP3": null, "UR": null, "VINTAGE": "90", "AIANNHFP1": "04-73950", "AIANNHFP2": null, "AIANNHFP3": null, "HU100": null, "POP100": null, "CENTLAT": "+32.1502060", "CENTLON": "-112.0448619", "INTPTLAT": "+32.1500358", "INTPTLON": "-112.0704020", "STGEOMETRY_AREA": 16140873956.8624, "STGEOMETRY_LEN": 833921.75749800005 }, "geometry": { "type": "Point", "coordinates": [ -112.14572, 32.13705 ] } },
{ "type": "Feature", "properties": { "OBJECTID": 1024, "Join_Count": 1, "TARGET_FID": 1024, "JOIN_FID": 87, "DEP_ID": "10026803", "SITE_NAME": "Silver Giant Mine", "DEV_STAT": "Producer", "URL": "https://mrdata.usgs.gov/mrds/show-mrds.php?dep_id=10026803", "CODE_LIST": " AG CU", "Grade": "C", "AIANNH": "4200", "FSRFLG": "F", "AIANNHNS": "00023763", "AREALAND": 11535075609.0, "ALANDHIST": 11535075609.0, "AREAWATER": 883039.0, "AWATERHIST": 883039.0, "AIANNHCC": "D1", "EFFDATE": null, "ESTABDATE": null, "FUNCSTAT": "A", "GCFLG": null, "GEOID": "4200M", "LSADC": "86", "MTFCC": "G2100", "BASENAME": "Tohono O'odham Nation", "NAME": "Tohono O'odham Nation Reservation and Off-Reservation Trust Land", "ObjID": "251901230456558", "AIANNHCOMP": "M", "STATEFP1": "0473950", "STATEFP2": null, "STATEFP3": null, "UR": null, "VINTAGE": "90", "AIANNHFP1": "04-73950", "AIANNHFP2": null, "AIANNHFP3": null, "HU100": null, "POP100": null, "CENTLAT": "+32.1502060", "CENTLON": "-112.0448619", "INTPTLAT": "+32.1500358", "INTPTLON": "-112.0704020", "STGEOMETRY_AREA": 16140873956.8624, "STGEOMETRY_LEN": 833921.75749800005 }, "geometry": { "type": "Point", "coordinates": [ -111.84904, 32.13928 ] } },
{ "type": "Feature", "properties": { "OBJECTID": 1027, "Join_Count": 1, "TARGET_FID": 1027, "JOIN_FID": 87, "DEP_ID": "10027142", "SITE_NAME": "Bullion Bar Mine Group", "DEV_STAT": "Producer", "URL": "https://mrdata.usgs.gov/mrds/show-mrds.php?dep_id=10027142", "CODE_LIST": " AU AG CU W", "Grade": "B", "AIANNH": "4200", "FSRFLG": "F", "AIANNHNS": "00023763", "AREALAND": 11535075609.0, "ALANDHIST": 11535075609.0, "AREAWATER": 883039.0, "AWATERHIST": 883039.0, "AIANNHCC": "D1", "EFFDATE": null, "ESTABDATE": null, "FUNCSTAT": "A", "GCFLG": null, "GEOID": "4200M", "LSADC": "86", "MTFCC": "G2100", "BASENAME": "Tohono O'odham Nation", "NAME": "Tohono O'odham Nation Reservation and Off-Reservation Trust Land", "ObjID": "251901230456558", "AIANNHCOMP": "M", "STATEFP1": "0473950", "STATEFP2": null, "STATEFP3": null, "UR": null, "VINTAGE": "90", "AIANNHFP1": "04-73950", "AIANNHFP2": null, "AIANNHFP3": null, "HU100": null, "POP100": null, "CENTLAT": "+32.1502060", "CENTLON": "-112.0448619", "INTPTLAT": "+32.1500358", "INTPTLON": "-112.0704020", "STGEOMETRY_AREA": 16140873956.8624, "STGEOMETRY_LEN": 833921.75749800005 }, "geometry": { "type": "Point", "coordinates": [ -112.64462, 32.1415 ] } },
{ "type": "Feature", "properties": { "OBJECTID": 1038, "Join_Count": 1, "TARGET_FID": 1038, "JOIN_FID": 87, "DEP_ID": "10108960", "SITE_NAME": "Copper Squaw Mine", "DEV_STAT": "Producer", "URL": "https://mrdata.usgs.gov/mrds/show-mrds.php?dep_id=10108960", "CODE_LIST": " CU AG U", "Grade": "B", "AIANNH": "4200", "FSRFLG": "F", "AIANNHNS": "00023763", "AREALAND": 11535075609.0, "ALANDHIST": 11535075609.0, "AREAWATER": 883039.0, "AWATERHIST": 883039.0, "AIANNHCC": "D1", "EFFDATE": null, "ESTABDATE": null, "FUNCSTAT": "A", "GCFLG": null, "GEOID": "4200M", "LSADC": "86", "MTFCC": "G2100", "BASENAME": "Tohono O'odham Nation", "NAME": "Tohono O'odham Nation Reservation and Off-Reservation Trust Land", "ObjID": "251901230456558", "AIANNHCOMP": "M", "STATEFP1": "0473950", "STATEFP2": null, "STATEFP3": null, "UR": null, "VINTAGE": "90", "AIANNHFP1": "04-73950", "AIANNHFP2": null, "AIANNHFP3": null, "HU100": null, "POP100": null, "CENTLAT": "+32.1502060", "CENTLON": "-112.0448619", "INTPTLAT": "+32.1500358", "INTPTLON": "-112.0704020", "STGEOMETRY_AREA": 16140873956.8624, "STGEOMETRY_LEN": 833921.75749800005 }, "geometry": { "type": "Point", "coordinates": [ -112.10461, 32.164 ] } },
{ "type": "Feature", "properties": { "OBJECTID": 1039, "Join_Count": 1, "TARGET_FID": 1039, "JOIN_FID": 87, "DEP_ID": "10108959", "SITE_NAME": "St. Patrick Mine", "DEV_STAT": "Producer", "URL": "https://mrdata.usgs.gov/mrds/show-mrds.php?dep_id=10108959", "CODE_LIST": " CU AG AU", "Grade": "B", "AIANNH": "4200", "FSRFLG": "F", "AIANNHNS": "00023763", "AREALAND": 11535075609.0, "ALANDHIST": 11535075609.0, "AREAWATER": 883039.0, "AWATERHIST": 883039.0, "AIANNHCC": "D1", "EFFDATE": null, "ESTABDATE": null, "FUNCSTAT": "A", "GCFLG": null, "GEOID": "4200M", "LSADC": "86", "MTFCC": "G2100", "BASENAME": "Tohono O'odham Nation", "NAME": "Tohono O'odham Nation Reservation and Off-Reservation Trust Land", "ObjID": "251901230456558", "AIANNHCOMP": "M", "STATEFP1": "0473950", "STATEFP2": null, "STATEFP3": null, "UR": null, "VINTAGE": "90", "AIANNHFP1": "04-73950", "AIANNHFP2": null, "AIANNHFP3": null, "HU100": null, "POP100": null, "CENTLAT": "+32.1502060", "CENTLON": "-112.0448619", "INTPTLAT": "+32.1500358", "INTPTLON": "-112.0704020", "STGEOMETRY_AREA": 16140873956.8624, "STGEOMETRY_LEN": 833921.75749800005 }, "geometry": { "type": "Point", "coordinates": [ -112.16878, 32.16483 ] } },
{ "type": "Feature", "properties": { "OBJECTID": 1045, "Join_Count": 1, "TARGET_FID": 1045, "JOIN_FID": 87, "DEP_ID": "10027140", "SITE_NAME": "Lucky Strike Mine", "DEV_STAT": "Producer", "URL": "https://mrdata.usgs.gov/mrds/show-mrds.php?dep_id=10027140", "CODE_LIST": " AU AG CU", "Grade": "C", "AIANNH": "4200", "FSRFLG": "F", "AIANNHNS": "00023763", "AREALAND": 11535075609.0, "ALANDHIST": 11535075609.0, "AREAWATER": 883039.0, "AWATERHIST": 883039.0, "AIANNHCC": "D1", "EFFDATE": null, "ESTABDATE": null, "FUNCSTAT": "A", "GCFLG": null, "GEOID": "4200M", "LSADC": "86", "MTFCC": "G2100", "BASENAME": "Tohono O'odham Nation", "NAME": "Tohono O'odham Nation Reservation and Off-Reservation Trust Land", "ObjID": "251901230456558", "AIANNHCOMP": "M", "STATEFP1": "0473950", "STATEFP2": null, "STATEFP3": null, "UR": null, "VINTAGE": "90", "AIANNHFP1": "04-73950", "AIANNHFP2": null, "AIANNHFP3": null, "HU100": null, "POP100": null, "CENTLAT": "+32.1502060", "CENTLON": "-112.0448619", "INTPTLAT": "+32.1500358", "INTPTLON": "-112.0704020", "STGEOMETRY_AREA": 16140873956.8624, "STGEOMETRY_LEN": 833921.75749800005 }, "geometry": { "type": "Point", "coordinates": [ -112.65184, 32.17122 ] } },
{ "type": "Feature", "properties": { "OBJECTID": 1046, "Join_Count": 1, "TARGET_FID": 1046, "JOIN_FID": 87, "DEP_ID": "10048195", "SITE_NAME": "Sunset Limited Mine Group", "DEV_STAT": "Producer", "URL": "https://mrdata.usgs.gov/mrds/show-mrds.php?dep_id=10048195", "CODE_LIST": " AU AG W", "Grade": "B", "AIANNH": "4200", "FSRFLG": "F", "AIANNHNS": "00023763", "AREALAND": 11535075609.0, "ALANDHIST": 11535075609.0, "AREAWATER": 883039.0, "AWATERHIST": 883039.0, "AIANNHCC": "D1", "EFFDATE": null, "ESTABDATE": null, "FUNCSTAT": "A", "GCFLG": null, "GEOID": "4200M", "LSADC": "86", "MTFCC": "G2100", "BASENAME": "Tohono O'odham Nation", "NAME": "Tohono O'odham Nation Reservation and Off-Reservation Trust Land", "ObjID": "251901230456558", "AIANNHCOMP": "M", "STATEFP1": "0473950", "STATEFP2": null, "STATEFP3": null, "UR": null, "VINTAGE": "90", "AIANNHFP1": "04-73950", "AIANNHFP2": null, "AIANNHFP3": null, "HU100": null, "POP100": null, "CENTLAT": "+32.1502060", "CENTLON": "-112.0448619", "INTPTLAT": "+32.1500358", "INTPTLON": "-112.0704020", "STGEOMETRY_AREA": 16140873956.8624, "STGEOMETRY_LEN": 833921.75749800005 }, "geometry": { "type": "Point", "coordinates": [ -112.6324, 32.17928 ] } },
{ "type": "Feature", "properties": { "OBJECTID": 1048, "Join_Count": 1, "TARGET_FID": 1048, "JOIN_FID": 87, "DEP_ID": "10108957", "SITE_NAME": "Cara Vaca Mine", "DEV_STAT": "Producer", "URL": "https://mrdata.usgs.gov/mrds/show-mrds.php?dep_id=10108957", "CODE_LIST": " AU AG", "Grade": "B", "AIANNH": "4200", "FSRFLG": "F", "AIANNHNS": "00023763", "AREALAND": 11535075609.0, "ALANDHIST": 11535075609.0, "AREAWATER": 883039.0, "AWATERHIST": 883039.0, "AIANNHCC": "D1", "EFFDATE": null, "ESTABDATE": null, "FUNCSTAT": "A", "GCFLG": null, "GEOID": "4200M", "LSADC": "86", "MTFCC": "G2100", "BASENAME": "Tohono O'odham Nation", "NAME": "Tohono O'odham Nation Reservation and Off-Reservation Trust Land", "ObjID": "251901230456558", "AIANNHCOMP": "M", "STATEFP1": "0473950", "STATEFP2": null, "STATEFP3": null, "UR": null, "VINTAGE": "90", "AIANNHFP1": "04-73950", "AIANNHFP2": null, "AIANNHFP3": null, "HU100": null, "POP100": null, "CENTLAT": "+32.1502060", "CENTLON": "-112.0448619", "INTPTLAT": "+32.1500358", "INTPTLON": "-112.0704020", "STGEOMETRY_AREA": 16140873956.8624, "STGEOMETRY_LEN": 833921.75749800005 }, "geometry": { "type": "Point", "coordinates": [ -112.19878, 32.18039 ] } },
{ "type": "Feature", "properties": { "OBJECTID": 1062, "Join_Count": 1, "TARGET_FID": 1062, "JOIN_FID": 87, "DEP_ID": "10109009", "SITE_NAME": "Gunsight Mine", "DEV_STAT": "Producer", "URL": "https://mrdata.usgs.gov/mrds/show-mrds.php?dep_id=10109009", "CODE_LIST": " PB AG AU CU ZN BA", "Grade": "B", "AIANNH": "4200", "FSRFLG": "F", "AIANNHNS": "00023763", "AREALAND": 11535075609.0, "ALANDHIST": 11535075609.0, "AREAWATER": 883039.0, "AWATERHIST": 883039.0, "AIANNHCC": "D1", "EFFDATE": null, "ESTABDATE": null, "FUNCSTAT": "A", "GCFLG": null, "GEOID": "4200M", "LSADC": "86", "MTFCC": "G2100", "BASENAME": "Tohono O'odham Nation", "NAME": "Tohono O'odham Nation Reservation and Off-Reservation Trust Land", "ObjID": "251901230456558", "AIANNHCOMP": "M", "STATEFP1": "0473950", "STATEFP2": null, "STATEFP3": null, "UR": null, "VINTAGE": "90", "AIANNHFP1": "04-73950", "AIANNHFP2": null, "AIANNHFP3": null, "HU100": null, "POP100": null, "CENTLAT": "+32.1502060", "CENTLON": "-112.0448619", "INTPTLAT": "+32.1500358", "INTPTLON": "-112.0704020", "STGEOMETRY_AREA": 16140873956.8624, "STGEOMETRY_LEN": 833921.75749800005 }, "geometry": { "type": "Point", "coordinates": [ -112.6899, 32.204 ] } },
{ "type": "Feature", "properties": { "OBJECTID": 1063, "Join_Count": 1, "TARGET_FID": 1063, "JOIN_FID": 87, "DEP_ID": "10109853", "SITE_NAME": "Surprise Mine", "DEV_STAT": "Producer", "URL": "https://mrdata.usgs.gov/mrds/show-mrds.php?dep_id=10109853", "CODE_LIST": " AU PB AG", "Grade": "C", "AIANNH": "4200", "FSRFLG": "F", "AIANNHNS": "00023763", "AREALAND": 11535075609.0, "ALANDHIST": 11535075609.0, "AREAWATER": 883039.0, "AWATERHIST": 883039.0, "AIANNHCC": "D1", "EFFDATE": null, "ESTABDATE": null, "FUNCSTAT": "A", "GCFLG": null, "GEOID": "4200M", "LSADC": "86", "MTFCC": "G2100", "BASENAME": "Tohono O'odham Nation", "NAME": "Tohono O'odham Nation Reservation and Off-Reservation Trust Land", "ObjID": "251901230456558", "AIANNHCOMP": "M", "STATEFP1": "0473950", "STATEFP2": null, "STATEFP3": null, "UR": null, "VINTAGE": "90", "AIANNHFP1": "04-73950", "AIANNHFP2": null, "AIANNHFP3": null, "HU100": null, "POP100": null, "CENTLAT": "+32.1502060", "CENTLON": "-112.0448619", "INTPTLAT": "+32.1500358", "INTPTLON": "-112.0704020", "STGEOMETRY_AREA": 16140873956.8624, "STGEOMETRY_LEN": 833921.75749800005 }, "geometry": { "type": "Point", "coordinates": [ -112.68323, 32.204 ] } },
{ "type": "Feature", "properties": { "OBJECTID": 1071, "Join_Count": 1, "TARGET_FID": 1071, "JOIN_FID": 87, "DEP_ID": "10026737", "SITE_NAME": "Man's Dream Mine", "DEV_STAT": "Producer", "URL": "https://mrdata.usgs.gov/mrds/show-mrds.php?dep_id=10026737", "CODE_LIST": " CU AG", "Grade": "C", "AIANNH": "4200", "FSRFLG": "F", "AIANNHNS": "00023763", "AREALAND": 11535075609.0, "ALANDHIST": 11535075609.0, "AREAWATER": 883039.0, "AWATERHIST": 883039.0, "AIANNHCC": "D1", "EFFDATE": null, "ESTABDATE": null, "FUNCSTAT": "A", "GCFLG": null, "GEOID": "4200M", "LSADC": "86", "MTFCC": "G2100", "BASENAME": "Tohono O'odham Nation", "NAME": "Tohono O'odham Nation Reservation and Off-Reservation Trust Land", "ObjID": "251901230456558", "AIANNHCOMP": "M", "STATEFP1": "0473950", "STATEFP2": null, "STATEFP3": null, "UR": null, "VINTAGE": "90", "AIANNHFP1": "04-73950", "AIANNHFP2": null, "AIANNHFP3": null, "HU100": null, "POP100": null, "CENTLAT": "+32.1502060", "CENTLON": "-112.0448619", "INTPTLAT": "+32.1500358", "INTPTLON": "-112.0704020", "STGEOMETRY_AREA": 16140873956.8624, "STGEOMETRY_LEN": 833921.75749800005 }, "geometry": { "type": "Point", "coordinates": [ -112.17655, 32.22011 ] } },
{ "type": "Feature", "properties": { "OBJECTID": 1092, "Join_Count": 1, "TARGET_FID": 1092, "JOIN_FID": 87, "DEP_ID": "10026739", "SITE_NAME": "Brownell Mine", "DEV_STAT": "Producer", "URL": "https://mrdata.usgs.gov/mrds/show-mrds.php?dep_id=10026739", "CODE_LIST": " AG CU AU", "Grade": "B", "AIANNH": "4200", "FSRFLG": "F", "AIANNHNS": "00023763", "AREALAND": 11535075609.0, "ALANDHIST": 11535075609.0, "AREAWATER": 883039.0, "AWATERHIST": 883039.0, "AIANNHCC": "D1", "EFFDATE": null, "ESTABDATE": null, "FUNCSTAT": "A", "GCFLG": null, "GEOID": "4200M", "LSADC": "86", "MTFCC": "G2100", "BASENAME": "Tohono O'odham Nation", "NAME": "Tohono O'odham Nation Reservation and Off-Reservation Trust Land", "ObjID": "251901230456558", "AIANNHCOMP": "M", "STATEFP1": "0473950", "STATEFP2": null, "STATEFP3": null, "UR": null, "VINTAGE": "90", "AIANNHFP1": "04-73950", "AIANNHFP2": null, "AIANNHFP3": null, "HU100": null, "POP100": null, "CENTLAT": "+32.1502060", "CENTLON": "-112.0448619", "INTPTLAT": "+32.1500358", "INTPTLON": "-112.0704020", "STGEOMETRY_AREA": 16140873956.8624, "STGEOMETRY_LEN": 833921.75749800005 }, "geometry": { "type": "Point", "coordinates": [ -112.13933, 32.24817 ] } },
{ "type": "Feature", "properties": { "OBJECTID": 1139, "Join_Count": 1, "TARGET_FID": 1139, "JOIN_FID": 87, "DEP_ID": "10065817", "SITE_NAME": "Happy Jack", "DEV_STAT": "Occurrence", "URL": "https://mrdata.usgs.gov/mrds/show-mrds.php?dep_id=10065817", "CODE_LIST": " LST DOL", "Grade": "C", "AIANNH": "4200", "FSRFLG": "F", "AIANNHNS": "00023763", "AREALAND": 11535075609.0, "ALANDHIST": 11535075609.0, "AREAWATER": 883039.0, "AWATERHIST": 883039.0, "AIANNHCC": "D1", "EFFDATE": null, "ESTABDATE": null, "FUNCSTAT": "A", "GCFLG": null, "GEOID": "4200M", "LSADC": "86", "MTFCC": "G2100", "BASENAME": "Tohono O'odham Nation", "NAME": "Tohono O'odham Nation Reservation and Off-Reservation Trust Land", "ObjID": "251901230456558", "AIANNHCOMP": "M", "STATEFP1": "0473950", "STATEFP2": null, "STATEFP3": null, "UR": null, "VINTAGE": "90", "AIANNHFP1": "04-73950", "AIANNHFP2": null, "AIANNHFP3": null, "HU100": null, "POP100": null, "CENTLAT": "+32.1502060", "CENTLON": "-112.0448619", "INTPTLAT": "+32.1500358", "INTPTLON": "-112.0704020", "STGEOMETRY_AREA": 16140873956.8624, "STGEOMETRY_LEN": 833921.75749800005 }, "geometry": { "type": "Point", "coordinates": [ -111.48098, 32.35233 ] } },
{ "type": "Feature", "properties": { "OBJECTID": 1166, "Join_Count": 1, "TARGET_FID": 1166, "JOIN_FID": 87, "DEP_ID": "10109010", "SITE_NAME": "Oro Grande Mine", "DEV_STAT": "Producer", "URL": "https://mrdata.usgs.gov/mrds/show-mrds.php?dep_id=10109010", "CODE_LIST": " CU AG AU", "Grade": "C", "AIANNH": "4200", "FSRFLG": "F", "AIANNHNS": "00023763", "AREALAND": 11535075609.0, "ALANDHIST": 11535075609.0, "AREAWATER": 883039.0, "AWATERHIST": 883039.0, "AIANNHCC": "D1", "EFFDATE": null, "ESTABDATE": null, "FUNCSTAT": "A", "GCFLG": null, "GEOID": "4200M", "LSADC": "86", "MTFCC": "G2100", "BASENAME": "Tohono O'odham Nation", "NAME": "Tohono O'odham Nation Reservation and Off-Reservation Trust Land", "ObjID": "251901230456558", "AIANNHCOMP": "M", "STATEFP1": "0473950", "STATEFP2": null, "STATEFP3": null, "UR": null, "VINTAGE": "90", "AIANNHFP1": "04-73950", "AIANNHFP2": null, "AIANNHFP3": null, "HU100": null, "POP100": null, "CENTLAT": "+32.1502060", "CENTLON": "-112.0448619", "INTPTLAT": "+32.1500358", "INTPTLON": "-112.0704020", "STGEOMETRY_AREA": 16140873956.8624, "STGEOMETRY_LEN": 833921.75749800005 }, "geometry": { "type": "Point", "coordinates": [ -112.11294, 32.39482 ] } },
{ "type": "Feature", "properties": { "OBJECTID": 1177, "Join_Count": 1, "TARGET_FID": 1177, "JOIN_FID": 87, "DEP_ID": "10109012", "SITE_NAME": "Monte Cristo Mine", "DEV_STAT": "Producer", "URL": "https://mrdata.usgs.gov/mrds/show-mrds.php?dep_id=10109012", "CODE_LIST": " AU AG CU", "Grade": "C", "AIANNH": "4200", "FSRFLG": "F", "AIANNHNS": "00023763", "AREALAND": 11535075609.0, "ALANDHIST": 11535075609.0, "AREAWATER": 883039.0, "AWATERHIST": 883039.0, "AIANNHCC": "D1", "EFFDATE": null, "ESTABDATE": null, "FUNCSTAT": "A", "GCFLG": null, "GEOID": "4200M", "LSADC": "86", "MTFCC": "G2100", "BASENAME": "Tohono O'odham Nation", "NAME": "Tohono O'odham Nation Reservation and Off-Reservation Trust Land", "ObjID": "251901230456558", "AIANNHCOMP": "M", "STATEFP1": "0473950", "STATEFP2": null, "STATEFP3": null, "UR": null, "VINTAGE": "90", "AIANNHFP1": "04-73950", "AIANNHFP2": null, "AIANNHFP3": null, "HU100": null, "POP100": null, "CENTLAT": "+32.1502060", "CENTLON": "-112.0448619", "INTPTLAT": "+32.1500358", "INTPTLON": "-112.0704020", "STGEOMETRY_AREA": 16140873956.8624, "STGEOMETRY_LEN": 833921.75749800005 }, "geometry": { "type": "Point", "coordinates": [ -112.11016, 32.39843 ] } },
{ "type": "Feature", "properties": { "OBJECTID": 1207, "Join_Count": 1, "TARGET_FID": 1207, "JOIN_FID": 87, "DEP_ID": "10108962", "SITE_NAME": "Stella Maris No. 1 Mine", "DEV_STAT": "Producer", "URL": "https://mrdata.usgs.gov/mrds/show-mrds.php?dep_id=10108962", "CODE_LIST": " MN", "Grade": "B", "AIANNH": "4200", "FSRFLG": "F", "AIANNHNS": "00023763", "AREALAND": 11535075609.0, "ALANDHIST": 11535075609.0, "AREAWATER": 883039.0, "AWATERHIST": 883039.0, "AIANNHCC": "D1", "EFFDATE": null, "ESTABDATE": null, "FUNCSTAT": "A", "GCFLG": null, "GEOID": "4200M", "LSADC": "86", "MTFCC": "G2100", "BASENAME": "Tohono O'odham Nation", "NAME": "Tohono O'odham Nation Reservation and Off-Reservation Trust Land", "ObjID": "251901230456558", "AIANNHCOMP": "M", "STATEFP1": "0473950", "STATEFP2": null, "STATEFP3": null, "UR": null, "VINTAGE": "90", "AIANNHFP1": "04-73950", "AIANNHFP2": null, "AIANNHFP3": null, "HU100": null, "POP100": null, "CENTLAT": "+32.1502060", "CENTLON": "-112.0448619", "INTPTLAT": "+32.1500358", "INTPTLON": "-112.0704020", "STGEOMETRY_AREA": 16140873956.8624, "STGEOMETRY_LEN": 833921.75749800005 }, "geometry": { "type": "Point", "coordinates": [ -112.11766, 32.43232 ] } },
{ "type": "Feature", "properties": { "OBJECTID": 1218, "Join_Count": 1, "TARGET_FID": 1218, "JOIN_FID": 87, "DEP_ID": "10109011", "SITE_NAME": "Montizona Mine", "DEV_STAT": "Producer", "URL": "https://mrdata.usgs.gov/mrds/show-mrds.php?dep_id=10109011", "CODE_LIST": " CU AG PB AU", "Grade": "B", "AIANNH": "4200", "FSRFLG": "F", "AIANNHNS": "00023763", "AREALAND": 11535075609.0, "ALANDHIST": 11535075609.0, "AREAWATER": 883039.0, "AWATERHIST": 883039.0, "AIANNHCC": "D1", "EFFDATE": null, "ESTABDATE": null, "FUNCSTAT": "A", "GCFLG": null, "GEOID": "4200M", "LSADC": "86", "MTFCC": "G2100", "BASENAME": "Tohono O'odham Nation", "NAME": "Tohono O'odham Nation Reservation and Off-Reservation Trust Land", "ObjID": "251901230456558", "AIANNHCOMP": "M", "STATEFP1": "0473950", "STATEFP2": null, "STATEFP3": null, "UR": null, "VINTAGE": "90", "AIANNHFP1": "04-73950", "AIANNHFP2": null, "AIANNHFP3": null, "HU100": null, "POP100": null, "CENTLAT": "+32.1502060", "CENTLON": "-112.0448619", "INTPTLAT": "+32.1500358", "INTPTLON": "-112.0704020", "STGEOMETRY_AREA": 16140873956.8624, "STGEOMETRY_LEN": 833921.75749800005 }, "geometry": { "type": "Point", "coordinates": [ -112.10878, 32.44732 ] } },
{ "type": "Feature", "properties": { "OBJECTID": 1258, "Join_Count": 1, "TARGET_FID": 1258, "JOIN_FID": 87, "DEP_ID": "10027150", "SITE_NAME": "Black Diamond Group", "DEV_STAT": "Producer", "URL": "https://mrdata.usgs.gov/mrds/show-mrds.php?dep_id=10027150", "CODE_LIST": " MN", "Grade": "C", "AIANNH": "4200", "FSRFLG": "F", "AIANNHNS": "00023763", "AREALAND": 11535075609.0, "ALANDHIST": 11535075609.0, "AREAWATER": 883039.0, "AWATERHIST": 883039.0, "AIANNHCC": "D1", "EFFDATE": null, "ESTABDATE": null, "FUNCSTAT": "A", "GCFLG": null, "GEOID": "4200M", "LSADC": "86", "MTFCC": "G2100", "BASENAME": "Tohono O'odham Nation", "NAME": "Tohono O'odham Nation Reservation and Off-Reservation Trust Land", "ObjID": "251901230456558", "AIANNHCOMP": "M", "STATEFP1": "0473950", "STATEFP2": null, "STATEFP3": null, "UR": null, "VINTAGE": "90", "AIANNHFP1": "04-73950", "AIANNHFP2": null, "AIANNHFP3": null, "HU100": null, "POP100": null, "CENTLAT": "+32.1502060", "CENTLON": "-112.0448619", "INTPTLAT": "+32.1500358", "INTPTLON": "-112.0704020", "STGEOMETRY_AREA": 16140873956.8624, "STGEOMETRY_LEN": 833921.75749800005 }, "geometry": { "type": "Point", "coordinates": [ -112.11322, 32.48566 ] } },
{ "type": "Feature", "properties": { "OBJECTID": 1267, "Join_Count": 1, "TARGET_FID": 1267, "JOIN_FID": 87, "DEP_ID": "10162257", "SITE_NAME": "Tohono", "DEV_STAT": "Producer", "URL": "https://mrdata.usgs.gov/mrds/show-mrds.php?dep_id=10162257", "CODE_LIST": " CU CU_O CU_S MO AU SIL AG PB ZN", "Grade": "A", "AIANNH": "4200", "FSRFLG": "F", "AIANNHNS": "00023763", "AREALAND": 11535075609.0, "ALANDHIST": 11535075609.0, "AREAWATER": 883039.0, "AWATERHIST": 883039.0, "AIANNHCC": "D1", "EFFDATE": null, "ESTABDATE": null, "FUNCSTAT": "A", "GCFLG": null, "GEOID": "4200M", "LSADC": "86", "MTFCC": "G2100", "BASENAME": "Tohono O'odham Nation", "NAME": "Tohono O'odham Nation Reservation and Off-Reservation Trust Land", "ObjID": "251901230456558", "AIANNHCOMP": "M", "STATEFP1": "0473950", "STATEFP2": null, "STATEFP3": null, "UR": null, "VINTAGE": "90", "AIANNHFP1": "04-73950", "AIANNHFP2": null, "AIANNHFP3": null, "HU100": null, "POP100": null, "CENTLAT": "+32.1502060", "CENTLON": "-112.0448619", "INTPTLAT": "+32.1500358", "INTPTLON": "-112.0704020", "STGEOMETRY_AREA": 16140873956.8624, "STGEOMETRY_LEN": 833921.75749800005 }, "geometry": { "type": "Point", "coordinates": [ -111.90071, 32.5168 ] } },
{ "type": "Feature", "properties": { "OBJECTID": 1268, "Join_Count": 1, "TARGET_FID": 1268, "JOIN_FID": 87, "DEP_ID": "10109774", "SITE_NAME": "Greenback Mine", "DEV_STAT": "Producer", "URL": "https://mrdata.usgs.gov/mrds/show-mrds.php?dep_id=10109774", "CODE_LIST": " AU AG CU", "Grade": "B", "AIANNH": "4200", "FSRFLG": "F", "AIANNHNS": "00023763", "AREALAND": 11535075609.0, "ALANDHIST": 11535075609.0, "AREAWATER": 883039.0, "AWATERHIST": 883039.0, "AIANNHCC": "D1", "EFFDATE": null, "ESTABDATE": null, "FUNCSTAT": "A", "GCFLG": null, "GEOID": "4200M", "LSADC": "86", "MTFCC": "G2100", "BASENAME": "Tohono O'odham Nation", "NAME": "Tohono O'odham Nation Reservation and Off-Reservation Trust Land", "ObjID": "251901230456558", "AIANNHCOMP": "M", "STATEFP1": "0473950", "STATEFP2": null, "STATEFP3": null, "UR": null, "VINTAGE": "90", "AIANNHFP1": "04-73950", "AIANNHFP2": null, "AIANNHFP3": null, "HU100": null, "POP100": null, "CENTLAT": "+32.1502060", "CENTLON": "-112.0448619", "INTPTLAT": "+32.1500358", "INTPTLON": "-112.0704020", "STGEOMETRY_AREA": 16140873956.8624, "STGEOMETRY_LEN": 833921.75749800005 }, "geometry": { "type": "Point", "coordinates": [ -112.16322, 32.51788 ] } },
{ "type": "Feature", "properties": { "OBJECTID": 1283, "Join_Count": 1, "TARGET_FID": 1283, "JOIN_FID": 87, "DEP_ID": "10088906", "SITE_NAME": "Mammon Mine", "DEV_STAT": "Producer", "URL": "https://mrdata.usgs.gov/mrds/show-mrds.php?dep_id=10088906", "CODE_LIST": " AU AG CU", "Grade": "B", "AIANNH": "4200", "FSRFLG": "F", "AIANNHNS": "00023763", "AREALAND": 11535075609.0, "ALANDHIST": 11535075609.0, "AREAWATER": 883039.0, "AWATERHIST": 883039.0, "AIANNHCC": "D1", "EFFDATE": null, "ESTABDATE": null, "FUNCSTAT": "A", "GCFLG": null, "GEOID": "4200M", "LSADC": "86", "MTFCC": "G2100", "BASENAME": "Tohono O'odham Nation", "NAME": "Tohono O'odham Nation Reservation and Off-Reservation Trust Land", "ObjID": "251901230456558", "AIANNHCOMP": "M", "STATEFP1": "0473950", "STATEFP2": null, "STATEFP3": null, "UR": null, "VINTAGE": "90", "AIANNHFP1": "04-73950", "AIANNHFP2": null, "AIANNHFP3": null, "HU100": null, "POP100": null, "CENTLAT": "+32.1502060", "CENTLON": "-112.0448619", "INTPTLAT": "+32.1500358", "INTPTLON": "-112.0704020", "STGEOMETRY_AREA": 16140873956.8624, "STGEOMETRY_LEN": 833921.75749800005 }, "geometry": { "type": "Point", "coordinates": [ -111.91182, 32.54399 ] } },
{ "type": "Feature", "properties": { "OBJECTID": 1297, "Join_Count": 1, "TARGET_FID": 1297, "JOIN_FID": 87, "DEP_ID": "10046278", "SITE_NAME": "Copperosity Mine", "DEV_STAT": "Producer", "URL": "https://mrdata.usgs.gov/mrds/show-mrds.php?dep_id=10046278", "CODE_LIST": " CU AG", "Grade": "B", "AIANNH": "4200", "FSRFLG": "F", "AIANNHNS": "00023763", "AREALAND": 11535075609.0, "ALANDHIST": 11535075609.0, "AREAWATER": 883039.0, "AWATERHIST": 883039.0, "AIANNHCC": "D1", "EFFDATE": null, "ESTABDATE": null, "FUNCSTAT": "A", "GCFLG": null, "GEOID": "4200M", "LSADC": "86", "MTFCC": "G2100", "BASENAME": "Tohono O'odham Nation", "NAME": "Tohono O'odham Nation Reservation and Off-Reservation Trust Land", "ObjID": "251901230456558", "AIANNHCOMP": "M", "STATEFP1": "0473950", "STATEFP2": null, "STATEFP3": null, "UR": null, "VINTAGE": "90", "AIANNHFP1": "04-73950", "AIANNHFP2": null, "AIANNHFP3": null, "HU100": null, "POP100": null, "CENTLAT": "+32.1502060", "CENTLON": "-112.0448619", "INTPTLAT": "+32.1500358", "INTPTLON": "-112.0704020", "STGEOMETRY_AREA": 16140873956.8624, "STGEOMETRY_LEN": 833921.75749800005 }, "geometry": { "type": "Point", "coordinates": [ -112.12933, 32.55871 ] } },
{ "type": "Feature", "properties": { "OBJECTID": 1301, "Join_Count": 1, "TARGET_FID": 1301, "JOIN_FID": 87, "DEP_ID": "10109775", "SITE_NAME": "Papago Mine", "DEV_STAT": "Producer", "URL": "https://mrdata.usgs.gov/mrds/show-mrds.php?dep_id=10109775", "CODE_LIST": " AU AG CU MN", "Grade": "B", "AIANNH": "4200", "FSRFLG": "F", "AIANNHNS": "00023763", "AREALAND": 11535075609.0, "ALANDHIST": 11535075609.0, "AREAWATER": 883039.0, "AWATERHIST": 883039.0, "AIANNHCC": "D1", "EFFDATE": null, "ESTABDATE": null, "FUNCSTAT": "A", "GCFLG": null, "GEOID": "4200M", "LSADC": "86", "MTFCC": "G2100", "BASENAME": "Tohono O'odham Nation", "NAME": "Tohono O'odham Nation Reservation and Off-Reservation Trust Land", "ObjID": "251901230456558", "AIANNHCOMP": "M", "STATEFP1": "0473950", "STATEFP2": null, "STATEFP3": null, "UR": null, "VINTAGE": "90", "AIANNHFP1": "04-73950", "AIANNHFP2": null, "AIANNHFP3": null, "HU100": null, "POP100": null, "CENTLAT": "+32.1502060", "CENTLON": "-112.0448619", "INTPTLAT": "+32.1500358", "INTPTLON": "-112.0704020", "STGEOMETRY_AREA": 16140873956.8624, "STGEOMETRY_LEN": 833921.75749800005 }, "geometry": { "type": "Point", "coordinates": [ -112.18155, 32.56788 ] } },
{ "type": "Feature", "properties": { "OBJECTID": 1311, "Join_Count": 1, "TARGET_FID": 1311, "JOIN_FID": 87, "DEP_ID": "10109777", "SITE_NAME": "Camino Mine", "DEV_STAT": "Producer", "URL": "https://mrdata.usgs.gov/mrds/show-mrds.php?dep_id=10109777", "CODE_LIST": " PB AG CU AU MO", "Grade": "B", "AIANNH": "4200", "FSRFLG": "F", "AIANNHNS": "00023763", "AREALAND": 11535075609.0, "ALANDHIST": 11535075609.0, "AREAWATER": 883039.0, "AWATERHIST": 883039.0, "AIANNHCC": "D1", "EFFDATE": null, "ESTABDATE": null, "FUNCSTAT": "A", "GCFLG": null, "GEOID": "4200M", "LSADC": "86", "MTFCC": "G2100", "BASENAME": "Tohono O'odham Nation", "NAME": "Tohono O'odham Nation Reservation and Off-Reservation Trust Land", "ObjID": "251901230456558", "AIANNHCOMP": "M", "STATEFP1": "0473950", "STATEFP2": null, "STATEFP3": null, "UR": null, "VINTAGE": "90", "AIANNHFP1": "04-73950", "AIANNHFP2": null, "AIANNHFP3": null, "HU100": null, "POP100": null, "CENTLAT": "+32.1502060", "CENTLON": "-112.0448619", "INTPTLAT": "+32.1500358", "INTPTLON": "-112.0704020", "STGEOMETRY_AREA": 16140873956.8624, "STGEOMETRY_LEN": 833921.75749800005 }, "geometry": { "type": "Point", "coordinates": [ -111.90904, 32.58288 ] } },
{ "type": "Feature", "properties": { "OBJECTID": 1313, "Join_Count": 1, "TARGET_FID": 1313, "JOIN_FID": 87, "DEP_ID": "10046280", "SITE_NAME": "Great Eastern Mine", "DEV_STAT": "Producer", "URL": "https://mrdata.usgs.gov/mrds/show-mrds.php?dep_id=10046280", "CODE_LIST": " AG PB", "Grade": "B", "AIANNH": "4200", "FSRFLG": "F", "AIANNHNS": "00023763", "AREALAND": 11535075609.0, "ALANDHIST": 11535075609.0, "AREAWATER": 883039.0, "AWATERHIST": 883039.0, "AIANNHCC": "D1", "EFFDATE": null, "ESTABDATE": null, "FUNCSTAT": "A", "GCFLG": null, "GEOID": "4200M", "LSADC": "86", "MTFCC": "G2100", "BASENAME": "Tohono O'odham Nation", "NAME": "Tohono O'odham Nation Reservation and Off-Reservation Trust Land", "ObjID": "251901230456558", "AIANNHCOMP": "M", "STATEFP1": "0473950", "STATEFP2": null, "STATEFP3": null, "UR": null, "VINTAGE": "90", "AIANNHFP1": "04-73950", "AIANNHFP2": null, "AIANNHFP3": null, "HU100": null, "POP100": null, "CENTLAT": "+32.1502060", "CENTLON": "-112.0448619", "INTPTLAT": "+32.1500358", "INTPTLON": "-112.0704020", "STGEOMETRY_AREA": 16140873956.8624, "STGEOMETRY_LEN": 833921.75749800005 }, "geometry": { "type": "Point", "coordinates": [ -112.13822, 32.59149 ] } },
{ "type": "Feature", "properties": { "OBJECTID": 1317, "Join_Count": 1, "TARGET_FID": 1317, "JOIN_FID": 87, "DEP_ID": "10046281", "SITE_NAME": "Republic Mine", "DEV_STAT": "Producer", "URL": "https://mrdata.usgs.gov/mrds/show-mrds.php?dep_id=10046281", "CODE_LIST": " CU AG AU", "Grade": "B", "AIANNH": "4200", "FSRFLG": "F", "AIANNHNS": "00023763", "AREALAND": 11535075609.0, "ALANDHIST": 11535075609.0, "AREAWATER": 883039.0, "AWATERHIST": 883039.0, "AIANNHCC": "D1", "EFFDATE": null, "ESTABDATE": null, "FUNCSTAT": "A", "GCFLG": null, "GEOID": "4200M", "LSADC": "86", "MTFCC": "G2100", "BASENAME": "Tohono O'odham Nation", "NAME": "Tohono O'odham Nation Reservation and Off-Reservation Trust Land", "ObjID": "251901230456558", "AIANNHCOMP": "M", "STATEFP1": "0473950", "STATEFP2": null, "STATEFP3": null, "UR": null, "VINTAGE": "90", "AIANNHFP1": "04-73950", "AIANNHFP2": null, "AIANNHFP3": null, "HU100": null, "POP100": null, "CENTLAT": "+32.1502060", "CENTLON": "-112.0448619", "INTPTLAT": "+32.1500358", "INTPTLON": "-112.0704020", "STGEOMETRY_AREA": 16140873956.8624, "STGEOMETRY_LEN": 833921.75749800005 }, "geometry": { "type": "Point", "coordinates": [ -112.04961, 32.59371 ] } },
{ "type": "Feature", "properties": { "OBJECTID": 1322, "Join_Count": 1, "TARGET_FID": 1322, "JOIN_FID": 87, "DEP_ID": "10109776", "SITE_NAME": "Reward Mine", "DEV_STAT": "Producer", "URL": "https://mrdata.usgs.gov/mrds/show-mrds.php?dep_id=10109776", "CODE_LIST": " CU AG AU PB ZN", "Grade": "B", "AIANNH": "4200", "FSRFLG": "F", "AIANNHNS": "00023763", "AREALAND": 11535075609.0, "ALANDHIST": 11535075609.0, "AREAWATER": 883039.0, "AWATERHIST": 883039.0, "AIANNHCC": "D1", "EFFDATE": null, "ESTABDATE": null, "FUNCSTAT": "A", "GCFLG": null, "GEOID": "4200M", "LSADC": "86", "MTFCC": "G2100", "BASENAME": "Tohono O'odham Nation", "NAME": "Tohono O'odham Nation Reservation and Off-Reservation Trust Land", "ObjID": "251901230456558", "AIANNHCOMP": "M", "STATEFP1": "0473950", "STATEFP2": null, "STATEFP3": null, "UR": null, "VINTAGE": "90", "AIANNHFP1": "04-73950", "AIANNHFP2": null, "AIANNHFP3": null, "HU100": null, "POP100": null, "CENTLAT": "+32.1502060", "CENTLON": "-112.0448619", "INTPTLAT": "+32.1500358", "INTPTLON": "-112.0704020", "STGEOMETRY_AREA": 16140873956.8624, "STGEOMETRY_LEN": 833921.75749800005 }, "geometry": { "type": "Point", "coordinates": [ -112.04655, 32.60066 ] } },
{ "type": "Feature", "properties": { "OBJECTID": 1326, "Join_Count": 1, "TARGET_FID": 1326, "JOIN_FID": 87, "DEP_ID": "10046279", "SITE_NAME": "Christmas Gift Mine", "DEV_STAT": "Producer", "URL": "https://mrdata.usgs.gov/mrds/show-mrds.php?dep_id=10046279", "CODE_LIST": " AU PB CU", "Grade": "B", "AIANNH": "4200", "FSRFLG": "F", "AIANNHNS": "00023763", "AREALAND": 11535075609.0, "ALANDHIST": 11535075609.0, "AREAWATER": 883039.0, "AWATERHIST": 883039.0, "AIANNHCC": "D1", "EFFDATE": null, "ESTABDATE": null, "FUNCSTAT": "A", "GCFLG": null, "GEOID": "4200M", "LSADC": "86", "MTFCC": "G2100", "BASENAME": "Tohono O'odham Nation", "NAME": "Tohono O'odham Nation Reservation and Off-Reservation Trust Land", "ObjID": "251901230456558", "AIANNHCOMP": "M", "STATEFP1": "0473950", "STATEFP2": null, "STATEFP3": null, "UR": null, "VINTAGE": "90", "AIANNHFP1": "04-73950", "AIANNHFP2": null, "AIANNHFP3": null, "HU100": null, "POP100": null, "CENTLAT": "+32.1502060", "CENTLON": "-112.0448619", "INTPTLAT": "+32.1500358", "INTPTLON": "-112.0704020", "STGEOMETRY_AREA": 16140873956.8624, "STGEOMETRY_LEN": 833921.75749800005 }, "geometry": { "type": "Point", "coordinates": [ -112.04905, 32.60788 ] } },
{ "type": "Feature", "properties": { "OBJECTID": 1364, "Join_Count": 1, "TARGET_FID": 1364, "JOIN_FID": 87, "DEP_ID": "10109773", "SITE_NAME": "Copper Standard Mine", "DEV_STAT": "Producer", "URL": "https://mrdata.usgs.gov/mrds/show-mrds.php?dep_id=10109773", "CODE_LIST": " CU AG AU", "Grade": "B", "AIANNH": "4200", "FSRFLG": "F", "AIANNHNS": "00023763", "AREALAND": 11535075609.0, "ALANDHIST": 11535075609.0, "AREAWATER": 883039.0, "AWATERHIST": 883039.0, "AIANNHCC": "D1", "EFFDATE": null, "ESTABDATE": null, "FUNCSTAT": "A", "GCFLG": null, "GEOID": "4200M", "LSADC": "86", "MTFCC": "G2100", "BASENAME": "Tohono O'odham Nation", "NAME": "Tohono O'odham Nation Reservation and Off-Reservation Trust Land", "ObjID": "251901230456558", "AIANNHCOMP": "M", "STATEFP1": "0473950", "STATEFP2": null, "STATEFP3": null, "UR": null, "VINTAGE": "90", "AIANNHFP1": "04-73950", "AIANNHFP2": null, "AIANNHFP3": null, "HU100": null, "POP100": null, "CENTLAT": "+32.1502060", "CENTLON": "-112.0448619", "INTPTLAT": "+32.1500358", "INTPTLON": "-112.0704020", "STGEOMETRY_AREA": 16140873956.8624, "STGEOMETRY_LEN": 833921.75749800005 }, "geometry": { "type": "Point", "coordinates": [ -111.79571, 32.70816 ] } },
{ "type": "Feature", "properties": { "OBJECTID": 1368, "Join_Count": 1, "TARGET_FID": 1368, "JOIN_FID": 87, "DEP_ID": "10046276", "SITE_NAME": "Old Jonah Mine", "DEV_STAT": "Producer", "URL": "https://mrdata.usgs.gov/mrds/show-mrds.php?dep_id=10046276", "CODE_LIST": " CU AG AU", "Grade": "B", "AIANNH": "4200", "FSRFLG": "F", "AIANNHNS": "00023763", "AREALAND": 11535075609.0, "ALANDHIST": 11535075609.0, "AREAWATER": 883039.0, "AWATERHIST": 883039.0, "AIANNHCC": "D1", "EFFDATE": null, "ESTABDATE": null, "FUNCSTAT": "A", "GCFLG": null, "GEOID": "4200M", "LSADC": "86", "MTFCC": "G2100", "BASENAME": "Tohono O'odham Nation", "NAME": "Tohono O'odham Nation Reservation and Off-Reservation Trust Land", "ObjID": "251901230456558", "AIANNHCOMP": "M", "STATEFP1": "0473950", "STATEFP2": null, "STATEFP3": null, "UR": null, "VINTAGE": "90", "AIANNHFP1": "04-73950", "AIANNHFP2": null, "AIANNHFP3": null, "HU100": null, "POP100": null, "CENTLAT": "+32.1502060", "CENTLON": "-112.0448619", "INTPTLAT": "+32.1500358", "INTPTLON": "-112.0704020", "STGEOMETRY_AREA": 16140873956.8624, "STGEOMETRY_LEN": 833921.75749800005 }, "geometry": { "type": "Point", "coordinates": [ -111.79877, 32.71427 ] } },
{ "type": "Feature", "properties": { "OBJECTID": 1649, "Join_Count": 1, "TARGET_FID": 1649, "JOIN_FID": 97, "DEP_ID": "10027119", "SITE_NAME": "Copper Dike Group", "DEV_STAT": "Occurrence", "URL": "https://mrdata.usgs.gov/mrds/show-mrds.php?dep_id=10027119", "CODE_LIST": " CU", "Grade": "C", "AIANNH": "3355", "FSRFLG": "F", "AIANNHNS": "00024000", "AREALAND": 7516878015.0, "ALANDHIST": 7516878015.0, "AREAWATER": 62469236.0, "AWATERHIST": 62469236.0, "AIANNHCC": "D2", "EFFDATE": null, "ESTABDATE": null, "FUNCSTAT": "A", "GCFLG": null, "GEOID": "3355R", "LSADC": "86", "MTFCC": "G2100", "BASENAME": "San Carlos", "NAME": "San Carlos Reservation", "ObjID": "251901210040679", "AIANNHCOMP": "R", "STATEFP1": "0462980", "STATEFP2": null, "STATEFP3": null, "UR": null, "VINTAGE": "90", "AIANNHFP1": "04-62980", "AIANNHFP2": null, "AIANNHFP3": null, "HU100": null, "POP100": null, "CENTLAT": "+33.3326464", "CENTLON": "-110.1612588", "INTPTLAT": "+33.3163715", "INTPTLON": "-110.1934943", "STGEOMETRY_AREA": 10887082704.173401, "STGEOMETRY_LEN": 739438.93968005001 }, "geometry": { "type": "Point", "coordinates": [ -110.35679, 33.00566 ] } },
{ "type": "Feature", "properties": { "OBJECTID": 1652, "Join_Count": 1, "TARGET_FID": 1652, "JOIN_FID": 244, "DEP_ID": "10095955", "SITE_NAME": "Sacaton Mountains", "DEV_STAT": "Occurrence", "URL": "https://mrdata.usgs.gov/mrds/show-mrds.php?dep_id=10095955", "CODE_LIST": " ABR_C TI_M", "Grade": "C", "AIANNH": "1310", "FSRFLG": "F", "AIANNHNS": "00023998", "AREALAND": 1510990468.0, "ALANDHIST": 1510990799.0, "AREAWATER": 937536.0, "AWATERHIST": 937536.0, "AIANNHCC": "D2", "EFFDATE": null, "ESTABDATE": null, "FUNCSTAT": "A", "GCFLG": null, "GEOID": "1310R", "LSADC": "96", "MTFCC": "G2100", "BASENAME": "Gila River", "NAME": "Gila River Indian Reservation", "ObjID": "251901230456556", "AIANNHCOMP": "R", "STATEFP1": "0427330", "STATEFP2": null, "STATEFP3": null, "UR": null, "VINTAGE": "90", "AIANNHFP1": "04-27330", "AIANNHFP2": null, "AIANNHFP3": null, "HU100": null, "POP100": null, "CENTLAT": "+33.1543037", "CENTLON": "-111.9269163", "INTPTLAT": "+33.1512172", "INTPTLON": "-111.9315560", "STGEOMETRY_AREA": 2162963175.04913, "STGEOMETRY_LEN": 309034.92142778001 }, "geometry": { "type": "Point", "coordinates": [ -111.69488, 33.00842 ] } },
{ "type": "Feature", "properties": { "OBJECTID": 1668, "Join_Count": 1, "TARGET_FID": 1668, "JOIN_FID": 97, "DEP_ID": "10048326", "SITE_NAME": "Two Queens Mine", "DEV_STAT": "Producer", "URL": "https://mrdata.usgs.gov/mrds/show-mrds.php?dep_id=10048326", "CODE_LIST": " CU AU AG PB", "Grade": "B", "AIANNH": "3355", "FSRFLG": "F", "AIANNHNS": "00024000", "AREALAND": 7516878015.0, "ALANDHIST": 7516878015.0, "AREAWATER": 62469236.0, "AWATERHIST": 62469236.0, "AIANNHCC": "D2", "EFFDATE": null, "ESTABDATE": null, "FUNCSTAT": "A", "GCFLG": null, "GEOID": "3355R", "LSADC": "86", "MTFCC": "G2100", "BASENAME": "San Carlos", "NAME": "San Carlos Reservation", "ObjID": "251901210040679", "AIANNHCOMP": "R", "STATEFP1": "0462980", "STATEFP2": null, "STATEFP3": null, "UR": null, "VINTAGE": "90", "AIANNHFP1": "04-62980", "AIANNHFP2": null, "AIANNHFP3": null, "HU100": null, "POP100": null, "CENTLAT": "+33.3326464", "CENTLON": "-110.1612588", "INTPTLAT": "+33.3163715", "INTPTLON": "-110.1934943", "STGEOMETRY_AREA": 10887082704.173401, "STGEOMETRY_LEN": 739438.93968005001 }, "geometry": { "type": "Point", "coordinates": [ -110.69902, 33.02426 ] } },
{ "type": "Feature", "properties": { "OBJECTID": 1669, "Join_Count": 1, "TARGET_FID": 1669, "JOIN_FID": 97, "DEP_ID": "10060188", "SITE_NAME": "Ash Creek Deposit", "DEV_STAT": "Occurrence", "URL": "https://mrdata.usgs.gov/mrds/show-mrds.php?dep_id=10060188", "CODE_LIST": " GYP", "Grade": "C", "AIANNH": "3355", "FSRFLG": "F", "AIANNHNS": "00024000", "AREALAND": 7516878015.0, "ALANDHIST": 7516878015.0, "AREAWATER": 62469236.0, "AWATERHIST": 62469236.0, "AIANNHCC": "D2", "EFFDATE": null, "ESTABDATE": null, "FUNCSTAT": "A", "GCFLG": null, "GEOID": "3355R", "LSADC": "86", "MTFCC": "G2100", "BASENAME": "San Carlos", "NAME": "San Carlos Reservation", "ObjID": "251901210040679", "AIANNHCOMP": "R", "STATEFP1": "0462980", "STATEFP2": null, "STATEFP3": null, "UR": null, "VINTAGE": "90", "AIANNHFP1": "04-62980", "AIANNHFP2": null, "AIANNHFP3": null, "HU100": null, "POP100": null, "CENTLAT": "+33.3326464", "CENTLON": "-110.1612588", "INTPTLAT": "+33.3163715", "INTPTLON": "-110.1934943", "STGEOMETRY_AREA": 10887082704.173401, "STGEOMETRY_LEN": 739438.93968005001 }, "geometry": { "type": "Point", "coordinates": [ -110.68902, 33.02481 ] } },
{ "type": "Feature", "properties": { "OBJECTID": 1678, "Join_Count": 1, "TARGET_FID": 1678, "JOIN_FID": 97, "DEP_ID": "10027033", "SITE_NAME": "Cold Spring Prospect", "DEV_STAT": "Occurrence", "URL": "https://mrdata.usgs.gov/mrds/show-mrds.php?dep_id=10027033", "CODE_LIST": " ZN CU SB", "Grade": "C", "AIANNH": "3355", "FSRFLG": "F", "AIANNHNS": "00024000", "AREALAND": 7516878015.0, "ALANDHIST": 7516878015.0, "AREAWATER": 62469236.0, "AWATERHIST": 62469236.0, "AIANNHCC": "D2", "EFFDATE": null, "ESTABDATE": null, "FUNCSTAT": "A", "GCFLG": null, "GEOID": "3355R", "LSADC": "86", "MTFCC": "G2100", "BASENAME": "San Carlos", "NAME": "San Carlos Reservation", "ObjID": "251901210040679", "AIANNHCOMP": "R", "STATEFP1": "0462980", "STATEFP2": null, "STATEFP3": null, "UR": null, "VINTAGE": "90", "AIANNHFP1": "04-62980", "AIANNHFP2": null, "AIANNHFP3": null, "HU100": null, "POP100": null, "CENTLAT": "+33.3326464", "CENTLON": "-110.1612588", "INTPTLAT": "+33.3163715", "INTPTLON": "-110.1934943", "STGEOMETRY_AREA": 10887082704.173401, "STGEOMETRY_LEN": 739438.93968005001 }, "geometry": { "type": "Point", "coordinates": [ -110.32068, 33.03177 ] } },
{ "type": "Feature", "properties": { "OBJECTID": 1686, "Join_Count": 1, "TARGET_FID": 1686, "JOIN_FID": 97, "DEP_ID": "10048325", "SITE_NAME": "Adjust Mine", "DEV_STAT": "Producer", "URL": "https://mrdata.usgs.gov/mrds/show-mrds.php?dep_id=10048325", "CODE_LIST": " PB AG CU AU ZN", "Grade": "B", "AIANNH": "3355", "FSRFLG": "F", "AIANNHNS": "00024000", "AREALAND": 7516878015.0, "ALANDHIST": 7516878015.0, "AREAWATER": 62469236.0, "AWATERHIST": 62469236.0, "AIANNHCC": "D2", "EFFDATE": null, "ESTABDATE": null, "FUNCSTAT": "A", "GCFLG": null, "GEOID": "3355R", "LSADC": "86", "MTFCC": "G2100", "BASENAME": "San Carlos", "NAME": "San Carlos Reservation", "ObjID": "251901210040679", "AIANNHCOMP": "R", "STATEFP1": "0462980", "STATEFP2": null, "STATEFP3": null, "UR": null, "VINTAGE": "90", "AIANNHFP1": "04-62980", "AIANNHFP2": null, "AIANNHFP3": null, "HU100": null, "POP100": null, "CENTLAT": "+33.3326464", "CENTLON": "-110.1612588", "INTPTLAT": "+33.3163715", "INTPTLON": "-110.1934943", "STGEOMETRY_AREA": 10887082704.173401, "STGEOMETRY_LEN": 739438.93968005001 }, "geometry": { "type": "Point", "coordinates": [ -110.69236, 33.0362 ] } },
{ "type": "Feature", "properties": { "OBJECTID": 1688, "Join_Count": 1, "TARGET_FID": 1688, "JOIN_FID": 97, "DEP_ID": "10027035", "SITE_NAME": "Soldier Prospect", "DEV_STAT": "Occurrence", "URL": "https://mrdata.usgs.gov/mrds/show-mrds.php?dep_id=10027035", "CODE_LIST": " CU", "Grade": "C", "AIANNH": "3355", "FSRFLG": "F", "AIANNHNS": "00024000", "AREALAND": 7516878015.0, "ALANDHIST": 7516878015.0, "AREAWATER": 62469236.0, "AWATERHIST": 62469236.0, "AIANNHCC": "D2", "EFFDATE": null, "ESTABDATE": null, "FUNCSTAT": "A", "GCFLG": null, "GEOID": "3355R", "LSADC": "86", "MTFCC": "G2100", "BASENAME": "San Carlos", "NAME": "San Carlos Reservation", "ObjID": "251901210040679", "AIANNHCOMP": "R", "STATEFP1": "0462980", "STATEFP2": null, "STATEFP3": null, "UR": null, "VINTAGE": "90", "AIANNHFP1": "04-62980", "AIANNHFP2": null, "AIANNHFP3": null, "HU100": null, "POP100": null, "CENTLAT": "+33.3326464", "CENTLON": "-110.1612588", "INTPTLAT": "+33.3163715", "INTPTLON": "-110.1934943", "STGEOMETRY_AREA": 10887082704.173401, "STGEOMETRY_LEN": 739438.93968005001 }, "geometry": { "type": "Point", "coordinates": [ -110.3429, 33.0376 ] } },
{ "type": "Feature", "properties": { "OBJECTID": 1707, "Join_Count": 1, "TARGET_FID": 1707, "JOIN_FID": 97, "DEP_ID": "10027028", "SITE_NAME": "Captain Jack Claims", "DEV_STAT": "Occurrence", "URL": "https://mrdata.usgs.gov/mrds/show-mrds.php?dep_id=10027028", "CODE_LIST": " FE AU AG CU", "Grade": "C", "AIANNH": "3355", "FSRFLG": "F", "AIANNHNS": "00024000", "AREALAND": 7516878015.0, "ALANDHIST": 7516878015.0, "AREAWATER": 62469236.0, "AWATERHIST": 62469236.0, "AIANNHCC": "D2", "EFFDATE": null, "ESTABDATE": null, "FUNCSTAT": "A", "GCFLG": null, "GEOID": "3355R", "LSADC": "86", "MTFCC": "G2100", "BASENAME": "San Carlos", "NAME": "San Carlos Reservation", "ObjID": "251901210040679", "AIANNHCOMP": "R", "STATEFP1": "0462980", "STATEFP2": null, "STATEFP3": null, "UR": null, "VINTAGE": "90", "AIANNHFP1": "04-62980", "AIANNHFP2": null, "AIANNHFP3": null, "HU100": null, "POP100": null, "CENTLAT": "+33.3326464", "CENTLON": "-110.1612588", "INTPTLAT": "+33.3163715", "INTPTLON": "-110.1934943", "STGEOMETRY_AREA": 10887082704.173401, "STGEOMETRY_LEN": 739438.93968005001 }, "geometry": { "type": "Point", "coordinates": [ -110.37235, 33.05621 ] } },
{ "type": "Feature", "properties": { "OBJECTID": 1725, "Join_Count": 1, "TARGET_FID": 1725, "JOIN_FID": 97, "DEP_ID": "10027036", "SITE_NAME": "Barium King Group", "DEV_STAT": "Occurrence", "URL": "https://mrdata.usgs.gov/mrds/show-mrds.php?dep_id=10027036", "CODE_LIST": " BA F", "Grade": "C", "AIANNH": "3355", "FSRFLG": "F", "AIANNHNS": "00024000", "AREALAND": 7516878015.0, "ALANDHIST": 7516878015.0, "AREAWATER": 62469236.0, "AWATERHIST": 62469236.0, "AIANNHCC": "D2", "EFFDATE": null, "ESTABDATE": null, "FUNCSTAT": "A", "GCFLG": null, "GEOID": "3355R", "LSADC": "86", "MTFCC": "G2100", "BASENAME": "San Carlos", "NAME": "San Carlos Reservation", "ObjID": "251901210040679", "AIANNHCOMP": "R", "STATEFP1": "0462980", "STATEFP2": null, "STATEFP3": null, "UR": null, "VINTAGE": "90", "AIANNHFP1": "04-62980", "AIANNHFP2": null, "AIANNHFP3": null, "HU100": null, "POP100": null, "CENTLAT": "+33.3326464", "CENTLON": "-110.1612588", "INTPTLAT": "+33.3163715", "INTPTLON": "-110.1934943", "STGEOMETRY_AREA": 10887082704.173401, "STGEOMETRY_LEN": 739438.93968005001 }, "geometry": { "type": "Point", "coordinates": [ -110.34707, 33.06954 ] } },
{ "type": "Feature", "properties": { "OBJECTID": 1741, "Join_Count": 1, "TARGET_FID": 1741, "JOIN_FID": 97, "DEP_ID": "10027120", "SITE_NAME": "Black Rock Group", "DEV_STAT": "Occurrence", "URL": "https://mrdata.usgs.gov/mrds/show-mrds.php?dep_id=10027120", "CODE_LIST": " MN FE CU PB BA AG", "Grade": "C", "AIANNH": "3355", "FSRFLG": "F", "AIANNHNS": "00024000", "AREALAND": 7516878015.0, "ALANDHIST": 7516878015.0, "AREAWATER": 62469236.0, "AWATERHIST": 62469236.0, "AIANNHCC": "D2", "EFFDATE": null, "ESTABDATE": null, "FUNCSTAT": "A", "GCFLG": null, "GEOID": "3355R", "LSADC": "86", "MTFCC": "G2100", "BASENAME": "San Carlos", "NAME": "San Carlos Reservation", "ObjID": "251901210040679", "AIANNHCOMP": "R", "STATEFP1": "0462980", "STATEFP2": null, "STATEFP3": null, "UR": null, "VINTAGE": "90", "AIANNHFP1": "04-62980", "AIANNHFP2": null, "AIANNHFP3": null, "HU100": null, "POP100": null, "CENTLAT": "+33.3326464", "CENTLON": "-110.1612588", "INTPTLAT": "+33.3163715", "INTPTLON": "-110.1934943", "STGEOMETRY_AREA": 10887082704.173401, "STGEOMETRY_LEN": 739438.93968005001 }, "geometry": { "type": "Point", "coordinates": [ -110.43762, 33.08287 ] } },
{ "type": "Feature", "properties": { "OBJECTID": 1751, "Join_Count": 1, "TARGET_FID": 1751, "JOIN_FID": 97, "DEP_ID": "10027037", "SITE_NAME": "Bitter Spring Prospect", "DEV_STAT": "Occurrence", "URL": "https://mrdata.usgs.gov/mrds/show-mrds.php?dep_id=10027037", "CODE_LIST": " AU AG CU FE", "Grade": "C", "AIANNH": "3355", "FSRFLG": "F", "AIANNHNS": "00024000", "AREALAND": 7516878015.0, "ALANDHIST": 7516878015.0, "AREAWATER": 62469236.0, "AWATERHIST": 62469236.0, "AIANNHCC": "D2", "EFFDATE": null, "ESTABDATE": null, "FUNCSTAT": "A", "GCFLG": null, "GEOID": "3355R", "LSADC": "86", "MTFCC": "G2100", "BASENAME": "San Carlos", "NAME": "San Carlos Reservation", "ObjID": "251901210040679", "AIANNHCOMP": "R", "STATEFP1": "0462980", "STATEFP2": null, "STATEFP3": null, "UR": null, "VINTAGE": "90", "AIANNHFP1": "04-62980", "AIANNHFP2": null, "AIANNHFP3": null, "HU100": null, "POP100": null, "CENTLAT": "+33.3326464", "CENTLON": "-110.1612588", "INTPTLAT": "+33.3163715", "INTPTLON": "-110.1934943", "STGEOMETRY_AREA": 10887082704.173401, "STGEOMETRY_LEN": 739438.93968005001 }, "geometry": { "type": "Point", "coordinates": [ -110.31235, 33.08787 ] } },
{ "type": "Feature", "properties": { "OBJECTID": 1770, "Join_Count": 1, "TARGET_FID": 1770, "JOIN_FID": 97, "DEP_ID": "10027099", "SITE_NAME": "Geronimo Prospect", "DEV_STAT": "Occurrence", "URL": "https://mrdata.usgs.gov/mrds/show-mrds.php?dep_id=10027099", "CODE_LIST": " AU CU", "Grade": "C", "AIANNH": "3355", "FSRFLG": "F", "AIANNHNS": "00024000", "AREALAND": 7516878015.0, "ALANDHIST": 7516878015.0, "AREAWATER": 62469236.0, "AWATERHIST": 62469236.0, "AIANNHCC": "D2", "EFFDATE": null, "ESTABDATE": null, "FUNCSTAT": "A", "GCFLG": null, "GEOID": "3355R", "LSADC": "86", "MTFCC": "G2100", "BASENAME": "San Carlos", "NAME": "San Carlos Reservation", "ObjID": "251901210040679", "AIANNHCOMP": "R", "STATEFP1": "0462980", "STATEFP2": null, "STATEFP3": null, "UR": null, "VINTAGE": "90", "AIANNHFP1": "04-62980", "AIANNHFP2": null, "AIANNHFP3": null, "HU100": null, "POP100": null, "CENTLAT": "+33.3326464", "CENTLON": "-110.1612588", "INTPTLAT": "+33.3163715", "INTPTLON": "-110.1934943", "STGEOMETRY_AREA": 10887082704.173401, "STGEOMETRY_LEN": 739438.93968005001 }, "geometry": { "type": "Point", "coordinates": [ -110.15511, 33.10093 ] } },
{ "type": "Feature", "properties": { "OBJECTID": 1782, "Join_Count": 1, "TARGET_FID": 1782, "JOIN_FID": 244, "DEP_ID": "10062154", "SITE_NAME": "North Bank - Gila River", "DEV_STAT": "Occurrence", "URL": "https://mrdata.usgs.gov/mrds/show-mrds.php?dep_id=10062154", "CODE_LIST": " STN_C", "Grade": "C", "AIANNH": "1310", "FSRFLG": "F", "AIANNHNS": "00023998", "AREALAND": 1510990468.0, "ALANDHIST": 1510990799.0, "AREAWATER": 937536.0, "AWATERHIST": 937536.0, "AIANNHCC": "D2", "EFFDATE": null, "ESTABDATE": null, "FUNCSTAT": "A", "GCFLG": null, "GEOID": "1310R", "LSADC": "96", "MTFCC": "G2100", "BASENAME": "Gila River", "NAME": "Gila River Indian Reservation", "ObjID": "251901230456556", "AIANNHCOMP": "R", "STATEFP1": "0427330", "STATEFP2": null, "STATEFP3": null, "UR": null, "VINTAGE": "90", "AIANNHFP1": "04-27330", "AIANNHFP2": null, "AIANNHFP3": null, "HU100": null, "POP100": null, "CENTLAT": "+33.1543037", "CENTLON": "-111.9269163", "INTPTLAT": "+33.1512172", "INTPTLON": "-111.9315560", "STGEOMETRY_AREA": 2162963175.04913, "STGEOMETRY_LEN": 309034.92142778001 }, "geometry": { "type": "Point", "coordinates": [ -111.72988, 33.10842 ] } },
{ "type": "Feature", "properties": { "OBJECTID": 1788, "Join_Count": 1, "TARGET_FID": 1788, "JOIN_FID": 244, "DEP_ID": "10067172", "SITE_NAME": "Mineral Butte Prospect", "DEV_STAT": "Prospect", "URL": "https://mrdata.usgs.gov/mrds/show-mrds.php?dep_id=10067172", "CODE_LIST": " CU MO AU", "Grade": "B", "AIANNH": "1310", "FSRFLG": "F", "AIANNHNS": "00023998", "AREALAND": 1510990468.0, "ALANDHIST": 1510990799.0, "AREAWATER": 937536.0, "AWATERHIST": 937536.0, "AIANNHCC": "D2", "EFFDATE": null, "ESTABDATE": null, "FUNCSTAT": "A", "GCFLG": null, "GEOID": "1310R", "LSADC": "96", "MTFCC": "G2100", "BASENAME": "Gila River", "NAME": "Gila River Indian Reservation", "ObjID": "251901230456556", "AIANNHCOMP": "R", "STATEFP1": "0427330", "STATEFP2": null, "STATEFP3": null, "UR": null, "VINTAGE": "90", "AIANNHFP1": "04-27330", "AIANNHFP2": null, "AIANNHFP3": null, "HU100": null, "POP100": null, "CENTLAT": "+33.1543037", "CENTLON": "-111.9269163", "INTPTLAT": "+33.1512172", "INTPTLON": "-111.9315560", "STGEOMETRY_AREA": 2162963175.04913, "STGEOMETRY_LEN": 309034.92142778001 }, "geometry": { "type": "Point", "coordinates": [ -111.57988, 33.11398 ] } },
{ "type": "Feature", "properties": { "OBJECTID": 1835, "Join_Count": 1, "TARGET_FID": 1835, "JOIN_FID": 244, "DEP_ID": "10060346", "SITE_NAME": "North Spur of Pima Butte", "DEV_STAT": "Occurrence", "URL": "https://mrdata.usgs.gov/mrds/show-mrds.php?dep_id=10060346", "CODE_LIST": " MIC FLD QTZ", "Grade": "C", "AIANNH": "1310", "FSRFLG": "F", "AIANNHNS": "00023998", "AREALAND": 1510990468.0, "ALANDHIST": 1510990799.0, "AREAWATER": 937536.0, "AWATERHIST": 937536.0, "AIANNHCC": "D2", "EFFDATE": null, "ESTABDATE": null, "FUNCSTAT": "A", "GCFLG": null, "GEOID": "1310R", "LSADC": "96", "MTFCC": "G2100", "BASENAME": "Gila River", "NAME": "Gila River Indian Reservation", "ObjID": "251901230456556", "AIANNHCOMP": "R", "STATEFP1": "0427330", "STATEFP2": null, "STATEFP3": null, "UR": null, "VINTAGE": "90", "AIANNHFP1": "04-27330", "AIANNHFP2": null, "AIANNHFP3": null, "HU100": null, "POP100": null, "CENTLAT": "+33.1543037", "CENTLON": "-111.9269163", "INTPTLAT": "+33.1512172", "INTPTLON": "-111.9315560", "STGEOMETRY_AREA": 2162963175.04913, "STGEOMETRY_LEN": 309034.92142778001 }, "geometry": { "type": "Point", "coordinates": [ -112.02016, 33.15425 ] } },
{ "type": "Feature", "properties": { "OBJECTID": 1862, "Join_Count": 1, "TARGET_FID": 1862, "JOIN_FID": 97, "DEP_ID": "10026834", "SITE_NAME": "Copper King Or Wylomene", "DEV_STAT": "Occurrence", "URL": "https://mrdata.usgs.gov/mrds/show-mrds.php?dep_id=10026834", "CODE_LIST": " CU FE", "Grade": "C", "AIANNH": "3355", "FSRFLG": "F", "AIANNHNS": "00024000", "AREALAND": 7516878015.0, "ALANDHIST": 7516878015.0, "AREAWATER": 62469236.0, "AWATERHIST": 62469236.0, "AIANNHCC": "D2", "EFFDATE": null, "ESTABDATE": null, "FUNCSTAT": "A", "GCFLG": null, "GEOID": "3355R", "LSADC": "86", "MTFCC": "G2100", "BASENAME": "San Carlos", "NAME": "San Carlos Reservation", "ObjID": "251901210040679", "AIANNHCOMP": "R", "STATEFP1": "0462980", "STATEFP2": null, "STATEFP3": null, "UR": null, "VINTAGE": "90", "AIANNHFP1": "04-62980", "AIANNHFP2": null, "AIANNHFP3": null, "HU100": null, "POP100": null, "CENTLAT": "+33.3326464", "CENTLON": "-110.1612588", "INTPTLAT": "+33.3163715", "INTPTLON": "-110.1934943", "STGEOMETRY_AREA": 10887082704.173401, "STGEOMETRY_LEN": 739438.93968005001 }, "geometry": { "type": "Point", "coordinates": [ -110.61651, 33.18953 ] } },
{ "type": "Feature", "properties": { "OBJECTID": 1884, "Join_Count": 1, "TARGET_FID": 1884, "JOIN_FID": 97, "DEP_ID": "10027016", "SITE_NAME": "Tribal Claims", "DEV_STAT": "Occurrence", "URL": "https://mrdata.usgs.gov/mrds/show-mrds.php?dep_id=10027016", "CODE_LIST": " AU AG CU", "Grade": "C", "AIANNH": "3355", "FSRFLG": "F", "AIANNHNS": "00024000", "AREALAND": 7516878015.0, "ALANDHIST": 7516878015.0, "AREAWATER": 62469236.0, "AWATERHIST": 62469236.0, "AIANNHCC": "D2", "EFFDATE": null, "ESTABDATE": null, "FUNCSTAT": "A", "GCFLG": null, "GEOID": "3355R", "LSADC": "86", "MTFCC": "G2100", "BASENAME": "San Carlos", "NAME": "San Carlos Reservation", "ObjID": "251901210040679", "AIANNHCOMP": "R", "STATEFP1": "0462980", "STATEFP2": null, "STATEFP3": null, "UR": null, "VINTAGE": "90", "AIANNHFP1": "04-62980", "AIANNHFP2": null, "AIANNHFP3": null, "HU100": null, "POP100": null, "CENTLAT": "+33.3326464", "CENTLON": "-110.1612588", "INTPTLAT": "+33.3163715", "INTPTLON": "-110.1934943", "STGEOMETRY_AREA": 10887082704.173401, "STGEOMETRY_LEN": 739438.93968005001 }, "geometry": { "type": "Point", "coordinates": [ -110.09011, 33.21203 ] } },
{ "type": "Feature", "properties": { "OBJECTID": 1913, "Join_Count": 1, "TARGET_FID": 1913, "JOIN_FID": 189, "DEP_ID": "10125914", "SITE_NAME": "Pajarito Mountain", "DEV_STAT": "Prospect", "URL": "https://mrdata.usgs.gov/mrds/show-mrds.php?dep_id=10125914", "CODE_LIST": " REE ZR", "Grade": "B", "AIANNH": "2205", "FSRFLG": "F", "AIANNHNS": "00924240", "AREALAND": 1862762807.0, "ALANDHIST": 1862762807.0, "AREAWATER": 1469791.0, "AWATERHIST": 1469791.0, "AIANNHCC": "D2", "EFFDATE": null, "ESTABDATE": null, "FUNCSTAT": "A", "GCFLG": null, "GEOID": "2205R", "LSADC": "86", "MTFCC": "G2100", "BASENAME": "Mescalero", "NAME": "Mescalero Reservation", "ObjID": "251901364286435", "AIANNHCOMP": "R", "STATEFP1": "3547990", "STATEFP2": null, "STATEFP3": null, "UR": null, "VINTAGE": "90", "AIANNHFP1": "35-47990", "AIANNHFP2": null, "AIANNHFP3": null, "HU100": null, "POP100": null, "CENTLAT": "+33.1784871", "CENTLON": "-105.6118360", "INTPTLAT": "+33.1761346", "INTPTLON": "-105.5832417", "STGEOMETRY_AREA": 2668434255.8717299, "STGEOMETRY_LEN": 245243.03593504001 }, "geometry": { "type": "Point", "coordinates": [ -105.43414, 33.24371 ] } },
{ "type": "Feature", "properties": { "OBJECTID": 1918, "Join_Count": 1, "TARGET_FID": 1918, "JOIN_FID": 97, "DEP_ID": "10026833", "SITE_NAME": "Red Whiskers Spring", "DEV_STAT": "Occurrence", "URL": "https://mrdata.usgs.gov/mrds/show-mrds.php?dep_id=10026833", "CODE_LIST": " ASB", "Grade": "C", "AIANNH": "3355", "FSRFLG": "F", "AIANNHNS": "00024000", "AREALAND": 7516878015.0, "ALANDHIST": 7516878015.0, "AREAWATER": 62469236.0, "AWATERHIST": 62469236.0, "AIANNHCC": "D2", "EFFDATE": null, "ESTABDATE": null, "FUNCSTAT": "A", "GCFLG": null, "GEOID": "3355R", "LSADC": "86", "MTFCC": "G2100", "BASENAME": "San Carlos", "NAME": "San Carlos Reservation", "ObjID": "251901210040679", "AIANNHCOMP": "R", "STATEFP1": "0462980", "STATEFP2": null, "STATEFP3": null, "UR": null, "VINTAGE": "90", "AIANNHFP1": "04-62980", "AIANNHFP2": null, "AIANNHFP3": null, "HU100": null, "POP100": null, "CENTLAT": "+33.3326464", "CENTLON": "-110.1612588", "INTPTLAT": "+33.3163715", "INTPTLON": "-110.1934943", "STGEOMETRY_AREA": 10887082704.173401, "STGEOMETRY_LEN": 739438.93968005001 }, "geometry": { "type": "Point", "coordinates": [ -110.63291, 33.24731 ] } },
{ "type": "Feature", "properties": { "OBJECTID": 1938, "Join_Count": 1, "TARGET_FID": 1938, "JOIN_FID": 97, "DEP_ID": "10026856", "SITE_NAME": "Mystery Mine", "DEV_STAT": "Occurrence", "URL": "https://mrdata.usgs.gov/mrds/show-mrds.php?dep_id=10026856", "CODE_LIST": " ASB", "Grade": "C", "AIANNH": "3355", "FSRFLG": "F", "AIANNHNS": "00024000", "AREALAND": 7516878015.0, "ALANDHIST": 7516878015.0, "AREAWATER": 62469236.0, "AWATERHIST": 62469236.0, "AIANNHCC": "D2", "EFFDATE": null, "ESTABDATE": null, "FUNCSTAT": "A", "GCFLG": null, "GEOID": "3355R", "LSADC": "86", "MTFCC": "G2100", "BASENAME": "San Carlos", "NAME": "San Carlos Reservation", "ObjID": "251901210040679", "AIANNHCOMP": "R", "STATEFP1": "0462980", "STATEFP2": null, "STATEFP3": null, "UR": null, "VINTAGE": "90", "AIANNHFP1": "04-62980", "AIANNHFP2": null, "AIANNHFP3": null, "HU100": null, "POP100": null, "CENTLAT": "+33.3326464", "CENTLON": "-110.1612588", "INTPTLAT": "+33.3163715", "INTPTLON": "-110.1934943", "STGEOMETRY_AREA": 10887082704.173401, "STGEOMETRY_LEN": 739438.93968005001 }, "geometry": { "type": "Point", "coordinates": [ -110.61346, 33.26898 ] } },
{ "type": "Feature", "properties": { "OBJECTID": 1945, "Join_Count": 1, "TARGET_FID": 1945, "JOIN_FID": 97, "DEP_ID": "10026832", "SITE_NAME": "Chiricahua Prospect", "DEV_STAT": "Occurrence", "URL": "https://mrdata.usgs.gov/mrds/show-mrds.php?dep_id=10026832", "CODE_LIST": " ASB", "Grade": "C", "AIANNH": "3355", "FSRFLG": "F", "AIANNHNS": "00024000", "AREALAND": 7516878015.0, "ALANDHIST": 7516878015.0, "AREAWATER": 62469236.0, "AWATERHIST": 62469236.0, "AIANNHCC": "D2", "EFFDATE": null, "ESTABDATE": null, "FUNCSTAT": "A", "GCFLG": null, "GEOID": "3355R", "LSADC": "86", "MTFCC": "G2100", "BASENAME": "San Carlos", "NAME": "San Carlos Reservation", "ObjID": "251901210040679", "AIANNHCOMP": "R", "STATEFP1": "0462980", "STATEFP2": null, "STATEFP3": null, "UR": null, "VINTAGE": "90", "AIANNHFP1": "04-62980", "AIANNHFP2": null, "AIANNHFP3": null, "HU100": null, "POP100": null, "CENTLAT": "+33.3326464", "CENTLON": "-110.1612588", "INTPTLAT": "+33.3163715", "INTPTLON": "-110.1934943", "STGEOMETRY_AREA": 10887082704.173401, "STGEOMETRY_LEN": 739438.93968005001 }, "geometry": { "type": "Point", "coordinates": [ -110.60929, 33.2737 ] } },
{ "type": "Feature", "properties": { "OBJECTID": 1963, "Join_Count": 1, "TARGET_FID": 1963, "JOIN_FID": 97, "DEP_ID": "10060231", "SITE_NAME": "Triplets Wash", "DEV_STAT": "Occurrence", "URL": "https://mrdata.usgs.gov/mrds/show-mrds.php?dep_id=10060231", "CODE_LIST": " DIT", "Grade": "C", "AIANNH": "3355", "FSRFLG": "F", "AIANNHNS": "00024000", "AREALAND": 7516878015.0, "ALANDHIST": 7516878015.0, "AREAWATER": 62469236.0, "AWATERHIST": 62469236.0, "AIANNHCC": "D2", "EFFDATE": null, "ESTABDATE": null, "FUNCSTAT": "A", "GCFLG": null, "GEOID": "3355R", "LSADC": "86", "MTFCC": "G2100", "BASENAME": "San Carlos", "NAME": "San Carlos Reservation", "ObjID": "251901210040679", "AIANNHCOMP": "R", "STATEFP1": "0462980", "STATEFP2": null, "STATEFP3": null, "UR": null, "VINTAGE": "90", "AIANNHFP1": "04-62980", "AIANNHFP2": null, "AIANNHFP3": null, "HU100": null, "POP100": null, "CENTLAT": "+33.3326464", "CENTLON": "-110.1612588", "INTPTLAT": "+33.3163715", "INTPTLON": "-110.1934943", "STGEOMETRY_AREA": 10887082704.173401, "STGEOMETRY_LEN": 739438.93968005001 }, "geometry": { "type": "Point", "coordinates": [ -110.35485, 33.29176 ] } },
{ "type": "Feature", "properties": { "OBJECTID": 1976, "Join_Count": 1, "TARGET_FID": 1976, "JOIN_FID": 97, "DEP_ID": "10060241", "SITE_NAME": "San Carlos Deposits", "DEV_STAT": "Occurrence", "URL": "https://mrdata.usgs.gov/mrds/show-mrds.php?dep_id=10060241", "CODE_LIST": " DIT", "Grade": "C", "AIANNH": "3355", "FSRFLG": "F", "AIANNHNS": "00024000", "AREALAND": 7516878015.0, "ALANDHIST": 7516878015.0, "AREAWATER": 62469236.0, "AWATERHIST": 62469236.0, "AIANNHCC": "D2", "EFFDATE": null, "ESTABDATE": null, "FUNCSTAT": "A", "GCFLG": null, "GEOID": "3355R", "LSADC": "86", "MTFCC": "G2100", "BASENAME": "San Carlos", "NAME": "San Carlos Reservation", "ObjID": "251901210040679", "AIANNHCOMP": "R", "STATEFP1": "0462980", "STATEFP2": null, "STATEFP3": null, "UR": null, "VINTAGE": "90", "AIANNHFP1": "04-62980", "AIANNHFP2": null, "AIANNHFP3": null, "HU100": null, "POP100": null, "CENTLAT": "+33.3326464", "CENTLON": "-110.1612588", "INTPTLAT": "+33.3163715", "INTPTLON": "-110.1934943", "STGEOMETRY_AREA": 10887082704.173401, "STGEOMETRY_LEN": 739438.93968005001 }, "geometry": { "type": "Point", "coordinates": [ -110.44068, 33.30009 ] } },
{ "type": "Feature", "properties": { "OBJECTID": 1990, "Join_Count": 1, "TARGET_FID": 1990, "JOIN_FID": 97, "DEP_ID": "10026837", "SITE_NAME": "Peacock Claims", "DEV_STAT": "Occurrence", "URL": "https://mrdata.usgs.gov/mrds/show-mrds.php?dep_id=10026837", "CODE_LIST": " CU", "Grade": "C", "AIANNH": "3355", "FSRFLG": "F", "AIANNHNS": "00024000", "AREALAND": 7516878015.0, "ALANDHIST": 7516878015.0, "AREAWATER": 62469236.0, "AWATERHIST": 62469236.0, "AIANNHCC": "D2", "EFFDATE": null, "ESTABDATE": null, "FUNCSTAT": "A", "GCFLG": null, "GEOID": "3355R", "LSADC": "86", "MTFCC": "G2100", "BASENAME": "San Carlos", "NAME": "San Carlos Reservation", "ObjID": "251901210040679", "AIANNHCOMP": "R", "STATEFP1": "0462980", "STATEFP2": null, "STATEFP3": null, "UR": null, "VINTAGE": "90", "AIANNHFP1": "04-62980", "AIANNHFP2": null, "AIANNHFP3": null, "HU100": null, "POP100": null, "CENTLAT": "+33.3326464", "CENTLON": "-110.1612588", "INTPTLAT": "+33.3163715", "INTPTLON": "-110.1934943", "STGEOMETRY_AREA": 10887082704.173401, "STGEOMETRY_LEN": 739438.93968005001 }, "geometry": { "type": "Point", "coordinates": [ -110.54707, 33.31676 ] } },
{ "type": "Feature", "properties": { "OBJECTID": 2002, "Join_Count": 1, "TARGET_FID": 2002, "JOIN_FID": 97, "DEP_ID": "10060353", "SITE_NAME": "Peridot Mesa", "DEV_STAT": "Producer", "URL": "https://mrdata.usgs.gov/mrds/show-mrds.php?dep_id=10060353", "CODE_LIST": " OLV GEM", "Grade": "B", "AIANNH": "3355", "FSRFLG": "F", "AIANNHNS": "00024000", "AREALAND": 7516878015.0, "ALANDHIST": 7516878015.0, "AREAWATER": 62469236.0, "AWATERHIST": 62469236.0, "AIANNHCC": "D2", "EFFDATE": null, "ESTABDATE": null, "FUNCSTAT": "A", "GCFLG": null, "GEOID": "3355R", "LSADC": "86", "MTFCC": "G2100", "BASENAME": "San Carlos", "NAME": "San Carlos Reservation", "ObjID": "251901210040679", "AIANNHCOMP": "R", "STATEFP1": "0462980", "STATEFP2": null, "STATEFP3": null, "UR": null, "VINTAGE": "90", "AIANNHFP1": "04-62980", "AIANNHFP2": null, "AIANNHFP3": null, "HU100": null, "POP100": null, "CENTLAT": "+33.3326464", "CENTLON": "-110.1612588", "INTPTLAT": "+33.3163715", "INTPTLON": "-110.1934943", "STGEOMETRY_AREA": 10887082704.173401, "STGEOMETRY_LEN": 739438.93968005001 }, "geometry": { "type": "Point", "coordinates": [ -110.49374, 33.33037 ] } },
{ "type": "Feature", "properties": { "OBJECTID": 2022, "Join_Count": 1, "TARGET_FID": 2022, "JOIN_FID": 97, "DEP_ID": "10026836", "SITE_NAME": "Iron Claims Mine", "DEV_STAT": "Occurrence", "URL": "https://mrdata.usgs.gov/mrds/show-mrds.php?dep_id=10026836", "CODE_LIST": " FE", "Grade": "C", "AIANNH": "3355", "FSRFLG": "F", "AIANNHNS": "00024000", "AREALAND": 7516878015.0, "ALANDHIST": 7516878015.0, "AREAWATER": 62469236.0, "AWATERHIST": 62469236.0, "AIANNHCC": "D2", "EFFDATE": null, "ESTABDATE": null, "FUNCSTAT": "A", "GCFLG": null, "GEOID": "3355R", "LSADC": "86", "MTFCC": "G2100", "BASENAME": "San Carlos", "NAME": "San Carlos Reservation", "ObjID": "251901210040679", "AIANNHCOMP": "R", "STATEFP1": "0462980", "STATEFP2": null, "STATEFP3": null, "UR": null, "VINTAGE": "90", "AIANNHFP1": "04-62980", "AIANNHFP2": null, "AIANNHFP3": null, "HU100": null, "POP100": null, "CENTLAT": "+33.3326464", "CENTLON": "-110.1612588", "INTPTLAT": "+33.3163715", "INTPTLON": "-110.1934943", "STGEOMETRY_AREA": 10887082704.173401, "STGEOMETRY_LEN": 739438.93968005001 }, "geometry": { "type": "Point", "coordinates": [ -110.51485, 33.34509 ] } },
{ "type": "Feature", "properties": { "OBJECTID": 2117, "Join_Count": 1, "TARGET_FID": 2117, "JOIN_FID": 97, "DEP_ID": "10027373", "SITE_NAME": "Unnamed Prospect", "DEV_STAT": "Occurrence", "URL": "https://mrdata.usgs.gov/mrds/show-mrds.php?dep_id=10027373", "CODE_LIST": " ASB", "Grade": "C", "AIANNH": "3355", "FSRFLG": "F", "AIANNHNS": "00024000", "AREALAND": 7516878015.0, "ALANDHIST": 7516878015.0, "AREAWATER": 62469236.0, "AWATERHIST": 62469236.0, "AIANNHCC": "D2", "EFFDATE": null, "ESTABDATE": null, "FUNCSTAT": "A", "GCFLG": null, "GEOID": "3355R", "LSADC": "86", "MTFCC": "G2100", "BASENAME": "San Carlos", "NAME": "San Carlos Reservation", "ObjID": "251901210040679", "AIANNHCOMP": "R", "STATEFP1": "0462980", "STATEFP2": null, "STATEFP3": null, "UR": null, "VINTAGE": "90", "AIANNHFP1": "04-62980", "AIANNHFP2": null, "AIANNHFP3": null, "HU100": null, "POP100": null, "CENTLAT": "+33.3326464", "CENTLON": "-110.1612588", "INTPTLAT": "+33.3163715", "INTPTLON": "-110.1934943", "STGEOMETRY_AREA": 10887082704.173401, "STGEOMETRY_LEN": 739438.93968005001 }, "geometry": { "type": "Point", "coordinates": [ -110.70319, 33.4498 ] } },
{ "type": "Feature", "properties": { "OBJECTID": 2151, "Join_Count": 1, "TARGET_FID": 2151, "JOIN_FID": 97, "DEP_ID": "10027413", "SITE_NAME": "Black Mesa", "DEV_STAT": "Occurrence", "URL": "https://mrdata.usgs.gov/mrds/show-mrds.php?dep_id=10027413", "CODE_LIST": " ASB", "Grade": "C", "AIANNH": "3355", "FSRFLG": "F", "AIANNHNS": "00024000", "AREALAND": 7516878015.0, "ALANDHIST": 7516878015.0, "AREAWATER": 62469236.0, "AWATERHIST": 62469236.0, "AIANNHCC": "D2", "EFFDATE": null, "ESTABDATE": null, "FUNCSTAT": "A", "GCFLG": null, "GEOID": "3355R", "LSADC": "86", "MTFCC": "G2100", "BASENAME": "San Carlos", "NAME": "San Carlos Reservation", "ObjID": "251901210040679", "AIANNHCOMP": "R", "STATEFP1": "0462980", "STATEFP2": null, "STATEFP3": null, "UR": null, "VINTAGE": "90", "AIANNHFP1": "04-62980", "AIANNHFP2": null, "AIANNHFP3": null, "HU100": null, "POP100": null, "CENTLAT": "+33.3326464", "CENTLON": "-110.1612588", "INTPTLAT": "+33.3163715", "INTPTLON": "-110.1934943", "STGEOMETRY_AREA": 10887082704.173401, "STGEOMETRY_LEN": 739438.93968005001 }, "geometry": { "type": "Point", "coordinates": [ -110.41679, 33.48397 ] } },
{ "type": "Feature", "properties": { "OBJECTID": 2155, "Join_Count": 1, "TARGET_FID": 2155, "JOIN_FID": 97, "DEP_ID": "10027451", "SITE_NAME": "Cassadore Deposit", "DEV_STAT": "Occurrence", "URL": "https://mrdata.usgs.gov/mrds/show-mrds.php?dep_id=10027451", "CODE_LIST": " ASB", "Grade": "C", "AIANNH": "3355", "FSRFLG": "F", "AIANNHNS": "00024000", "AREALAND": 7516878015.0, "ALANDHIST": 7516878015.0, "AREAWATER": 62469236.0, "AWATERHIST": 62469236.0, "AIANNHCC": "D2", "EFFDATE": null, "ESTABDATE": null, "FUNCSTAT": "A", "GCFLG": null, "GEOID": "3355R", "LSADC": "86", "MTFCC": "G2100", "BASENAME": "San Carlos", "NAME": "San Carlos Reservation", "ObjID": "251901210040679", "AIANNHCOMP": "R", "STATEFP1": "0462980", "STATEFP2": null, "STATEFP3": null, "UR": null, "VINTAGE": "90", "AIANNHFP1": "04-62980", "AIANNHFP2": null, "AIANNHFP3": null, "HU100": null, "POP100": null, "CENTLAT": "+33.3326464", "CENTLON": "-110.1612588", "INTPTLAT": "+33.3163715", "INTPTLON": "-110.1934943", "STGEOMETRY_AREA": 10887082704.173401, "STGEOMETRY_LEN": 739438.93968005001 }, "geometry": { "type": "Point", "coordinates": [ -110.38401, 33.49675 ] } },
{ "type": "Feature", "properties": { "OBJECTID": 2185, "Join_Count": 1, "TARGET_FID": 2185, "JOIN_FID": 97, "DEP_ID": "10027414", "SITE_NAME": "Unnamed Asbestos Prospects", "DEV_STAT": "Occurrence", "URL": "https://mrdata.usgs.gov/mrds/show-mrds.php?dep_id=10027414", "CODE_LIST": " ASB", "Grade": "C", "AIANNH": "3355", "FSRFLG": "F", "AIANNHNS": "00024000", "AREALAND": 7516878015.0, "ALANDHIST": 7516878015.0, "AREAWATER": 62469236.0, "AWATERHIST": 62469236.0, "AIANNHCC": "D2", "EFFDATE": null, "ESTABDATE": null, "FUNCSTAT": "A", "GCFLG": null, "GEOID": "3355R", "LSADC": "86", "MTFCC": "G2100", "BASENAME": "San Carlos", "NAME": "San Carlos Reservation", "ObjID": "251901210040679", "AIANNHCOMP": "R", "STATEFP1": "0462980", "STATEFP2": null, "STATEFP3": null, "UR": null, "VINTAGE": "90", "AIANNHFP1": "04-62980", "AIANNHFP2": null, "AIANNHFP3": null, "HU100": null, "POP100": null, "CENTLAT": "+33.3326464", "CENTLON": "-110.1612588", "INTPTLAT": "+33.3163715", "INTPTLON": "-110.1934943", "STGEOMETRY_AREA": 10887082704.173401, "STGEOMETRY_LEN": 739438.93968005001 }, "geometry": { "type": "Point", "coordinates": [ -110.32901, 33.54702 ] } },
{ "type": "Feature", "properties": { "OBJECTID": 2241, "Join_Count": 1, "TARGET_FID": 2241, "JOIN_FID": 248, "DEP_ID": "10027862", "SITE_NAME": "Golden Hope Prospect", "DEV_STAT": "Occurrence", "URL": "https://mrdata.usgs.gov/mrds/show-mrds.php?dep_id=10027862", "CODE_LIST": " AU", "Grade": "C", "AIANNH": "0735", "FSRFLG": "F", "AIANNHNS": "00022753", "AREALAND": 1184916287.0, "ALANDHIST": 1184890249.0, "AREAWATER": 17241251.0, "AWATERHIST": 17238466.0, "AIANNHCC": "D2", "EFFDATE": null, "ESTABDATE": null, "FUNCSTAT": "A", "GCFLG": null, "GEOID": "0735R", "LSADC": "96", "MTFCC": "G2100", "BASENAME": "Colorado River", "NAME": "Colorado River Indian Reservation", "ObjID": "25190435424576", "AIANNHCOMP": "R", "STATEFP1": "0414940", "STATEFP2": "0614876", "STATEFP3": null, "UR": null, "VINTAGE": "90", "AIANNHFP1": "04-14940", "AIANNHFP2": "06-14876", "AIANNHFP3": null, "HU100": null, "POP100": null, "CENTLAT": "+33.9314387", "CENTLON": "-114.3888228", "INTPTLAT": "+33.9391133", "INTPTLON": "-114.3881153", "STGEOMETRY_AREA": 1750756486.4158499, "STGEOMETRY_LEN": 235949.87124867999 }, "geometry": { "type": "Point", "coordinates": [ -114.3744, 33.65506 ] } },
{ "type": "Feature", "properties": { "OBJECTID": 2250, "Join_Count": 1, "TARGET_FID": 2250, "JOIN_FID": 248, "DEP_ID": "10066392", "SITE_NAME": "Gold Belt", "DEV_STAT": "Occurrence", "URL": "https://mrdata.usgs.gov/mrds/show-mrds.php?dep_id=10066392", "CODE_LIST": " AU AG", "Grade": "C", "AIANNH": "0735", "FSRFLG": "F", "AIANNHNS": "00022753", "AREALAND": 1184916287.0, "ALANDHIST": 1184890249.0, "AREAWATER": 17241251.0, "AWATERHIST": 17238466.0, "AIANNHCC": "D2", "EFFDATE": null, "ESTABDATE": null, "FUNCSTAT": "A", "GCFLG": null, "GEOID": "0735R", "LSADC": "96", "MTFCC": "G2100", "BASENAME": "Colorado River", "NAME": "Colorado River Indian Reservation", "ObjID": "25190435424576", "AIANNHCOMP": "R", "STATEFP1": "0414940", "STATEFP2": "0614876", "STATEFP3": null, "UR": null, "VINTAGE": "90", "AIANNHFP1": "04-14940", "AIANNHFP2": "06-14876", "AIANNHFP3": null, "HU100": null, "POP100": null, "CENTLAT": "+33.9314387", "CENTLON": "-114.3888228", "INTPTLAT": "+33.9391133", "INTPTLON": "-114.3881153", "STGEOMETRY_AREA": 1750756486.4158499, "STGEOMETRY_LEN": 235949.87124867999 }, "geometry": { "type": "Point", "coordinates": [ -114.38273, 33.67228 ] } },
{ "type": "Feature", "properties": { "OBJECTID": 2270, "Join_Count": 1, "TARGET_FID": 2270, "JOIN_FID": 254, "DEP_ID": "10064445", "SITE_NAME": "Lucky Strike", "DEV_STAT": "Occurrence", "URL": "https://mrdata.usgs.gov/mrds/show-mrds.php?dep_id=10064445", "CODE_LIST": " AU", "Grade": "C", "AIANNH": "0020", "FSRFLG": "F", "AIANNHNS": "01934324", "AREALAND": 141857524.0, "ALANDHIST": 141873126.0, "AREAWATER": 749226.0, "AWATERHIST": 749226.0, "AIANNHCC": "D1", "EFFDATE": null, "ESTABDATE": null, "FUNCSTAT": "A", "GCFLG": null, "GEOID": "0020M", "LSADC": "96", "MTFCC": "G2100", "BASENAME": "Agua Caliente", "NAME": "Agua Caliente Indian Reservation and Off-Reservation Trust Land", "ObjID": "25190435424572", "AIANNHCOMP": "M", "STATEFP1": "0600422", "STATEFP2": null, "STATEFP3": null, "UR": null, "VINTAGE": "90", "AIANNHFP1": "06-00422", "AIANNHFP2": null, "AIANNHFP3": null, "HU100": null, "POP100": null, "CENTLAT": "+33.7833839", "CENTLON": "-116.5342232", "INTPTLAT": "+33.7848696", "INTPTLON": "-116.5344463", "STGEOMETRY_AREA": 206968353.793376, "STGEOMETRY_LEN": 356354.67896548001 }, "geometry": { "type": "Point", "coordinates": [ -116.55668, 33.72115 ] } },
{ "type": "Feature", "properties": { "OBJECTID": 2288, "Join_Count": 1, "TARGET_FID": 2288, "JOIN_FID": 258, "DEP_ID": "10065096", "SITE_NAME": "Hillside Deposit", "DEV_STAT": "Occurrence", "URL": "https://mrdata.usgs.gov/mrds/show-mrds.php?dep_id=10065096", "CODE_LIST": " GYP U F CA", "Grade": "C", "AIANNH": "1140", "FSRFLG": "F", "AIANNHNS": "00004741", "AREALAND": 6799419203.0, "ALANDHIST": 6799419203.0, "AREAWATER": 15498630.0, "AWATERHIST": 15498630.0, "AIANNHCC": "D2", "EFFDATE": null, "ESTABDATE": null, "FUNCSTAT": "A", "GCFLG": null, "GEOID": "1140R", "LSADC": "86", "MTFCC": "G2100", "BASENAME": "Fort Apache", "NAME": "Fort Apache Reservation", "ObjID": "251901190528383", "AIANNHCOMP": "R", "STATEFP1": "0424320", "STATEFP2": null, "STATEFP3": null, "UR": null, "VINTAGE": "90", "AIANNHFP1": "04-24320", "AIANNHFP2": null, "AIANNHFP3": null, "HU100": null, "POP100": null, "CENTLAT": "+33.9286016", "CENTLON": "-110.1320775", "INTPTLAT": "+33.9414720", "INTPTLON": "-110.1361375", "STGEOMETRY_AREA": 9924107218.3268299, "STGEOMETRY_LEN": 660102.34559271997 }, "geometry": { "type": "Point", "coordinates": [ -110.69513, 33.7448 ] } },
{ "type": "Feature", "properties": { "OBJECTID": 2303, "Join_Count": 1, "TARGET_FID": 2303, "JOIN_FID": 97, "DEP_ID": "10027406", "SITE_NAME": "Sulphur Springs Prospect", "DEV_STAT": "Occurrence", "URL": "https://mrdata.usgs.gov/mrds/show-mrds.php?dep_id=10027406", "CODE_LIST": " ASB", "Grade": "C", "AIANNH": "3355", "FSRFLG": "F", "AIANNHNS": "00024000", "AREALAND": 7516878015.0, "ALANDHIST": 7516878015.0, "AREAWATER": 62469236.0, "AWATERHIST": 62469236.0, "AIANNHCC": "D2", "EFFDATE": null, "ESTABDATE": null, "FUNCSTAT": "A", "GCFLG": null, "GEOID": "3355R", "LSADC": "86", "MTFCC": "G2100", "BASENAME": "San Carlos", "NAME": "San Carlos Reservation", "ObjID": "251901210040679", "AIANNHCOMP": "R", "STATEFP1": "0462980", "STATEFP2": null, "STATEFP3": null, "UR": null, "VINTAGE": "90", "AIANNHFP1": "04-62980", "AIANNHFP2": null, "AIANNHFP3": null, "HU100": null, "POP100": null, "CENTLAT": "+33.3326464", "CENTLON": "-110.1612588", "INTPTLAT": "+33.3163715", "INTPTLON": "-110.1934943", "STGEOMETRY_AREA": 10887082704.173401, "STGEOMETRY_LEN": 739438.93968005001 }, "geometry": { "type": "Point", "coordinates": [ -110.48819, 33.76341 ] } },
{ "type": "Feature", "properties": { "OBJECTID": 2316, "Join_Count": 1, "TARGET_FID": 2316, "JOIN_FID": 248, "DEP_ID": "10027939", "SITE_NAME": "Mammoth Prospect", "DEV_STAT": "Occurrence", "URL": "https://mrdata.usgs.gov/mrds/show-mrds.php?dep_id=10027939", "CODE_LIST": " AU", "Grade": "C", "AIANNH": "0735", "FSRFLG": "F", "AIANNHNS": "00022753", "AREALAND": 1184916287.0, "ALANDHIST": 1184890249.0, "AREAWATER": 17241251.0, "AWATERHIST": 17238466.0, "AIANNHCC": "D2", "EFFDATE": null, "ESTABDATE": null, "FUNCSTAT": "A", "GCFLG": null, "GEOID": "0735R", "LSADC": "96", "MTFCC": "G2100", "BASENAME": "Colorado River", "NAME": "Colorado River Indian Reservation", "ObjID": "25190435424576", "AIANNHCOMP": "R", "STATEFP1": "0414940", "STATEFP2": "0614876", "STATEFP3": null, "UR": null, "VINTAGE": "90", "AIANNHFP1": "04-14940", "AIANNHFP2": "06-14876", "AIANNHFP3": null, "HU100": null, "POP100": null, "CENTLAT": "+33.9314387", "CENTLON": "-114.3888228", "INTPTLAT": "+33.9391133", "INTPTLON": "-114.3881153", "STGEOMETRY_AREA": 1750756486.4158499, "STGEOMETRY_LEN": 235949.87124867999 }, "geometry": { "type": "Point", "coordinates": [ -114.38635, 33.78755 ] } },
{ "type": "Feature", "properties": { "OBJECTID": 2321, "Join_Count": 1, "TARGET_FID": 2321, "JOIN_FID": 97, "DEP_ID": "10027408", "SITE_NAME": "Wonder Mine", "DEV_STAT": "Occurrence", "URL": "https://mrdata.usgs.gov/mrds/show-mrds.php?dep_id=10027408", "CODE_LIST": " ASB", "Grade": "C", "AIANNH": "3355", "FSRFLG": "F", "AIANNHNS": "00024000", "AREALAND": 7516878015.0, "ALANDHIST": 7516878015.0, "AREAWATER": 62469236.0, "AWATERHIST": 62469236.0, "AIANNHCC": "D2", "EFFDATE": null, "ESTABDATE": null, "FUNCSTAT": "A", "GCFLG": null, "GEOID": "3355R", "LSADC": "86", "MTFCC": "G2100", "BASENAME": "San Carlos", "NAME": "San Carlos Reservation", "ObjID": "251901210040679", "AIANNHCOMP": "R", "STATEFP1": "0462980", "STATEFP2": null, "STATEFP3": null, "UR": null, "VINTAGE": "90", "AIANNHFP1": "04-62980", "AIANNHFP2": null, "AIANNHFP3": null, "HU100": null, "POP100": null, "CENTLAT": "+33.3326464", "CENTLON": "-110.1612588", "INTPTLAT": "+33.3163715", "INTPTLON": "-110.1934943", "STGEOMETRY_AREA": 10887082704.173401, "STGEOMETRY_LEN": 739438.93968005001 }, "geometry": { "type": "Point", "coordinates": [ -110.47263, 33.79675 ] } },
{ "type": "Feature", "properties": { "OBJECTID": 2322, "Join_Count": 1, "TARGET_FID": 2322, "JOIN_FID": 258, "DEP_ID": "10026840", "SITE_NAME": "Accord Mine", "DEV_STAT": "Occurrence", "URL": "https://mrdata.usgs.gov/mrds/show-mrds.php?dep_id=10026840", "CODE_LIST": " MN", "Grade": "C", "AIANNH": "1140", "FSRFLG": "F", "AIANNHNS": "00004741", "AREALAND": 6799419203.0, "ALANDHIST": 6799419203.0, "AREAWATER": 15498630.0, "AWATERHIST": 15498630.0, "AIANNHCC": "D2", "EFFDATE": null, "ESTABDATE": null, "FUNCSTAT": "A", "GCFLG": null, "GEOID": "1140R", "LSADC": "86", "MTFCC": "G2100", "BASENAME": "Fort Apache", "NAME": "Fort Apache Reservation", "ObjID": "251901190528383", "AIANNHCOMP": "R", "STATEFP1": "0424320", "STATEFP2": null, "STATEFP3": null, "UR": null, "VINTAGE": "90", "AIANNHFP1": "04-24320", "AIANNHFP2": null, "AIANNHFP3": null, "HU100": null, "POP100": null, "CENTLAT": "+33.9286016", "CENTLON": "-110.1320775", "INTPTLAT": "+33.9414720", "INTPTLON": "-110.1361375", "STGEOMETRY_AREA": 9924107218.3268299, "STGEOMETRY_LEN": 660102.34559271997 }, "geometry": { "type": "Point", "coordinates": [ -110.7143, 33.79757 ] } },
{ "type": "Feature", "properties": { "OBJECTID": 2323, "Join_Count": 1, "TARGET_FID": 2323, "JOIN_FID": 258, "DEP_ID": "10027042", "SITE_NAME": "Bluff Prospect", "DEV_STAT": "Occurrence", "URL": "https://mrdata.usgs.gov/mrds/show-mrds.php?dep_id=10027042", "CODE_LIST": " ASB", "Grade": "B", "AIANNH": "1140", "FSRFLG": "F", "AIANNHNS": "00004741", "AREALAND": 6799419203.0, "ALANDHIST": 6799419203.0, "AREAWATER": 15498630.0, "AWATERHIST": 15498630.0, "AIANNHCC": "D2", "EFFDATE": null, "ESTABDATE": null, "FUNCSTAT": "A", "GCFLG": null, "GEOID": "1140R", "LSADC": "86", "MTFCC": "G2100", "BASENAME": "Fort Apache", "NAME": "Fort Apache Reservation", "ObjID": "251901190528383", "AIANNHCOMP": "R", "STATEFP1": "0424320", "STATEFP2": null, "STATEFP3": null, "UR": null, "VINTAGE": "90", "AIANNHFP1": "04-24320", "AIANNHFP2": null, "AIANNHFP3": null, "HU100": null, "POP100": null, "CENTLAT": "+33.9286016", "CENTLON": "-110.1320775", "INTPTLAT": "+33.9414720", "INTPTLON": "-110.1361375", "STGEOMETRY_AREA": 9924107218.3268299, "STGEOMETRY_LEN": 660102.34559271997 }, "geometry": { "type": "Point", "coordinates": [ -110.49013, 33.79814 ] } },
{ "type": "Feature", "properties": { "OBJECTID": 2326, "Join_Count": 1, "TARGET_FID": 2326, "JOIN_FID": 258, "DEP_ID": "10027054", "SITE_NAME": "Snake Hill Mine", "DEV_STAT": "Occurrence", "URL": "https://mrdata.usgs.gov/mrds/show-mrds.php?dep_id=10027054", "CODE_LIST": " ASB", "Grade": "C", "AIANNH": "1140", "FSRFLG": "F", "AIANNHNS": "00004741", "AREALAND": 6799419203.0, "ALANDHIST": 6799419203.0, "AREAWATER": 15498630.0, "AWATERHIST": 15498630.0, "AIANNHCC": "D2", "EFFDATE": null, "ESTABDATE": null, "FUNCSTAT": "A", "GCFLG": null, "GEOID": "1140R", "LSADC": "86", "MTFCC": "G2100", "BASENAME": "Fort Apache", "NAME": "Fort Apache Reservation", "ObjID": "251901190528383", "AIANNHCOMP": "R", "STATEFP1": "0424320", "STATEFP2": null, "STATEFP3": null, "UR": null, "VINTAGE": "90", "AIANNHFP1": "04-24320", "AIANNHFP2": null, "AIANNHFP3": null, "HU100": null, "POP100": null, "CENTLAT": "+33.9286016", "CENTLON": "-110.1320775", "INTPTLAT": "+33.9414720", "INTPTLON": "-110.1361375", "STGEOMETRY_AREA": 9924107218.3268299, "STGEOMETRY_LEN": 660102.34559271997 }, "geometry": { "type": "Point", "coordinates": [ -110.48263, 33.8023 ] } },
{ "type": "Feature", "properties": { "OBJECTID": 2356, "Join_Count": 1, "TARGET_FID": 2356, "JOIN_FID": 258, "DEP_ID": "10026859", "SITE_NAME": "Fort Apache Indian Reservation", "DEV_STAT": "Occurrence", "URL": "https://mrdata.usgs.gov/mrds/show-mrds.php?dep_id=10026859", "CODE_LIST": " U MO CU", "Grade": "C", "AIANNH": "1140", "FSRFLG": "F", "AIANNHNS": "00004741", "AREALAND": 6799419203.0, "ALANDHIST": 6799419203.0, "AREAWATER": 15498630.0, "AWATERHIST": 15498630.0, "AIANNHCC": "D2", "EFFDATE": null, "ESTABDATE": null, "FUNCSTAT": "A", "GCFLG": null, "GEOID": "1140R", "LSADC": "86", "MTFCC": "G2100", "BASENAME": "Fort Apache", "NAME": "Fort Apache Reservation", "ObjID": "251901190528383", "AIANNHCOMP": "R", "STATEFP1": "0424320", "STATEFP2": null, "STATEFP3": null, "UR": null, "VINTAGE": "90", "AIANNHFP1": "04-24320", "AIANNHFP2": null, "AIANNHFP3": null, "HU100": null, "POP100": null, "CENTLAT": "+33.9286016", "CENTLON": "-110.1320775", "INTPTLAT": "+33.9414720", "INTPTLON": "-110.1361375", "STGEOMETRY_AREA": 9924107218.3268299, "STGEOMETRY_LEN": 660102.34559271997 }, "geometry": { "type": "Point", "coordinates": [ -110.68736, 33.83757 ] } },
{ "type": "Feature", "properties": { "OBJECTID": 2359, "Join_Count": 1, "TARGET_FID": 2359, "JOIN_FID": 258, "DEP_ID": "10027338", "SITE_NAME": "Riverside Group", "DEV_STAT": "Occurrence", "URL": "https://mrdata.usgs.gov/mrds/show-mrds.php?dep_id=10027338", "CODE_LIST": " ASB", "Grade": "C", "AIANNH": "1140", "FSRFLG": "F", "AIANNHNS": "00004741", "AREALAND": 6799419203.0, "ALANDHIST": 6799419203.0, "AREAWATER": 15498630.0, "AWATERHIST": 15498630.0, "AIANNHCC": "D2", "EFFDATE": null, "ESTABDATE": null, "FUNCSTAT": "A", "GCFLG": null, "GEOID": "1140R", "LSADC": "86", "MTFCC": "G2100", "BASENAME": "Fort Apache", "NAME": "Fort Apache Reservation", "ObjID": "251901190528383", "AIANNHCOMP": "R", "STATEFP1": "0424320", "STATEFP2": null, "STATEFP3": null, "UR": null, "VINTAGE": "90", "AIANNHFP1": "04-24320", "AIANNHFP2": null, "AIANNHFP3": null, "HU100": null, "POP100": null, "CENTLAT": "+33.9286016", "CENTLON": "-110.1320775", "INTPTLAT": "+33.9414720", "INTPTLON": "-110.1361375", "STGEOMETRY_AREA": 9924107218.3268299, "STGEOMETRY_LEN": 660102.34559271997 }, "geometry": { "type": "Point", "coordinates": [ -110.59152, 33.83868 ] } },
{ "type": "Feature", "properties": { "OBJECTID": 2369, "Join_Count": 1, "TARGET_FID": 2369, "JOIN_FID": 258, "DEP_ID": "10027084", "SITE_NAME": "Apache Extension Mine", "DEV_STAT": "Occurrence", "URL": "https://mrdata.usgs.gov/mrds/show-mrds.php?dep_id=10027084", "CODE_LIST": " ASB", "Grade": "C", "AIANNH": "1140", "FSRFLG": "F", "AIANNHNS": "00004741", "AREALAND": 6799419203.0, "ALANDHIST": 6799419203.0, "AREAWATER": 15498630.0, "AWATERHIST": 15498630.0, "AIANNHCC": "D2", "EFFDATE": null, "ESTABDATE": null, "FUNCSTAT": "A", "GCFLG": null, "GEOID": "1140R", "LSADC": "86", "MTFCC": "G2100", "BASENAME": "Fort Apache", "NAME": "Fort Apache Reservation", "ObjID": "251901190528383", "AIANNHCOMP": "R", "STATEFP1": "0424320", "STATEFP2": null, "STATEFP3": null, "UR": null, "VINTAGE": "90", "AIANNHFP1": "04-24320", "AIANNHFP2": null, "AIANNHFP3": null, "HU100": null, "POP100": null, "CENTLAT": "+33.9286016", "CENTLON": "-110.1320775", "INTPTLAT": "+33.9414720", "INTPTLON": "-110.1361375", "STGEOMETRY_AREA": 9924107218.3268299, "STGEOMETRY_LEN": 660102.34559271997 }, "geometry": { "type": "Point", "coordinates": [ -110.57791, 33.85063 ] } },
{ "type": "Feature", "properties": { "OBJECTID": 2385, "Join_Count": 1, "TARGET_FID": 2385, "JOIN_FID": 258, "DEP_ID": "10027332", "SITE_NAME": "Seven Star Group", "DEV_STAT": "Occurrence", "URL": "https://mrdata.usgs.gov/mrds/show-mrds.php?dep_id=10027332", "CODE_LIST": " ASB", "Grade": "C", "AIANNH": "1140", "FSRFLG": "F", "AIANNHNS": "00004741", "AREALAND": 6799419203.0, "ALANDHIST": 6799419203.0, "AREAWATER": 15498630.0, "AWATERHIST": 15498630.0, "AIANNHCC": "D2", "EFFDATE": null, "ESTABDATE": null, "FUNCSTAT": "A", "GCFLG": null, "GEOID": "1140R", "LSADC": "86", "MTFCC": "G2100", "BASENAME": "Fort Apache", "NAME": "Fort Apache Reservation", "ObjID": "251901190528383", "AIANNHCOMP": "R", "STATEFP1": "0424320", "STATEFP2": null, "STATEFP3": null, "UR": null, "VINTAGE": "90", "AIANNHFP1": "04-24320", "AIANNHFP2": null, "AIANNHFP3": null, "HU100": null, "POP100": null, "CENTLAT": "+33.9286016", "CENTLON": "-110.1320775", "INTPTLAT": "+33.9414720", "INTPTLON": "-110.1361375", "STGEOMETRY_AREA": 9924107218.3268299, "STGEOMETRY_LEN": 660102.34559271997 }, "geometry": { "type": "Point", "coordinates": [ -110.58486, 33.8734 ] } },
{ "type": "Feature", "properties": { "OBJECTID": 2451, "Join_Count": 1, "TARGET_FID": 2451, "JOIN_FID": 631, "DEP_ID": "10021973", "SITE_NAME": "O'Neal Ranch", "DEV_STAT": "Occurrence", "URL": "https://mrdata.usgs.gov/mrds/show-mrds.php?dep_id=10021973", "CODE_LIST": " CU", "Grade": "B", "AIANNH": "5580", "FSRFLG": "F", "AIANNHNS": "02418818", "AREALAND": 18758515854.0, "ALANDHIST": 18758515855.0, "AREAWATER": 486348181.0, "AWATERHIST": 486348182.0, "AIANNHCC": "D6", "EFFDATE": null, "ESTABDATE": null, "FUNCSTAT": "S", "GCFLG": null, "GEOID": "5580R", "LSADC": "88", "MTFCC": "G2140", "BASENAME": "Chickasaw", "NAME": "Chickasaw OTSA", "ObjID": "22490399890448", "AIANNHCOMP": "R", "STATEFP1": "4013925", "STATEFP2": null, "STATEFP3": null, "UR": null, "VINTAGE": "90", "AIANNHFP1": "40-13925", "AIANNHFP2": null, "AIANNHFP3": null, "HU100": null, "POP100": null, "CENTLAT": "+34.4714895", "CENTLON": "-097.2603783", "INTPTLAT": "+34.4702963", "INTPTLON": "-097.2341262", "STGEOMETRY_AREA": 28387026467.9758, "STGEOMETRY_LEN": 1146240.3319967401 }, "geometry": { "type": "Point", "coordinates": [ -97.82754, 33.96595 ] } },
{ "type": "Feature", "properties": { "OBJECTID": 2490, "Join_Count": 1, "TARGET_FID": 2490, "JOIN_FID": 258, "DEP_ID": "10056433", "SITE_NAME": "North Fork White River", "DEV_STAT": "Occurrence", "URL": "https://mrdata.usgs.gov/mrds/show-mrds.php?dep_id=10056433", "CODE_LIST": " CLY_K", "Grade": "C", "AIANNH": "1140", "FSRFLG": "F", "AIANNHNS": "00004741", "AREALAND": 6799419203.0, "ALANDHIST": 6799419203.0, "AREAWATER": 15498630.0, "AWATERHIST": 15498630.0, "AIANNHCC": "D2", "EFFDATE": null, "ESTABDATE": null, "FUNCSTAT": "A", "GCFLG": null, "GEOID": "1140R", "LSADC": "86", "MTFCC": "G2100", "BASENAME": "Fort Apache", "NAME": "Fort Apache Reservation", "ObjID": "251901190528383", "AIANNHCOMP": "R", "STATEFP1": "0424320", "STATEFP2": null, "STATEFP3": null, "UR": null, "VINTAGE": "90", "AIANNHFP1": "04-24320", "AIANNHFP2": null, "AIANNHFP3": null, "HU100": null, "POP100": null, "CENTLAT": "+33.9286016", "CENTLON": "-110.1320775", "INTPTLAT": "+33.9414720", "INTPTLON": "-110.1361375", "STGEOMETRY_AREA": 9924107218.3268299, "STGEOMETRY_LEN": 660102.34559271997 }, "geometry": { "type": "Point", "coordinates": [ -109.80067, 33.99729 ] } },
{ "type": "Feature", "properties": { "OBJECTID": 2495, "Join_Count": 1, "TARGET_FID": 2495, "JOIN_FID": 258, "DEP_ID": "10060155", "SITE_NAME": "C Dart Springs Deposit", "DEV_STAT": "Occurrence", "URL": "https://mrdata.usgs.gov/mrds/show-mrds.php?dep_id=10060155", "CODE_LIST": " GYP", "Grade": "C", "AIANNH": "1140", "FSRFLG": "F", "AIANNHNS": "00004741", "AREALAND": 6799419203.0, "ALANDHIST": 6799419203.0, "AREAWATER": 15498630.0, "AWATERHIST": 15498630.0, "AIANNHCC": "D2", "EFFDATE": null, "ESTABDATE": null, "FUNCSTAT": "A", "GCFLG": null, "GEOID": "1140R", "LSADC": "86", "MTFCC": "G2100", "BASENAME": "Fort Apache", "NAME": "Fort Apache Reservation", "ObjID": "251901190528383", "AIANNHCOMP": "R", "STATEFP1": "0424320", "STATEFP2": null, "STATEFP3": null, "UR": null, "VINTAGE": "90", "AIANNHFP1": "04-24320", "AIANNHFP2": null, "AIANNHFP3": null, "HU100": null, "POP100": null, "CENTLAT": "+33.9286016", "CENTLON": "-110.1320775", "INTPTLAT": "+33.9414720", "INTPTLON": "-110.1361375", "STGEOMETRY_AREA": 9924107218.3268299, "STGEOMETRY_LEN": 660102.34559271997 }, "geometry": { "type": "Point", "coordinates": [ -110.02206, 33.99924 ] } },
{ "type": "Feature", "properties": { "OBJECTID": 2538, "Join_Count": 1, "TARGET_FID": 2538, "JOIN_FID": 258, "DEP_ID": "10092694", "SITE_NAME": "Oak Creek Deposit", "DEV_STAT": "Occurrence", "URL": "https://mrdata.usgs.gov/mrds/show-mrds.php?dep_id=10092694", "CODE_LIST": " FE", "Grade": "C", "AIANNH": "1140", "FSRFLG": "F", "AIANNHNS": "00004741", "AREALAND": 6799419203.0, "ALANDHIST": 6799419203.0, "AREAWATER": 15498630.0, "AWATERHIST": 15498630.0, "AIANNHCC": "D2", "EFFDATE": null, "ESTABDATE": null, "FUNCSTAT": "A", "GCFLG": null, "GEOID": "1140R", "LSADC": "86", "MTFCC": "G2100", "BASENAME": "Fort Apache", "NAME": "Fort Apache Reservation", "ObjID": "251901190528383", "AIANNHCOMP": "R", "STATEFP1": "0424320", "STATEFP2": null, "STATEFP3": null, "UR": null, "VINTAGE": "90", "AIANNHFP1": "04-24320", "AIANNHFP2": null, "AIANNHFP3": null, "HU100": null, "POP100": null, "CENTLAT": "+33.9286016", "CENTLON": "-110.1320775", "INTPTLAT": "+33.9414720", "INTPTLON": "-110.1361375", "STGEOMETRY_AREA": 9924107218.3268299, "STGEOMETRY_LEN": 660102.34559271997 }, "geometry": { "type": "Point", "coordinates": [ -110.69625, 34.04451 ] } },
{ "type": "Feature", "properties": { "OBJECTID": 2570, "Join_Count": 1, "TARGET_FID": 2570, "JOIN_FID": 258, "DEP_ID": "10065806", "SITE_NAME": "East Fought Ridge", "DEV_STAT": "Occurrence", "URL": "https://mrdata.usgs.gov/mrds/show-mrds.php?dep_id=10065806", "CODE_LIST": " LST", "Grade": "C", "AIANNH": "1140", "FSRFLG": "F", "AIANNHNS": "00004741", "AREALAND": 6799419203.0, "ALANDHIST": 6799419203.0, "AREAWATER": 15498630.0, "AWATERHIST": 15498630.0, "AIANNHCC": "D2", "EFFDATE": null, "ESTABDATE": null, "FUNCSTAT": "A", "GCFLG": null, "GEOID": "1140R", "LSADC": "86", "MTFCC": "G2100", "BASENAME": "Fort Apache", "NAME": "Fort Apache Reservation", "ObjID": "251901190528383", "AIANNHCOMP": "R", "STATEFP1": "0424320", "STATEFP2": null, "STATEFP3": null, "UR": null, "VINTAGE": "90", "AIANNHFP1": "04-24320", "AIANNHFP2": null, "AIANNHFP3": null, "HU100": null, "POP100": null, "CENTLAT": "+33.9286016", "CENTLON": "-110.1320775", "INTPTLAT": "+33.9414720", "INTPTLON": "-110.1361375", "STGEOMETRY_AREA": 9924107218.3268299, "STGEOMETRY_LEN": 660102.34559271997 }, "geometry": { "type": "Point", "coordinates": [ -110.00345, 34.06674 ] } },
{ "type": "Feature", "properties": { "OBJECTID": 2583, "Join_Count": 1, "TARGET_FID": 2583, "JOIN_FID": 258, "DEP_ID": "10092691", "SITE_NAME": "Split Rock Deposit", "DEV_STAT": "Occurrence", "URL": "https://mrdata.usgs.gov/mrds/show-mrds.php?dep_id=10092691", "CODE_LIST": " FE", "Grade": "C", "AIANNH": "1140", "FSRFLG": "F", "AIANNHNS": "00004741", "AREALAND": 6799419203.0, "ALANDHIST": 6799419203.0, "AREAWATER": 15498630.0, "AWATERHIST": 15498630.0, "AIANNHCC": "D2", "EFFDATE": null, "ESTABDATE": null, "FUNCSTAT": "A", "GCFLG": null, "GEOID": "1140R", "LSADC": "86", "MTFCC": "G2100", "BASENAME": "Fort Apache", "NAME": "Fort Apache Reservation", "ObjID": "251901190528383", "AIANNHCOMP": "R", "STATEFP1": "0424320", "STATEFP2": null, "STATEFP3": null, "UR": null, "VINTAGE": "90", "AIANNHFP1": "04-24320", "AIANNHFP2": null, "AIANNHFP3": null, "HU100": null, "POP100": null, "CENTLAT": "+33.9286016", "CENTLON": "-110.1320775", "INTPTLAT": "+33.9414720", "INTPTLON": "-110.1361375", "STGEOMETRY_AREA": 9924107218.3268299, "STGEOMETRY_LEN": 660102.34559271997 }, "geometry": { "type": "Point", "coordinates": [ -110.74681, 34.07646 ] } },
{ "type": "Feature", "properties": { "OBJECTID": 2590, "Join_Count": 1, "TARGET_FID": 2590, "JOIN_FID": 631, "DEP_ID": "10021974", "SITE_NAME": "Mud Creek-1", "DEV_STAT": "Occurrence", "URL": "https://mrdata.usgs.gov/mrds/show-mrds.php?dep_id=10021974", "CODE_LIST": " CU", "Grade": "B", "AIANNH": "5580", "FSRFLG": "F", "AIANNHNS": "02418818", "AREALAND": 18758515854.0, "ALANDHIST": 18758515855.0, "AREAWATER": 486348181.0, "AWATERHIST": 486348182.0, "AIANNHCC": "D6", "EFFDATE": null, "ESTABDATE": null, "FUNCSTAT": "S", "GCFLG": null, "GEOID": "5580R", "LSADC": "88", "MTFCC": "G2140", "BASENAME": "Chickasaw", "NAME": "Chickasaw OTSA", "ObjID": "22490399890448", "AIANNHCOMP": "R", "STATEFP1": "4013925", "STATEFP2": null, "STATEFP3": null, "UR": null, "VINTAGE": "90", "AIANNHFP1": "40-13925", "AIANNHFP2": null, "AIANNHFP3": null, "HU100": null, "POP100": null, "CENTLAT": "+34.4714895", "CENTLON": "-097.2603783", "INTPTLAT": "+34.4702963", "INTPTLON": "-097.2341262", "STGEOMETRY_AREA": 28387026467.9758, "STGEOMETRY_LEN": 1146240.3319967401 }, "geometry": { "type": "Point", "coordinates": [ -97.78588, 34.08623 ] } },
{ "type": "Feature", "properties": { "OBJECTID": 2595, "Join_Count": 1, "TARGET_FID": 2595, "JOIN_FID": 258, "DEP_ID": "10048362", "SITE_NAME": "Rock Canyon Deposit", "DEV_STAT": "Occurrence", "URL": "https://mrdata.usgs.gov/mrds/show-mrds.php?dep_id=10048362", "CODE_LIST": " FE", "Grade": "C", "AIANNH": "1140", "FSRFLG": "F", "AIANNHNS": "00004741", "AREALAND": 6799419203.0, "ALANDHIST": 6799419203.0, "AREAWATER": 15498630.0, "AWATERHIST": 15498630.0, "AIANNHCC": "D2", "EFFDATE": null, "ESTABDATE": null, "FUNCSTAT": "A", "GCFLG": null, "GEOID": "1140R", "LSADC": "86", "MTFCC": "G2100", "BASENAME": "Fort Apache", "NAME": "Fort Apache Reservation", "ObjID": "251901190528383", "AIANNHCOMP": "R", "STATEFP1": "0424320", "STATEFP2": null, "STATEFP3": null, "UR": null, "VINTAGE": "90", "AIANNHFP1": "04-24320", "AIANNHFP2": null, "AIANNHFP3": null, "HU100": null, "POP100": null, "CENTLAT": "+33.9286016", "CENTLON": "-110.1320775", "INTPTLAT": "+33.9414720", "INTPTLON": "-110.1361375", "STGEOMETRY_AREA": 9924107218.3268299, "STGEOMETRY_LEN": 660102.34559271997 }, "geometry": { "type": "Point", "coordinates": [ -110.74376, 34.09896 ] } },
{ "type": "Feature", "properties": { "OBJECTID": 2605, "Join_Count": 1, "TARGET_FID": 2605, "JOIN_FID": 258, "DEP_ID": "10048373", "SITE_NAME": "Marley-Grasshopper Deposit", "DEV_STAT": "Occurrence", "URL": "https://mrdata.usgs.gov/mrds/show-mrds.php?dep_id=10048373", "CODE_LIST": " FE", "Grade": "C", "AIANNH": "1140", "FSRFLG": "F", "AIANNHNS": "00004741", "AREALAND": 6799419203.0, "ALANDHIST": 6799419203.0, "AREAWATER": 15498630.0, "AWATERHIST": 15498630.0, "AIANNHCC": "D2", "EFFDATE": null, "ESTABDATE": null, "FUNCSTAT": "A", "GCFLG": null, "GEOID": "1140R", "LSADC": "86", "MTFCC": "G2100", "BASENAME": "Fort Apache", "NAME": "Fort Apache Reservation", "ObjID": "251901190528383", "AIANNHCOMP": "R", "STATEFP1": "0424320", "STATEFP2": null, "STATEFP3": null, "UR": null, "VINTAGE": "90", "AIANNHFP1": "04-24320", "AIANNHFP2": null, "AIANNHFP3": null, "HU100": null, "POP100": null, "CENTLAT": "+33.9286016", "CENTLON": "-110.1320775", "INTPTLAT": "+33.9414720", "INTPTLON": "-110.1361375", "STGEOMETRY_AREA": 9924107218.3268299, "STGEOMETRY_LEN": 660102.34559271997 }, "geometry": { "type": "Point", "coordinates": [ -110.68125, 34.11646 ] } },
{ "type": "Feature", "properties": { "OBJECTID": 2612, "Join_Count": 1, "TARGET_FID": 2612, "JOIN_FID": 258, "DEP_ID": "10027427", "SITE_NAME": "Iron Mountain No. 6 Claim", "DEV_STAT": "Occurrence", "URL": "https://mrdata.usgs.gov/mrds/show-mrds.php?dep_id=10027427", "CODE_LIST": " FE", "Grade": "C", "AIANNH": "1140", "FSRFLG": "F", "AIANNHNS": "00004741", "AREALAND": 6799419203.0, "ALANDHIST": 6799419203.0, "AREAWATER": 15498630.0, "AWATERHIST": 15498630.0, "AIANNHCC": "D2", "EFFDATE": null, "ESTABDATE": null, "FUNCSTAT": "A", "GCFLG": null, "GEOID": "1140R", "LSADC": "86", "MTFCC": "G2100", "BASENAME": "Fort Apache", "NAME": "Fort Apache Reservation", "ObjID": "251901190528383", "AIANNHCOMP": "R", "STATEFP1": "0424320", "STATEFP2": null, "STATEFP3": null, "UR": null, "VINTAGE": "90", "AIANNHFP1": "04-24320", "AIANNHFP2": null, "AIANNHFP3": null, "HU100": null, "POP100": null, "CENTLAT": "+33.9286016", "CENTLON": "-110.1320775", "INTPTLAT": "+33.9414720", "INTPTLON": "-110.1361375", "STGEOMETRY_AREA": 9924107218.3268299, "STGEOMETRY_LEN": 660102.34559271997 }, "geometry": { "type": "Point", "coordinates": [ -110.71708, 34.13063 ] } },
{ "type": "Feature", "properties": { "OBJECTID": 2615, "Join_Count": 1, "TARGET_FID": 2615, "JOIN_FID": 258, "DEP_ID": "10232093", "SITE_NAME": "Chediski Hematite", "DEV_STAT": "Occurrence", "URL": "https://mrdata.usgs.gov/mrds/show-mrds.php?dep_id=10232093", "CODE_LIST": " FE", "Grade": "C", "AIANNH": "1140", "FSRFLG": "F", "AIANNHNS": "00004741", "AREALAND": 6799419203.0, "ALANDHIST": 6799419203.0, "AREAWATER": 15498630.0, "AWATERHIST": 15498630.0, "AIANNHCC": "D2", "EFFDATE": null, "ESTABDATE": null, "FUNCSTAT": "A", "GCFLG": null, "GEOID": "1140R", "LSADC": "86", "MTFCC": "G2100", "BASENAME": "Fort Apache", "NAME": "Fort Apache Reservation", "ObjID": "251901190528383", "AIANNHCOMP": "R", "STATEFP1": "0424320", "STATEFP2": null, "STATEFP3": null, "UR": null, "VINTAGE": "90", "AIANNHFP1": "04-24320", "AIANNHFP2": null, "AIANNHFP3": null, "HU100": null, "POP100": null, "CENTLAT": "+33.9286016", "CENTLON": "-110.1320775", "INTPTLAT": "+33.9414720", "INTPTLON": "-110.1361375", "STGEOMETRY_AREA": 9924107218.3268299, "STGEOMETRY_LEN": 660102.34559271997 }, "geometry": { "type": "Point", "coordinates": [ -110.71759, 34.13227 ] } },
{ "type": "Feature", "properties": { "OBJECTID": 2623, "Join_Count": 1, "TARGET_FID": 2623, "JOIN_FID": 258, "DEP_ID": "10027424", "SITE_NAME": "Cheitski No. 2 Claim", "DEV_STAT": "Occurrence", "URL": "https://mrdata.usgs.gov/mrds/show-mrds.php?dep_id=10027424", "CODE_LIST": " FE", "Grade": "C", "AIANNH": "1140", "FSRFLG": "F", "AIANNHNS": "00004741", "AREALAND": 6799419203.0, "ALANDHIST": 6799419203.0, "AREAWATER": 15498630.0, "AWATERHIST": 15498630.0, "AIANNHCC": "D2", "EFFDATE": null, "ESTABDATE": null, "FUNCSTAT": "A", "GCFLG": null, "GEOID": "1140R", "LSADC": "86", "MTFCC": "G2100", "BASENAME": "Fort Apache", "NAME": "Fort Apache Reservation", "ObjID": "251901190528383", "AIANNHCOMP": "R", "STATEFP1": "0424320", "STATEFP2": null, "STATEFP3": null, "UR": null, "VINTAGE": "90", "AIANNHFP1": "04-24320", "AIANNHFP2": null, "AIANNHFP3": null, "HU100": null, "POP100": null, "CENTLAT": "+33.9286016", "CENTLON": "-110.1320775", "INTPTLAT": "+33.9414720", "INTPTLON": "-110.1361375", "STGEOMETRY_AREA": 9924107218.3268299, "STGEOMETRY_LEN": 660102.34559271997 }, "geometry": { "type": "Point", "coordinates": [ -110.71736, 34.14201 ] } },
{ "type": "Feature", "properties": { "OBJECTID": 2624, "Join_Count": 1, "TARGET_FID": 2624, "JOIN_FID": 640, "DEP_ID": "10021949", "SITE_NAME": "Taylor Southeast-1", "DEV_STAT": "Occurrence", "URL": "https://mrdata.usgs.gov/mrds/show-mrds.php?dep_id=10021949", "CODE_LIST": " CU", "Grade": "B", "AIANNH": "5720", "FSRFLG": "F", "AIANNHNS": "02418654", "AREALAND": 16453955570.0, "ALANDHIST": 16453955570.0, "AREAWATER": 197145793.0, "AWATERHIST": 197145793.0, "AIANNHCC": "D6", "EFFDATE": null, "ESTABDATE": null, "FUNCSTAT": "S", "GCFLG": null, "GEOID": "5720R", "LSADC": "88", "MTFCC": "G2140", "BASENAME": "Kiowa-Comanche-Apache-Fort Sill Apache", "NAME": "Kiowa-Comanche-Apache-Fort Sill Apache OTSA", "ObjID": "22490393146432", "AIANNHCOMP": "R", "STATEFP1": "4040025", "STATEFP2": null, "STATEFP3": null, "UR": null, "VINTAGE": "90", "AIANNHFP1": "40-40025", "AIANNHFP2": null, "AIANNHFP3": null, "HU100": null, "POP100": null, "CENTLAT": "+34.6529299", "CENTLON": "-098.9104745", "INTPTLAT": "+34.6570770", "INTPTLON": "-098.8965330", "STGEOMETRY_AREA": 24665929541.751701, "STGEOMETRY_LEN": 849488.93692886003 }, "geometry": { "type": "Point", "coordinates": [ -98.26478, 34.14262 ] } },
{ "type": "Feature", "properties": { "OBJECTID": 2626, "Join_Count": 1, "TARGET_FID": 2626, "JOIN_FID": 258, "DEP_ID": "10027425", "SITE_NAME": "Chediski", "DEV_STAT": "Occurrence", "URL": "https://mrdata.usgs.gov/mrds/show-mrds.php?dep_id=10027425", "CODE_LIST": " FE P", "Grade": "C", "AIANNH": "1140", "FSRFLG": "F", "AIANNHNS": "00004741", "AREALAND": 6799419203.0, "ALANDHIST": 6799419203.0, "AREAWATER": 15498630.0, "AWATERHIST": 15498630.0, "AIANNHCC": "D2", "EFFDATE": null, "ESTABDATE": null, "FUNCSTAT": "A", "GCFLG": null, "GEOID": "1140R", "LSADC": "86", "MTFCC": "G2100", "BASENAME": "Fort Apache", "NAME": "Fort Apache Reservation", "ObjID": "251901190528383", "AIANNHCOMP": "R", "STATEFP1": "0424320", "STATEFP2": null, "STATEFP3": null, "UR": null, "VINTAGE": "90", "AIANNHFP1": "04-24320", "AIANNHFP2": null, "AIANNHFP3": null, "HU100": null, "POP100": null, "CENTLAT": "+33.9286016", "CENTLON": "-110.1320775", "INTPTLAT": "+33.9414720", "INTPTLON": "-110.1361375", "STGEOMETRY_AREA": 9924107218.3268299, "STGEOMETRY_LEN": 660102.34559271997 }, "geometry": { "type": "Point", "coordinates": [ -110.7218, 34.14368 ] } },
{ "type": "Feature", "properties": { "OBJECTID": 2635, "Join_Count": 1, "TARGET_FID": 2635, "JOIN_FID": 640, "DEP_ID": "10021945", "SITE_NAME": "Whiskey Creek-1", "DEV_STAT": "Occurrence", "URL": "https://mrdata.usgs.gov/mrds/show-mrds.php?dep_id=10021945", "CODE_LIST": " CU", "Grade": "B", "AIANNH": "5720", "FSRFLG": "F", "AIANNHNS": "02418654", "AREALAND": 16453955570.0, "ALANDHIST": 16453955570.0, "AREAWATER": 197145793.0, "AWATERHIST": 197145793.0, "AIANNHCC": "D6", "EFFDATE": null, "ESTABDATE": null, "FUNCSTAT": "S", "GCFLG": null, "GEOID": "5720R", "LSADC": "88", "MTFCC": "G2140", "BASENAME": "Kiowa-Comanche-Apache-Fort Sill Apache", "NAME": "Kiowa-Comanche-Apache-Fort Sill Apache OTSA", "ObjID": "22490393146432", "AIANNHCOMP": "R", "STATEFP1": "4040025", "STATEFP2": null, "STATEFP3": null, "UR": null, "VINTAGE": "90", "AIANNHFP1": "40-40025", "AIANNHFP2": null, "AIANNHFP3": null, "HU100": null, "POP100": null, "CENTLAT": "+34.6529299", "CENTLON": "-098.9104745", "INTPTLAT": "+34.6570770", "INTPTLON": "-098.8965330", "STGEOMETRY_AREA": 24665929541.751701, "STGEOMETRY_LEN": 849488.93692886003 }, "geometry": { "type": "Point", "coordinates": [ -98.19033, 34.15373 ] } },
{ "type": "Feature", "properties": { "OBJECTID": 2642, "Join_Count": 1, "TARGET_FID": 2642, "JOIN_FID": 640, "DEP_ID": "10021943", "SITE_NAME": "Benson Prospect", "DEV_STAT": "Occurrence", "URL": "https://mrdata.usgs.gov/mrds/show-mrds.php?dep_id=10021943", "CODE_LIST": " CU", "Grade": "B", "AIANNH": "5720", "FSRFLG": "F", "AIANNHNS": "02418654", "AREALAND": 16453955570.0, "ALANDHIST": 16453955570.0, "AREAWATER": 197145793.0, "AWATERHIST": 197145793.0, "AIANNHCC": "D6", "EFFDATE": null, "ESTABDATE": null, "FUNCSTAT": "S", "GCFLG": null, "GEOID": "5720R", "LSADC": "88", "MTFCC": "G2140", "BASENAME": "Kiowa-Comanche-Apache-Fort Sill Apache", "NAME": "Kiowa-Comanche-Apache-Fort Sill Apache OTSA", "ObjID": "22490393146432", "AIANNHCOMP": "R", "STATEFP1": "4040025", "STATEFP2": null, "STATEFP3": null, "UR": null, "VINTAGE": "90", "AIANNHFP1": "40-40025", "AIANNHFP2": null, "AIANNHFP3": null, "HU100": null, "POP100": null, "CENTLAT": "+34.6529299", "CENTLON": "-098.9104745", "INTPTLAT": "+34.6570770", "INTPTLON": "-098.8965330", "STGEOMETRY_AREA": 24665929541.751701, "STGEOMETRY_LEN": 849488.93692886003 }, "geometry": { "type": "Point", "coordinates": [ -98.33256, 34.15568 ] } },
{ "type": "Feature", "properties": { "OBJECTID": 2645, "Join_Count": 1, "TARGET_FID": 2645, "JOIN_FID": 640, "DEP_ID": "10021948", "SITE_NAME": "Taylor South-1", "DEV_STAT": "Occurrence", "URL": "https://mrdata.usgs.gov/mrds/show-mrds.php?dep_id=10021948", "CODE_LIST": " CU", "Grade": "B", "AIANNH": "5720", "FSRFLG": "F", "AIANNHNS": "02418654", "AREALAND": 16453955570.0, "ALANDHIST": 16453955570.0, "AREAWATER": 197145793.0, "AWATERHIST": 197145793.0, "AIANNHCC": "D6", "EFFDATE": null, "ESTABDATE": null, "FUNCSTAT": "S", "GCFLG": null, "GEOID": "5720R", "LSADC": "88", "MTFCC": "G2140", "BASENAME": "Kiowa-Comanche-Apache-Fort Sill Apache", "NAME": "Kiowa-Comanche-Apache-Fort Sill Apache OTSA", "ObjID": "22490393146432", "AIANNHCOMP": "R", "STATEFP1": "4040025", "STATEFP2": null, "STATEFP3": null, "UR": null, "VINTAGE": "90", "AIANNHFP1": "40-40025", "AIANNHFP2": null, "AIANNHFP3": null, "HU100": null, "POP100": null, "CENTLAT": "+34.6529299", "CENTLON": "-098.9104745", "INTPTLAT": "+34.6570770", "INTPTLON": "-098.8965330", "STGEOMETRY_AREA": 24665929541.751701, "STGEOMETRY_LEN": 849488.93692886003 }, "geometry": { "type": "Point", "coordinates": [ -98.3434, 34.15762 ] } },
{ "type": "Feature", "properties": { "OBJECTID": 2648, "Join_Count": 1, "TARGET_FID": 2648, "JOIN_FID": 640, "DEP_ID": "10021947", "SITE_NAME": "Whiskey Creek-3", "DEV_STAT": "Occurrence", "URL": "https://mrdata.usgs.gov/mrds/show-mrds.php?dep_id=10021947", "CODE_LIST": " CU", "Grade": "B", "AIANNH": "5720", "FSRFLG": "F", "AIANNHNS": "02418654", "AREALAND": 16453955570.0, "ALANDHIST": 16453955570.0, "AREAWATER": 197145793.0, "AWATERHIST": 197145793.0, "AIANNHCC": "D6", "EFFDATE": null, "ESTABDATE": null, "FUNCSTAT": "S", "GCFLG": null, "GEOID": "5720R", "LSADC": "88", "MTFCC": "G2140", "BASENAME": "Kiowa-Comanche-Apache-Fort Sill Apache", "NAME": "Kiowa-Comanche-Apache-Fort Sill Apache OTSA", "ObjID": "22490393146432", "AIANNHCOMP": "R", "STATEFP1": "4040025", "STATEFP2": null, "STATEFP3": null, "UR": null, "VINTAGE": "90", "AIANNHFP1": "40-40025", "AIANNHFP2": null, "AIANNHFP3": null, "HU100": null, "POP100": null, "CENTLAT": "+34.6529299", "CENTLON": "-098.9104745", "INTPTLAT": "+34.6570770", "INTPTLON": "-098.8965330", "STGEOMETRY_AREA": 24665929541.751701, "STGEOMETRY_LEN": 849488.93692886003 }, "geometry": { "type": "Point", "coordinates": [ -98.21644, 34.15901 ] } },
{ "type": "Feature", "properties": { "OBJECTID": 2651, "Join_Count": 1, "TARGET_FID": 2651, "JOIN_FID": 640, "DEP_ID": "10021972", "SITE_NAME": "Waurika West-3", "DEV_STAT": "Occurrence", "URL": "https://mrdata.usgs.gov/mrds/show-mrds.php?dep_id=10021972", "CODE_LIST": " CU MN", "Grade": "B", "AIANNH": "5720", "FSRFLG": "F", "AIANNHNS": "02418654", "AREALAND": 16453955570.0, "ALANDHIST": 16453955570.0, "AREAWATER": 197145793.0, "AWATERHIST": 197145793.0, "AIANNHCC": "D6", "EFFDATE": null, "ESTABDATE": null, "FUNCSTAT": "S", "GCFLG": null, "GEOID": "5720R", "LSADC": "88", "MTFCC": "G2140", "BASENAME": "Kiowa-Comanche-Apache-Fort Sill Apache", "NAME": "Kiowa-Comanche-Apache-Fort Sill Apache OTSA", "ObjID": "22490393146432", "AIANNHCOMP": "R", "STATEFP1": "4040025", "STATEFP2": null, "STATEFP3": null, "UR": null, "VINTAGE": "90", "AIANNHFP1": "40-40025", "AIANNHFP2": null, "AIANNHFP3": null, "HU100": null, "POP100": null, "CENTLAT": "+34.6529299", "CENTLON": "-098.9104745", "INTPTLAT": "+34.6570770", "INTPTLON": "-098.8965330", "STGEOMETRY_AREA": 24665929541.751701, "STGEOMETRY_LEN": 849488.93692886003 }, "geometry": { "type": "Point", "coordinates": [ -98.09227, 34.15956 ] } },
{ "type": "Feature", "properties": { "OBJECTID": 2653, "Join_Count": 1, "TARGET_FID": 2653, "JOIN_FID": 640, "DEP_ID": "10021971", "SITE_NAME": "Waurika West-2", "DEV_STAT": "Occurrence", "URL": "https://mrdata.usgs.gov/mrds/show-mrds.php?dep_id=10021971", "CODE_LIST": " CU", "Grade": "B", "AIANNH": "5720", "FSRFLG": "F", "AIANNHNS": "02418654", "AREALAND": 16453955570.0, "ALANDHIST": 16453955570.0, "AREAWATER": 197145793.0, "AWATERHIST": 197145793.0, "AIANNHCC": "D6", "EFFDATE": null, "ESTABDATE": null, "FUNCSTAT": "S", "GCFLG": null, "GEOID": "5720R", "LSADC": "88", "MTFCC": "G2140", "BASENAME": "Kiowa-Comanche-Apache-Fort Sill Apache", "NAME": "Kiowa-Comanche-Apache-Fort Sill Apache OTSA", "ObjID": "22490393146432", "AIANNHCOMP": "R", "STATEFP1": "4040025", "STATEFP2": null, "STATEFP3": null, "UR": null, "VINTAGE": "90", "AIANNHFP1": "40-40025", "AIANNHFP2": null, "AIANNHFP3": null, "HU100": null, "POP100": null, "CENTLAT": "+34.6529299", "CENTLON": "-098.9104745", "INTPTLAT": "+34.6570770", "INTPTLON": "-098.8965330", "STGEOMETRY_AREA": 24665929541.751701, "STGEOMETRY_LEN": 849488.93692886003 }, "geometry": { "type": "Point", "coordinates": [ -98.0245, 34.15984 ] } },
{ "type": "Feature", "properties": { "OBJECTID": 2658, "Join_Count": 1, "TARGET_FID": 2658, "JOIN_FID": 640, "DEP_ID": "10021970", "SITE_NAME": "Waurika West-1", "DEV_STAT": "Occurrence", "URL": "https://mrdata.usgs.gov/mrds/show-mrds.php?dep_id=10021970", "CODE_LIST": " CU", "Grade": "B", "AIANNH": "5720", "FSRFLG": "F", "AIANNHNS": "02418654", "AREALAND": 16453955570.0, "ALANDHIST": 16453955570.0, "AREAWATER": 197145793.0, "AWATERHIST": 197145793.0, "AIANNHCC": "D6", "EFFDATE": null, "ESTABDATE": null, "FUNCSTAT": "S", "GCFLG": null, "GEOID": "5720R", "LSADC": "88", "MTFCC": "G2140", "BASENAME": "Kiowa-Comanche-Apache-Fort Sill Apache", "NAME": "Kiowa-Comanche-Apache-Fort Sill Apache OTSA", "ObjID": "22490393146432", "AIANNHCOMP": "R", "STATEFP1": "4040025", "STATEFP2": null, "STATEFP3": null, "UR": null, "VINTAGE": "90", "AIANNHFP1": "40-40025", "AIANNHFP2": null, "AIANNHFP3": null, "HU100": null, "POP100": null, "CENTLAT": "+34.6529299", "CENTLON": "-098.9104745", "INTPTLAT": "+34.6570770", "INTPTLON": "-098.8965330", "STGEOMETRY_AREA": 24665929541.751701, "STGEOMETRY_LEN": 849488.93692886003 }, "geometry": { "type": "Point", "coordinates": [ -98.05116, 34.16179 ] } },
{ "type": "Feature", "properties": { "OBJECTID": 2672, "Join_Count": 1, "TARGET_FID": 2672, "JOIN_FID": 640, "DEP_ID": "10021946", "SITE_NAME": "Whiskey Creek-2", "DEV_STAT": "Occurrence", "URL": "https://mrdata.usgs.gov/mrds/show-mrds.php?dep_id=10021946", "CODE_LIST": " CU", "Grade": "B", "AIANNH": "5720", "FSRFLG": "F", "AIANNHNS": "02418654", "AREALAND": 16453955570.0, "ALANDHIST": 16453955570.0, "AREAWATER": 197145793.0, "AWATERHIST": 197145793.0, "AIANNHCC": "D6", "EFFDATE": null, "ESTABDATE": null, "FUNCSTAT": "S", "GCFLG": null, "GEOID": "5720R", "LSADC": "88", "MTFCC": "G2140", "BASENAME": "Kiowa-Comanche-Apache-Fort Sill Apache", "NAME": "Kiowa-Comanche-Apache-Fort Sill Apache OTSA", "ObjID": "22490393146432", "AIANNHCOMP": "R", "STATEFP1": "4040025", "STATEFP2": null, "STATEFP3": null, "UR": null, "VINTAGE": "90", "AIANNHFP1": "40-40025", "AIANNHFP2": null, "AIANNHFP3": null, "HU100": null, "POP100": null, "CENTLAT": "+34.6529299", "CENTLON": "-098.9104745", "INTPTLAT": "+34.6570770", "INTPTLON": "-098.8965330", "STGEOMETRY_AREA": 24665929541.751701, "STGEOMETRY_LEN": 849488.93692886003 }, "geometry": { "type": "Point", "coordinates": [ -98.18839, 34.17345 ] } },
{ "type": "Feature", "properties": { "OBJECTID": 2688, "Join_Count": 1, "TARGET_FID": 2688, "JOIN_FID": 258, "DEP_ID": "10027419", "SITE_NAME": "Alsace-Lorraine No. 3 Claim", "DEV_STAT": "Occurrence", "URL": "https://mrdata.usgs.gov/mrds/show-mrds.php?dep_id=10027419", "CODE_LIST": " FE", "Grade": "C", "AIANNH": "1140", "FSRFLG": "F", "AIANNHNS": "00004741", "AREALAND": 6799419203.0, "ALANDHIST": 6799419203.0, "AREAWATER": 15498630.0, "AWATERHIST": 15498630.0, "AIANNHCC": "D2", "EFFDATE": null, "ESTABDATE": null, "FUNCSTAT": "A", "GCFLG": null, "GEOID": "1140R", "LSADC": "86", "MTFCC": "G2100", "BASENAME": "Fort Apache", "NAME": "Fort Apache Reservation", "ObjID": "251901190528383", "AIANNHCOMP": "R", "STATEFP1": "0424320", "STATEFP2": null, "STATEFP3": null, "UR": null, "VINTAGE": "90", "AIANNHFP1": "04-24320", "AIANNHFP2": null, "AIANNHFP3": null, "HU100": null, "POP100": null, "CENTLAT": "+33.9286016", "CENTLON": "-110.1320775", "INTPTLAT": "+33.9414720", "INTPTLON": "-110.1361375", "STGEOMETRY_AREA": 9924107218.3268299, "STGEOMETRY_LEN": 660102.34559271997 }, "geometry": { "type": "Point", "coordinates": [ -110.73931, 34.18534 ] } },
{ "type": "Feature", "properties": { "OBJECTID": 2690, "Join_Count": 1, "TARGET_FID": 2690, "JOIN_FID": 640, "DEP_ID": "10021944", "SITE_NAME": "Taylor North-1", "DEV_STAT": "Occurrence", "URL": "https://mrdata.usgs.gov/mrds/show-mrds.php?dep_id=10021944", "CODE_LIST": " CU", "Grade": "B", "AIANNH": "5720", "FSRFLG": "F", "AIANNHNS": "02418654", "AREALAND": 16453955570.0, "ALANDHIST": 16453955570.0, "AREAWATER": 197145793.0, "AWATERHIST": 197145793.0, "AIANNHCC": "D6", "EFFDATE": null, "ESTABDATE": null, "FUNCSTAT": "S", "GCFLG": null, "GEOID": "5720R", "LSADC": "88", "MTFCC": "G2140", "BASENAME": "Kiowa-Comanche-Apache-Fort Sill Apache", "NAME": "Kiowa-Comanche-Apache-Fort Sill Apache OTSA", "ObjID": "22490393146432", "AIANNHCOMP": "R", "STATEFP1": "4040025", "STATEFP2": null, "STATEFP3": null, "UR": null, "VINTAGE": "90", "AIANNHFP1": "40-40025", "AIANNHFP2": null, "AIANNHFP3": null, "HU100": null, "POP100": null, "CENTLAT": "+34.6529299", "CENTLON": "-098.9104745", "INTPTLAT": "+34.6570770", "INTPTLON": "-098.8965330", "STGEOMETRY_AREA": 24665929541.751701, "STGEOMETRY_LEN": 849488.93692886003 }, "geometry": { "type": "Point", "coordinates": [ -98.32228, 34.1879 ] } },
{ "type": "Feature", "properties": { "OBJECTID": 2691, "Join_Count": 1, "TARGET_FID": 2691, "JOIN_FID": 258, "DEP_ID": "10027420", "SITE_NAME": "Alsace-Lorraine No. 4 Claim", "DEV_STAT": "Occurrence", "URL": "https://mrdata.usgs.gov/mrds/show-mrds.php?dep_id=10027420", "CODE_LIST": " FE", "Grade": "C", "AIANNH": "1140", "FSRFLG": "F", "AIANNHNS": "00004741", "AREALAND": 6799419203.0, "ALANDHIST": 6799419203.0, "AREAWATER": 15498630.0, "AWATERHIST": 15498630.0, "AIANNHCC": "D2", "EFFDATE": null, "ESTABDATE": null, "FUNCSTAT": "A", "GCFLG": null, "GEOID": "1140R", "LSADC": "86", "MTFCC": "G2100", "BASENAME": "Fort Apache", "NAME": "Fort Apache Reservation", "ObjID": "251901190528383", "AIANNHCOMP": "R", "STATEFP1": "0424320", "STATEFP2": null, "STATEFP3": null, "UR": null, "VINTAGE": "90", "AIANNHFP1": "04-24320", "AIANNHFP2": null, "AIANNHFP3": null, "HU100": null, "POP100": null, "CENTLAT": "+33.9286016", "CENTLON": "-110.1320775", "INTPTLAT": "+33.9414720", "INTPTLON": "-110.1361375", "STGEOMETRY_AREA": 9924107218.3268299, "STGEOMETRY_LEN": 660102.34559271997 }, "geometry": { "type": "Point", "coordinates": [ -110.7357, 34.18839 ] } },
{ "type": "Feature", "properties": { "OBJECTID": 2723, "Join_Count": 1, "TARGET_FID": 2723, "JOIN_FID": 640, "DEP_ID": "10021935", "SITE_NAME": "Randlett Northeast-1", "DEV_STAT": "Occurrence", "URL": "https://mrdata.usgs.gov/mrds/show-mrds.php?dep_id=10021935", "CODE_LIST": " CU", "Grade": "B", "AIANNH": "5720", "FSRFLG": "F", "AIANNHNS": "02418654", "AREALAND": 16453955570.0, "ALANDHIST": 16453955570.0, "AREAWATER": 197145793.0, "AWATERHIST": 197145793.0, "AIANNHCC": "D6", "EFFDATE": null, "ESTABDATE": null, "FUNCSTAT": "S", "GCFLG": null, "GEOID": "5720R", "LSADC": "88", "MTFCC": "G2140", "BASENAME": "Kiowa-Comanche-Apache-Fort Sill Apache", "NAME": "Kiowa-Comanche-Apache-Fort Sill Apache OTSA", "ObjID": "22490393146432", "AIANNHCOMP": "R", "STATEFP1": "4040025", "STATEFP2": null, "STATEFP3": null, "UR": null, "VINTAGE": "90", "AIANNHFP1": "40-40025", "AIANNHFP2": null, "AIANNHFP3": null, "HU100": null, "POP100": null, "CENTLAT": "+34.6529299", "CENTLON": "-098.9104745", "INTPTLAT": "+34.6570770", "INTPTLON": "-098.8965330", "STGEOMETRY_AREA": 24665929541.751701, "STGEOMETRY_LEN": 849488.93692886003 }, "geometry": { "type": "Point", "coordinates": [ -98.37478, 34.20345 ] } },
{ "type": "Feature", "properties": { "OBJECTID": 2726, "Join_Count": 1, "TARGET_FID": 2726, "JOIN_FID": 640, "DEP_ID": "10021938", "SITE_NAME": "Randlett Northeast-3", "DEV_STAT": "Occurrence", "URL": "https://mrdata.usgs.gov/mrds/show-mrds.php?dep_id=10021938", "CODE_LIST": " CU", "Grade": "B", "AIANNH": "5720", "FSRFLG": "F", "AIANNHNS": "02418654", "AREALAND": 16453955570.0, "ALANDHIST": 16453955570.0, "AREAWATER": 197145793.0, "AWATERHIST": 197145793.0, "AIANNHCC": "D6", "EFFDATE": null, "ESTABDATE": null, "FUNCSTAT": "S", "GCFLG": null, "GEOID": "5720R", "LSADC": "88", "MTFCC": "G2140", "BASENAME": "Kiowa-Comanche-Apache-Fort Sill Apache", "NAME": "Kiowa-Comanche-Apache-Fort Sill Apache OTSA", "ObjID": "22490393146432", "AIANNHCOMP": "R", "STATEFP1": "4040025", "STATEFP2": null, "STATEFP3": null, "UR": null, "VINTAGE": "90", "AIANNHFP1": "40-40025", "AIANNHFP2": null, "AIANNHFP3": null, "HU100": null, "POP100": null, "CENTLAT": "+34.6529299", "CENTLON": "-098.9104745", "INTPTLAT": "+34.6570770", "INTPTLON": "-098.8965330", "STGEOMETRY_AREA": 24665929541.751701, "STGEOMETRY_LEN": 849488.93692886003 }, "geometry": { "type": "Point", "coordinates": [ -98.40145, 34.20456 ] } },
{ "type": "Feature", "properties": { "OBJECTID": 2728, "Join_Count": 1, "TARGET_FID": 2728, "JOIN_FID": 640, "DEP_ID": "10021939", "SITE_NAME": "Randlett Northeast-4", "DEV_STAT": "Occurrence", "URL": "https://mrdata.usgs.gov/mrds/show-mrds.php?dep_id=10021939", "CODE_LIST": " CU V AG CR", "Grade": "B", "AIANNH": "5720", "FSRFLG": "F", "AIANNHNS": "02418654", "AREALAND": 16453955570.0, "ALANDHIST": 16453955570.0, "AREAWATER": 197145793.0, "AWATERHIST": 197145793.0, "AIANNHCC": "D6", "EFFDATE": null, "ESTABDATE": null, "FUNCSTAT": "S", "GCFLG": null, "GEOID": "5720R", "LSADC": "88", "MTFCC": "G2140", "BASENAME": "Kiowa-Comanche-Apache-Fort Sill Apache", "NAME": "Kiowa-Comanche-Apache-Fort Sill Apache OTSA", "ObjID": "22490393146432", "AIANNHCOMP": "R", "STATEFP1": "4040025", "STATEFP2": null, "STATEFP3": null, "UR": null, "VINTAGE": "90", "AIANNHFP1": "40-40025", "AIANNHFP2": null, "AIANNHFP3": null, "HU100": null, "POP100": null, "CENTLAT": "+34.6529299", "CENTLON": "-098.9104745", "INTPTLAT": "+34.6570770", "INTPTLON": "-098.8965330", "STGEOMETRY_AREA": 24665929541.751701, "STGEOMETRY_LEN": 849488.93692886003 }, "geometry": { "type": "Point", "coordinates": [ -98.41617, 34.20568 ] } },
{ "type": "Feature", "properties": { "OBJECTID": 2740, "Join_Count": 1, "TARGET_FID": 2740, "JOIN_FID": 640, "DEP_ID": "10021937", "SITE_NAME": "Randlett Northeast-2", "DEV_STAT": "Occurrence", "URL": "https://mrdata.usgs.gov/mrds/show-mrds.php?dep_id=10021937", "CODE_LIST": " CU AG V CO CR NI", "Grade": "B", "AIANNH": "5720", "FSRFLG": "F", "AIANNHNS": "02418654", "AREALAND": 16453955570.0, "ALANDHIST": 16453955570.0, "AREAWATER": 197145793.0, "AWATERHIST": 197145793.0, "AIANNHCC": "D6", "EFFDATE": null, "ESTABDATE": null, "FUNCSTAT": "S", "GCFLG": null, "GEOID": "5720R", "LSADC": "88", "MTFCC": "G2140", "BASENAME": "Kiowa-Comanche-Apache-Fort Sill Apache", "NAME": "Kiowa-Comanche-Apache-Fort Sill Apache OTSA", "ObjID": "22490393146432", "AIANNHCOMP": "R", "STATEFP1": "4040025", "STATEFP2": null, "STATEFP3": null, "UR": null, "VINTAGE": "90", "AIANNHFP1": "40-40025", "AIANNHFP2": null, "AIANNHFP3": null, "HU100": null, "POP100": null, "CENTLAT": "+34.6529299", "CENTLON": "-098.9104745", "INTPTLAT": "+34.6570770", "INTPTLON": "-098.8965330", "STGEOMETRY_AREA": 24665929541.751701, "STGEOMETRY_LEN": 849488.93692886003 }, "geometry": { "type": "Point", "coordinates": [ -98.40534, 34.21318 ] } },
{ "type": "Feature", "properties": { "OBJECTID": 2742, "Join_Count": 1, "TARGET_FID": 2742, "JOIN_FID": 258, "DEP_ID": "10048372", "SITE_NAME": "Cow Creek Deposit", "DEV_STAT": "Occurrence", "URL": "https://mrdata.usgs.gov/mrds/show-mrds.php?dep_id=10048372", "CODE_LIST": " FE", "Grade": "C", "AIANNH": "1140", "FSRFLG": "F", "AIANNHNS": "00004741", "AREALAND": 6799419203.0, "ALANDHIST": 6799419203.0, "AREAWATER": 15498630.0, "AWATERHIST": 15498630.0, "AIANNHCC": "D2", "EFFDATE": null, "ESTABDATE": null, "FUNCSTAT": "A", "GCFLG": null, "GEOID": "1140R", "LSADC": "86", "MTFCC": "G2100", "BASENAME": "Fort Apache", "NAME": "Fort Apache Reservation", "ObjID": "251901190528383", "AIANNHCOMP": "R", "STATEFP1": "0424320", "STATEFP2": null, "STATEFP3": null, "UR": null, "VINTAGE": "90", "AIANNHFP1": "04-24320", "AIANNHFP2": null, "AIANNHFP3": null, "HU100": null, "POP100": null, "CENTLAT": "+33.9286016", "CENTLON": "-110.1320775", "INTPTLAT": "+33.9414720", "INTPTLON": "-110.1361375", "STGEOMETRY_AREA": 9924107218.3268299, "STGEOMETRY_LEN": 660102.34559271997 }, "geometry": { "type": "Point", "coordinates": [ -110.73681, 34.21367 ] } },
{ "type": "Feature", "properties": { "OBJECTID": 2752, "Join_Count": 1, "TARGET_FID": 2752, "JOIN_FID": 640, "DEP_ID": "10021951", "SITE_NAME": "Randlett Northwest-1", "DEV_STAT": "Occurrence", "URL": "https://mrdata.usgs.gov/mrds/show-mrds.php?dep_id=10021951", "CODE_LIST": " CU U", "Grade": "B", "AIANNH": "5720", "FSRFLG": "F", "AIANNHNS": "02418654", "AREALAND": 16453955570.0, "ALANDHIST": 16453955570.0, "AREAWATER": 197145793.0, "AWATERHIST": 197145793.0, "AIANNHCC": "D6", "EFFDATE": null, "ESTABDATE": null, "FUNCSTAT": "S", "GCFLG": null, "GEOID": "5720R", "LSADC": "88", "MTFCC": "G2140", "BASENAME": "Kiowa-Comanche-Apache-Fort Sill Apache", "NAME": "Kiowa-Comanche-Apache-Fort Sill Apache OTSA", "ObjID": "22490393146432", "AIANNHCOMP": "R", "STATEFP1": "4040025", "STATEFP2": null, "STATEFP3": null, "UR": null, "VINTAGE": "90", "AIANNHFP1": "40-40025", "AIANNHFP2": null, "AIANNHFP3": null, "HU100": null, "POP100": null, "CENTLAT": "+34.6529299", "CENTLON": "-098.9104745", "INTPTLAT": "+34.6570770", "INTPTLON": "-098.8965330", "STGEOMETRY_AREA": 24665929541.751701, "STGEOMETRY_LEN": 849488.93692886003 }, "geometry": { "type": "Point", "coordinates": [ -98.48978, 34.22012 ] } },
{ "type": "Feature", "properties": { "OBJECTID": 2775, "Join_Count": 1, "TARGET_FID": 2775, "JOIN_FID": 258, "DEP_ID": "10027179", "SITE_NAME": "Buckskin Canyon Deposit", "DEV_STAT": "Occurrence", "URL": "https://mrdata.usgs.gov/mrds/show-mrds.php?dep_id=10027179", "CODE_LIST": " MN", "Grade": "C", "AIANNH": "1140", "FSRFLG": "F", "AIANNHNS": "00004741", "AREALAND": 6799419203.0, "ALANDHIST": 6799419203.0, "AREAWATER": 15498630.0, "AWATERHIST": 15498630.0, "AIANNHCC": "D2", "EFFDATE": null, "ESTABDATE": null, "FUNCSTAT": "A", "GCFLG": null, "GEOID": "1140R", "LSADC": "86", "MTFCC": "G2100", "BASENAME": "Fort Apache", "NAME": "Fort Apache Reservation", "ObjID": "251901190528383", "AIANNHCOMP": "R", "STATEFP1": "0424320", "STATEFP2": null, "STATEFP3": null, "UR": null, "VINTAGE": "90", "AIANNHFP1": "04-24320", "AIANNHFP2": null, "AIANNHFP3": null, "HU100": null, "POP100": null, "CENTLAT": "+33.9286016", "CENTLON": "-110.1320775", "INTPTLAT": "+33.9414720", "INTPTLON": "-110.1361375", "STGEOMETRY_AREA": 9924107218.3268299, "STGEOMETRY_LEN": 660102.34559271997 }, "geometry": { "type": "Point", "coordinates": [ -110.55958, 34.23923 ] } },
{ "type": "Feature", "properties": { "OBJECTID": 2782, "Join_Count": 1, "TARGET_FID": 2782, "JOIN_FID": 640, "DEP_ID": "10094848", "SITE_NAME": "Masner Prospect", "DEV_STAT": "Occurrence", "URL": "https://mrdata.usgs.gov/mrds/show-mrds.php?dep_id=10094848", "CODE_LIST": " CU", "Grade": "B", "AIANNH": "5720", "FSRFLG": "F", "AIANNHNS": "02418654", "AREALAND": 16453955570.0, "ALANDHIST": 16453955570.0, "AREAWATER": 197145793.0, "AWATERHIST": 197145793.0, "AIANNHCC": "D6", "EFFDATE": null, "ESTABDATE": null, "FUNCSTAT": "S", "GCFLG": null, "GEOID": "5720R", "LSADC": "88", "MTFCC": "G2140", "BASENAME": "Kiowa-Comanche-Apache-Fort Sill Apache", "NAME": "Kiowa-Comanche-Apache-Fort Sill Apache OTSA", "ObjID": "22490393146432", "AIANNHCOMP": "R", "STATEFP1": "4040025", "STATEFP2": null, "STATEFP3": null, "UR": null, "VINTAGE": "90", "AIANNHFP1": "40-40025", "AIANNHFP2": null, "AIANNHFP3": null, "HU100": null, "POP100": null, "CENTLAT": "+34.6529299", "CENTLON": "-098.9104745", "INTPTLAT": "+34.6570770", "INTPTLON": "-098.8965330", "STGEOMETRY_AREA": 24665929541.751701, "STGEOMETRY_LEN": 849488.93692886003 }, "geometry": { "type": "Point", "coordinates": [ -98.12922, 34.25095 ] } },
{ "type": "Feature", "properties": { "OBJECTID": 2825, "Join_Count": 1, "TARGET_FID": 2825, "JOIN_FID": 640, "DEP_ID": "10021941", "SITE_NAME": "Cookietown Northeast-1", "DEV_STAT": "Occurrence", "URL": "https://mrdata.usgs.gov/mrds/show-mrds.php?dep_id=10021941", "CODE_LIST": " CU", "Grade": "B", "AIANNH": "5720", "FSRFLG": "F", "AIANNHNS": "02418654", "AREALAND": 16453955570.0, "ALANDHIST": 16453955570.0, "AREAWATER": 197145793.0, "AWATERHIST": 197145793.0, "AIANNHCC": "D6", "EFFDATE": null, "ESTABDATE": null, "FUNCSTAT": "S", "GCFLG": null, "GEOID": "5720R", "LSADC": "88", "MTFCC": "G2140", "BASENAME": "Kiowa-Comanche-Apache-Fort Sill Apache", "NAME": "Kiowa-Comanche-Apache-Fort Sill Apache OTSA", "ObjID": "22490393146432", "AIANNHCOMP": "R", "STATEFP1": "4040025", "STATEFP2": null, "STATEFP3": null, "UR": null, "VINTAGE": "90", "AIANNHFP1": "40-40025", "AIANNHFP2": null, "AIANNHFP3": null, "HU100": null, "POP100": null, "CENTLAT": "+34.6529299", "CENTLON": "-098.9104745", "INTPTLAT": "+34.6570770", "INTPTLON": "-098.8965330", "STGEOMETRY_AREA": 24665929541.751701, "STGEOMETRY_LEN": 849488.93692886003 }, "geometry": { "type": "Point", "coordinates": [ -98.38951, 34.30817 ] } },
{ "type": "Feature", "properties": { "OBJECTID": 2839, "Join_Count": 1, "TARGET_FID": 2839, "JOIN_FID": 631, "DEP_ID": "10022052", "SITE_NAME": "Comanche Southeast-1", "DEV_STAT": "Occurrence", "URL": "https://mrdata.usgs.gov/mrds/show-mrds.php?dep_id=10022052", "CODE_LIST": " BA CU", "Grade": "B", "AIANNH": "5580", "FSRFLG": "F", "AIANNHNS": "02418818", "AREALAND": 18758515854.0, "ALANDHIST": 18758515855.0, "AREAWATER": 486348181.0, "AWATERHIST": 486348182.0, "AIANNHCC": "D6", "EFFDATE": null, "ESTABDATE": null, "FUNCSTAT": "S", "GCFLG": null, "GEOID": "5580R", "LSADC": "88", "MTFCC": "G2140", "BASENAME": "Chickasaw", "NAME": "Chickasaw OTSA", "ObjID": "22490399890448", "AIANNHCOMP": "R", "STATEFP1": "4013925", "STATEFP2": null, "STATEFP3": null, "UR": null, "VINTAGE": "90", "AIANNHFP1": "40-13925", "AIANNHFP2": null, "AIANNHFP3": null, "HU100": null, "POP100": null, "CENTLAT": "+34.4714895", "CENTLON": "-097.2603783", "INTPTLAT": "+34.4702963", "INTPTLON": "-097.2341262", "STGEOMETRY_AREA": 28387026467.9758, "STGEOMETRY_LEN": 1146240.3319967401 }, "geometry": { "type": "Point", "coordinates": [ -97.87615, 34.31956 ] } },
{ "type": "Feature", "properties": { "OBJECTID": 2885, "Join_Count": 1, "TARGET_FID": 2885, "JOIN_FID": 285, "DEP_ID": "10095185", "SITE_NAME": "Dawson Deposit", "DEV_STAT": "Occurrence", "URL": "https://mrdata.usgs.gov/mrds/show-mrds.php?dep_id=10095185", "CODE_LIST": " MN", "Grade": "C", "AIANNH": "0585", "FSRFLG": "F", "AIANNHNS": "00255956", "AREALAND": 124704707.0, "ALANDHIST": 124704707.0, "AREAWATER": 0.0, "AWATERHIST": 0.0, "AIANNHCC": "D2", "EFFDATE": null, "ESTABDATE": null, "FUNCSTAT": "A", "GCFLG": null, "GEOID": "0585R", "LSADC": "86", "MTFCC": "G2100", "BASENAME": "Chemehuevi", "NAME": "Chemehuevi Reservation", "ObjID": "251901320042546", "AIANNHCOMP": "R", "STATEFP1": "0612786", "STATEFP2": null, "STATEFP3": null, "UR": null, "VINTAGE": "90", "AIANNHFP1": "06-12786", "AIANNHFP2": null, "AIANNHFP3": null, "HU100": null, "POP100": null, "CENTLAT": "+34.4650343", "CENTLON": "-114.3885379", "INTPTLAT": "+34.5406033", "INTPTLON": "-114.4085278", "STGEOMETRY_AREA": 183901656.25222799, "STGEOMETRY_LEN": 179252.02635807 }, "geometry": { "type": "Point", "coordinates": [ -114.26301, 34.39004 ] } },
{ "type": "Feature", "properties": { "OBJECTID": 2893, "Join_Count": 1, "TARGET_FID": 2893, "JOIN_FID": 122, "DEP_ID": "10012506", "SITE_NAME": "Rule Prospect", "DEV_STAT": "Occurrence", "URL": "https://mrdata.usgs.gov/mrds/show-mrds.php?dep_id=10012506", "CODE_LIST": " CU", "Grade": "C", "AIANNH": "2430", "FSRFLG": "F", "AIANNHNS": "00041148", "AREALAND": 63271277922.0, "ALANDHIST": 63271277953.0, "AREAWATER": 61699340.0, "AWATERHIST": 61699340.0, "AIANNHCC": "D1", "EFFDATE": null, "ESTABDATE": null, "FUNCSTAT": "A", "GCFLG": null, "GEOID": "2430M", "LSADC": "86", "MTFCC": "G2100", "BASENAME": "Navajo Nation", "NAME": "Navajo Nation Reservation and Off-Reservation Trust Land", "ObjID": "25190492973741", "AIANNHCOMP": "M", "STATEFP1": "0448845", "STATEFP2": "3551580", "STATEFP3": "4953920", "UR": null, "VINTAGE": "90", "AIANNHFP1": "04-48845", "AIANNHFP2": "35-51580", "AIANNHFP3": "49-53920", "HU100": null, "POP100": null, "CENTLAT": "+36.1692268", "CENTLON": "-109.7686784", "INTPTLAT": "+36.1713058", "INTPTLON": "-109.7627696", "STGEOMETRY_AREA": 97398526199.740097, "STGEOMETRY_LEN": 11874290.154753501 }, "geometry": { "type": "Point", "coordinates": [ -107.5245, 34.39814 ] } },
{ "type": "Feature", "properties": { "OBJECTID": 3024, "Join_Count": 1, "TARGET_FID": 3024, "JOIN_FID": 640, "DEP_ID": "10022053", "SITE_NAME": "Manitou East-1", "DEV_STAT": "Occurrence", "URL": "https://mrdata.usgs.gov/mrds/show-mrds.php?dep_id=10022053", "CODE_LIST": " CU", "Grade": "B", "AIANNH": "5720", "FSRFLG": "F", "AIANNHNS": "02418654", "AREALAND": 16453955570.0, "ALANDHIST": 16453955570.0, "AREAWATER": 197145793.0, "AWATERHIST": 197145793.0, "AIANNHCC": "D6", "EFFDATE": null, "ESTABDATE": null, "FUNCSTAT": "S", "GCFLG": null, "GEOID": "5720R", "LSADC": "88", "MTFCC": "G2140", "BASENAME": "Kiowa-Comanche-Apache-Fort Sill Apache", "NAME": "Kiowa-Comanche-Apache-Fort Sill Apache OTSA", "ObjID": "22490393146432", "AIANNHCOMP": "R", "STATEFP1": "4040025", "STATEFP2": null, "STATEFP3": null, "UR": null, "VINTAGE": "90", "AIANNHFP1": "40-40025", "AIANNHFP2": null, "AIANNHFP3": null, "HU100": null, "POP100": null, "CENTLAT": "+34.6529299", "CENTLON": "-098.9104745", "INTPTLAT": "+34.6570770", "INTPTLON": "-098.8965330", "STGEOMETRY_AREA": 24665929541.751701, "STGEOMETRY_LEN": 849488.93692886003 }, "geometry": { "type": "Point", "coordinates": [ -98.90147, 34.51844 ] } },
{ "type": "Feature", "properties": { "OBJECTID": 3078, "Join_Count": 1, "TARGET_FID": 3078, "JOIN_FID": 640, "DEP_ID": "10021928", "SITE_NAME": "Wolf Creek-1", "DEV_STAT": "Occurrence", "URL": "https://mrdata.usgs.gov/mrds/show-mrds.php?dep_id=10021928", "CODE_LIST": " CU", "Grade": "B", "AIANNH": "5720", "FSRFLG": "F", "AIANNHNS": "02418654", "AREALAND": 16453955570.0, "ALANDHIST": 16453955570.0, "AREAWATER": 197145793.0, "AWATERHIST": 197145793.0, "AIANNHCC": "D6", "EFFDATE": null, "ESTABDATE": null, "FUNCSTAT": "S", "GCFLG": null, "GEOID": "5720R", "LSADC": "88", "MTFCC": "G2140", "BASENAME": "Kiowa-Comanche-Apache-Fort Sill Apache", "NAME": "Kiowa-Comanche-Apache-Fort Sill Apache OTSA", "ObjID": "22490393146432", "AIANNHCOMP": "R", "STATEFP1": "4040025", "STATEFP2": null, "STATEFP3": null, "UR": null, "VINTAGE": "90", "AIANNHFP1": "40-40025", "AIANNHFP2": null, "AIANNHFP3": null, "HU100": null, "POP100": null, "CENTLAT": "+34.6529299", "CENTLON": "-098.9104745", "INTPTLAT": "+34.6570770", "INTPTLON": "-098.8965330", "STGEOMETRY_AREA": 24665929541.751701, "STGEOMETRY_LEN": 849488.93692886003 }, "geometry": { "type": "Point", "coordinates": [ -98.44173, 34.60344 ] } },
{ "type": "Feature", "properties": { "OBJECTID": 3086, "Join_Count": 1, "TARGET_FID": 3086, "JOIN_FID": 631, "DEP_ID": "10091723", "SITE_NAME": "Brady East", "DEV_STAT": "Occurrence", "URL": "https://mrdata.usgs.gov/mrds/show-mrds.php?dep_id=10091723", "CODE_LIST": " PB CU AG CR MO V", "Grade": "B", "AIANNH": "5580", "FSRFLG": "F", "AIANNHNS": "02418818", "AREALAND": 18758515854.0, "ALANDHIST": 18758515855.0, "AREAWATER": 486348181.0, "AWATERHIST": 486348182.0, "AIANNHCC": "D6", "EFFDATE": null, "ESTABDATE": null, "FUNCSTAT": "S", "GCFLG": null, "GEOID": "5580R", "LSADC": "88", "MTFCC": "G2140", "BASENAME": "Chickasaw", "NAME": "Chickasaw OTSA", "ObjID": "22490399890448", "AIANNHCOMP": "R", "STATEFP1": "4013925", "STATEFP2": null, "STATEFP3": null, "UR": null, "VINTAGE": "90", "AIANNHFP1": "40-13925", "AIANNHFP2": null, "AIANNHFP3": null, "HU100": null, "POP100": null, "CENTLAT": "+34.4714895", "CENTLON": "-097.2603783", "INTPTLAT": "+34.4702963", "INTPTLON": "-097.2341262", "STGEOMETRY_AREA": 28387026467.9758, "STGEOMETRY_LEN": 1146240.3319967401 }, "geometry": { "type": "Point", "coordinates": [ -97.21281, 34.61067 ] } },
{ "type": "Feature", "properties": { "OBJECTID": 3111, "Join_Count": 1, "TARGET_FID": 3111, "JOIN_FID": 640, "DEP_ID": "10091727", "SITE_NAME": "Snyder Southeast-1", "DEV_STAT": "Occurrence", "URL": "https://mrdata.usgs.gov/mrds/show-mrds.php?dep_id=10091727", "CODE_LIST": " CU", "Grade": "B", "AIANNH": "5720", "FSRFLG": "F", "AIANNHNS": "02418654", "AREALAND": 16453955570.0, "ALANDHIST": 16453955570.0, "AREAWATER": 197145793.0, "AWATERHIST": 197145793.0, "AIANNHCC": "D6", "EFFDATE": null, "ESTABDATE": null, "FUNCSTAT": "S", "GCFLG": null, "GEOID": "5720R", "LSADC": "88", "MTFCC": "G2140", "BASENAME": "Kiowa-Comanche-Apache-Fort Sill Apache", "NAME": "Kiowa-Comanche-Apache-Fort Sill Apache OTSA", "ObjID": "22490393146432", "AIANNHCOMP": "R", "STATEFP1": "4040025", "STATEFP2": null, "STATEFP3": null, "UR": null, "VINTAGE": "90", "AIANNHFP1": "40-40025", "AIANNHFP2": null, "AIANNHFP3": null, "HU100": null, "POP100": null, "CENTLAT": "+34.6529299", "CENTLON": "-098.9104745", "INTPTLAT": "+34.6570770", "INTPTLON": "-098.8965330", "STGEOMETRY_AREA": 24665929541.751701, "STGEOMETRY_LEN": 849488.93692886003 }, "geometry": { "type": "Point", "coordinates": [ -98.91064, 34.63233 ] } },
{ "type": "Feature", "properties": { "OBJECTID": 3117, "Join_Count": 1, "TARGET_FID": 3117, "JOIN_FID": 640, "DEP_ID": "10021965", "SITE_NAME": "Horse Branch-1", "DEV_STAT": "Occurrence", "URL": "https://mrdata.usgs.gov/mrds/show-mrds.php?dep_id=10021965", "CODE_LIST": " CU", "Grade": "B", "AIANNH": "5720", "FSRFLG": "F", "AIANNHNS": "02418654", "AREALAND": 16453955570.0, "ALANDHIST": 16453955570.0, "AREAWATER": 197145793.0, "AWATERHIST": 197145793.0, "AIANNHCC": "D6", "EFFDATE": null, "ESTABDATE": null, "FUNCSTAT": "S", "GCFLG": null, "GEOID": "5720R", "LSADC": "88", "MTFCC": "G2140", "BASENAME": "Kiowa-Comanche-Apache-Fort Sill Apache", "NAME": "Kiowa-Comanche-Apache-Fort Sill Apache OTSA", "ObjID": "22490393146432", "AIANNHCOMP": "R", "STATEFP1": "4040025", "STATEFP2": null, "STATEFP3": null, "UR": null, "VINTAGE": "90", "AIANNHFP1": "40-40025", "AIANNHFP2": null, "AIANNHFP3": null, "HU100": null, "POP100": null, "CENTLAT": "+34.6529299", "CENTLON": "-098.9104745", "INTPTLAT": "+34.6570770", "INTPTLON": "-098.8965330", "STGEOMETRY_AREA": 24665929541.751701, "STGEOMETRY_LEN": 849488.93692886003 }, "geometry": { "type": "Point", "coordinates": [ -99.46815, 34.64871 ] } },
{ "type": "Feature", "properties": { "OBJECTID": 3125, "Join_Count": 1, "TARGET_FID": 3125, "JOIN_FID": 640, "DEP_ID": "10297407", "SITE_NAME": "Otter Creek Valley Deposit", "DEV_STAT": "Prospect", "URL": "https://mrdata.usgs.gov/mrds/show-mrds.php?dep_id=10297407", "CODE_LIST": " TI NB", "Grade": "B", "AIANNH": "5720", "FSRFLG": "F", "AIANNHNS": "02418654", "AREALAND": 16453955570.0, "ALANDHIST": 16453955570.0, "AREAWATER": 197145793.0, "AWATERHIST": 197145793.0, "AIANNHCC": "D6", "EFFDATE": null, "ESTABDATE": null, "FUNCSTAT": "S", "GCFLG": null, "GEOID": "5720R", "LSADC": "88", "MTFCC": "G2140", "BASENAME": "Kiowa-Comanche-Apache-Fort Sill Apache", "NAME": "Kiowa-Comanche-Apache-Fort Sill Apache OTSA", "ObjID": "22490393146432", "AIANNHCOMP": "R", "STATEFP1": "4040025", "STATEFP2": null, "STATEFP3": null, "UR": null, "VINTAGE": "90", "AIANNHFP1": "40-40025", "AIANNHFP2": null, "AIANNHFP3": null, "HU100": null, "POP100": null, "CENTLAT": "+34.6529299", "CENTLON": "-098.9104745", "INTPTLAT": "+34.6570770", "INTPTLON": "-098.8965330", "STGEOMETRY_AREA": 24665929541.751701, "STGEOMETRY_LEN": 849488.93692886003 }, "geometry": { "type": "Point", "coordinates": [ -98.99476, 34.6668 ] } },
{ "type": "Feature", "properties": { "OBJECTID": 3171, "Join_Count": 1, "TARGET_FID": 3171, "JOIN_FID": 640, "DEP_ID": "10022008", "SITE_NAME": "Telephone Creek-3", "DEV_STAT": "Occurrence", "URL": "https://mrdata.usgs.gov/mrds/show-mrds.php?dep_id=10022008", "CODE_LIST": " CU", "Grade": "B", "AIANNH": "5720", "FSRFLG": "F", "AIANNHNS": "02418654", "AREALAND": 16453955570.0, "ALANDHIST": 16453955570.0, "AREAWATER": 197145793.0, "AWATERHIST": 197145793.0, "AIANNHCC": "D6", "EFFDATE": null, "ESTABDATE": null, "FUNCSTAT": "S", "GCFLG": null, "GEOID": "5720R", "LSADC": "88", "MTFCC": "G2140", "BASENAME": "Kiowa-Comanche-Apache-Fort Sill Apache", "NAME": "Kiowa-Comanche-Apache-Fort Sill Apache OTSA", "ObjID": "22490393146432", "AIANNHCOMP": "R", "STATEFP1": "4040025", "STATEFP2": null, "STATEFP3": null, "UR": null, "VINTAGE": "90", "AIANNHFP1": "40-40025", "AIANNHFP2": null, "AIANNHFP3": null, "HU100": null, "POP100": null, "CENTLAT": "+34.6529299", "CENTLON": "-098.9104745", "INTPTLAT": "+34.6570770", "INTPTLON": "-098.8965330", "STGEOMETRY_AREA": 24665929541.751701, "STGEOMETRY_LEN": 849488.93692886003 }, "geometry": { "type": "Point", "coordinates": [ -98.85092, 34.75232 ] } },
{ "type": "Feature", "properties": { "OBJECTID": 3172, "Join_Count": 1, "TARGET_FID": 3172, "JOIN_FID": 640, "DEP_ID": "10022007", "SITE_NAME": "Telephone Creek-2", "DEV_STAT": "Occurrence", "URL": "https://mrdata.usgs.gov/mrds/show-mrds.php?dep_id=10022007", "CODE_LIST": " CU", "Grade": "B", "AIANNH": "5720", "FSRFLG": "F", "AIANNHNS": "02418654", "AREALAND": 16453955570.0, "ALANDHIST": 16453955570.0, "AREAWATER": 197145793.0, "AWATERHIST": 197145793.0, "AIANNHCC": "D6", "EFFDATE": null, "ESTABDATE": null, "FUNCSTAT": "S", "GCFLG": null, "GEOID": "5720R", "LSADC": "88", "MTFCC": "G2140", "BASENAME": "Kiowa-Comanche-Apache-Fort Sill Apache", "NAME": "Kiowa-Comanche-Apache-Fort Sill Apache OTSA", "ObjID": "22490393146432", "AIANNHCOMP": "R", "STATEFP1": "4040025", "STATEFP2": null, "STATEFP3": null, "UR": null, "VINTAGE": "90", "AIANNHFP1": "40-40025", "AIANNHFP2": null, "AIANNHFP3": null, "HU100": null, "POP100": null, "CENTLAT": "+34.6529299", "CENTLON": "-098.9104745", "INTPTLAT": "+34.6570770", "INTPTLON": "-098.8965330", "STGEOMETRY_AREA": 24665929541.751701, "STGEOMETRY_LEN": 849488.93692886003 }, "geometry": { "type": "Point", "coordinates": [ -98.84842, 34.75399 ] } },
{ "type": "Feature", "properties": { "OBJECTID": 3174, "Join_Count": 1, "TARGET_FID": 3174, "JOIN_FID": 640, "DEP_ID": "10021985", "SITE_NAME": "Twin Mountains-2", "DEV_STAT": "Occurrence", "URL": "https://mrdata.usgs.gov/mrds/show-mrds.php?dep_id=10021985", "CODE_LIST": " CU", "Grade": "B", "AIANNH": "5720", "FSRFLG": "F", "AIANNHNS": "02418654", "AREALAND": 16453955570.0, "ALANDHIST": 16453955570.0, "AREAWATER": 197145793.0, "AWATERHIST": 197145793.0, "AIANNHCC": "D6", "EFFDATE": null, "ESTABDATE": null, "FUNCSTAT": "S", "GCFLG": null, "GEOID": "5720R", "LSADC": "88", "MTFCC": "G2140", "BASENAME": "Kiowa-Comanche-Apache-Fort Sill Apache", "NAME": "Kiowa-Comanche-Apache-Fort Sill Apache OTSA", "ObjID": "22490393146432", "AIANNHCOMP": "R", "STATEFP1": "4040025", "STATEFP2": null, "STATEFP3": null, "UR": null, "VINTAGE": "90", "AIANNHFP1": "40-40025", "AIANNHFP2": null, "AIANNHFP3": null, "HU100": null, "POP100": null, "CENTLAT": "+34.6529299", "CENTLON": "-098.9104745", "INTPTLAT": "+34.6570770", "INTPTLON": "-098.8965330", "STGEOMETRY_AREA": 24665929541.751701, "STGEOMETRY_LEN": 849488.93692886003 }, "geometry": { "type": "Point", "coordinates": [ -99.07564, 34.75816 ] } },
{ "type": "Feature", "properties": { "OBJECTID": 3176, "Join_Count": 1, "TARGET_FID": 3176, "JOIN_FID": 640, "DEP_ID": "10022006", "SITE_NAME": "Telephone Creek-1", "DEV_STAT": "Occurrence", "URL": "https://mrdata.usgs.gov/mrds/show-mrds.php?dep_id=10022006", "CODE_LIST": " CU", "Grade": "B", "AIANNH": "5720", "FSRFLG": "F", "AIANNHNS": "02418654", "AREALAND": 16453955570.0, "ALANDHIST": 16453955570.0, "AREAWATER": 197145793.0, "AWATERHIST": 197145793.0, "AIANNHCC": "D6", "EFFDATE": null, "ESTABDATE": null, "FUNCSTAT": "S", "GCFLG": null, "GEOID": "5720R", "LSADC": "88", "MTFCC": "G2140", "BASENAME": "Kiowa-Comanche-Apache-Fort Sill Apache", "NAME": "Kiowa-Comanche-Apache-Fort Sill Apache OTSA", "ObjID": "22490393146432", "AIANNHCOMP": "R", "STATEFP1": "4040025", "STATEFP2": null, "STATEFP3": null, "UR": null, "VINTAGE": "90", "AIANNHFP1": "40-40025", "AIANNHFP2": null, "AIANNHFP3": null, "HU100": null, "POP100": null, "CENTLAT": "+34.6529299", "CENTLON": "-098.9104745", "INTPTLAT": "+34.6570770", "INTPTLON": "-098.8965330", "STGEOMETRY_AREA": 24665929541.751701, "STGEOMETRY_LEN": 849488.93692886003 }, "geometry": { "type": "Point", "coordinates": [ -98.84758, 34.75927 ] } },
{ "type": "Feature", "properties": { "OBJECTID": 3189, "Join_Count": 1, "TARGET_FID": 3189, "JOIN_FID": 631, "DEP_ID": "10022048", "SITE_NAME": "Ada West", "DEV_STAT": "Occurrence", "URL": "https://mrdata.usgs.gov/mrds/show-mrds.php?dep_id=10022048", "CODE_LIST": " CU", "Grade": "C", "AIANNH": "5580", "FSRFLG": "F", "AIANNHNS": "02418818", "AREALAND": 18758515854.0, "ALANDHIST": 18758515855.0, "AREAWATER": 486348181.0, "AWATERHIST": 486348182.0, "AIANNHCC": "D6", "EFFDATE": null, "ESTABDATE": null, "FUNCSTAT": "S", "GCFLG": null, "GEOID": "5580R", "LSADC": "88", "MTFCC": "G2140", "BASENAME": "Chickasaw", "NAME": "Chickasaw OTSA", "ObjID": "22490399890448", "AIANNHCOMP": "R", "STATEFP1": "4013925", "STATEFP2": null, "STATEFP3": null, "UR": null, "VINTAGE": "90", "AIANNHFP1": "40-13925", "AIANNHFP2": null, "AIANNHFP3": null, "HU100": null, "POP100": null, "CENTLAT": "+34.4714895", "CENTLON": "-097.2603783", "INTPTLAT": "+34.4702963", "INTPTLON": "-097.2341262", "STGEOMETRY_AREA": 28387026467.9758, "STGEOMETRY_LEN": 1146240.3319967401 }, "geometry": { "type": "Point", "coordinates": [ -96.70168, 34.77928 ] } },
{ "type": "Feature", "properties": { "OBJECTID": 3192, "Join_Count": 1, "TARGET_FID": 3192, "JOIN_FID": 631, "DEP_ID": "10022049", "SITE_NAME": "Lewis Spring", "DEV_STAT": "Occurrence", "URL": "https://mrdata.usgs.gov/mrds/show-mrds.php?dep_id=10022049", "CODE_LIST": " CU", "Grade": "B", "AIANNH": "5580", "FSRFLG": "F", "AIANNHNS": "02418818", "AREALAND": 18758515854.0, "ALANDHIST": 18758515855.0, "AREAWATER": 486348181.0, "AWATERHIST": 486348182.0, "AIANNHCC": "D6", "EFFDATE": null, "ESTABDATE": null, "FUNCSTAT": "S", "GCFLG": null, "GEOID": "5580R", "LSADC": "88", "MTFCC": "G2140", "BASENAME": "Chickasaw", "NAME": "Chickasaw OTSA", "ObjID": "22490399890448", "AIANNHCOMP": "R", "STATEFP1": "4013925", "STATEFP2": null, "STATEFP3": null, "UR": null, "VINTAGE": "90", "AIANNHFP1": "40-13925", "AIANNHFP2": null, "AIANNHFP3": null, "HU100": null, "POP100": null, "CENTLAT": "+34.4714895", "CENTLON": "-097.2603783", "INTPTLAT": "+34.4702963", "INTPTLON": "-097.2341262", "STGEOMETRY_AREA": 28387026467.9758, "STGEOMETRY_LEN": 1146240.3319967401 }, "geometry": { "type": "Point", "coordinates": [ -96.69057, 34.79122 ] } },
{ "type": "Feature", "properties": { "OBJECTID": 3193, "Join_Count": 1, "TARGET_FID": 3193, "JOIN_FID": 640, "DEP_ID": "10021925", "SITE_NAME": "Hobbs Canyon", "DEV_STAT": "Occurrence", "URL": "https://mrdata.usgs.gov/mrds/show-mrds.php?dep_id=10021925", "CODE_LIST": " CU", "Grade": "B", "AIANNH": "5720", "FSRFLG": "F", "AIANNHNS": "02418654", "AREALAND": 16453955570.0, "ALANDHIST": 16453955570.0, "AREAWATER": 197145793.0, "AWATERHIST": 197145793.0, "AIANNHCC": "D6", "EFFDATE": null, "ESTABDATE": null, "FUNCSTAT": "S", "GCFLG": null, "GEOID": "5720R", "LSADC": "88", "MTFCC": "G2140", "BASENAME": "Kiowa-Comanche-Apache-Fort Sill Apache", "NAME": "Kiowa-Comanche-Apache-Fort Sill Apache OTSA", "ObjID": "22490393146432", "AIANNHCOMP": "R", "STATEFP1": "4040025", "STATEFP2": null, "STATEFP3": null, "UR": null, "VINTAGE": "90", "AIANNHFP1": "40-40025", "AIANNHFP2": null, "AIANNHFP3": null, "HU100": null, "POP100": null, "CENTLAT": "+34.6529299", "CENTLON": "-098.9104745", "INTPTLAT": "+34.6570770", "INTPTLON": "-098.8965330", "STGEOMETRY_AREA": 24665929541.751701, "STGEOMETRY_LEN": 849488.93692886003 }, "geometry": { "type": "Point", "coordinates": [ -98.71563, 34.79343 ] } },
{ "type": "Feature", "properties": { "OBJECTID": 3195, "Join_Count": 1, "TARGET_FID": 3195, "JOIN_FID": 640, "DEP_ID": "10022002", "SITE_NAME": "Baby Prospect", "DEV_STAT": "Occurrence", "URL": "https://mrdata.usgs.gov/mrds/show-mrds.php?dep_id=10022002", "CODE_LIST": " CU", "Grade": "B", "AIANNH": "5720", "FSRFLG": "F", "AIANNHNS": "02418654", "AREALAND": 16453955570.0, "ALANDHIST": 16453955570.0, "AREAWATER": 197145793.0, "AWATERHIST": 197145793.0, "AIANNHCC": "D6", "EFFDATE": null, "ESTABDATE": null, "FUNCSTAT": "S", "GCFLG": null, "GEOID": "5720R", "LSADC": "88", "MTFCC": "G2140", "BASENAME": "Kiowa-Comanche-Apache-Fort Sill Apache", "NAME": "Kiowa-Comanche-Apache-Fort Sill Apache OTSA", "ObjID": "22490393146432", "AIANNHCOMP": "R", "STATEFP1": "4040025", "STATEFP2": null, "STATEFP3": null, "UR": null, "VINTAGE": "90", "AIANNHFP1": "40-40025", "AIANNHFP2": null, "AIANNHFP3": null, "HU100": null, "POP100": null, "CENTLAT": "+34.6529299", "CENTLON": "-098.9104745", "INTPTLAT": "+34.6570770", "INTPTLON": "-098.8965330", "STGEOMETRY_AREA": 24665929541.751701, "STGEOMETRY_LEN": 849488.93692886003 }, "geometry": { "type": "Point", "coordinates": [ -98.99397, 34.80566 ] } },
{ "type": "Feature", "properties": { "OBJECTID": 3198, "Join_Count": 1, "TARGET_FID": 3198, "JOIN_FID": 631, "DEP_ID": "10021954", "SITE_NAME": "Wiggley Hill", "DEV_STAT": "Occurrence", "URL": "https://mrdata.usgs.gov/mrds/show-mrds.php?dep_id=10021954", "CODE_LIST": " CU", "Grade": "B", "AIANNH": "5580", "FSRFLG": "F", "AIANNHNS": "02418818", "AREALAND": 18758515854.0, "ALANDHIST": 18758515855.0, "AREAWATER": 486348181.0, "AWATERHIST": 486348182.0, "AIANNHCC": "D6", "EFFDATE": null, "ESTABDATE": null, "FUNCSTAT": "S", "GCFLG": null, "GEOID": "5580R", "LSADC": "88", "MTFCC": "G2140", "BASENAME": "Chickasaw", "NAME": "Chickasaw OTSA", "ObjID": "22490399890448", "AIANNHCOMP": "R", "STATEFP1": "4013925", "STATEFP2": null, "STATEFP3": null, "UR": null, "VINTAGE": "90", "AIANNHFP1": "40-13925", "AIANNHFP2": null, "AIANNHFP3": null, "HU100": null, "POP100": null, "CENTLAT": "+34.4714895", "CENTLON": "-097.2603783", "INTPTLAT": "+34.4702963", "INTPTLON": "-097.2341262", "STGEOMETRY_AREA": 28387026467.9758, "STGEOMETRY_LEN": 1146240.3319967401 }, "geometry": { "type": "Point", "coordinates": [ -97.24809, 34.80817 ] } },
{ "type": "Feature", "properties": { "OBJECTID": 3202, "Join_Count": 1, "TARGET_FID": 3202, "JOIN_FID": 640, "DEP_ID": "10094851", "SITE_NAME": "Parsons-2", "DEV_STAT": "Occurrence", "URL": "https://mrdata.usgs.gov/mrds/show-mrds.php?dep_id=10094851", "CODE_LIST": " CU", "Grade": "B", "AIANNH": "5720", "FSRFLG": "F", "AIANNHNS": "02418654", "AREALAND": 16453955570.0, "ALANDHIST": 16453955570.0, "AREAWATER": 197145793.0, "AWATERHIST": 197145793.0, "AIANNHCC": "D6", "EFFDATE": null, "ESTABDATE": null, "FUNCSTAT": "S", "GCFLG": null, "GEOID": "5720R", "LSADC": "88", "MTFCC": "G2140", "BASENAME": "Kiowa-Comanche-Apache-Fort Sill Apache", "NAME": "Kiowa-Comanche-Apache-Fort Sill Apache OTSA", "ObjID": "22490393146432", "AIANNHCOMP": "R", "STATEFP1": "4040025", "STATEFP2": null, "STATEFP3": null, "UR": null, "VINTAGE": "90", "AIANNHFP1": "40-40025", "AIANNHFP2": null, "AIANNHFP3": null, "HU100": null, "POP100": null, "CENTLAT": "+34.6529299", "CENTLON": "-098.9104745", "INTPTLAT": "+34.6570770", "INTPTLON": "-098.8965330", "STGEOMETRY_AREA": 24665929541.751701, "STGEOMETRY_LEN": 849488.93692886003 }, "geometry": { "type": "Point", "coordinates": [ -99.0373, 34.8126 ] } },
{ "type": "Feature", "properties": { "OBJECTID": 3203, "Join_Count": 1, "TARGET_FID": 3203, "JOIN_FID": 640, "DEP_ID": "10021977", "SITE_NAME": "Iron Mountain South", "DEV_STAT": "Occurrence", "URL": "https://mrdata.usgs.gov/mrds/show-mrds.php?dep_id=10021977", "CODE_LIST": " CU", "Grade": "B", "AIANNH": "5720", "FSRFLG": "F", "AIANNHNS": "02418654", "AREALAND": 16453955570.0, "ALANDHIST": 16453955570.0, "AREAWATER": 197145793.0, "AWATERHIST": 197145793.0, "AIANNHCC": "D6", "EFFDATE": null, "ESTABDATE": null, "FUNCSTAT": "S", "GCFLG": null, "GEOID": "5720R", "LSADC": "88", "MTFCC": "G2140", "BASENAME": "Kiowa-Comanche-Apache-Fort Sill Apache", "NAME": "Kiowa-Comanche-Apache-Fort Sill Apache OTSA", "ObjID": "22490393146432", "AIANNHCOMP": "R", "STATEFP1": "4040025", "STATEFP2": null, "STATEFP3": null, "UR": null, "VINTAGE": "90", "AIANNHFP1": "40-40025", "AIANNHFP2": null, "AIANNHFP3": null, "HU100": null, "POP100": null, "CENTLAT": "+34.6529299", "CENTLON": "-098.9104745", "INTPTLAT": "+34.6570770", "INTPTLON": "-098.8965330", "STGEOMETRY_AREA": 24665929541.751701, "STGEOMETRY_LEN": 849488.93692886003 }, "geometry": { "type": "Point", "coordinates": [ -98.94814, 34.81288 ] } },
{ "type": "Feature", "properties": { "OBJECTID": 3205, "Join_Count": 1, "TARGET_FID": 3205, "JOIN_FID": 640, "DEP_ID": "10021976", "SITE_NAME": "Iron Mountain Se-3", "DEV_STAT": "Occurrence", "URL": "https://mrdata.usgs.gov/mrds/show-mrds.php?dep_id=10021976", "CODE_LIST": " CU", "Grade": "B", "AIANNH": "5720", "FSRFLG": "F", "AIANNHNS": "02418654", "AREALAND": 16453955570.0, "ALANDHIST": 16453955570.0, "AREAWATER": 197145793.0, "AWATERHIST": 197145793.0, "AIANNHCC": "D6", "EFFDATE": null, "ESTABDATE": null, "FUNCSTAT": "S", "GCFLG": null, "GEOID": "5720R", "LSADC": "88", "MTFCC": "G2140", "BASENAME": "Kiowa-Comanche-Apache-Fort Sill Apache", "NAME": "Kiowa-Comanche-Apache-Fort Sill Apache OTSA", "ObjID": "22490393146432", "AIANNHCOMP": "R", "STATEFP1": "4040025", "STATEFP2": null, "STATEFP3": null, "UR": null, "VINTAGE": "90", "AIANNHFP1": "40-40025", "AIANNHFP2": null, "AIANNHFP3": null, "HU100": null, "POP100": null, "CENTLAT": "+34.6529299", "CENTLON": "-098.9104745", "INTPTLAT": "+34.6570770", "INTPTLON": "-098.8965330", "STGEOMETRY_AREA": 24665929541.751701, "STGEOMETRY_LEN": 849488.93692886003 }, "geometry": { "type": "Point", "coordinates": [ -98.91536, 34.81343 ] } },
{ "type": "Feature", "properties": { "OBJECTID": 3210, "Join_Count": 1, "TARGET_FID": 3210, "JOIN_FID": 631, "DEP_ID": "10400387", "SITE_NAME": "Paoli", "DEV_STAT": "Prospect", "URL": "https://mrdata.usgs.gov/mrds/show-mrds.php?dep_id=10400387", "CODE_LIST": " CU AG", "Grade": "C", "AIANNH": "5580", "FSRFLG": "F", "AIANNHNS": "02418818", "AREALAND": 18758515854.0, "ALANDHIST": 18758515855.0, "AREAWATER": 486348181.0, "AWATERHIST": 486348182.0, "AIANNHCC": "D6", "EFFDATE": null, "ESTABDATE": null, "FUNCSTAT": "S", "GCFLG": null, "GEOID": "5580R", "LSADC": "88", "MTFCC": "G2140", "BASENAME": "Chickasaw", "NAME": "Chickasaw OTSA", "ObjID": "22490399890448", "AIANNHCOMP": "R", "STATEFP1": "4013925", "STATEFP2": null, "STATEFP3": null, "UR": null, "VINTAGE": "90", "AIANNHFP1": "40-13925", "AIANNHFP2": null, "AIANNHFP3": null, "HU100": null, "POP100": null, "CENTLAT": "+34.4714895", "CENTLON": "-097.2603783", "INTPTLAT": "+34.4702963", "INTPTLON": "-097.2341262", "STGEOMETRY_AREA": 28387026467.9758, "STGEOMETRY_LEN": 1146240.3319967401 }, "geometry": { "type": "Point", "coordinates": [ -97.24153, 34.81733 ] } },
{ "type": "Feature", "properties": { "OBJECTID": 3213, "Join_Count": 1, "TARGET_FID": 3213, "JOIN_FID": 640, "DEP_ID": "10048511", "SITE_NAME": "Glen Mountains Layered Complex", "DEV_STAT": "Occurrence", "URL": "https://mrdata.usgs.gov/mrds/show-mrds.php?dep_id=10048511", "CODE_LIST": " PGE_PT PGE_PD CU NI AG", "Grade": "B", "AIANNH": "5720", "FSRFLG": "F", "AIANNHNS": "02418654", "AREALAND": 16453955570.0, "ALANDHIST": 16453955570.0, "AREAWATER": 197145793.0, "AWATERHIST": 197145793.0, "AIANNHCC": "D6", "EFFDATE": null, "ESTABDATE": null, "FUNCSTAT": "S", "GCFLG": null, "GEOID": "5720R", "LSADC": "88", "MTFCC": "G2140", "BASENAME": "Kiowa-Comanche-Apache-Fort Sill Apache", "NAME": "Kiowa-Comanche-Apache-Fort Sill Apache OTSA", "ObjID": "22490393146432", "AIANNHCOMP": "R", "STATEFP1": "4040025", "STATEFP2": null, "STATEFP3": null, "UR": null, "VINTAGE": "90", "AIANNHFP1": "40-40025", "AIANNHFP2": null, "AIANNHFP3": null, "HU100": null, "POP100": null, "CENTLAT": "+34.6529299", "CENTLON": "-098.9104745", "INTPTLAT": "+34.6570770", "INTPTLON": "-098.8965330", "STGEOMETRY_AREA": 24665929541.751701, "STGEOMETRY_LEN": 849488.93692886003 }, "geometry": { "type": "Point", "coordinates": [ -98.98647, 34.82343 ] } },
{ "type": "Feature", "properties": { "OBJECTID": 3215, "Join_Count": 1, "TARGET_FID": 3215, "JOIN_FID": 631, "DEP_ID": "10021956", "SITE_NAME": "Washington Creek", "DEV_STAT": "Occurrence", "URL": "https://mrdata.usgs.gov/mrds/show-mrds.php?dep_id=10021956", "CODE_LIST": " CU", "Grade": "B", "AIANNH": "5580", "FSRFLG": "F", "AIANNHNS": "02418818", "AREALAND": 18758515854.0, "ALANDHIST": 18758515855.0, "AREAWATER": 486348181.0, "AWATERHIST": 486348182.0, "AIANNHCC": "D6", "EFFDATE": null, "ESTABDATE": null, "FUNCSTAT": "S", "GCFLG": null, "GEOID": "5580R", "LSADC": "88", "MTFCC": "G2140", "BASENAME": "Chickasaw", "NAME": "Chickasaw OTSA", "ObjID": "22490399890448", "AIANNHCOMP": "R", "STATEFP1": "4013925", "STATEFP2": null, "STATEFP3": null, "UR": null, "VINTAGE": "90", "AIANNHFP1": "40-13925", "AIANNHFP2": null, "AIANNHFP3": null, "HU100": null, "POP100": null, "CENTLAT": "+34.4714895", "CENTLON": "-097.2603783", "INTPTLAT": "+34.4702963", "INTPTLON": "-097.2341262", "STGEOMETRY_AREA": 28387026467.9758, "STGEOMETRY_LEN": 1146240.3319967401 }, "geometry": { "type": "Point", "coordinates": [ -97.20448, 34.82567 ] } },
{ "type": "Feature", "properties": { "OBJECTID": 3217, "Join_Count": 1, "TARGET_FID": 3217, "JOIN_FID": 631, "DEP_ID": "10021958", "SITE_NAME": "Wolf Ridge Prospect", "DEV_STAT": "Occurrence", "URL": "https://mrdata.usgs.gov/mrds/show-mrds.php?dep_id=10021958", "CODE_LIST": " CU AG AU", "Grade": "B", "AIANNH": "5580", "FSRFLG": "F", "AIANNHNS": "02418818", "AREALAND": 18758515854.0, "ALANDHIST": 18758515855.0, "AREAWATER": 486348181.0, "AWATERHIST": 486348182.0, "AIANNHCC": "D6", "EFFDATE": null, "ESTABDATE": null, "FUNCSTAT": "S", "GCFLG": null, "GEOID": "5580R", "LSADC": "88", "MTFCC": "G2140", "BASENAME": "Chickasaw", "NAME": "Chickasaw OTSA", "ObjID": "22490399890448", "AIANNHCOMP": "R", "STATEFP1": "4013925", "STATEFP2": null, "STATEFP3": null, "UR": null, "VINTAGE": "90", "AIANNHFP1": "40-13925", "AIANNHFP2": null, "AIANNHFP3": null, "HU100": null, "POP100": null, "CENTLAT": "+34.4714895", "CENTLON": "-097.2603783", "INTPTLAT": "+34.4702963", "INTPTLON": "-097.2341262", "STGEOMETRY_AREA": 28387026467.9758, "STGEOMETRY_LEN": 1146240.3319967401 }, "geometry": { "type": "Point", "coordinates": [ -97.23309, 34.82789 ] } },
{ "type": "Feature", "properties": { "OBJECTID": 3220, "Join_Count": 1, "TARGET_FID": 3220, "JOIN_FID": 631, "DEP_ID": "10021957", "SITE_NAME": "Initial Rock", "DEV_STAT": "Occurrence", "URL": "https://mrdata.usgs.gov/mrds/show-mrds.php?dep_id=10021957", "CODE_LIST": " CU", "Grade": "B", "AIANNH": "5580", "FSRFLG": "F", "AIANNHNS": "02418818", "AREALAND": 18758515854.0, "ALANDHIST": 18758515855.0, "AREAWATER": 486348181.0, "AWATERHIST": 486348182.0, "AIANNHCC": "D6", "EFFDATE": null, "ESTABDATE": null, "FUNCSTAT": "S", "GCFLG": null, "GEOID": "5580R", "LSADC": "88", "MTFCC": "G2140", "BASENAME": "Chickasaw", "NAME": "Chickasaw OTSA", "ObjID": "22490399890448", "AIANNHCOMP": "R", "STATEFP1": "4013925", "STATEFP2": null, "STATEFP3": null, "UR": null, "VINTAGE": "90", "AIANNHFP1": "40-13925", "AIANNHFP2": null, "AIANNHFP3": null, "HU100": null, "POP100": null, "CENTLAT": "+34.4714895", "CENTLON": "-097.2603783", "INTPTLAT": "+34.4702963", "INTPTLON": "-097.2341262", "STGEOMETRY_AREA": 28387026467.9758, "STGEOMETRY_LEN": 1146240.3319967401 }, "geometry": { "type": "Point", "coordinates": [ -97.24753, 34.82928 ] } },
{ "type": "Feature", "properties": { "OBJECTID": 3221, "Join_Count": 1, "TARGET_FID": 3221, "JOIN_FID": 640, "DEP_ID": "10176328", "SITE_NAME": "Raggedy Mtn Gabbroic Anorthosite", "DEV_STAT": "Occurrence", "URL": "https://mrdata.usgs.gov/mrds/show-mrds.php?dep_id=10176328", "CODE_LIST": " AL CA FE SIL NA TI", "Grade": "C", "AIANNH": "5720", "FSRFLG": "F", "AIANNHNS": "02418654", "AREALAND": 16453955570.0, "ALANDHIST": 16453955570.0, "AREAWATER": 197145793.0, "AWATERHIST": 197145793.0, "AIANNHCC": "D6", "EFFDATE": null, "ESTABDATE": null, "FUNCSTAT": "S", "GCFLG": null, "GEOID": "5720R", "LSADC": "88", "MTFCC": "G2140", "BASENAME": "Kiowa-Comanche-Apache-Fort Sill Apache", "NAME": "Kiowa-Comanche-Apache-Fort Sill Apache OTSA", "ObjID": "22490393146432", "AIANNHCOMP": "R", "STATEFP1": "4040025", "STATEFP2": null, "STATEFP3": null, "UR": null, "VINTAGE": "90", "AIANNHFP1": "40-40025", "AIANNHFP2": null, "AIANNHFP3": null, "HU100": null, "POP100": null, "CENTLAT": "+34.6529299", "CENTLON": "-098.9104745", "INTPTLAT": "+34.6570770", "INTPTLON": "-098.8965330", "STGEOMETRY_AREA": 24665929541.751701, "STGEOMETRY_LEN": 849488.93692886003 }, "geometry": { "type": "Point", "coordinates": [ -98.95036, 34.8301 ] } },
{ "type": "Feature", "properties": { "OBJECTID": 3222, "Join_Count": 1, "TARGET_FID": 3222, "JOIN_FID": 640, "DEP_ID": "10091725", "SITE_NAME": "Iron Mountain Se-1", "DEV_STAT": "Occurrence", "URL": "https://mrdata.usgs.gov/mrds/show-mrds.php?dep_id=10091725", "CODE_LIST": " CU", "Grade": "B", "AIANNH": "5720", "FSRFLG": "F", "AIANNHNS": "02418654", "AREALAND": 16453955570.0, "ALANDHIST": 16453955570.0, "AREAWATER": 197145793.0, "AWATERHIST": 197145793.0, "AIANNHCC": "D6", "EFFDATE": null, "ESTABDATE": null, "FUNCSTAT": "S", "GCFLG": null, "GEOID": "5720R", "LSADC": "88", "MTFCC": "G2140", "BASENAME": "Kiowa-Comanche-Apache-Fort Sill Apache", "NAME": "Kiowa-Comanche-Apache-Fort Sill Apache OTSA", "ObjID": "22490393146432", "AIANNHCOMP": "R", "STATEFP1": "4040025", "STATEFP2": null, "STATEFP3": null, "UR": null, "VINTAGE": "90", "AIANNHFP1": "40-40025", "AIANNHFP2": null, "AIANNHFP3": null, "HU100": null, "POP100": null, "CENTLAT": "+34.6529299", "CENTLON": "-098.9104745", "INTPTLAT": "+34.6570770", "INTPTLON": "-098.8965330", "STGEOMETRY_AREA": 24665929541.751701, "STGEOMETRY_LEN": 849488.93692886003 }, "geometry": { "type": "Point", "coordinates": [ -98.9273, 34.83038 ] } },
{ "type": "Feature", "properties": { "OBJECTID": 3224, "Join_Count": 1, "TARGET_FID": 3224, "JOIN_FID": 640, "DEP_ID": "10021995", "SITE_NAME": "Devils Canyon-5", "DEV_STAT": "Occurrence", "URL": "https://mrdata.usgs.gov/mrds/show-mrds.php?dep_id=10021995", "CODE_LIST": " CU", "Grade": "B", "AIANNH": "5720", "FSRFLG": "F", "AIANNHNS": "02418654", "AREALAND": 16453955570.0, "ALANDHIST": 16453955570.0, "AREAWATER": 197145793.0, "AWATERHIST": 197145793.0, "AIANNHCC": "D6", "EFFDATE": null, "ESTABDATE": null, "FUNCSTAT": "S", "GCFLG": null, "GEOID": "5720R", "LSADC": "88", "MTFCC": "G2140", "BASENAME": "Kiowa-Comanche-Apache-Fort Sill Apache", "NAME": "Kiowa-Comanche-Apache-Fort Sill Apache OTSA", "ObjID": "22490393146432", "AIANNHCOMP": "R", "STATEFP1": "4040025", "STATEFP2": null, "STATEFP3": null, "UR": null, "VINTAGE": "90", "AIANNHFP1": "40-40025", "AIANNHFP2": null, "AIANNHFP3": null, "HU100": null, "POP100": null, "CENTLAT": "+34.6529299", "CENTLON": "-098.9104745", "INTPTLAT": "+34.6570770", "INTPTLON": "-098.8965330", "STGEOMETRY_AREA": 24665929541.751701, "STGEOMETRY_LEN": 849488.93692886003 }, "geometry": { "type": "Point", "coordinates": [ -99.25537, 34.83566 ] } },
{ "type": "Feature", "properties": { "OBJECTID": 3225, "Join_Count": 1, "TARGET_FID": 3225, "JOIN_FID": 640, "DEP_ID": "10022010", "SITE_NAME": "Roosevelt South", "DEV_STAT": "Occurrence", "URL": "https://mrdata.usgs.gov/mrds/show-mrds.php?dep_id=10022010", "CODE_LIST": " CU", "Grade": "B", "AIANNH": "5720", "FSRFLG": "F", "AIANNHNS": "02418654", "AREALAND": 16453955570.0, "ALANDHIST": 16453955570.0, "AREAWATER": 197145793.0, "AWATERHIST": 197145793.0, "AIANNHCC": "D6", "EFFDATE": null, "ESTABDATE": null, "FUNCSTAT": "S", "GCFLG": null, "GEOID": "5720R", "LSADC": "88", "MTFCC": "G2140", "BASENAME": "Kiowa-Comanche-Apache-Fort Sill Apache", "NAME": "Kiowa-Comanche-Apache-Fort Sill Apache OTSA", "ObjID": "22490393146432", "AIANNHCOMP": "R", "STATEFP1": "4040025", "STATEFP2": null, "STATEFP3": null, "UR": null, "VINTAGE": "90", "AIANNHFP1": "40-40025", "AIANNHFP2": null, "AIANNHFP3": null, "HU100": null, "POP100": null, "CENTLAT": "+34.6529299", "CENTLON": "-098.9104745", "INTPTLAT": "+34.6570770", "INTPTLON": "-098.8965330", "STGEOMETRY_AREA": 24665929541.751701, "STGEOMETRY_LEN": 849488.93692886003 }, "geometry": { "type": "Point", "coordinates": [ -99.03008, 34.83621 ] } },
{ "type": "Feature", "properties": { "OBJECTID": 3229, "Join_Count": 1, "TARGET_FID": 3229, "JOIN_FID": 640, "DEP_ID": "10021991", "SITE_NAME": "Devils Canyon-1", "DEV_STAT": "Occurrence", "URL": "https://mrdata.usgs.gov/mrds/show-mrds.php?dep_id=10021991", "CODE_LIST": " CU", "Grade": "B", "AIANNH": "5720", "FSRFLG": "F", "AIANNHNS": "02418654", "AREALAND": 16453955570.0, "ALANDHIST": 16453955570.0, "AREAWATER": 197145793.0, "AWATERHIST": 197145793.0, "AIANNHCC": "D6", "EFFDATE": null, "ESTABDATE": null, "FUNCSTAT": "S", "GCFLG": null, "GEOID": "5720R", "LSADC": "88", "MTFCC": "G2140", "BASENAME": "Kiowa-Comanche-Apache-Fort Sill Apache", "NAME": "Kiowa-Comanche-Apache-Fort Sill Apache OTSA", "ObjID": "22490393146432", "AIANNHCOMP": "R", "STATEFP1": "4040025", "STATEFP2": null, "STATEFP3": null, "UR": null, "VINTAGE": "90", "AIANNHFP1": "40-40025", "AIANNHFP2": null, "AIANNHFP3": null, "HU100": null, "POP100": null, "CENTLAT": "+34.6529299", "CENTLON": "-098.9104745", "INTPTLAT": "+34.6570770", "INTPTLON": "-098.8965330", "STGEOMETRY_AREA": 24665929541.751701, "STGEOMETRY_LEN": 849488.93692886003 }, "geometry": { "type": "Point", "coordinates": [ -99.26093, 34.83899 ] } },
{ "type": "Feature", "properties": { "OBJECTID": 3233, "Join_Count": 1, "TARGET_FID": 3233, "JOIN_FID": 640, "DEP_ID": "10022012", "SITE_NAME": "Brunker Prospect", "DEV_STAT": "Occurrence", "URL": "https://mrdata.usgs.gov/mrds/show-mrds.php?dep_id=10022012", "CODE_LIST": " CU", "Grade": "B", "AIANNH": "5720", "FSRFLG": "F", "AIANNHNS": "02418654", "AREALAND": 16453955570.0, "ALANDHIST": 16453955570.0, "AREAWATER": 197145793.0, "AWATERHIST": 197145793.0, "AIANNHCC": "D6", "EFFDATE": null, "ESTABDATE": null, "FUNCSTAT": "S", "GCFLG": null, "GEOID": "5720R", "LSADC": "88", "MTFCC": "G2140", "BASENAME": "Kiowa-Comanche-Apache-Fort Sill Apache", "NAME": "Kiowa-Comanche-Apache-Fort Sill Apache OTSA", "ObjID": "22490393146432", "AIANNHCOMP": "R", "STATEFP1": "4040025", "STATEFP2": null, "STATEFP3": null, "UR": null, "VINTAGE": "90", "AIANNHFP1": "40-40025", "AIANNHFP2": null, "AIANNHFP3": null, "HU100": null, "POP100": null, "CENTLAT": "+34.6529299", "CENTLON": "-098.9104745", "INTPTLAT": "+34.6570770", "INTPTLON": "-098.8965330", "STGEOMETRY_AREA": 24665929541.751701, "STGEOMETRY_LEN": 849488.93692886003 }, "geometry": { "type": "Point", "coordinates": [ -99.2237, 34.84038 ] } },
{ "type": "Feature", "properties": { "OBJECTID": 3236, "Join_Count": 1, "TARGET_FID": 3236, "JOIN_FID": 640, "DEP_ID": "10094850", "SITE_NAME": "Soldiers Peak-4", "DEV_STAT": "Occurrence", "URL": "https://mrdata.usgs.gov/mrds/show-mrds.php?dep_id=10094850", "CODE_LIST": " CU", "Grade": "B", "AIANNH": "5720", "FSRFLG": "F", "AIANNHNS": "02418654", "AREALAND": 16453955570.0, "ALANDHIST": 16453955570.0, "AREAWATER": 197145793.0, "AWATERHIST": 197145793.0, "AIANNHCC": "D6", "EFFDATE": null, "ESTABDATE": null, "FUNCSTAT": "S", "GCFLG": null, "GEOID": "5720R", "LSADC": "88", "MTFCC": "G2140", "BASENAME": "Kiowa-Comanche-Apache-Fort Sill Apache", "NAME": "Kiowa-Comanche-Apache-Fort Sill Apache OTSA", "ObjID": "22490393146432", "AIANNHCOMP": "R", "STATEFP1": "4040025", "STATEFP2": null, "STATEFP3": null, "UR": null, "VINTAGE": "90", "AIANNHFP1": "40-40025", "AIANNHFP2": null, "AIANNHFP3": null, "HU100": null, "POP100": null, "CENTLAT": "+34.6529299", "CENTLON": "-098.9104745", "INTPTLAT": "+34.6570770", "INTPTLON": "-098.8965330", "STGEOMETRY_AREA": 24665929541.751701, "STGEOMETRY_LEN": 849488.93692886003 }, "geometry": { "type": "Point", "coordinates": [ -99.23287, 34.84454 ] } },
{ "type": "Feature", "properties": { "OBJECTID": 3237, "Join_Count": 1, "TARGET_FID": 3237, "JOIN_FID": 640, "DEP_ID": "10021998", "SITE_NAME": "Soldiers Peak-3", "DEV_STAT": "Occurrence", "URL": "https://mrdata.usgs.gov/mrds/show-mrds.php?dep_id=10021998", "CODE_LIST": " CU", "Grade": "B", "AIANNH": "5720", "FSRFLG": "F", "AIANNHNS": "02418654", "AREALAND": 16453955570.0, "ALANDHIST": 16453955570.0, "AREAWATER": 197145793.0, "AWATERHIST": 197145793.0, "AIANNHCC": "D6", "EFFDATE": null, "ESTABDATE": null, "FUNCSTAT": "S", "GCFLG": null, "GEOID": "5720R", "LSADC": "88", "MTFCC": "G2140", "BASENAME": "Kiowa-Comanche-Apache-Fort Sill Apache", "NAME": "Kiowa-Comanche-Apache-Fort Sill Apache OTSA", "ObjID": "22490393146432", "AIANNHCOMP": "R", "STATEFP1": "4040025", "STATEFP2": null, "STATEFP3": null, "UR": null, "VINTAGE": "90", "AIANNHFP1": "40-40025", "AIANNHFP2": null, "AIANNHFP3": null, "HU100": null, "POP100": null, "CENTLAT": "+34.6529299", "CENTLON": "-098.9104745", "INTPTLAT": "+34.6570770", "INTPTLON": "-098.8965330", "STGEOMETRY_AREA": 24665929541.751701, "STGEOMETRY_LEN": 849488.93692886003 }, "geometry": { "type": "Point", "coordinates": [ -99.23148, 34.84538 ] } },
{ "type": "Feature", "properties": { "OBJECTID": 3238, "Join_Count": 1, "TARGET_FID": 3238, "JOIN_FID": 640, "DEP_ID": "10091726", "SITE_NAME": "Flat Top Mountain-7", "DEV_STAT": "Occurrence", "URL": "https://mrdata.usgs.gov/mrds/show-mrds.php?dep_id=10091726", "CODE_LIST": " CU", "Grade": "B", "AIANNH": "5720", "FSRFLG": "F", "AIANNHNS": "02418654", "AREALAND": 16453955570.0, "ALANDHIST": 16453955570.0, "AREAWATER": 197145793.0, "AWATERHIST": 197145793.0, "AIANNHCC": "D6", "EFFDATE": null, "ESTABDATE": null, "FUNCSTAT": "S", "GCFLG": null, "GEOID": "5720R", "LSADC": "88", "MTFCC": "G2140", "BASENAME": "Kiowa-Comanche-Apache-Fort Sill Apache", "NAME": "Kiowa-Comanche-Apache-Fort Sill Apache OTSA", "ObjID": "22490393146432", "AIANNHCOMP": "R", "STATEFP1": "4040025", "STATEFP2": null, "STATEFP3": null, "UR": null, "VINTAGE": "90", "AIANNHFP1": "40-40025", "AIANNHFP2": null, "AIANNHFP3": null, "HU100": null, "POP100": null, "CENTLAT": "+34.6529299", "CENTLON": "-098.9104745", "INTPTLAT": "+34.6570770", "INTPTLON": "-098.8965330", "STGEOMETRY_AREA": 24665929541.751701, "STGEOMETRY_LEN": 849488.93692886003 }, "geometry": { "type": "Point", "coordinates": [ -99.26926, 34.84593 ] } },
{ "type": "Feature", "properties": { "OBJECTID": 3239, "Join_Count": 1, "TARGET_FID": 3239, "JOIN_FID": 640, "DEP_ID": "10021990", "SITE_NAME": "Wisdom Canyon", "DEV_STAT": "Occurrence", "URL": "https://mrdata.usgs.gov/mrds/show-mrds.php?dep_id=10021990", "CODE_LIST": " CU", "Grade": "B", "AIANNH": "5720", "FSRFLG": "F", "AIANNHNS": "02418654", "AREALAND": 16453955570.0, "ALANDHIST": 16453955570.0, "AREAWATER": 197145793.0, "AWATERHIST": 197145793.0, "AIANNHCC": "D6", "EFFDATE": null, "ESTABDATE": null, "FUNCSTAT": "S", "GCFLG": null, "GEOID": "5720R", "LSADC": "88", "MTFCC": "G2140", "BASENAME": "Kiowa-Comanche-Apache-Fort Sill Apache", "NAME": "Kiowa-Comanche-Apache-Fort Sill Apache OTSA", "ObjID": "22490393146432", "AIANNHCOMP": "R", "STATEFP1": "4040025", "STATEFP2": null, "STATEFP3": null, "UR": null, "VINTAGE": "90", "AIANNHFP1": "40-40025", "AIANNHFP2": null, "AIANNHFP3": null, "HU100": null, "POP100": null, "CENTLAT": "+34.6529299", "CENTLON": "-098.9104745", "INTPTLAT": "+34.6570770", "INTPTLON": "-098.8965330", "STGEOMETRY_AREA": 24665929541.751701, "STGEOMETRY_LEN": 849488.93692886003 }, "geometry": { "type": "Point", "coordinates": [ -99.27065, 34.84899 ] } },
{ "type": "Feature", "properties": { "OBJECTID": 3240, "Join_Count": 1, "TARGET_FID": 3240, "JOIN_FID": 640, "DEP_ID": "10021999", "SITE_NAME": "Flat Top Mountain-8", "DEV_STAT": "Occurrence", "URL": "https://mrdata.usgs.gov/mrds/show-mrds.php?dep_id=10021999", "CODE_LIST": " CU", "Grade": "B", "AIANNH": "5720", "FSRFLG": "F", "AIANNHNS": "02418654", "AREALAND": 16453955570.0, "ALANDHIST": 16453955570.0, "AREAWATER": 197145793.0, "AWATERHIST": 197145793.0, "AIANNHCC": "D6", "EFFDATE": null, "ESTABDATE": null, "FUNCSTAT": "S", "GCFLG": null, "GEOID": "5720R", "LSADC": "88", "MTFCC": "G2140", "BASENAME": "Kiowa-Comanche-Apache-Fort Sill Apache", "NAME": "Kiowa-Comanche-Apache-Fort Sill Apache OTSA", "ObjID": "22490393146432", "AIANNHCOMP": "R", "STATEFP1": "4040025", "STATEFP2": null, "STATEFP3": null, "UR": null, "VINTAGE": "90", "AIANNHFP1": "40-40025", "AIANNHFP2": null, "AIANNHFP3": null, "HU100": null, "POP100": null, "CENTLAT": "+34.6529299", "CENTLON": "-098.9104745", "INTPTLAT": "+34.6570770", "INTPTLON": "-098.8965330", "STGEOMETRY_AREA": 24665929541.751701, "STGEOMETRY_LEN": 849488.93692886003 }, "geometry": { "type": "Point", "coordinates": [ -99.27454, 34.8501 ] } },
{ "type": "Feature", "properties": { "OBJECTID": 3241, "Join_Count": 1, "TARGET_FID": 3241, "JOIN_FID": 640, "DEP_ID": "10021989", "SITE_NAME": "Flat Top Mountain-6", "DEV_STAT": "Occurrence", "URL": "https://mrdata.usgs.gov/mrds/show-mrds.php?dep_id=10021989", "CODE_LIST": " CU", "Grade": "B", "AIANNH": "5720", "FSRFLG": "F", "AIANNHNS": "02418654", "AREALAND": 16453955570.0, "ALANDHIST": 16453955570.0, "AREAWATER": 197145793.0, "AWATERHIST": 197145793.0, "AIANNHCC": "D6", "EFFDATE": null, "ESTABDATE": null, "FUNCSTAT": "S", "GCFLG": null, "GEOID": "5720R", "LSADC": "88", "MTFCC": "G2140", "BASENAME": "Kiowa-Comanche-Apache-Fort Sill Apache", "NAME": "Kiowa-Comanche-Apache-Fort Sill Apache OTSA", "ObjID": "22490393146432", "AIANNHCOMP": "R", "STATEFP1": "4040025", "STATEFP2": null, "STATEFP3": null, "UR": null, "VINTAGE": "90", "AIANNHFP1": "40-40025", "AIANNHFP2": null, "AIANNHFP3": null, "HU100": null, "POP100": null, "CENTLAT": "+34.6529299", "CENTLON": "-098.9104745", "INTPTLAT": "+34.6570770", "INTPTLON": "-098.8965330", "STGEOMETRY_AREA": 24665929541.751701, "STGEOMETRY_LEN": 849488.93692886003 }, "geometry": { "type": "Point", "coordinates": [ -99.27398, 34.85177 ] } },
{ "type": "Feature", "properties": { "OBJECTID": 3242, "Join_Count": 1, "TARGET_FID": 3242, "JOIN_FID": 640, "DEP_ID": "10094849", "SITE_NAME": "Flat Top Mountain-5", "DEV_STAT": "Occurrence", "URL": "https://mrdata.usgs.gov/mrds/show-mrds.php?dep_id=10094849", "CODE_LIST": " CU", "Grade": "B", "AIANNH": "5720", "FSRFLG": "F", "AIANNHNS": "02418654", "AREALAND": 16453955570.0, "ALANDHIST": 16453955570.0, "AREAWATER": 197145793.0, "AWATERHIST": 197145793.0, "AIANNHCC": "D6", "EFFDATE": null, "ESTABDATE": null, "FUNCSTAT": "S", "GCFLG": null, "GEOID": "5720R", "LSADC": "88", "MTFCC": "G2140", "BASENAME": "Kiowa-Comanche-Apache-Fort Sill Apache", "NAME": "Kiowa-Comanche-Apache-Fort Sill Apache OTSA", "ObjID": "22490393146432", "AIANNHCOMP": "R", "STATEFP1": "4040025", "STATEFP2": null, "STATEFP3": null, "UR": null, "VINTAGE": "90", "AIANNHFP1": "40-40025", "AIANNHFP2": null, "AIANNHFP3": null, "HU100": null, "POP100": null, "CENTLAT": "+34.6529299", "CENTLON": "-098.9104745", "INTPTLAT": "+34.6570770", "INTPTLON": "-098.8965330", "STGEOMETRY_AREA": 24665929541.751701, "STGEOMETRY_LEN": 849488.93692886003 }, "geometry": { "type": "Point", "coordinates": [ -99.28148, 34.85204 ] } },
{ "type": "Feature", "properties": { "OBJECTID": 3244, "Join_Count": 1, "TARGET_FID": 3244, "JOIN_FID": 640, "DEP_ID": "10021987", "SITE_NAME": "Flat Top Mountain-3", "DEV_STAT": "Occurrence", "URL": "https://mrdata.usgs.gov/mrds/show-mrds.php?dep_id=10021987", "CODE_LIST": " CU", "Grade": "B", "AIANNH": "5720", "FSRFLG": "F", "AIANNHNS": "02418654", "AREALAND": 16453955570.0, "ALANDHIST": 16453955570.0, "AREAWATER": 197145793.0, "AWATERHIST": 197145793.0, "AIANNHCC": "D6", "EFFDATE": null, "ESTABDATE": null, "FUNCSTAT": "S", "GCFLG": null, "GEOID": "5720R", "LSADC": "88", "MTFCC": "G2140", "BASENAME": "Kiowa-Comanche-Apache-Fort Sill Apache", "NAME": "Kiowa-Comanche-Apache-Fort Sill Apache OTSA", "ObjID": "22490393146432", "AIANNHCOMP": "R", "STATEFP1": "4040025", "STATEFP2": null, "STATEFP3": null, "UR": null, "VINTAGE": "90", "AIANNHFP1": "40-40025", "AIANNHFP2": null, "AIANNHFP3": null, "HU100": null, "POP100": null, "CENTLAT": "+34.6529299", "CENTLON": "-098.9104745", "INTPTLAT": "+34.6570770", "INTPTLON": "-098.8965330", "STGEOMETRY_AREA": 24665929541.751701, "STGEOMETRY_LEN": 849488.93692886003 }, "geometry": { "type": "Point", "coordinates": [ -99.2837, 34.85316 ] } },
{ "type": "Feature", "properties": { "OBJECTID": 3245, "Join_Count": 1, "TARGET_FID": 3245, "JOIN_FID": 640, "DEP_ID": "10021986", "SITE_NAME": "Stewart Mountain-1", "DEV_STAT": "Occurrence", "URL": "https://mrdata.usgs.gov/mrds/show-mrds.php?dep_id=10021986", "CODE_LIST": " CU", "Grade": "B", "AIANNH": "5720", "FSRFLG": "F", "AIANNHNS": "02418654", "AREALAND": 16453955570.0, "ALANDHIST": 16453955570.0, "AREAWATER": 197145793.0, "AWATERHIST": 197145793.0, "AIANNHCC": "D6", "EFFDATE": null, "ESTABDATE": null, "FUNCSTAT": "S", "GCFLG": null, "GEOID": "5720R", "LSADC": "88", "MTFCC": "G2140", "BASENAME": "Kiowa-Comanche-Apache-Fort Sill Apache", "NAME": "Kiowa-Comanche-Apache-Fort Sill Apache OTSA", "ObjID": "22490393146432", "AIANNHCOMP": "R", "STATEFP1": "4040025", "STATEFP2": null, "STATEFP3": null, "UR": null, "VINTAGE": "90", "AIANNHFP1": "40-40025", "AIANNHFP2": null, "AIANNHFP3": null, "HU100": null, "POP100": null, "CENTLAT": "+34.6529299", "CENTLON": "-098.9104745", "INTPTLAT": "+34.6570770", "INTPTLON": "-098.8965330", "STGEOMETRY_AREA": 24665929541.751701, "STGEOMETRY_LEN": 849488.93692886003 }, "geometry": { "type": "Point", "coordinates": [ -99.28926, 34.85454 ] } },
{ "type": "Feature", "properties": { "OBJECTID": 3247, "Join_Count": 1, "TARGET_FID": 3247, "JOIN_FID": 640, "DEP_ID": "10021984", "SITE_NAME": "Flat Top Mountain-2", "DEV_STAT": "Occurrence", "URL": "https://mrdata.usgs.gov/mrds/show-mrds.php?dep_id=10021984", "CODE_LIST": " CU", "Grade": "C", "AIANNH": "5720", "FSRFLG": "F", "AIANNHNS": "02418654", "AREALAND": 16453955570.0, "ALANDHIST": 16453955570.0, "AREAWATER": 197145793.0, "AWATERHIST": 197145793.0, "AIANNHCC": "D6", "EFFDATE": null, "ESTABDATE": null, "FUNCSTAT": "S", "GCFLG": null, "GEOID": "5720R", "LSADC": "88", "MTFCC": "G2140", "BASENAME": "Kiowa-Comanche-Apache-Fort Sill Apache", "NAME": "Kiowa-Comanche-Apache-Fort Sill Apache OTSA", "ObjID": "22490393146432", "AIANNHCOMP": "R", "STATEFP1": "4040025", "STATEFP2": null, "STATEFP3": null, "UR": null, "VINTAGE": "90", "AIANNHFP1": "40-40025", "AIANNHFP2": null, "AIANNHFP3": null, "HU100": null, "POP100": null, "CENTLAT": "+34.6529299", "CENTLON": "-098.9104745", "INTPTLAT": "+34.6570770", "INTPTLON": "-098.8965330", "STGEOMETRY_AREA": 24665929541.751701, "STGEOMETRY_LEN": 849488.93692886003 }, "geometry": { "type": "Point", "coordinates": [ -99.88178, 34.8576 ] } },
{ "type": "Feature", "properties": { "OBJECTID": 3248, "Join_Count": 1, "TARGET_FID": 3248, "JOIN_FID": 640, "DEP_ID": "10021982", "SITE_NAME": "Flat Top Mountain-1", "DEV_STAT": "Occurrence", "URL": "https://mrdata.usgs.gov/mrds/show-mrds.php?dep_id=10021982", "CODE_LIST": " CU", "Grade": "B", "AIANNH": "5720", "FSRFLG": "F", "AIANNHNS": "02418654", "AREALAND": 16453955570.0, "ALANDHIST": 16453955570.0, "AREAWATER": 197145793.0, "AWATERHIST": 197145793.0, "AIANNHCC": "D6", "EFFDATE": null, "ESTABDATE": null, "FUNCSTAT": "S", "GCFLG": null, "GEOID": "5720R", "LSADC": "88", "MTFCC": "G2140", "BASENAME": "Kiowa-Comanche-Apache-Fort Sill Apache", "NAME": "Kiowa-Comanche-Apache-Fort Sill Apache OTSA", "ObjID": "22490393146432", "AIANNHCOMP": "R", "STATEFP1": "4040025", "STATEFP2": null, "STATEFP3": null, "UR": null, "VINTAGE": "90", "AIANNHFP1": "40-40025", "AIANNHFP2": null, "AIANNHFP3": null, "HU100": null, "POP100": null, "CENTLAT": "+34.6529299", "CENTLON": "-098.9104745", "INTPTLAT": "+34.6570770", "INTPTLON": "-098.8965330", "STGEOMETRY_AREA": 24665929541.751701, "STGEOMETRY_LEN": 849488.93692886003 }, "geometry": { "type": "Point", "coordinates": [ -99.27815, 34.8576 ] } },
{ "type": "Feature", "properties": { "OBJECTID": 3249, "Join_Count": 1, "TARGET_FID": 3249, "JOIN_FID": 640, "DEP_ID": "10022011", "SITE_NAME": "Stewart Mountain-2", "DEV_STAT": "Occurrence", "URL": "https://mrdata.usgs.gov/mrds/show-mrds.php?dep_id=10022011", "CODE_LIST": " CU", "Grade": "B", "AIANNH": "5720", "FSRFLG": "F", "AIANNHNS": "02418654", "AREALAND": 16453955570.0, "ALANDHIST": 16453955570.0, "AREAWATER": 197145793.0, "AWATERHIST": 197145793.0, "AIANNHCC": "D6", "EFFDATE": null, "ESTABDATE": null, "FUNCSTAT": "S", "GCFLG": null, "GEOID": "5720R", "LSADC": "88", "MTFCC": "G2140", "BASENAME": "Kiowa-Comanche-Apache-Fort Sill Apache", "NAME": "Kiowa-Comanche-Apache-Fort Sill Apache OTSA", "ObjID": "22490393146432", "AIANNHCOMP": "R", "STATEFP1": "4040025", "STATEFP2": null, "STATEFP3": null, "UR": null, "VINTAGE": "90", "AIANNHFP1": "40-40025", "AIANNHFP2": null, "AIANNHFP3": null, "HU100": null, "POP100": null, "CENTLAT": "+34.6529299", "CENTLON": "-098.9104745", "INTPTLAT": "+34.6570770", "INTPTLON": "-098.8965330", "STGEOMETRY_AREA": 24665929541.751701, "STGEOMETRY_LEN": 849488.93692886003 }, "geometry": { "type": "Point", "coordinates": [ -99.2912, 34.85788 ] } },
{ "type": "Feature", "properties": { "OBJECTID": 3258, "Join_Count": 1, "TARGET_FID": 3258, "JOIN_FID": 640, "DEP_ID": "10021981", "SITE_NAME": "King Mountain-1", "DEV_STAT": "Occurrence", "URL": "https://mrdata.usgs.gov/mrds/show-mrds.php?dep_id=10021981", "CODE_LIST": " CU", "Grade": "B", "AIANNH": "5720", "FSRFLG": "F", "AIANNHNS": "02418654", "AREALAND": 16453955570.0, "ALANDHIST": 16453955570.0, "AREAWATER": 197145793.0, "AWATERHIST": 197145793.0, "AIANNHCC": "D6", "EFFDATE": null, "ESTABDATE": null, "FUNCSTAT": "S", "GCFLG": null, "GEOID": "5720R", "LSADC": "88", "MTFCC": "G2140", "BASENAME": "Kiowa-Comanche-Apache-Fort Sill Apache", "NAME": "Kiowa-Comanche-Apache-Fort Sill Apache OTSA", "ObjID": "22490393146432", "AIANNHCOMP": "R", "STATEFP1": "4040025", "STATEFP2": null, "STATEFP3": null, "UR": null, "VINTAGE": "90", "AIANNHFP1": "40-40025", "AIANNHFP2": null, "AIANNHFP3": null, "HU100": null, "POP100": null, "CENTLAT": "+34.6529299", "CENTLON": "-098.9104745", "INTPTLAT": "+34.6570770", "INTPTLON": "-098.8965330", "STGEOMETRY_AREA": 24665929541.751701, "STGEOMETRY_LEN": 849488.93692886003 }, "geometry": { "type": "Point", "coordinates": [ -99.29148, 34.87371 ] } },
{ "type": "Feature", "properties": { "OBJECTID": 3367, "Join_Count": 1, "TARGET_FID": 3367, "JOIN_FID": 640, "DEP_ID": "10021959", "SITE_NAME": "Jester West-1", "DEV_STAT": "Occurrence", "URL": "https://mrdata.usgs.gov/mrds/show-mrds.php?dep_id=10021959", "CODE_LIST": " CU", "Grade": "B", "AIANNH": "5720", "FSRFLG": "F", "AIANNHNS": "02418654", "AREALAND": 16453955570.0, "ALANDHIST": 16453955570.0, "AREAWATER": 197145793.0, "AWATERHIST": 197145793.0, "AIANNHCC": "D6", "EFFDATE": null, "ESTABDATE": null, "FUNCSTAT": "S", "GCFLG": null, "GEOID": "5720R", "LSADC": "88", "MTFCC": "G2140", "BASENAME": "Kiowa-Comanche-Apache-Fort Sill Apache", "NAME": "Kiowa-Comanche-Apache-Fort Sill Apache OTSA", "ObjID": "22490393146432", "AIANNHCOMP": "R", "STATEFP1": "4040025", "STATEFP2": null, "STATEFP3": null, "UR": null, "VINTAGE": "90", "AIANNHFP1": "40-40025", "AIANNHFP2": null, "AIANNHFP3": null, "HU100": null, "POP100": null, "CENTLAT": "+34.6529299", "CENTLON": "-098.9104745", "INTPTLAT": "+34.6570770", "INTPTLON": "-098.8965330", "STGEOMETRY_AREA": 24665929541.751701, "STGEOMETRY_LEN": 849488.93692886003 }, "geometry": { "type": "Point", "coordinates": [ -99.77482, 35.02398 ] } },
{ "type": "Feature", "properties": { "OBJECTID": 3426, "Join_Count": 1, "TARGET_FID": 3426, "JOIN_FID": 649, "DEP_ID": "10022014", "SITE_NAME": "Gotebo West-1", "DEV_STAT": "Occurrence", "URL": "https://mrdata.usgs.gov/mrds/show-mrds.php?dep_id=10022014", "CODE_LIST": " CU", "Grade": "C", "AIANNH": "5560", "FSRFLG": "F", "AIANNHNS": "02418814", "AREALAND": 21022187697.0, "ALANDHIST": 21022253588.0, "AREAWATER": 154026718.0, "AWATERHIST": 153960829.0, "AIANNHCC": "D6", "EFFDATE": null, "ESTABDATE": null, "FUNCSTAT": "S", "GCFLG": null, "GEOID": "5560R", "LSADC": "88", "MTFCC": "G2140", "BASENAME": "Cheyenne and Arapaho", "NAME": "Cheyenne and Arapaho OTSA", "ObjID": "22490327363159", "AIANNHCOMP": "R", "STATEFP1": "4013905", "STATEFP2": null, "STATEFP3": null, "UR": null, "VINTAGE": "90", "AIANNHFP1": "40-13905", "AIANNHFP2": null, "AIANNHFP3": null, "HU100": null, "POP100": null, "CENTLAT": "+35.6883398", "CENTLON": "-098.9518166", "INTPTLAT": "+35.6882710", "INTPTLON": "-098.9538252", "STGEOMETRY_AREA": 32171034257.229698, "STGEOMETRY_LEN": 980984.77722544002 }, "geometry": { "type": "Point", "coordinates": [ -99.96233, 35.07259 ] } },
{ "type": "Feature", "properties": { "OBJECTID": 3441, "Join_Count": 1, "TARGET_FID": 3441, "JOIN_FID": 640, "DEP_ID": "10021963", "SITE_NAME": "Scott Ranch-1", "DEV_STAT": "Occurrence", "URL": "https://mrdata.usgs.gov/mrds/show-mrds.php?dep_id=10021963", "CODE_LIST": " CU", "Grade": "B", "AIANNH": "5720", "FSRFLG": "F", "AIANNHNS": "02418654", "AREALAND": 16453955570.0, "ALANDHIST": 16453955570.0, "AREAWATER": 197145793.0, "AWATERHIST": 197145793.0, "AIANNHCC": "D6", "EFFDATE": null, "ESTABDATE": null, "FUNCSTAT": "S", "GCFLG": null, "GEOID": "5720R", "LSADC": "88", "MTFCC": "G2140", "BASENAME": "Kiowa-Comanche-Apache-Fort Sill Apache", "NAME": "Kiowa-Comanche-Apache-Fort Sill Apache OTSA", "ObjID": "22490393146432", "AIANNHCOMP": "R", "STATEFP1": "4040025", "STATEFP2": null, "STATEFP3": null, "UR": null, "VINTAGE": "90", "AIANNHFP1": "40-40025", "AIANNHFP2": null, "AIANNHFP3": null, "HU100": null, "POP100": null, "CENTLAT": "+34.6529299", "CENTLON": "-098.9104745", "INTPTLAT": "+34.6570770", "INTPTLON": "-098.8965330", "STGEOMETRY_AREA": 24665929541.751701, "STGEOMETRY_LEN": 849488.93692886003 }, "geometry": { "type": "Point", "coordinates": [ -99.6076, 35.08148 ] } },
{ "type": "Feature", "properties": { "OBJECTID": 3446, "Join_Count": 1, "TARGET_FID": 3446, "JOIN_FID": 640, "DEP_ID": "10021961", "SITE_NAME": "Reed Ranch-2", "DEV_STAT": "Occurrence", "URL": "https://mrdata.usgs.gov/mrds/show-mrds.php?dep_id=10021961", "CODE_LIST": " CU", "Grade": "B", "AIANNH": "5720", "FSRFLG": "F", "AIANNHNS": "02418654", "AREALAND": 16453955570.0, "ALANDHIST": 16453955570.0, "AREAWATER": 197145793.0, "AWATERHIST": 197145793.0, "AIANNHCC": "D6", "EFFDATE": null, "ESTABDATE": null, "FUNCSTAT": "S", "GCFLG": null, "GEOID": "5720R", "LSADC": "88", "MTFCC": "G2140", "BASENAME": "Kiowa-Comanche-Apache-Fort Sill Apache", "NAME": "Kiowa-Comanche-Apache-Fort Sill Apache OTSA", "ObjID": "22490393146432", "AIANNHCOMP": "R", "STATEFP1": "4040025", "STATEFP2": null, "STATEFP3": null, "UR": null, "VINTAGE": "90", "AIANNHFP1": "40-40025", "AIANNHFP2": null, "AIANNHFP3": null, "HU100": null, "POP100": null, "CENTLAT": "+34.6529299", "CENTLON": "-098.9104745", "INTPTLAT": "+34.6570770", "INTPTLON": "-098.8965330", "STGEOMETRY_AREA": 24665929541.751701, "STGEOMETRY_LEN": 849488.93692886003 }, "geometry": { "type": "Point", "coordinates": [ -99.67538, 35.08592 ] } },
{ "type": "Feature", "properties": { "OBJECTID": 3447, "Join_Count": 1, "TARGET_FID": 3447, "JOIN_FID": 640, "DEP_ID": "10021960", "SITE_NAME": "Reed Ranch-1", "DEV_STAT": "Occurrence", "URL": "https://mrdata.usgs.gov/mrds/show-mrds.php?dep_id=10021960", "CODE_LIST": " CU", "Grade": "B", "AIANNH": "5720", "FSRFLG": "F", "AIANNHNS": "02418654", "AREALAND": 16453955570.0, "ALANDHIST": 16453955570.0, "AREAWATER": 197145793.0, "AWATERHIST": 197145793.0, "AIANNHCC": "D6", "EFFDATE": null, "ESTABDATE": null, "FUNCSTAT": "S", "GCFLG": null, "GEOID": "5720R", "LSADC": "88", "MTFCC": "G2140", "BASENAME": "Kiowa-Comanche-Apache-Fort Sill Apache", "NAME": "Kiowa-Comanche-Apache-Fort Sill Apache OTSA", "ObjID": "22490393146432", "AIANNHCOMP": "R", "STATEFP1": "4040025", "STATEFP2": null, "STATEFP3": null, "UR": null, "VINTAGE": "90", "AIANNHFP1": "40-40025", "AIANNHFP2": null, "AIANNHFP3": null, "HU100": null, "POP100": null, "CENTLAT": "+34.6529299", "CENTLON": "-098.9104745", "INTPTLAT": "+34.6570770", "INTPTLON": "-098.8965330", "STGEOMETRY_AREA": 24665929541.751701, "STGEOMETRY_LEN": 849488.93692886003 }, "geometry": { "type": "Point", "coordinates": [ -99.66649, 35.08592 ] } },
{ "type": "Feature", "properties": { "OBJECTID": 3449, "Join_Count": 1, "TARGET_FID": 3449, "JOIN_FID": 640, "DEP_ID": "10021962", "SITE_NAME": "Fowler Ranch", "DEV_STAT": "Occurrence", "URL": "https://mrdata.usgs.gov/mrds/show-mrds.php?dep_id=10021962", "CODE_LIST": " CU", "Grade": "B", "AIANNH": "5720", "FSRFLG": "F", "AIANNHNS": "02418654", "AREALAND": 16453955570.0, "ALANDHIST": 16453955570.0, "AREAWATER": 197145793.0, "AWATERHIST": 197145793.0, "AIANNHCC": "D6", "EFFDATE": null, "ESTABDATE": null, "FUNCSTAT": "S", "GCFLG": null, "GEOID": "5720R", "LSADC": "88", "MTFCC": "G2140", "BASENAME": "Kiowa-Comanche-Apache-Fort Sill Apache", "NAME": "Kiowa-Comanche-Apache-Fort Sill Apache OTSA", "ObjID": "22490393146432", "AIANNHCOMP": "R", "STATEFP1": "4040025", "STATEFP2": null, "STATEFP3": null, "UR": null, "VINTAGE": "90", "AIANNHFP1": "40-40025", "AIANNHFP2": null, "AIANNHFP3": null, "HU100": null, "POP100": null, "CENTLAT": "+34.6529299", "CENTLON": "-098.9104745", "INTPTLAT": "+34.6570770", "INTPTLON": "-098.8965330", "STGEOMETRY_AREA": 24665929541.751701, "STGEOMETRY_LEN": 849488.93692886003 }, "geometry": { "type": "Point", "coordinates": [ -99.62149, 35.08815 ] } },
{ "type": "Feature", "properties": { "OBJECTID": 3465, "Join_Count": 1, "TARGET_FID": 3465, "JOIN_FID": 640, "DEP_ID": "10022015", "SITE_NAME": "Sentinel South-1", "DEV_STAT": "Occurrence", "URL": "https://mrdata.usgs.gov/mrds/show-mrds.php?dep_id=10022015", "CODE_LIST": " CU", "Grade": "B", "AIANNH": "5720", "FSRFLG": "F", "AIANNHNS": "02418654", "AREALAND": 16453955570.0, "ALANDHIST": 16453955570.0, "AREAWATER": 197145793.0, "AWATERHIST": 197145793.0, "AIANNHCC": "D6", "EFFDATE": null, "ESTABDATE": null, "FUNCSTAT": "S", "GCFLG": null, "GEOID": "5720R", "LSADC": "88", "MTFCC": "G2140", "BASENAME": "Kiowa-Comanche-Apache-Fort Sill Apache", "NAME": "Kiowa-Comanche-Apache-Fort Sill Apache OTSA", "ObjID": "22490393146432", "AIANNHCOMP": "R", "STATEFP1": "4040025", "STATEFP2": null, "STATEFP3": null, "UR": null, "VINTAGE": "90", "AIANNHFP1": "40-40025", "AIANNHFP2": null, "AIANNHFP3": null, "HU100": null, "POP100": null, "CENTLAT": "+34.6529299", "CENTLON": "-098.9104745", "INTPTLAT": "+34.6570770", "INTPTLON": "-098.8965330", "STGEOMETRY_AREA": 24665929541.751701, "STGEOMETRY_LEN": 849488.93692886003 }, "geometry": { "type": "Point", "coordinates": [ -99.16981, 35.1112 ] } },
{ "type": "Feature", "properties": { "OBJECTID": 3468, "Join_Count": 1, "TARGET_FID": 3468, "JOIN_FID": 640, "DEP_ID": "10022013", "SITE_NAME": "Cedartop Butte", "DEV_STAT": "Occurrence", "URL": "https://mrdata.usgs.gov/mrds/show-mrds.php?dep_id=10022013", "CODE_LIST": " CU", "Grade": "B", "AIANNH": "5720", "FSRFLG": "F", "AIANNHNS": "02418654", "AREALAND": 16453955570.0, "ALANDHIST": 16453955570.0, "AREAWATER": 197145793.0, "AWATERHIST": 197145793.0, "AIANNHCC": "D6", "EFFDATE": null, "ESTABDATE": null, "FUNCSTAT": "S", "GCFLG": null, "GEOID": "5720R", "LSADC": "88", "MTFCC": "G2140", "BASENAME": "Kiowa-Comanche-Apache-Fort Sill Apache", "NAME": "Kiowa-Comanche-Apache-Fort Sill Apache OTSA", "ObjID": "22490393146432", "AIANNHCOMP": "R", "STATEFP1": "4040025", "STATEFP2": null, "STATEFP3": null, "UR": null, "VINTAGE": "90", "AIANNHFP1": "40-40025", "AIANNHFP2": null, "AIANNHFP3": null, "HU100": null, "POP100": null, "CENTLAT": "+34.6529299", "CENTLON": "-098.9104745", "INTPTLAT": "+34.6570770", "INTPTLON": "-098.8965330", "STGEOMETRY_AREA": 24665929541.751701, "STGEOMETRY_LEN": 849488.93692886003 }, "geometry": { "type": "Point", "coordinates": [ -99.37954, 35.11342 ] } },
{ "type": "Feature", "properties": { "OBJECTID": 3475, "Join_Count": 1, "TARGET_FID": 3475, "JOIN_FID": 649, "DEP_ID": "10021913", "SITE_NAME": "Moravia West-1", "DEV_STAT": "Occurrence", "URL": "https://mrdata.usgs.gov/mrds/show-mrds.php?dep_id=10021913", "CODE_LIST": " CU", "Grade": "B", "AIANNH": "5560", "FSRFLG": "F", "AIANNHNS": "02418814", "AREALAND": 21022187697.0, "ALANDHIST": 21022253588.0, "AREAWATER": 154026718.0, "AWATERHIST": 153960829.0, "AIANNHCC": "D6", "EFFDATE": null, "ESTABDATE": null, "FUNCSTAT": "S", "GCFLG": null, "GEOID": "5560R", "LSADC": "88", "MTFCC": "G2140", "BASENAME": "Cheyenne and Arapaho", "NAME": "Cheyenne and Arapaho OTSA", "ObjID": "22490327363159", "AIANNHCOMP": "R", "STATEFP1": "4013905", "STATEFP2": null, "STATEFP3": null, "UR": null, "VINTAGE": "90", "AIANNHFP1": "40-13905", "AIANNHFP2": null, "AIANNHFP3": null, "HU100": null, "POP100": null, "CENTLAT": "+35.6883398", "CENTLON": "-098.9518166", "INTPTLAT": "+35.6882710", "INTPTLON": "-098.9538252", "STGEOMETRY_AREA": 32171034257.229698, "STGEOMETRY_LEN": 980984.77722544002 }, "geometry": { "type": "Point", "coordinates": [ -99.57649, 35.11953 ] } },
{ "type": "Feature", "properties": { "OBJECTID": 3505, "Join_Count": 1, "TARGET_FID": 3505, "JOIN_FID": 649, "DEP_ID": "10021912", "SITE_NAME": "Van Vacter-1", "DEV_STAT": "Occurrence", "URL": "https://mrdata.usgs.gov/mrds/show-mrds.php?dep_id=10021912", "CODE_LIST": " CU", "Grade": "B", "AIANNH": "5560", "FSRFLG": "F", "AIANNHNS": "02418814", "AREALAND": 21022187697.0, "ALANDHIST": 21022253588.0, "AREAWATER": 154026718.0, "AWATERHIST": 153960829.0, "AIANNHCC": "D6", "EFFDATE": null, "ESTABDATE": null, "FUNCSTAT": "S", "GCFLG": null, "GEOID": "5560R", "LSADC": "88", "MTFCC": "G2140", "BASENAME": "Cheyenne and Arapaho", "NAME": "Cheyenne and Arapaho OTSA", "ObjID": "22490327363159", "AIANNHCOMP": "R", "STATEFP1": "4013905", "STATEFP2": null, "STATEFP3": null, "UR": null, "VINTAGE": "90", "AIANNHFP1": "40-13905", "AIANNHFP2": null, "AIANNHFP3": null, "HU100": null, "POP100": null, "CENTLAT": "+35.6883398", "CENTLON": "-098.9518166", "INTPTLAT": "+35.6882710", "INTPTLON": "-098.9538252", "STGEOMETRY_AREA": 32171034257.229698, "STGEOMETRY_LEN": 980984.77722544002 }, "geometry": { "type": "Point", "coordinates": [ -99.4776, 35.16065 ] } },
{ "type": "Feature", "properties": { "OBJECTID": 3506, "Join_Count": 1, "TARGET_FID": 3506, "JOIN_FID": 649, "DEP_ID": "10021915", "SITE_NAME": "Van Vacter-2", "DEV_STAT": "Occurrence", "URL": "https://mrdata.usgs.gov/mrds/show-mrds.php?dep_id=10021915", "CODE_LIST": " CU", "Grade": "B", "AIANNH": "5560", "FSRFLG": "F", "AIANNHNS": "02418814", "AREALAND": 21022187697.0, "ALANDHIST": 21022253588.0, "AREAWATER": 154026718.0, "AWATERHIST": 153960829.0, "AIANNHCC": "D6", "EFFDATE": null, "ESTABDATE": null, "FUNCSTAT": "S", "GCFLG": null, "GEOID": "5560R", "LSADC": "88", "MTFCC": "G2140", "BASENAME": "Cheyenne and Arapaho", "NAME": "Cheyenne and Arapaho OTSA", "ObjID": "22490327363159", "AIANNHCOMP": "R", "STATEFP1": "4013905", "STATEFP2": null, "STATEFP3": null, "UR": null, "VINTAGE": "90", "AIANNHFP1": "40-13905", "AIANNHFP2": null, "AIANNHFP3": null, "HU100": null, "POP100": null, "CENTLAT": "+35.6883398", "CENTLON": "-098.9518166", "INTPTLAT": "+35.6882710", "INTPTLON": "-098.9538252", "STGEOMETRY_AREA": 32171034257.229698, "STGEOMETRY_LEN": 980984.77722544002 }, "geometry": { "type": "Point", "coordinates": [ -99.49844, 35.16203 ] } },
{ "type": "Feature", "properties": { "OBJECTID": 3556, "Join_Count": 1, "TARGET_FID": 3556, "JOIN_FID": 122, "DEP_ID": "10110108", "SITE_NAME": "Cheto No. 1", "DEV_STAT": "Producer", "URL": "https://mrdata.usgs.gov/mrds/show-mrds.php?dep_id=10110108", "CODE_LIST": " CLY_BN", "Grade": "C", "AIANNH": "2430", "FSRFLG": "F", "AIANNHNS": "00041148", "AREALAND": 63271277922.0, "ALANDHIST": 63271277953.0, "AREAWATER": 61699340.0, "AWATERHIST": 61699340.0, "AIANNHCC": "D1", "EFFDATE": null, "ESTABDATE": null, "FUNCSTAT": "A", "GCFLG": null, "GEOID": "2430M", "LSADC": "86", "MTFCC": "G2100", "BASENAME": "Navajo Nation", "NAME": "Navajo Nation Reservation and Off-Reservation Trust Land", "ObjID": "25190492973741", "AIANNHCOMP": "M", "STATEFP1": "0448845", "STATEFP2": "3551580", "STATEFP3": "4953920", "UR": null, "VINTAGE": "90", "AIANNHFP1": "04-48845", "AIANNHFP2": "35-51580", "AIANNHFP3": "49-53920", "HU100": null, "POP100": null, "CENTLAT": "+36.1692268", "CENTLON": "-109.7686784", "INTPTLAT": "+36.1713058", "INTPTLON": "-109.7627696", "STGEOMETRY_AREA": 97398526199.740097, "STGEOMETRY_LEN": 11874290.154753501 }, "geometry": { "type": "Point", "coordinates": [ -109.24455, 35.20477 ] } },
{ "type": "Feature", "properties": { "OBJECTID": 3575, "Join_Count": 1, "TARGET_FID": 3575, "JOIN_FID": 122, "DEP_ID": "10110109", "SITE_NAME": "Cheto Section 16 Mine", "DEV_STAT": "Producer", "URL": "https://mrdata.usgs.gov/mrds/show-mrds.php?dep_id=10110109", "CODE_LIST": " CLY_BN", "Grade": "C", "AIANNH": "2430", "FSRFLG": "F", "AIANNHNS": "00041148", "AREALAND": 63271277922.0, "ALANDHIST": 63271277953.0, "AREAWATER": 61699340.0, "AWATERHIST": 61699340.0, "AIANNHCC": "D1", "EFFDATE": null, "ESTABDATE": null, "FUNCSTAT": "A", "GCFLG": null, "GEOID": "2430M", "LSADC": "86", "MTFCC": "G2100", "BASENAME": "Navajo Nation", "NAME": "Navajo Nation Reservation and Off-Reservation Trust Land", "ObjID": "25190492973741", "AIANNHCOMP": "M", "STATEFP1": "0448845", "STATEFP2": "3551580", "STATEFP3": "4953920", "UR": null, "VINTAGE": "90", "AIANNHFP1": "04-48845", "AIANNHFP2": "35-51580", "AIANNHFP3": "49-53920", "HU100": null, "POP100": null, "CENTLAT": "+36.1692268", "CENTLON": "-109.7686784", "INTPTLAT": "+36.1713058", "INTPTLON": "-109.7627696", "STGEOMETRY_AREA": 97398526199.740097, "STGEOMETRY_LEN": 11874290.154753501 }, "geometry": { "type": "Point", "coordinates": [ -109.26399, 35.21366 ] } },
{ "type": "Feature", "properties": { "OBJECTID": 3595, "Join_Count": 1, "TARGET_FID": 3595, "JOIN_FID": 121, "DEP_ID": "10014469", "SITE_NAME": "Bernabe Prospect", "DEV_STAT": "Occurrence", "URL": "https://mrdata.usgs.gov/mrds/show-mrds.php?dep_id=10014469", "CODE_LIST": " U", "Grade": "C", "AIANNH": "1840", "FSRFLG": "F", "AIANNHNS": "01934340", "AREALAND": 2026757514.0, "ALANDHIST": 2026757514.0, "AREAWATER": 2237280.0, "AWATERHIST": 2237280.0, "AIANNHCC": "D1", "EFFDATE": null, "ESTABDATE": null, "FUNCSTAT": "A", "GCFLG": null, "GEOID": "1840M", "LSADC": "84", "MTFCC": "G2100", "BASENAME": "Laguna", "NAME": "Laguna Pueblo and Off-Reservation Trust Land", "ObjID": "25190492973740", "AIANNHCOMP": "M", "STATEFP1": "3537210", "STATEFP2": null, "STATEFP3": null, "UR": null, "VINTAGE": "90", "AIANNHFP1": "35-37210", "AIANNHFP2": null, "AIANNHFP3": null, "HU100": null, "POP100": null, "CENTLAT": "+35.0369030", "CENTLON": "-107.2558135", "INTPTLAT": "+35.0270287", "INTPTLON": "-107.2347466", "STGEOMETRY_AREA": 3033546571.2125502, "STGEOMETRY_LEN": 995307.81493411004 }, "geometry": { "type": "Point", "coordinates": [ -107.00504, 35.22256 ] } },
{ "type": "Feature", "properties": { "OBJECTID": 3644, "Join_Count": 1, "TARGET_FID": 3644, "JOIN_FID": 648, "DEP_ID": "10021921", "SITE_NAME": "Cheyenne Butte-1", "DEV_STAT": "Occurrence", "URL": "https://mrdata.usgs.gov/mrds/show-mrds.php?dep_id=10021921", "CODE_LIST": " CU TI_M AG V", "Grade": "C", "AIANNH": "5540", "FSRFLG": "F", "AIANNHNS": "01925075", "AREALAND": 2658855408.0, "ALANDHIST": 2658855409.0, "AREAWATER": 29498124.0, "AWATERHIST": 29498124.0, "AIANNHCC": "D6", "EFFDATE": null, "ESTABDATE": null, "FUNCSTAT": "S", "GCFLG": null, "GEOID": "5540R", "LSADC": "88", "MTFCC": "G2140", "BASENAME": "Caddo-Wichita-Delaware", "NAME": "Caddo-Wichita-Delaware OTSA", "ObjID": "22490700471667", "AIANNHCOMP": "R", "STATEFP1": "4010825", "STATEFP2": null, "STATEFP3": null, "UR": null, "VINTAGE": "90", "AIANNHFP1": "40-10825", "AIANNHFP2": null, "AIANNHFP3": null, "HU100": null, "POP100": null, "CENTLAT": "+35.3179876", "CENTLON": "-098.3463532", "INTPTLAT": "+35.3187254", "INTPTLON": "-098.3483785", "STGEOMETRY_AREA": 4046965207.5060101, "STGEOMETRY_LEN": 429158.34526485001 }, "geometry": { "type": "Point", "coordinates": [ -98.24284, 35.24981 ] } },
{ "type": "Feature", "properties": { "OBJECTID": 3685, "Join_Count": 1, "TARGET_FID": 3685, "JOIN_FID": 122, "DEP_ID": "10062133", "SITE_NAME": "Houck Silica Sand", "DEV_STAT": "Producer", "URL": "https://mrdata.usgs.gov/mrds/show-mrds.php?dep_id=10062133", "CODE_LIST": " SIL", "Grade": "C", "AIANNH": "2430", "FSRFLG": "F", "AIANNHNS": "00041148", "AREALAND": 63271277922.0, "ALANDHIST": 63271277953.0, "AREAWATER": 61699340.0, "AWATERHIST": 61699340.0, "AIANNHCC": "D1", "EFFDATE": null, "ESTABDATE": null, "FUNCSTAT": "A", "GCFLG": null, "GEOID": "2430M", "LSADC": "86", "MTFCC": "G2100", "BASENAME": "Navajo Nation", "NAME": "Navajo Nation Reservation and Off-Reservation Trust Land", "ObjID": "25190492973741", "AIANNHCOMP": "M", "STATEFP1": "0448845", "STATEFP2": "3551580", "STATEFP3": "4953920", "UR": null, "VINTAGE": "90", "AIANNHFP1": "04-48845", "AIANNHFP2": "35-51580", "AIANNHFP3": "49-53920", "HU100": null, "POP100": null, "CENTLAT": "+36.1692268", "CENTLON": "-109.7686784", "INTPTLAT": "+36.1713058", "INTPTLON": "-109.7627696", "STGEOMETRY_AREA": 97398526199.740097, "STGEOMETRY_LEN": 11874290.154753501 }, "geometry": { "type": "Point", "coordinates": [ -109.28927, 35.27422 ] } },
{ "type": "Feature", "properties": { "OBJECTID": 3903, "Join_Count": 1, "TARGET_FID": 3903, "JOIN_FID": 630, "DEP_ID": "10091732", "SITE_NAME": "Ellis East", "DEV_STAT": "Occurrence", "URL": "https://mrdata.usgs.gov/mrds/show-mrds.php?dep_id=10091732", "CODE_LIST": " CU", "Grade": "B", "AIANNH": "5830", "FSRFLG": "F", "AIANNHNS": "01925073", "AREALAND": 1470106440.0, "ALANDHIST": 1470103880.0, "AREAWATER": 19135994.0, "AWATERHIST": 19138556.0, "AIANNHCC": "D6", "EFFDATE": null, "ESTABDATE": null, "FUNCSTAT": "S", "GCFLG": null, "GEOID": "5830R", "LSADC": "88", "MTFCC": "G2140", "BASENAME": "Seminole", "NAME": "Seminole OTSA", "ObjID": "22490136274338", "AIANNHCOMP": "R", "STATEFP1": "4066360", "STATEFP2": null, "STATEFP3": null, "UR": null, "VINTAGE": "90", "AIANNHFP1": "40-66360", "AIANNHFP2": null, "AIANNHFP3": null, "HU100": null, "POP100": null, "CENTLAT": "+35.1536270", "CENTLON": "-096.6325974", "INTPTLAT": "+35.1631053", "INTPTLON": "-096.6259468", "STGEOMETRY_AREA": 2232884028.7598, "STGEOMETRY_LEN": 267252.5227034 }, "geometry": { "type": "Point", "coordinates": [ -96.63779, 35.38899 ] } },
{ "type": "Feature", "properties": { "OBJECTID": 4058, "Join_Count": 1, "TARGET_FID": 4058, "JOIN_FID": 122, "DEP_ID": "10100690", "SITE_NAME": "Ruby No. 3 and No. 4 Decline", "DEV_STAT": "Producer", "URL": "https://mrdata.usgs.gov/mrds/show-mrds.php?dep_id=10100690", "CODE_LIST": " U", "Grade": "C", "AIANNH": "2430", "FSRFLG": "F", "AIANNHNS": "00041148", "AREALAND": 63271277922.0, "ALANDHIST": 63271277953.0, "AREAWATER": 61699340.0, "AWATERHIST": 61699340.0, "AIANNHCC": "D1", "EFFDATE": null, "ESTABDATE": null, "FUNCSTAT": "A", "GCFLG": null, "GEOID": "2430M", "LSADC": "86", "MTFCC": "G2100", "BASENAME": "Navajo Nation", "NAME": "Navajo Nation Reservation and Off-Reservation Trust Land", "ObjID": "25190492973741", "AIANNHCOMP": "M", "STATEFP1": "0448845", "STATEFP2": "3551580", "STATEFP3": "4953920", "UR": null, "VINTAGE": "90", "AIANNHFP1": "04-48845", "AIANNHFP2": "35-51580", "AIANNHFP3": "49-53920", "HU100": null, "POP100": null, "CENTLAT": "+36.1692268", "CENTLON": "-109.7686784", "INTPTLAT": "+36.1713058", "INTPTLON": "-109.7627696", "STGEOMETRY_AREA": 97398526199.740097, "STGEOMETRY_LEN": 11874290.154753501 }, "geometry": { "type": "Point", "coordinates": [ -108.16035, 35.50561 ] } },
{ "type": "Feature", "properties": { "OBJECTID": 4083, "Join_Count": 1, "TARGET_FID": 4083, "JOIN_FID": 122, "DEP_ID": "10014533", "SITE_NAME": "West Largo Deposit", "DEV_STAT": "Occurrence", "URL": "https://mrdata.usgs.gov/mrds/show-mrds.php?dep_id=10014533", "CODE_LIST": " U", "Grade": "C", "AIANNH": "2430", "FSRFLG": "F", "AIANNHNS": "00041148", "AREALAND": 63271277922.0, "ALANDHIST": 63271277953.0, "AREAWATER": 61699340.0, "AWATERHIST": 61699340.0, "AIANNHCC": "D1", "EFFDATE": null, "ESTABDATE": null, "FUNCSTAT": "A", "GCFLG": null, "GEOID": "2430M", "LSADC": "86", "MTFCC": "G2100", "BASENAME": "Navajo Nation", "NAME": "Navajo Nation Reservation and Off-Reservation Trust Land", "ObjID": "25190492973741", "AIANNHCOMP": "M", "STATEFP1": "0448845", "STATEFP2": "3551580", "STATEFP3": "4953920", "UR": null, "VINTAGE": "90", "AIANNHFP1": "04-48845", "AIANNHFP2": "35-51580", "AIANNHFP3": "49-53920", "HU100": null, "POP100": null, "CENTLAT": "+36.1692268", "CENTLON": "-109.7686784", "INTPTLAT": "+36.1713058", "INTPTLON": "-109.7627696", "STGEOMETRY_AREA": 97398526199.740097, "STGEOMETRY_LEN": 11874290.154753501 }, "geometry": { "type": "Point", "coordinates": [ -107.92702, 35.52644 ] } },
{ "type": "Feature", "properties": { "OBJECTID": 4096, "Join_Count": 1, "TARGET_FID": 4096, "JOIN_FID": 122, "DEP_ID": "10100691", "SITE_NAME": "Mariano Lake Mine", "DEV_STAT": "Producer", "URL": "https://mrdata.usgs.gov/mrds/show-mrds.php?dep_id=10100691", "CODE_LIST": " U V FE", "Grade": "B", "AIANNH": "2430", "FSRFLG": "F", "AIANNHNS": "00041148", "AREALAND": 63271277922.0, "ALANDHIST": 63271277953.0, "AREAWATER": 61699340.0, "AWATERHIST": 61699340.0, "AIANNHCC": "D1", "EFFDATE": null, "ESTABDATE": null, "FUNCSTAT": "A", "GCFLG": null, "GEOID": "2430M", "LSADC": "86", "MTFCC": "G2100", "BASENAME": "Navajo Nation", "NAME": "Navajo Nation Reservation and Off-Reservation Trust Land", "ObjID": "25190492973741", "AIANNHCOMP": "M", "STATEFP1": "0448845", "STATEFP2": "3551580", "STATEFP3": "4953920", "UR": null, "VINTAGE": "90", "AIANNHFP1": "04-48845", "AIANNHFP2": "35-51580", "AIANNHFP3": "49-53920", "HU100": null, "POP100": null, "CENTLAT": "+36.1692268", "CENTLON": "-109.7686784", "INTPTLAT": "+36.1713058", "INTPTLON": "-109.7627696", "STGEOMETRY_AREA": 97398526199.740097, "STGEOMETRY_LEN": 11874290.154753501 }, "geometry": { "type": "Point", "coordinates": [ -108.27842, 35.54672 ] } },
{ "type": "Feature", "properties": { "OBJECTID": 4112, "Join_Count": 1, "TARGET_FID": 4112, "JOIN_FID": 653, "DEP_ID": "10022017", "SITE_NAME": "Arlington East", "DEV_STAT": "Occurrence", "URL": "https://mrdata.usgs.gov/mrds/show-mrds.php?dep_id=10022017", "CODE_LIST": " CU", "Grade": "C", "AIANNH": "5820", "FSRFLG": "F", "AIANNHNS": "01925067", "AREALAND": 1917990569.0, "ALANDHIST": 1917990570.0, "AREAWATER": 28563963.0, "AWATERHIST": 28563963.0, "AIANNHCC": "D6", "EFFDATE": null, "ESTABDATE": null, "FUNCSTAT": "S", "GCFLG": null, "GEOID": "5820R", "LSADC": "88", "MTFCC": "G2140", "BASENAME": "Sac and Fox", "NAME": "Sac and Fox OTSA", "ObjID": "2249093610913", "AIANNHCOMP": "R", "STATEFP1": "4064675", "STATEFP2": null, "STATEFP3": null, "UR": null, "VINTAGE": "90", "AIANNHFP1": "40-64675", "AIANNHFP2": null, "AIANNHFP3": null, "HU100": null, "POP100": null, "CENTLAT": "+35.7117071", "CENTLON": "-096.7715737", "INTPTLAT": "+35.7169093", "INTPTLON": "-096.7796604", "STGEOMETRY_AREA": 2958956395.0027699, "STGEOMETRY_LEN": 344931.28495376999 }, "geometry": { "type": "Point", "coordinates": [ -96.65362, 35.57065 ] } },
{ "type": "Feature", "properties": { "OBJECTID": 4168, "Join_Count": 1, "TARGET_FID": 4168, "JOIN_FID": 122, "DEP_ID": "10014530", "SITE_NAME": "Church Rock Mine", "DEV_STAT": "Producer", "URL": "https://mrdata.usgs.gov/mrds/show-mrds.php?dep_id=10014530", "CODE_LIST": " U", "Grade": "B", "AIANNH": "2430", "FSRFLG": "F", "AIANNHNS": "00041148", "AREALAND": 63271277922.0, "ALANDHIST": 63271277953.0, "AREAWATER": 61699340.0, "AWATERHIST": 61699340.0, "AIANNHCC": "D1", "EFFDATE": null, "ESTABDATE": null, "FUNCSTAT": "A", "GCFLG": null, "GEOID": "2430M", "LSADC": "86", "MTFCC": "G2100", "BASENAME": "Navajo Nation", "NAME": "Navajo Nation Reservation and Off-Reservation Trust Land", "ObjID": "25190492973741", "AIANNHCOMP": "M", "STATEFP1": "0448845", "STATEFP2": "3551580", "STATEFP3": "4953920", "UR": null, "VINTAGE": "90", "AIANNHFP1": "04-48845", "AIANNHFP2": "35-51580", "AIANNHFP3": "49-53920", "HU100": null, "POP100": null, "CENTLAT": "+36.1692268", "CENTLON": "-109.7686784", "INTPTLAT": "+36.1713058", "INTPTLON": "-109.7627696", "STGEOMETRY_AREA": 97398526199.740097, "STGEOMETRY_LEN": 11874290.154753501 }, "geometry": { "type": "Point", "coordinates": [ -108.55343, 35.62226 ] } },
{ "type": "Feature", "properties": { "OBJECTID": 4170, "Join_Count": 1, "TARGET_FID": 4170, "JOIN_FID": 122, "DEP_ID": "10014532", "SITE_NAME": "Borrego Pass Deposit", "DEV_STAT": "Occurrence", "URL": "https://mrdata.usgs.gov/mrds/show-mrds.php?dep_id=10014532", "CODE_LIST": " U", "Grade": "C", "AIANNH": "2430", "FSRFLG": "F", "AIANNHNS": "00041148", "AREALAND": 63271277922.0, "ALANDHIST": 63271277953.0, "AREAWATER": 61699340.0, "AWATERHIST": 61699340.0, "AIANNHCC": "D1", "EFFDATE": null, "ESTABDATE": null, "FUNCSTAT": "A", "GCFLG": null, "GEOID": "2430M", "LSADC": "86", "MTFCC": "G2100", "BASENAME": "Navajo Nation", "NAME": "Navajo Nation Reservation and Off-Reservation Trust Land", "ObjID": "25190492973741", "AIANNHCOMP": "M", "STATEFP1": "0448845", "STATEFP2": "3551580", "STATEFP3": "4953920", "UR": null, "VINTAGE": "90", "AIANNHFP1": "04-48845", "AIANNHFP2": "35-51580", "AIANNHFP3": "49-53920", "HU100": null, "POP100": null, "CENTLAT": "+36.1692268", "CENTLON": "-109.7686784", "INTPTLAT": "+36.1713058", "INTPTLON": "-109.7627696", "STGEOMETRY_AREA": 97398526199.740097, "STGEOMETRY_LEN": 11874290.154753501 }, "geometry": { "type": "Point", "coordinates": [ -107.94563, 35.62366 ] } },
{ "type": "Feature", "properties": { "OBJECTID": 4199, "Join_Count": 1, "TARGET_FID": 4199, "JOIN_FID": 122, "DEP_ID": "10012280", "SITE_NAME": "Northeast Church Rock Mine", "DEV_STAT": "Producer", "URL": "https://mrdata.usgs.gov/mrds/show-mrds.php?dep_id=10012280", "CODE_LIST": " U", "Grade": "B", "AIANNH": "2430", "FSRFLG": "F", "AIANNHNS": "00041148", "AREALAND": 63271277922.0, "ALANDHIST": 63271277953.0, "AREAWATER": 61699340.0, "AWATERHIST": 61699340.0, "AIANNHCC": "D1", "EFFDATE": null, "ESTABDATE": null, "FUNCSTAT": "A", "GCFLG": null, "GEOID": "2430M", "LSADC": "86", "MTFCC": "G2100", "BASENAME": "Navajo Nation", "NAME": "Navajo Nation Reservation and Off-Reservation Trust Land", "ObjID": "25190492973741", "AIANNHCOMP": "M", "STATEFP1": "0448845", "STATEFP2": "3551580", "STATEFP3": "4953920", "UR": null, "VINTAGE": "90", "AIANNHFP1": "04-48845", "AIANNHFP2": "35-51580", "AIANNHFP3": "49-53920", "HU100": null, "POP100": null, "CENTLAT": "+36.1692268", "CENTLON": "-109.7686784", "INTPTLAT": "+36.1713058", "INTPTLON": "-109.7627696", "STGEOMETRY_AREA": 97398526199.740097, "STGEOMETRY_LEN": 11874290.154753501 }, "geometry": { "type": "Point", "coordinates": [ -108.50897, 35.65671 ] } },
{ "type": "Feature", "properties": { "OBJECTID": 4221, "Join_Count": 1, "TARGET_FID": 4221, "JOIN_FID": 122, "DEP_ID": "10014541", "SITE_NAME": "Crownpoint-Section 29 Mine", "DEV_STAT": "Occurrence", "URL": "https://mrdata.usgs.gov/mrds/show-mrds.php?dep_id=10014541", "CODE_LIST": " U", "Grade": "C", "AIANNH": "2430", "FSRFLG": "F", "AIANNHNS": "00041148", "AREALAND": 63271277922.0, "ALANDHIST": 63271277953.0, "AREAWATER": 61699340.0, "AWATERHIST": 61699340.0, "AIANNHCC": "D1", "EFFDATE": null, "ESTABDATE": null, "FUNCSTAT": "A", "GCFLG": null, "GEOID": "2430M", "LSADC": "86", "MTFCC": "G2100", "BASENAME": "Navajo Nation", "NAME": "Navajo Nation Reservation and Off-Reservation Trust Land", "ObjID": "25190492973741", "AIANNHCOMP": "M", "STATEFP1": "0448845", "STATEFP2": "3551580", "STATEFP3": "4953920", "UR": null, "VINTAGE": "90", "AIANNHFP1": "04-48845", "AIANNHFP2": "35-51580", "AIANNHFP3": "49-53920", "HU100": null, "POP100": null, "CENTLAT": "+36.1692268", "CENTLON": "-109.7686784", "INTPTLAT": "+36.1713058", "INTPTLON": "-109.7627696", "STGEOMETRY_AREA": 97398526199.740097, "STGEOMETRY_LEN": 11874290.154753501 }, "geometry": { "type": "Point", "coordinates": [ -108.13119, 35.68061 ] } },
{ "type": "Feature", "properties": { "OBJECTID": 4247, "Join_Count": 1, "TARGET_FID": 4247, "JOIN_FID": 122, "DEP_ID": "10093114", "SITE_NAME": "Steamboat School", "DEV_STAT": "Occurrence", "URL": "https://mrdata.usgs.gov/mrds/show-mrds.php?dep_id=10093114", "CODE_LIST": " CLY_FR CLY_K", "Grade": "C", "AIANNH": "2430", "FSRFLG": "F", "AIANNHNS": "00041148", "AREALAND": 63271277922.0, "ALANDHIST": 63271277953.0, "AREAWATER": 61699340.0, "AWATERHIST": 61699340.0, "AIANNHCC": "D1", "EFFDATE": null, "ESTABDATE": null, "FUNCSTAT": "A", "GCFLG": null, "GEOID": "2430M", "LSADC": "86", "MTFCC": "G2100", "BASENAME": "Navajo Nation", "NAME": "Navajo Nation Reservation and Off-Reservation Trust Land", "ObjID": "25190492973741", "AIANNHCOMP": "M", "STATEFP1": "0448845", "STATEFP2": "3551580", "STATEFP3": "4953920", "UR": null, "VINTAGE": "90", "AIANNHFP1": "04-48845", "AIANNHFP2": "35-51580", "AIANNHFP3": "49-53920", "HU100": null, "POP100": null, "CENTLAT": "+36.1692268", "CENTLON": "-109.7686784", "INTPTLAT": "+36.1713058", "INTPTLON": "-109.7627696", "STGEOMETRY_AREA": 97398526199.740097, "STGEOMETRY_LEN": 11874290.154753501 }, "geometry": { "type": "Point", "coordinates": [ -109.84429, 35.72975 ] } },
{ "type": "Feature", "properties": { "OBJECTID": 4253, "Join_Count": 1, "TARGET_FID": 4253, "JOIN_FID": 122, "DEP_ID": "10068515", "SITE_NAME": "Defiance", "DEV_STAT": "Occurrence", "URL": "https://mrdata.usgs.gov/mrds/show-mrds.php?dep_id=10068515", "CODE_LIST": " TI_M FE ZR TH", "Grade": "C", "AIANNH": "2430", "FSRFLG": "F", "AIANNHNS": "00041148", "AREALAND": 63271277922.0, "ALANDHIST": 63271277953.0, "AREAWATER": 61699340.0, "AWATERHIST": 61699340.0, "AIANNHCC": "D1", "EFFDATE": null, "ESTABDATE": null, "FUNCSTAT": "A", "GCFLG": null, "GEOID": "2430M", "LSADC": "86", "MTFCC": "G2100", "BASENAME": "Navajo Nation", "NAME": "Navajo Nation Reservation and Off-Reservation Trust Land", "ObjID": "25190492973741", "AIANNHCOMP": "M", "STATEFP1": "0448845", "STATEFP2": "3551580", "STATEFP3": "4953920", "UR": null, "VINTAGE": "90", "AIANNHFP1": "04-48845", "AIANNHFP2": "35-51580", "AIANNHFP3": "49-53920", "HU100": null, "POP100": null, "CENTLAT": "+36.1692268", "CENTLON": "-109.7686784", "INTPTLAT": "+36.1713058", "INTPTLON": "-109.7627696", "STGEOMETRY_AREA": 97398526199.740097, "STGEOMETRY_LEN": 11874290.154753501 }, "geometry": { "type": "Point", "coordinates": [ -108.25064, 35.73337 ] } },
{ "type": "Feature", "properties": { "OBJECTID": 4262, "Join_Count": 1, "TARGET_FID": 4262, "JOIN_FID": 122, "DEP_ID": "10068514", "SITE_NAME": "Standing Rock", "DEV_STAT": "Occurrence", "URL": "https://mrdata.usgs.gov/mrds/show-mrds.php?dep_id=10068514", "CODE_LIST": " TI_M FE ZR TH", "Grade": "C", "AIANNH": "2430", "FSRFLG": "F", "AIANNHNS": "00041148", "AREALAND": 63271277922.0, "ALANDHIST": 63271277953.0, "AREAWATER": 61699340.0, "AWATERHIST": 61699340.0, "AIANNHCC": "D1", "EFFDATE": null, "ESTABDATE": null, "FUNCSTAT": "A", "GCFLG": null, "GEOID": "2430M", "LSADC": "86", "MTFCC": "G2100", "BASENAME": "Navajo Nation", "NAME": "Navajo Nation Reservation and Off-Reservation Trust Land", "ObjID": "25190492973741", "AIANNHCOMP": "M", "STATEFP1": "0448845", "STATEFP2": "3551580", "STATEFP3": "4953920", "UR": null, "VINTAGE": "90", "AIANNHFP1": "04-48845", "AIANNHFP2": "35-51580", "AIANNHFP3": "49-53920", "HU100": null, "POP100": null, "CENTLAT": "+36.1692268", "CENTLON": "-109.7686784", "INTPTLAT": "+36.1713058", "INTPTLON": "-109.7627696", "STGEOMETRY_AREA": 97398526199.740097, "STGEOMETRY_LEN": 11874290.154753501 }, "geometry": { "type": "Point", "coordinates": [ -108.51093, 35.74254 ] } },
{ "type": "Feature", "properties": { "OBJECTID": 4347, "Join_Count": 1, "TARGET_FID": 4347, "JOIN_FID": 649, "DEP_ID": "10021920", "SITE_NAME": "Kingfisher Creek-2", "DEV_STAT": "Occurrence", "URL": "https://mrdata.usgs.gov/mrds/show-mrds.php?dep_id=10021920", "CODE_LIST": " CU TI_M", "Grade": "B", "AIANNH": "5560", "FSRFLG": "F", "AIANNHNS": "02418814", "AREALAND": 21022187697.0, "ALANDHIST": 21022253588.0, "AREAWATER": 154026718.0, "AWATERHIST": 153960829.0, "AIANNHCC": "D6", "EFFDATE": null, "ESTABDATE": null, "FUNCSTAT": "S", "GCFLG": null, "GEOID": "5560R", "LSADC": "88", "MTFCC": "G2140", "BASENAME": "Cheyenne and Arapaho", "NAME": "Cheyenne and Arapaho OTSA", "ObjID": "22490327363159", "AIANNHCOMP": "R", "STATEFP1": "4013905", "STATEFP2": null, "STATEFP3": null, "UR": null, "VINTAGE": "90", "AIANNHFP1": "40-13905", "AIANNHFP2": null, "AIANNHFP3": null, "HU100": null, "POP100": null, "CENTLAT": "+35.6883398", "CENTLON": "-098.9518166", "INTPTLAT": "+35.6882710", "INTPTLON": "-098.9538252", "STGEOMETRY_AREA": 32171034257.229698, "STGEOMETRY_LEN": 980984.77722544002 }, "geometry": { "type": "Point", "coordinates": [ -98.29951, 35.84091 ] } },
{ "type": "Feature", "properties": { "OBJECTID": 4362, "Join_Count": 1, "TARGET_FID": 4362, "JOIN_FID": 649, "DEP_ID": "10021919", "SITE_NAME": "Kingfisher Creek-1", "DEV_STAT": "Occurrence", "URL": "https://mrdata.usgs.gov/mrds/show-mrds.php?dep_id=10021919", "CODE_LIST": " CU TI_M AG V", "Grade": "B", "AIANNH": "5560", "FSRFLG": "F", "AIANNHNS": "02418814", "AREALAND": 21022187697.0, "ALANDHIST": 21022253588.0, "AREAWATER": 154026718.0, "AWATERHIST": 153960829.0, "AIANNHCC": "D6", "EFFDATE": null, "ESTABDATE": null, "FUNCSTAT": "S", "GCFLG": null, "GEOID": "5560R", "LSADC": "88", "MTFCC": "G2140", "BASENAME": "Cheyenne and Arapaho", "NAME": "Cheyenne and Arapaho OTSA", "ObjID": "22490327363159", "AIANNHCOMP": "R", "STATEFP1": "4013905", "STATEFP2": null, "STATEFP3": null, "UR": null, "VINTAGE": "90", "AIANNHFP1": "40-13905", "AIANNHFP2": null, "AIANNHFP3": null, "HU100": null, "POP100": null, "CENTLAT": "+35.6883398", "CENTLON": "-098.9518166", "INTPTLAT": "+35.6882710", "INTPTLON": "-098.9538252", "STGEOMETRY_AREA": 32171034257.229698, "STGEOMETRY_LEN": 980984.77722544002 }, "geometry": { "type": "Point", "coordinates": [ -98.30701, 35.87008 ] } },
{ "type": "Feature", "properties": { "OBJECTID": 4374, "Join_Count": 1, "TARGET_FID": 4374, "JOIN_FID": 649, "DEP_ID": "10022633", "SITE_NAME": "Cedar Knoll-2", "DEV_STAT": "Occurrence", "URL": "https://mrdata.usgs.gov/mrds/show-mrds.php?dep_id=10022633", "CODE_LIST": " CU AG V TI_M", "Grade": "B", "AIANNH": "5560", "FSRFLG": "F", "AIANNHNS": "02418814", "AREALAND": 21022187697.0, "ALANDHIST": 21022253588.0, "AREAWATER": 154026718.0, "AWATERHIST": 153960829.0, "AIANNHCC": "D6", "EFFDATE": null, "ESTABDATE": null, "FUNCSTAT": "S", "GCFLG": null, "GEOID": "5560R", "LSADC": "88", "MTFCC": "G2140", "BASENAME": "Cheyenne and Arapaho", "NAME": "Cheyenne and Arapaho OTSA", "ObjID": "22490327363159", "AIANNHCOMP": "R", "STATEFP1": "4013905", "STATEFP2": null, "STATEFP3": null, "UR": null, "VINTAGE": "90", "AIANNHFP1": "40-13905", "AIANNHFP2": null, "AIANNHFP3": null, "HU100": null, "POP100": null, "CENTLAT": "+35.6883398", "CENTLON": "-098.9518166", "INTPTLAT": "+35.6882710", "INTPTLON": "-098.9538252", "STGEOMETRY_AREA": 32171034257.229698, "STGEOMETRY_LEN": 980984.77722544002 }, "geometry": { "type": "Point", "coordinates": [ -98.30478, 35.88202 ] } },
{ "type": "Feature", "properties": { "OBJECTID": 4383, "Join_Count": 1, "TARGET_FID": 4383, "JOIN_FID": 649, "DEP_ID": "10021916", "SITE_NAME": "Cedar Knoll-1", "DEV_STAT": "Occurrence", "URL": "https://mrdata.usgs.gov/mrds/show-mrds.php?dep_id=10021916", "CODE_LIST": " CU AG V TI_M", "Grade": "B", "AIANNH": "5560", "FSRFLG": "F", "AIANNHNS": "02418814", "AREALAND": 21022187697.0, "ALANDHIST": 21022253588.0, "AREAWATER": 154026718.0, "AWATERHIST": 153960829.0, "AIANNHCC": "D6", "EFFDATE": null, "ESTABDATE": null, "FUNCSTAT": "S", "GCFLG": null, "GEOID": "5560R", "LSADC": "88", "MTFCC": "G2140", "BASENAME": "Cheyenne and Arapaho", "NAME": "Cheyenne and Arapaho OTSA", "ObjID": "22490327363159", "AIANNHCOMP": "R", "STATEFP1": "4013905", "STATEFP2": null, "STATEFP3": null, "UR": null, "VINTAGE": "90", "AIANNHFP1": "40-13905", "AIANNHFP2": null, "AIANNHFP3": null, "HU100": null, "POP100": null, "CENTLAT": "+35.6883398", "CENTLON": "-098.9518166", "INTPTLAT": "+35.6882710", "INTPTLON": "-098.9538252", "STGEOMETRY_AREA": 32171034257.229698, "STGEOMETRY_LEN": 980984.77722544002 }, "geometry": { "type": "Point", "coordinates": [ -98.3109, 35.88591 ] } },
{ "type": "Feature", "properties": { "OBJECTID": 4397, "Join_Count": 1, "TARGET_FID": 4397, "JOIN_FID": 122, "DEP_ID": "10060352", "SITE_NAME": "Buell Park", "DEV_STAT": "Producer", "URL": "https://mrdata.usgs.gov/mrds/show-mrds.php?dep_id=10060352", "CODE_LIST": " OLV ABR_G GEM", "Grade": "B", "AIANNH": "2430", "FSRFLG": "F", "AIANNHNS": "00041148", "AREALAND": 63271277922.0, "ALANDHIST": 63271277953.0, "AREAWATER": 61699340.0, "AWATERHIST": 61699340.0, "AIANNHCC": "D1", "EFFDATE": null, "ESTABDATE": null, "FUNCSTAT": "A", "GCFLG": null, "GEOID": "2430M", "LSADC": "86", "MTFCC": "G2100", "BASENAME": "Navajo Nation", "NAME": "Navajo Nation Reservation and Off-Reservation Trust Land", "ObjID": "25190492973741", "AIANNHCOMP": "M", "STATEFP1": "0448845", "STATEFP2": "3551580", "STATEFP3": "4953920", "UR": null, "VINTAGE": "90", "AIANNHFP1": "04-48845", "AIANNHFP2": "35-51580", "AIANNHFP3": "49-53920", "HU100": null, "POP100": null, "CENTLAT": "+36.1692268", "CENTLON": "-109.7686784", "INTPTLAT": "+36.1713058", "INTPTLON": "-109.7627696", "STGEOMETRY_AREA": 97398526199.740097, "STGEOMETRY_LEN": 11874290.154753501 }, "geometry": { "type": "Point", "coordinates": [ -109.09733, 35.90004 ] } },
{ "type": "Feature", "properties": { "OBJECTID": 4421, "Join_Count": 1, "TARGET_FID": 4421, "JOIN_FID": 649, "DEP_ID": "10021917", "SITE_NAME": "Bucher-1", "DEV_STAT": "Occurrence", "URL": "https://mrdata.usgs.gov/mrds/show-mrds.php?dep_id=10021917", "CODE_LIST": " CU V TI_M", "Grade": "B", "AIANNH": "5560", "FSRFLG": "F", "AIANNHNS": "02418814", "AREALAND": 21022187697.0, "ALANDHIST": 21022253588.0, "AREAWATER": 154026718.0, "AWATERHIST": 153960829.0, "AIANNHCC": "D6", "EFFDATE": null, "ESTABDATE": null, "FUNCSTAT": "S", "GCFLG": null, "GEOID": "5560R", "LSADC": "88", "MTFCC": "G2140", "BASENAME": "Cheyenne and Arapaho", "NAME": "Cheyenne and Arapaho OTSA", "ObjID": "22490327363159", "AIANNHCOMP": "R", "STATEFP1": "4013905", "STATEFP2": null, "STATEFP3": null, "UR": null, "VINTAGE": "90", "AIANNHFP1": "40-13905", "AIANNHFP2": null, "AIANNHFP3": null, "HU100": null, "POP100": null, "CENTLAT": "+35.6883398", "CENTLON": "-098.9518166", "INTPTLAT": "+35.6882710", "INTPTLON": "-098.9538252", "STGEOMETRY_AREA": 32171034257.229698, "STGEOMETRY_LEN": 980984.77722544002 }, "geometry": { "type": "Point", "coordinates": [ -98.35285, 35.91564 ] } },
{ "type": "Feature", "properties": { "OBJECTID": 4491, "Join_Count": 1, "TARGET_FID": 4491, "JOIN_FID": 649, "DEP_ID": "10021918", "SITE_NAME": "Hitchcock-1", "DEV_STAT": "Occurrence", "URL": "https://mrdata.usgs.gov/mrds/show-mrds.php?dep_id=10021918", "CODE_LIST": " CU", "Grade": "B", "AIANNH": "5560", "FSRFLG": "F", "AIANNHNS": "02418814", "AREALAND": 21022187697.0, "ALANDHIST": 21022253588.0, "AREAWATER": 154026718.0, "AWATERHIST": 153960829.0, "AIANNHCC": "D6", "EFFDATE": null, "ESTABDATE": null, "FUNCSTAT": "S", "GCFLG": null, "GEOID": "5560R", "LSADC": "88", "MTFCC": "G2140", "BASENAME": "Cheyenne and Arapaho", "NAME": "Cheyenne and Arapaho OTSA", "ObjID": "22490327363159", "AIANNHCOMP": "R", "STATEFP1": "4013905", "STATEFP2": null, "STATEFP3": null, "UR": null, "VINTAGE": "90", "AIANNHFP1": "40-13905", "AIANNHFP2": null, "AIANNHFP3": null, "HU100": null, "POP100": null, "CENTLAT": "+35.6883398", "CENTLON": "-098.9518166", "INTPTLAT": "+35.6882710", "INTPTLON": "-098.9538252", "STGEOMETRY_AREA": 32171034257.229698, "STGEOMETRY_LEN": 980984.77722544002 }, "geometry": { "type": "Point", "coordinates": [ -98.38563, 35.95314 ] } },
{ "type": "Feature", "properties": { "OBJECTID": 4541, "Join_Count": 1, "TARGET_FID": 4541, "JOIN_FID": 653, "DEP_ID": "10022036", "SITE_NAME": "Ripley East Southeast", "DEV_STAT": "Occurrence", "URL": "https://mrdata.usgs.gov/mrds/show-mrds.php?dep_id=10022036", "CODE_LIST": " CU", "Grade": "B", "AIANNH": "5820", "FSRFLG": "F", "AIANNHNS": "01925067", "AREALAND": 1917990569.0, "ALANDHIST": 1917990570.0, "AREAWATER": 28563963.0, "AWATERHIST": 28563963.0, "AIANNHCC": "D6", "EFFDATE": null, "ESTABDATE": null, "FUNCSTAT": "S", "GCFLG": null, "GEOID": "5820R", "LSADC": "88", "MTFCC": "G2140", "BASENAME": "Sac and Fox", "NAME": "Sac and Fox OTSA", "ObjID": "2249093610913", "AIANNHCOMP": "R", "STATEFP1": "4064675", "STATEFP2": null, "STATEFP3": null, "UR": null, "VINTAGE": "90", "AIANNHFP1": "40-64675", "AIANNHFP2": null, "AIANNHFP3": null, "HU100": null, "POP100": null, "CENTLAT": "+35.7117071", "CENTLON": "-096.7715737", "INTPTLAT": "+35.7169093", "INTPTLON": "-096.7796604", "STGEOMETRY_AREA": 2958956395.0027699, "STGEOMETRY_LEN": 344931.28495376999 }, "geometry": { "type": "Point", "coordinates": [ -96.8453, 36.00897 ] } },
{ "type": "Feature", "properties": { "OBJECTID": 4550, "Join_Count": 1, "TARGET_FID": 4550, "JOIN_FID": 653, "DEP_ID": "10022035", "SITE_NAME": "Ripley East", "DEV_STAT": "Occurrence", "URL": "https://mrdata.usgs.gov/mrds/show-mrds.php?dep_id=10022035", "CODE_LIST": " CU", "Grade": "B", "AIANNH": "5820", "FSRFLG": "F", "AIANNHNS": "01925067", "AREALAND": 1917990569.0, "ALANDHIST": 1917990570.0, "AREAWATER": 28563963.0, "AWATERHIST": 28563963.0, "AIANNHCC": "D6", "EFFDATE": null, "ESTABDATE": null, "FUNCSTAT": "S", "GCFLG": null, "GEOID": "5820R", "LSADC": "88", "MTFCC": "G2140", "BASENAME": "Sac and Fox", "NAME": "Sac and Fox OTSA", "ObjID": "2249093610913", "AIANNHCOMP": "R", "STATEFP1": "4064675", "STATEFP2": null, "STATEFP3": null, "UR": null, "VINTAGE": "90", "AIANNHFP1": "40-64675", "AIANNHFP2": null, "AIANNHFP3": null, "HU100": null, "POP100": null, "CENTLAT": "+35.7117071", "CENTLON": "-096.7715737", "INTPTLAT": "+35.7169093", "INTPTLON": "-096.7796604", "STGEOMETRY_AREA": 2958956395.0027699, "STGEOMETRY_LEN": 344931.28495376999 }, "geometry": { "type": "Point", "coordinates": [ -96.86697, 36.01647 ] } },
{ "type": "Feature", "properties": { "OBJECTID": 4621, "Join_Count": 1, "TARGET_FID": 4621, "JOIN_FID": 122, "DEP_ID": "10094667", "SITE_NAME": "Chuska Mountains Deposit", "DEV_STAT": "Occurrence", "URL": "https://mrdata.usgs.gov/mrds/show-mrds.php?dep_id=10094667", "CODE_LIST": " MN", "Grade": "C", "AIANNH": "2430", "FSRFLG": "F", "AIANNHNS": "00041148", "AREALAND": 63271277922.0, "ALANDHIST": 63271277953.0, "AREAWATER": 61699340.0, "AWATERHIST": 61699340.0, "AIANNHCC": "D1", "EFFDATE": null, "ESTABDATE": null, "FUNCSTAT": "A", "GCFLG": null, "GEOID": "2430M", "LSADC": "86", "MTFCC": "G2100", "BASENAME": "Navajo Nation", "NAME": "Navajo Nation Reservation and Off-Reservation Trust Land", "ObjID": "25190492973741", "AIANNHCOMP": "M", "STATEFP1": "0448845", "STATEFP2": "3551580", "STATEFP3": "4953920", "UR": null, "VINTAGE": "90", "AIANNHFP1": "04-48845", "AIANNHFP2": "35-51580", "AIANNHFP3": "49-53920", "HU100": null, "POP100": null, "CENTLAT": "+36.1692268", "CENTLON": "-109.7686784", "INTPTLAT": "+36.1713058", "INTPTLON": "-109.7627696", "STGEOMETRY_AREA": 97398526199.740097, "STGEOMETRY_LEN": 11874290.154753501 }, "geometry": { "type": "Point", "coordinates": [ -109.00065, 36.10281 ] } },
{ "type": "Feature", "properties": { "OBJECTID": 4629, "Join_Count": 1, "TARGET_FID": 4629, "JOIN_FID": 204, "DEP_ID": "10038174", "SITE_NAME": "Cataract Canyon", "DEV_STAT": "Occurrence", "URL": "https://mrdata.usgs.gov/mrds/show-mrds.php?dep_id=10038174", "CODE_LIST": " AG PGE_PT", "Grade": "C", "AIANNH": "1440", "FSRFLG": "F", "AIANNHNS": "00045638", "AREALAND": 714393134.0, "ALANDHIST": 714393134.0, "AREAWATER": 0.0, "AWATERHIST": 0.0, "AIANNHCC": "D2", "EFFDATE": null, "ESTABDATE": null, "FUNCSTAT": "A", "GCFLG": null, "GEOID": "1440R", "LSADC": "86", "MTFCC": "G2100", "BASENAME": "Havasupai", "NAME": "Havasupai Reservation", "ObjID": "251901203421723", "AIANNHCOMP": "R", "STATEFP1": "0431740", "STATEFP2": null, "STATEFP3": null, "UR": null, "VINTAGE": "90", "AIANNHFP1": "04-31740", "AIANNHFP2": null, "AIANNHFP3": null, "HU100": null, "POP100": null, "CENTLAT": "+36.1609902", "CENTLON": "-112.6134416", "INTPTLAT": "+36.1609902", "INTPTLON": "-112.6134416", "STGEOMETRY_AREA": 1098226965.24277, "STGEOMETRY_LEN": 255025.7328006 }, "geometry": { "type": "Point", "coordinates": [ -112.62299, 36.11751 ] } },
{ "type": "Feature", "properties": { "OBJECTID": 4703, "Join_Count": 1, "TARGET_FID": 4703, "JOIN_FID": 633, "DEP_ID": "10022029", "SITE_NAME": "Quay North", "DEV_STAT": "Occurrence", "URL": "https://mrdata.usgs.gov/mrds/show-mrds.php?dep_id=10022029", "CODE_LIST": " CU AG", "Grade": "B", "AIANNH": "5780", "FSRFLG": "F", "AIANNHNS": "01925076", "AREALAND": 1333914344.0, "ALANDHIST": 1333914344.0, "AREAWATER": 56388096.0, "AWATERHIST": 56388096.0, "AIANNHCC": "D6", "EFFDATE": null, "ESTABDATE": null, "FUNCSTAT": "S", "GCFLG": null, "GEOID": "5780R", "LSADC": "88", "MTFCC": "G2140", "BASENAME": "Pawnee", "NAME": "Pawnee OTSA", "ObjID": "22490732689343", "AIANNHCOMP": "R", "STATEFP1": "4057660", "STATEFP2": null, "STATEFP3": null, "UR": null, "VINTAGE": "90", "AIANNHFP1": "40-57660", "AIANNHFP2": null, "AIANNHFP3": null, "HU100": null, "POP100": null, "CENTLAT": "+36.3072758", "CENTLON": "-096.6682610", "INTPTLAT": "+36.3095441", "INTPTLON": "-096.6765095", "STGEOMETRY_AREA": 2145239563.03812, "STGEOMETRY_LEN": 261181.48652315 }, "geometry": { "type": "Point", "coordinates": [ -96.72002, 36.20425 ] } },
{ "type": "Feature", "properties": { "OBJECTID": 4721, "Join_Count": 1, "TARGET_FID": 4721, "JOIN_FID": 122, "DEP_ID": "10068513", "SITE_NAME": "Toadlena Deposit", "DEV_STAT": "Occurrence", "URL": "https://mrdata.usgs.gov/mrds/show-mrds.php?dep_id=10068513", "CODE_LIST": " TE FE TH", "Grade": "B", "AIANNH": "2430", "FSRFLG": "F", "AIANNHNS": "00041148", "AREALAND": 63271277922.0, "ALANDHIST": 63271277953.0, "AREAWATER": 61699340.0, "AWATERHIST": 61699340.0, "AIANNHCC": "D1", "EFFDATE": null, "ESTABDATE": null, "FUNCSTAT": "A", "GCFLG": null, "GEOID": "2430M", "LSADC": "86", "MTFCC": "G2100", "BASENAME": "Navajo Nation", "NAME": "Navajo Nation Reservation and Off-Reservation Trust Land", "ObjID": "25190492973741", "AIANNHCOMP": "M", "STATEFP1": "0448845", "STATEFP2": "3551580", "STATEFP3": "4953920", "UR": null, "VINTAGE": "90", "AIANNHFP1": "04-48845", "AIANNHFP2": "35-51580", "AIANNHFP3": "49-53920", "HU100": null, "POP100": null, "CENTLAT": "+36.1692268", "CENTLON": "-109.7686784", "INTPTLAT": "+36.1713058", "INTPTLON": "-109.7627696", "STGEOMETRY_AREA": 97398526199.740097, "STGEOMETRY_LEN": 11874290.154753501 }, "geometry": { "type": "Point", "coordinates": [ -108.86733, 36.2167 ] } },
{ "type": "Feature", "properties": { "OBJECTID": 4734, "Join_Count": 1, "TARGET_FID": 4734, "JOIN_FID": 122, "DEP_ID": "10092693", "SITE_NAME": "Alkali Water Gap Prospect", "DEV_STAT": "Occurrence", "URL": "https://mrdata.usgs.gov/mrds/show-mrds.php?dep_id=10092693", "CODE_LIST": " U V", "Grade": "C", "AIANNH": "2430", "FSRFLG": "F", "AIANNHNS": "00041148", "AREALAND": 63271277922.0, "ALANDHIST": 63271277953.0, "AREAWATER": 61699340.0, "AWATERHIST": 61699340.0, "AIANNHCC": "D1", "EFFDATE": null, "ESTABDATE": null, "FUNCSTAT": "A", "GCFLG": null, "GEOID": "2430M", "LSADC": "86", "MTFCC": "G2100", "BASENAME": "Navajo Nation", "NAME": "Navajo Nation Reservation and Off-Reservation Trust Land", "ObjID": "25190492973741", "AIANNHCOMP": "M", "STATEFP1": "0448845", "STATEFP2": "3551580", "STATEFP3": "4953920", "UR": null, "VINTAGE": "90", "AIANNHFP1": "04-48845", "AIANNHFP2": "35-51580", "AIANNHFP3": "49-53920", "HU100": null, "POP100": null, "CENTLAT": "+36.1692268", "CENTLON": "-109.7686784", "INTPTLAT": "+36.1713058", "INTPTLON": "-109.7627696", "STGEOMETRY_AREA": 97398526199.740097, "STGEOMETRY_LEN": 11874290.154753501 }, "geometry": { "type": "Point", "coordinates": [ -109.83958, 36.22141 ] } },
{ "type": "Feature", "properties": { "OBJECTID": 4750, "Join_Count": 1, "TARGET_FID": 4750, "JOIN_FID": 656, "DEP_ID": "10055332", "SITE_NAME": "Moss-Richardson Prospect", "DEV_STAT": "Occurrence", "URL": "https://mrdata.usgs.gov/mrds/show-mrds.php?dep_id=10055332", "CODE_LIST": " MO CU", "Grade": "B", "AIANNH": "9745", "FSRFLG": "S", "AIANNHNS": "02418608", "AREALAND": 458415678.0, "ALANDHIST": 458415678.0, "AREAWATER": 1216803.0, "AWATERHIST": 1216803.0, "AIANNHCC": "D9", "EFFDATE": null, "ESTABDATE": null, "FUNCSTAT": "S", "GCFLG": null, "GEOID": "9745R", "LSADC": "92", "MTFCC": "G2150", "BASENAME": "Haliwa-Saponi", "NAME": "Haliwa-Saponi SDTSA", "ObjID": "22490129909238", "AIANNHCOMP": "R", "STATEFP1": "3728935", "STATEFP2": null, "STATEFP3": null, "UR": null, "VINTAGE": "90", "AIANNHFP1": "37-28935", "AIANNHFP2": null, "AIANNHFP3": null, "HU100": null, "POP100": null, "CENTLAT": "+36.2553850", "CENTLON": "-077.9709710", "INTPTLAT": "+36.2546724", "INTPTLON": "-077.9708273", "STGEOMETRY_AREA": 708277851.20908296, "STGEOMETRY_LEN": 215307.19427869999 }, "geometry": { "type": "Point", "coordinates": [ -77.88832, 36.23647 ] } },
{ "type": "Feature", "properties": { "OBJECTID": 4756, "Join_Count": 1, "TARGET_FID": 4756, "JOIN_FID": 122, "DEP_ID": "10048379", "SITE_NAME": "Polacca Wash Prospect", "DEV_STAT": "Occurrence", "URL": "https://mrdata.usgs.gov/mrds/show-mrds.php?dep_id=10048379", "CODE_LIST": " U V", "Grade": "C", "AIANNH": "2430", "FSRFLG": "F", "AIANNHNS": "00041148", "AREALAND": 63271277922.0, "ALANDHIST": 63271277953.0, "AREAWATER": 61699340.0, "AWATERHIST": 61699340.0, "AIANNHCC": "D1", "EFFDATE": null, "ESTABDATE": null, "FUNCSTAT": "A", "GCFLG": null, "GEOID": "2430M", "LSADC": "86", "MTFCC": "G2100", "BASENAME": "Navajo Nation", "NAME": "Navajo Nation Reservation and Off-Reservation Trust Land", "ObjID": "25190492973741", "AIANNHCOMP": "M", "STATEFP1": "0448845", "STATEFP2": "3551580", "STATEFP3": "4953920", "UR": null, "VINTAGE": "90", "AIANNHFP1": "04-48845", "AIANNHFP2": "35-51580", "AIANNHFP3": "49-53920", "HU100": null, "POP100": null, "CENTLAT": "+36.1692268", "CENTLON": "-109.7686784", "INTPTLAT": "+36.1713058", "INTPTLON": "-109.7627696", "STGEOMETRY_AREA": 97398526199.740097, "STGEOMETRY_LEN": 11874290.154753501 }, "geometry": { "type": "Point", "coordinates": [ -109.99708, 36.24196 ] } },
{ "type": "Feature", "properties": { "OBJECTID": 4761, "Join_Count": 1, "TARGET_FID": 4761, "JOIN_FID": 122, "DEP_ID": "10048380", "SITE_NAME": "M.O.2. Prospect", "DEV_STAT": "Occurrence", "URL": "https://mrdata.usgs.gov/mrds/show-mrds.php?dep_id=10048380", "CODE_LIST": " U V", "Grade": "C", "AIANNH": "2430", "FSRFLG": "F", "AIANNHNS": "00041148", "AREALAND": 63271277922.0, "ALANDHIST": 63271277953.0, "AREAWATER": 61699340.0, "AWATERHIST": 61699340.0, "AIANNHCC": "D1", "EFFDATE": null, "ESTABDATE": null, "FUNCSTAT": "A", "GCFLG": null, "GEOID": "2430M", "LSADC": "86", "MTFCC": "G2100", "BASENAME": "Navajo Nation", "NAME": "Navajo Nation Reservation and Off-Reservation Trust Land", "ObjID": "25190492973741", "AIANNHCOMP": "M", "STATEFP1": "0448845", "STATEFP2": "3551580", "STATEFP3": "4953920", "UR": null, "VINTAGE": "90", "AIANNHFP1": "04-48845", "AIANNHFP2": "35-51580", "AIANNHFP3": "49-53920", "HU100": null, "POP100": null, "CENTLAT": "+36.1692268", "CENTLON": "-109.7686784", "INTPTLAT": "+36.1713058", "INTPTLON": "-109.7627696", "STGEOMETRY_AREA": 97398526199.740097, "STGEOMETRY_LEN": 11874290.154753501 }, "geometry": { "type": "Point", "coordinates": [ -109.87902, 36.24641 ] } },
{ "type": "Feature", "properties": { "OBJECTID": 4778, "Join_Count": 1, "TARGET_FID": 4778, "JOIN_FID": 656, "DEP_ID": "10008424", "SITE_NAME": "Boy Scout", "DEV_STAT": "Occurrence", "URL": "https://mrdata.usgs.gov/mrds/show-mrds.php?dep_id=10008424", "CODE_LIST": " MO CU AG", "Grade": "C", "AIANNH": "9745", "FSRFLG": "S", "AIANNHNS": "02418608", "AREALAND": 458415678.0, "ALANDHIST": 458415678.0, "AREAWATER": 1216803.0, "AWATERHIST": 1216803.0, "AIANNHCC": "D9", "EFFDATE": null, "ESTABDATE": null, "FUNCSTAT": "S", "GCFLG": null, "GEOID": "9745R", "LSADC": "92", "MTFCC": "G2150", "BASENAME": "Haliwa-Saponi", "NAME": "Haliwa-Saponi SDTSA", "ObjID": "22490129909238", "AIANNHCOMP": "R", "STATEFP1": "3728935", "STATEFP2": null, "STATEFP3": null, "UR": null, "VINTAGE": "90", "AIANNHFP1": "37-28935", "AIANNHFP2": null, "AIANNHFP3": null, "HU100": null, "POP100": null, "CENTLAT": "+36.2553850", "CENTLON": "-077.9709710", "INTPTLAT": "+36.2546724", "INTPTLON": "-077.9708273", "STGEOMETRY_AREA": 708277851.20908296, "STGEOMETRY_LEN": 215307.19427869999 }, "geometry": { "type": "Point", "coordinates": [ -77.87999, 36.25841 ] } },
{ "type": "Feature", "properties": { "OBJECTID": 4781, "Join_Count": 1, "TARGET_FID": 4781, "JOIN_FID": 122, "DEP_ID": "10048365", "SITE_NAME": "North Tah Chee Wash Prospet", "DEV_STAT": "Occurrence", "URL": "https://mrdata.usgs.gov/mrds/show-mrds.php?dep_id=10048365", "CODE_LIST": " U V", "Grade": "C", "AIANNH": "2430", "FSRFLG": "F", "AIANNHNS": "00041148", "AREALAND": 63271277922.0, "ALANDHIST": 63271277953.0, "AREAWATER": 61699340.0, "AWATERHIST": 61699340.0, "AIANNHCC": "D1", "EFFDATE": null, "ESTABDATE": null, "FUNCSTAT": "A", "GCFLG": null, "GEOID": "2430M", "LSADC": "86", "MTFCC": "G2100", "BASENAME": "Navajo Nation", "NAME": "Navajo Nation Reservation and Off-Reservation Trust Land", "ObjID": "25190492973741", "AIANNHCOMP": "M", "STATEFP1": "0448845", "STATEFP2": "3551580", "STATEFP3": "4953920", "UR": null, "VINTAGE": "90", "AIANNHFP1": "04-48845", "AIANNHFP2": "35-51580", "AIANNHFP3": "49-53920", "HU100": null, "POP100": null, "CENTLAT": "+36.1692268", "CENTLON": "-109.7686784", "INTPTLAT": "+36.1713058", "INTPTLON": "-109.7627696", "STGEOMETRY_AREA": 97398526199.740097, "STGEOMETRY_LEN": 11874290.154753501 }, "geometry": { "type": "Point", "coordinates": [ -109.92041, 36.25946 ] } },
{ "type": "Feature", "properties": { "OBJECTID": 4803, "Join_Count": 1, "TARGET_FID": 4803, "JOIN_FID": 656, "DEP_ID": "10055334", "SITE_NAME": "Ellis Prospect", "DEV_STAT": "Occurrence", "URL": "https://mrdata.usgs.gov/mrds/show-mrds.php?dep_id=10055334", "CODE_LIST": " MO CU W", "Grade": "B", "AIANNH": "9745", "FSRFLG": "S", "AIANNHNS": "02418608", "AREALAND": 458415678.0, "ALANDHIST": 458415678.0, "AREAWATER": 1216803.0, "AWATERHIST": 1216803.0, "AIANNHCC": "D9", "EFFDATE": null, "ESTABDATE": null, "FUNCSTAT": "S", "GCFLG": null, "GEOID": "9745R", "LSADC": "92", "MTFCC": "G2150", "BASENAME": "Haliwa-Saponi", "NAME": "Haliwa-Saponi SDTSA", "ObjID": "22490129909238", "AIANNHCOMP": "R", "STATEFP1": "3728935", "STATEFP2": null, "STATEFP3": null, "UR": null, "VINTAGE": "90", "AIANNHFP1": "37-28935", "AIANNHFP2": null, "AIANNHFP3": null, "HU100": null, "POP100": null, "CENTLAT": "+36.2553850", "CENTLON": "-077.9709710", "INTPTLAT": "+36.2546724", "INTPTLON": "-077.9708273", "STGEOMETRY_AREA": 708277851.20908296, "STGEOMETRY_LEN": 215307.19427869999 }, "geometry": { "type": "Point", "coordinates": [ -77.88999, 36.28036 ] } },
{ "type": "Feature", "properties": { "OBJECTID": 4832, "Join_Count": 1, "TARGET_FID": 4832, "JOIN_FID": 633, "DEP_ID": "10022030", "SITE_NAME": "Lela Southeast-1", "DEV_STAT": "Occurrence", "URL": "https://mrdata.usgs.gov/mrds/show-mrds.php?dep_id=10022030", "CODE_LIST": " CU", "Grade": "B", "AIANNH": "5780", "FSRFLG": "F", "AIANNHNS": "01925076", "AREALAND": 1333914344.0, "ALANDHIST": 1333914344.0, "AREAWATER": 56388096.0, "AWATERHIST": 56388096.0, "AIANNHCC": "D6", "EFFDATE": null, "ESTABDATE": null, "FUNCSTAT": "S", "GCFLG": null, "GEOID": "5780R", "LSADC": "88", "MTFCC": "G2140", "BASENAME": "Pawnee", "NAME": "Pawnee OTSA", "ObjID": "22490732689343", "AIANNHCOMP": "R", "STATEFP1": "4057660", "STATEFP2": null, "STATEFP3": null, "UR": null, "VINTAGE": "90", "AIANNHFP1": "40-57660", "AIANNHFP2": null, "AIANNHFP3": null, "HU100": null, "POP100": null, "CENTLAT": "+36.3072758", "CENTLON": "-096.6682610", "INTPTLAT": "+36.3095441", "INTPTLON": "-096.6765095", "STGEOMETRY_AREA": 2145239563.03812, "STGEOMETRY_LEN": 261181.48652315 }, "geometry": { "type": "Point", "coordinates": [ -96.91474, 36.30397 ] } },
{ "type": "Feature", "properties": { "OBJECTID": 4925, "Join_Count": 1, "TARGET_FID": 4925, "JOIN_FID": 638, "DEP_ID": "10022032", "SITE_NAME": "Morrison North-2", "DEV_STAT": "Occurrence", "URL": "https://mrdata.usgs.gov/mrds/show-mrds.php?dep_id=10022032", "CODE_LIST": " CU AG V CO CR MO PB", "Grade": "B", "AIANNH": "5760", "FSRFLG": "F", "AIANNHNS": "01925068", "AREALAND": 498303827.0, "ALANDHIST": 498303827.0, "AREAWATER": 25410660.0, "AWATERHIST": 25410660.0, "AIANNHCC": "D6", "EFFDATE": null, "ESTABDATE": null, "FUNCSTAT": "S", "GCFLG": null, "GEOID": "5760R", "LSADC": "88", "MTFCC": "G2140", "BASENAME": "Otoe-Missouria", "NAME": "Otoe-Missouria OTSA", "ObjID": "22490724169973", "AIANNHCOMP": "R", "STATEFP1": "4056410", "STATEFP2": null, "STATEFP3": null, "UR": null, "VINTAGE": "90", "AIANNHFP1": "40-56410", "AIANNHFP2": null, "AIANNHFP3": null, "HU100": null, "POP100": null, "CENTLAT": "+36.4156979", "CENTLON": "-097.0944858", "INTPTLAT": "+36.4223594", "INTPTLON": "-097.0868106", "STGEOMETRY_AREA": 810324487.86894202, "STGEOMETRY_LEN": 119427.50318835001 }, "geometry": { "type": "Point", "coordinates": [ -96.99559, 36.36119 ] } },
{ "type": "Feature", "properties": { "OBJECTID": 4941, "Join_Count": 1, "TARGET_FID": 4941, "JOIN_FID": 638, "DEP_ID": "10022031", "SITE_NAME": "Morrison North-1", "DEV_STAT": "Occurrence", "URL": "https://mrdata.usgs.gov/mrds/show-mrds.php?dep_id=10022031", "CODE_LIST": " CU AG", "Grade": "B", "AIANNH": "5760", "FSRFLG": "F", "AIANNHNS": "01925068", "AREALAND": 498303827.0, "ALANDHIST": 498303827.0, "AREAWATER": 25410660.0, "AWATERHIST": 25410660.0, "AIANNHCC": "D6", "EFFDATE": null, "ESTABDATE": null, "FUNCSTAT": "S", "GCFLG": null, "GEOID": "5760R", "LSADC": "88", "MTFCC": "G2140", "BASENAME": "Otoe-Missouria", "NAME": "Otoe-Missouria OTSA", "ObjID": "22490724169973", "AIANNHCOMP": "R", "STATEFP1": "4056410", "STATEFP2": null, "STATEFP3": null, "UR": null, "VINTAGE": "90", "AIANNHFP1": "40-56410", "AIANNHFP2": null, "AIANNHFP3": null, "HU100": null, "POP100": null, "CENTLAT": "+36.4156979", "CENTLON": "-097.0944858", "INTPTLAT": "+36.4223594", "INTPTLON": "-097.0868106", "STGEOMETRY_AREA": 810324487.86894202, "STGEOMETRY_LEN": 119427.50318835001 }, "geometry": { "type": "Point", "coordinates": [ -97.01448, 36.37452 ] } },
{ "type": "Feature", "properties": { "OBJECTID": 4947, "Join_Count": 1, "TARGET_FID": 4947, "JOIN_FID": 633, "DEP_ID": "10022034", "SITE_NAME": "Skedee-1", "DEV_STAT": "Occurrence", "URL": "https://mrdata.usgs.gov/mrds/show-mrds.php?dep_id=10022034", "CODE_LIST": " CU AG", "Grade": "B", "AIANNH": "5780", "FSRFLG": "F", "AIANNHNS": "01925076", "AREALAND": 1333914344.0, "ALANDHIST": 1333914344.0, "AREAWATER": 56388096.0, "AWATERHIST": 56388096.0, "AIANNHCC": "D6", "EFFDATE": null, "ESTABDATE": null, "FUNCSTAT": "S", "GCFLG": null, "GEOID": "5780R", "LSADC": "88", "MTFCC": "G2140", "BASENAME": "Pawnee", "NAME": "Pawnee OTSA", "ObjID": "22490732689343", "AIANNHCOMP": "R", "STATEFP1": "4057660", "STATEFP2": null, "STATEFP3": null, "UR": null, "VINTAGE": "90", "AIANNHFP1": "40-57660", "AIANNHFP2": null, "AIANNHFP3": null, "HU100": null, "POP100": null, "CENTLAT": "+36.3072758", "CENTLON": "-096.6682610", "INTPTLAT": "+36.3095441", "INTPTLON": "-096.6765095", "STGEOMETRY_AREA": 2145239563.03812, "STGEOMETRY_LEN": 261181.48652315 }, "geometry": { "type": "Point", "coordinates": [ -96.71752, 36.37675 ] } },
{ "type": "Feature", "properties": { "OBJECTID": 4949, "Join_Count": 1, "TARGET_FID": 4949, "JOIN_FID": 633, "DEP_ID": "10094852", "SITE_NAME": "Lela North-4", "DEV_STAT": "Occurrence", "URL": "https://mrdata.usgs.gov/mrds/show-mrds.php?dep_id=10094852", "CODE_LIST": " CU", "Grade": "B", "AIANNH": "5780", "FSRFLG": "F", "AIANNHNS": "01925076", "AREALAND": 1333914344.0, "ALANDHIST": 1333914344.0, "AREAWATER": 56388096.0, "AWATERHIST": 56388096.0, "AIANNHCC": "D6", "EFFDATE": null, "ESTABDATE": null, "FUNCSTAT": "S", "GCFLG": null, "GEOID": "5780R", "LSADC": "88", "MTFCC": "G2140", "BASENAME": "Pawnee", "NAME": "Pawnee OTSA", "ObjID": "22490732689343", "AIANNHCOMP": "R", "STATEFP1": "4057660", "STATEFP2": null, "STATEFP3": null, "UR": null, "VINTAGE": "90", "AIANNHFP1": "40-57660", "AIANNHFP2": null, "AIANNHFP3": null, "HU100": null, "POP100": null, "CENTLAT": "+36.3072758", "CENTLON": "-096.6682610", "INTPTLAT": "+36.3095441", "INTPTLON": "-096.6765095", "STGEOMETRY_AREA": 2145239563.03812, "STGEOMETRY_LEN": 261181.48652315 }, "geometry": { "type": "Point", "coordinates": [ -96.91224, 36.37758 ] } },
{ "type": "Feature", "properties": { "OBJECTID": 4965, "Join_Count": 1, "TARGET_FID": 4965, "JOIN_FID": 638, "DEP_ID": "10091729", "SITE_NAME": "Greasy Creek", "DEV_STAT": "Occurrence", "URL": "https://mrdata.usgs.gov/mrds/show-mrds.php?dep_id=10091729", "CODE_LIST": " CU", "Grade": "B", "AIANNH": "5760", "FSRFLG": "F", "AIANNHNS": "01925068", "AREALAND": 498303827.0, "ALANDHIST": 498303827.0, "AREAWATER": 25410660.0, "AWATERHIST": 25410660.0, "AIANNHCC": "D6", "EFFDATE": null, "ESTABDATE": null, "FUNCSTAT": "S", "GCFLG": null, "GEOID": "5760R", "LSADC": "88", "MTFCC": "G2140", "BASENAME": "Otoe-Missouria", "NAME": "Otoe-Missouria OTSA", "ObjID": "22490724169973", "AIANNHCOMP": "R", "STATEFP1": "4056410", "STATEFP2": null, "STATEFP3": null, "UR": null, "VINTAGE": "90", "AIANNHFP1": "40-56410", "AIANNHFP2": null, "AIANNHFP3": null, "HU100": null, "POP100": null, "CENTLAT": "+36.4156979", "CENTLON": "-097.0944858", "INTPTLAT": "+36.4223594", "INTPTLON": "-097.0868106", "STGEOMETRY_AREA": 810324487.86894202, "STGEOMETRY_LEN": 119427.50318835001 }, "geometry": { "type": "Point", "coordinates": [ -97.09309, 36.38368 ] } },
{ "type": "Feature", "properties": { "OBJECTID": 4999, "Join_Count": 1, "TARGET_FID": 4999, "JOIN_FID": 633, "DEP_ID": "10091730", "SITE_NAME": "Lela North-5", "DEV_STAT": "Occurrence", "URL": "https://mrdata.usgs.gov/mrds/show-mrds.php?dep_id=10091730", "CODE_LIST": " CU AG CO CR MO PB V ZR", "Grade": "B", "AIANNH": "5780", "FSRFLG": "F", "AIANNHNS": "01925076", "AREALAND": 1333914344.0, "ALANDHIST": 1333914344.0, "AREAWATER": 56388096.0, "AWATERHIST": 56388096.0, "AIANNHCC": "D6", "EFFDATE": null, "ESTABDATE": null, "FUNCSTAT": "S", "GCFLG": null, "GEOID": "5780R", "LSADC": "88", "MTFCC": "G2140", "BASENAME": "Pawnee", "NAME": "Pawnee OTSA", "ObjID": "22490732689343", "AIANNHCOMP": "R", "STATEFP1": "4057660", "STATEFP2": null, "STATEFP3": null, "UR": null, "VINTAGE": "90", "AIANNHFP1": "40-57660", "AIANNHFP2": null, "AIANNHFP3": null, "HU100": null, "POP100": null, "CENTLAT": "+36.3072758", "CENTLON": "-096.6682610", "INTPTLAT": "+36.3095441", "INTPTLON": "-096.6765095", "STGEOMETRY_AREA": 2145239563.03812, "STGEOMETRY_LEN": 261181.48652315 }, "geometry": { "type": "Point", "coordinates": [ -96.8978, 36.39868 ] } },
{ "type": "Feature", "properties": { "OBJECTID": 5017, "Join_Count": 1, "TARGET_FID": 5017, "JOIN_FID": 638, "DEP_ID": "10088453", "SITE_NAME": "Lela Northeast-1", "DEV_STAT": "Occurrence", "URL": "https://mrdata.usgs.gov/mrds/show-mrds.php?dep_id=10088453", "CODE_LIST": " CU", "Grade": "B", "AIANNH": "5760", "FSRFLG": "F", "AIANNHNS": "01925068", "AREALAND": 498303827.0, "ALANDHIST": 498303827.0, "AREAWATER": 25410660.0, "AWATERHIST": 25410660.0, "AIANNHCC": "D6", "EFFDATE": null, "ESTABDATE": null, "FUNCSTAT": "S", "GCFLG": null, "GEOID": "5760R", "LSADC": "88", "MTFCC": "G2140", "BASENAME": "Otoe-Missouria", "NAME": "Otoe-Missouria OTSA", "ObjID": "22490724169973", "AIANNHCOMP": "R", "STATEFP1": "4056410", "STATEFP2": null, "STATEFP3": null, "UR": null, "VINTAGE": "90", "AIANNHFP1": "40-56410", "AIANNHFP2": null, "AIANNHFP3": null, "HU100": null, "POP100": null, "CENTLAT": "+36.4156979", "CENTLON": "-097.0944858", "INTPTLAT": "+36.4223594", "INTPTLON": "-097.0868106", "STGEOMETRY_AREA": 810324487.86894202, "STGEOMETRY_LEN": 119427.50318835001 }, "geometry": { "type": "Point", "coordinates": [ -96.94474, 36.40507 ] } },
{ "type": "Feature", "properties": { "OBJECTID": 5115, "Join_Count": 1, "TARGET_FID": 5115, "JOIN_FID": 122, "DEP_ID": "10096167", "SITE_NAME": "Sanostee Deposit", "DEV_STAT": "Occurrence", "URL": "https://mrdata.usgs.gov/mrds/show-mrds.php?dep_id=10096167", "CODE_LIST": " TI_M ZR FE TH NB REE", "Grade": "B", "AIANNH": "2430", "FSRFLG": "F", "AIANNHNS": "00041148", "AREALAND": 63271277922.0, "ALANDHIST": 63271277953.0, "AREAWATER": 61699340.0, "AWATERHIST": 61699340.0, "AIANNHCC": "D1", "EFFDATE": null, "ESTABDATE": null, "FUNCSTAT": "A", "GCFLG": null, "GEOID": "2430M", "LSADC": "86", "MTFCC": "G2100", "BASENAME": "Navajo Nation", "NAME": "Navajo Nation Reservation and Off-Reservation Trust Land", "ObjID": "25190492973741", "AIANNHCOMP": "M", "STATEFP1": "0448845", "STATEFP2": "3551580", "STATEFP3": "4953920", "UR": null, "VINTAGE": "90", "AIANNHFP1": "04-48845", "AIANNHFP2": "35-51580", "AIANNHFP3": "49-53920", "HU100": null, "POP100": null, "CENTLAT": "+36.1692268", "CENTLON": "-109.7686784", "INTPTLAT": "+36.1713058", "INTPTLON": "-109.7627696", "STGEOMETRY_AREA": 97398526199.740097, "STGEOMETRY_LEN": 11874290.154753501 }, "geometry": { "type": "Point", "coordinates": [ -108.89066, 36.45225 ] } },
{ "type": "Feature", "properties": { "OBJECTID": 5435, "Join_Count": 1, "TARGET_FID": 5435, "JOIN_FID": 122, "DEP_ID": "10027411", "SITE_NAME": "B. Maher Claim No. 1", "DEV_STAT": "Occurrence", "URL": "https://mrdata.usgs.gov/mrds/show-mrds.php?dep_id=10027411", "CODE_LIST": " CU U", "Grade": "C", "AIANNH": "2430", "FSRFLG": "F", "AIANNHNS": "00041148", "AREALAND": 63271277922.0, "ALANDHIST": 63271277953.0, "AREAWATER": 61699340.0, "AWATERHIST": 61699340.0, "AIANNHCC": "D1", "EFFDATE": null, "ESTABDATE": null, "FUNCSTAT": "A", "GCFLG": null, "GEOID": "2430M", "LSADC": "86", "MTFCC": "G2100", "BASENAME": "Navajo Nation", "NAME": "Navajo Nation Reservation and Off-Reservation Trust Land", "ObjID": "25190492973741", "AIANNHCOMP": "M", "STATEFP1": "0448845", "STATEFP2": "3551580", "STATEFP3": "4953920", "UR": null, "VINTAGE": "90", "AIANNHFP1": "04-48845", "AIANNHFP2": "35-51580", "AIANNHFP3": "49-53920", "HU100": null, "POP100": null, "CENTLAT": "+36.1692268", "CENTLON": "-109.7686784", "INTPTLAT": "+36.1713058", "INTPTLON": "-109.7627696", "STGEOMETRY_AREA": 97398526199.740097, "STGEOMETRY_LEN": 11874290.154753501 }, "geometry": { "type": "Point", "coordinates": [ -110.15903, 36.80918 ] } },
{ "type": "Feature", "properties": { "OBJECTID": 5437, "Join_Count": 1, "TARGET_FID": 5437, "JOIN_FID": 122, "DEP_ID": "10027393", "SITE_NAME": "B. Maher Claim No. 2", "DEV_STAT": "Occurrence", "URL": "https://mrdata.usgs.gov/mrds/show-mrds.php?dep_id=10027393", "CODE_LIST": " CU U", "Grade": "C", "AIANNH": "2430", "FSRFLG": "F", "AIANNHNS": "00041148", "AREALAND": 63271277922.0, "ALANDHIST": 63271277953.0, "AREAWATER": 61699340.0, "AWATERHIST": 61699340.0, "AIANNHCC": "D1", "EFFDATE": null, "ESTABDATE": null, "FUNCSTAT": "A", "GCFLG": null, "GEOID": "2430M", "LSADC": "86", "MTFCC": "G2100", "BASENAME": "Navajo Nation", "NAME": "Navajo Nation Reservation and Off-Reservation Trust Land", "ObjID": "25190492973741", "AIANNHCOMP": "M", "STATEFP1": "0448845", "STATEFP2": "3551580", "STATEFP3": "4953920", "UR": null, "VINTAGE": "90", "AIANNHFP1": "04-48845", "AIANNHFP2": "35-51580", "AIANNHFP3": "49-53920", "HU100": null, "POP100": null, "CENTLAT": "+36.1692268", "CENTLON": "-109.7686784", "INTPTLAT": "+36.1713058", "INTPTLON": "-109.7627696", "STGEOMETRY_AREA": 97398526199.740097, "STGEOMETRY_LEN": 11874290.154753501 }, "geometry": { "type": "Point", "coordinates": [ -110.15764, 36.81057 ] } },
{ "type": "Feature", "properties": { "OBJECTID": 5477, "Join_Count": 1, "TARGET_FID": 5477, "JOIN_FID": 122, "DEP_ID": "10027497", "SITE_NAME": "Johnny Mccoy No. 1 Mine", "DEV_STAT": "Occurrence", "URL": "https://mrdata.usgs.gov/mrds/show-mrds.php?dep_id=10027497", "CODE_LIST": " U V", "Grade": "C", "AIANNH": "2430", "FSRFLG": "F", "AIANNHNS": "00041148", "AREALAND": 63271277922.0, "ALANDHIST": 63271277953.0, "AREAWATER": 61699340.0, "AWATERHIST": 61699340.0, "AIANNHCC": "D1", "EFFDATE": null, "ESTABDATE": null, "FUNCSTAT": "A", "GCFLG": null, "GEOID": "2430M", "LSADC": "86", "MTFCC": "G2100", "BASENAME": "Navajo Nation", "NAME": "Navajo Nation Reservation and Off-Reservation Trust Land", "ObjID": "25190492973741", "AIANNHCOMP": "M", "STATEFP1": "0448845", "STATEFP2": "3551580", "STATEFP3": "4953920", "UR": null, "VINTAGE": "90", "AIANNHFP1": "04-48845", "AIANNHFP2": "35-51580", "AIANNHFP3": "49-53920", "HU100": null, "POP100": null, "CENTLAT": "+36.1692268", "CENTLON": "-109.7686784", "INTPTLAT": "+36.1713058", "INTPTLON": "-109.7627696", "STGEOMETRY_AREA": 97398526199.740097, "STGEOMETRY_LEN": 11874290.154753501 }, "geometry": { "type": "Point", "coordinates": [ -109.43512, 36.86029 ] } },
{ "type": "Feature", "properties": { "OBJECTID": 5495, "Join_Count": 1, "TARGET_FID": 5495, "JOIN_FID": 122, "DEP_ID": "10027461", "SITE_NAME": "Cecil Todechenee Claim", "DEV_STAT": "Occurrence", "URL": "https://mrdata.usgs.gov/mrds/show-mrds.php?dep_id=10027461", "CODE_LIST": " U CU", "Grade": "C", "AIANNH": "2430", "FSRFLG": "F", "AIANNHNS": "00041148", "AREALAND": 63271277922.0, "ALANDHIST": 63271277953.0, "AREAWATER": 61699340.0, "AWATERHIST": 61699340.0, "AIANNHCC": "D1", "EFFDATE": null, "ESTABDATE": null, "FUNCSTAT": "A", "GCFLG": null, "GEOID": "2430M", "LSADC": "86", "MTFCC": "G2100", "BASENAME": "Navajo Nation", "NAME": "Navajo Nation Reservation and Off-Reservation Trust Land", "ObjID": "25190492973741", "AIANNHCOMP": "M", "STATEFP1": "0448845", "STATEFP2": "3551580", "STATEFP3": "4953920", "UR": null, "VINTAGE": "90", "AIANNHFP1": "04-48845", "AIANNHFP2": "35-51580", "AIANNHFP3": "49-53920", "HU100": null, "POP100": null, "CENTLAT": "+36.1692268", "CENTLON": "-109.7686784", "INTPTLAT": "+36.1713058", "INTPTLON": "-109.7627696", "STGEOMETRY_AREA": 97398526199.740097, "STGEOMETRY_LEN": 11874290.154753501 }, "geometry": { "type": "Point", "coordinates": [ -110.4171, 36.8764 ] } },
{ "type": "Feature", "properties": { "OBJECTID": 5509, "Join_Count": 1, "TARGET_FID": 5509, "JOIN_FID": 122, "DEP_ID": "10048216", "SITE_NAME": "Hunt's Mesa", "DEV_STAT": "Occurrence", "URL": "https://mrdata.usgs.gov/mrds/show-mrds.php?dep_id=10048216", "CODE_LIST": " U CU", "Grade": "C", "AIANNH": "2430", "FSRFLG": "F", "AIANNHNS": "00041148", "AREALAND": 63271277922.0, "ALANDHIST": 63271277953.0, "AREAWATER": 61699340.0, "AWATERHIST": 61699340.0, "AIANNHCC": "D1", "EFFDATE": null, "ESTABDATE": null, "FUNCSTAT": "A", "GCFLG": null, "GEOID": "2430M", "LSADC": "86", "MTFCC": "G2100", "BASENAME": "Navajo Nation", "NAME": "Navajo Nation Reservation and Off-Reservation Trust Land", "ObjID": "25190492973741", "AIANNHCOMP": "M", "STATEFP1": "0448845", "STATEFP2": "3551580", "STATEFP3": "4953920", "UR": null, "VINTAGE": "90", "AIANNHFP1": "04-48845", "AIANNHFP2": "35-51580", "AIANNHFP3": "49-53920", "HU100": null, "POP100": null, "CENTLAT": "+36.1692268", "CENTLON": "-109.7686784", "INTPTLAT": "+36.1713058", "INTPTLON": "-109.7627696", "STGEOMETRY_AREA": 97398526199.740097, "STGEOMETRY_LEN": 11874290.154753501 }, "geometry": { "type": "Point", "coordinates": [ -110.05903, 36.88334 ] } },
{ "type": "Feature", "properties": { "OBJECTID": 5537, "Join_Count": 1, "TARGET_FID": 5537, "JOIN_FID": 32, "DEP_ID": "10014286", "SITE_NAME": "Shiprock Group", "DEV_STAT": "Occurrence", "URL": "https://mrdata.usgs.gov/mrds/show-mrds.php?dep_id=10014286", "CODE_LIST": " TI_M FE ZR TH", "Grade": "C", "AIANNH": "4470", "FSRFLG": "F", "AIANNHNS": "00169579", "AREALAND": 2332951443.0, "ALANDHIST": 2332951443.0, "AREAWATER": 354826.0, "AWATERHIST": 354826.0, "AIANNHCC": "D1", "EFFDATE": null, "ESTABDATE": null, "FUNCSTAT": "A", "GCFLG": null, "GEOID": "4470M", "LSADC": "86", "MTFCC": "G2100", "BASENAME": "Ute Mountain", "NAME": "Ute Mountain Reservation and Off-Reservation Trust Land", "ObjID": "25190375568643", "AIANNHCOMP": "M", "STATEFP1": "0879930", "STATEFP2": "3581380", "STATEFP3": "4979270", "UR": null, "VINTAGE": "90", "AIANNHFP1": "08-79930", "AIANNHFP2": "35-81380", "AIANNHFP3": "49-79270", "HU100": null, "POP100": null, "CENTLAT": "+37.1039866", "CENTLON": "-108.6621420", "INTPTLAT": "+37.1461289", "INTPTLON": "-108.6129503", "STGEOMETRY_AREA": 3675073352.59969, "STGEOMETRY_LEN": 581420.76483163994 }, "geometry": { "type": "Point", "coordinates": [ -108.50065, 36.9028 ] } },
{ "type": "Feature", "properties": { "OBJECTID": 5556, "Join_Count": 1, "TARGET_FID": 5556, "JOIN_FID": 122, "DEP_ID": "10027510", "SITE_NAME": "Garnet Ridge", "DEV_STAT": "Occurrence", "URL": "https://mrdata.usgs.gov/mrds/show-mrds.php?dep_id=10027510", "CODE_LIST": " GEM ABR_G U CU", "Grade": "C", "AIANNH": "2430", "FSRFLG": "F", "AIANNHNS": "00041148", "AREALAND": 63271277922.0, "ALANDHIST": 63271277953.0, "AREAWATER": 61699340.0, "AWATERHIST": 61699340.0, "AIANNHCC": "D1", "EFFDATE": null, "ESTABDATE": null, "FUNCSTAT": "A", "GCFLG": null, "GEOID": "2430M", "LSADC": "86", "MTFCC": "G2100", "BASENAME": "Navajo Nation", "NAME": "Navajo Nation Reservation and Off-Reservation Trust Land", "ObjID": "25190492973741", "AIANNHCOMP": "M", "STATEFP1": "0448845", "STATEFP2": "3551580", "STATEFP3": "4953920", "UR": null, "VINTAGE": "90", "AIANNHFP1": "04-48845", "AIANNHFP2": "35-51580", "AIANNHFP3": "49-53920", "HU100": null, "POP100": null, "CENTLAT": "+36.1692268", "CENTLON": "-109.7686784", "INTPTLAT": "+36.1713058", "INTPTLON": "-109.7627696", "STGEOMETRY_AREA": 97398526199.740097, "STGEOMETRY_LEN": 11874290.154753501 }, "geometry": { "type": "Point", "coordinates": [ -109.78791, 36.92501 ] } },
{ "type": "Feature", "properties": { "OBJECTID": 5574, "Join_Count": 1, "TARGET_FID": 5574, "JOIN_FID": 122, "DEP_ID": "10027365", "SITE_NAME": "H. Binoli Claim", "DEV_STAT": "Occurrence", "URL": "https://mrdata.usgs.gov/mrds/show-mrds.php?dep_id=10027365", "CODE_LIST": " U CU V", "Grade": "C", "AIANNH": "2430", "FSRFLG": "F", "AIANNHNS": "00041148", "AREALAND": 63271277922.0, "ALANDHIST": 63271277953.0, "AREAWATER": 61699340.0, "AWATERHIST": 61699340.0, "AIANNHCC": "D1", "EFFDATE": null, "ESTABDATE": null, "FUNCSTAT": "A", "GCFLG": null, "GEOID": "2430M", "LSADC": "86", "MTFCC": "G2100", "BASENAME": "Navajo Nation", "NAME": "Navajo Nation Reservation and Off-Reservation Trust Land", "ObjID": "25190492973741", "AIANNHCOMP": "M", "STATEFP1": "0448845", "STATEFP2": "3551580", "STATEFP3": "4953920", "UR": null, "VINTAGE": "90", "AIANNHFP1": "04-48845", "AIANNHFP2": "35-51580", "AIANNHFP3": "49-53920", "HU100": null, "POP100": null, "CENTLAT": "+36.1692268", "CENTLON": "-109.7686784", "INTPTLAT": "+36.1713058", "INTPTLON": "-109.7627696", "STGEOMETRY_AREA": 97398526199.740097, "STGEOMETRY_LEN": 11874290.154753501 }, "geometry": { "type": "Point", "coordinates": [ -110.1132, 36.95529 ] } },
{ "type": "Feature", "properties": { "OBJECTID": 5575, "Join_Count": 1, "TARGET_FID": 5575, "JOIN_FID": 122, "DEP_ID": "10027422", "SITE_NAME": "Cresent Prospect", "DEV_STAT": "Occurrence", "URL": "https://mrdata.usgs.gov/mrds/show-mrds.php?dep_id=10027422", "CODE_LIST": " CU", "Grade": "C", "AIANNH": "2430", "FSRFLG": "F", "AIANNHNS": "00041148", "AREALAND": 63271277922.0, "ALANDHIST": 63271277953.0, "AREAWATER": 61699340.0, "AWATERHIST": 61699340.0, "AIANNHCC": "D1", "EFFDATE": null, "ESTABDATE": null, "FUNCSTAT": "A", "GCFLG": null, "GEOID": "2430M", "LSADC": "86", "MTFCC": "G2100", "BASENAME": "Navajo Nation", "NAME": "Navajo Nation Reservation and Off-Reservation Trust Land", "ObjID": "25190492973741", "AIANNHCOMP": "M", "STATEFP1": "0448845", "STATEFP2": "3551580", "STATEFP3": "4953920", "UR": null, "VINTAGE": "90", "AIANNHFP1": "04-48845", "AIANNHFP2": "35-51580", "AIANNHFP3": "49-53920", "HU100": null, "POP100": null, "CENTLAT": "+36.1692268", "CENTLON": "-109.7686784", "INTPTLAT": "+36.1713058", "INTPTLON": "-109.7627696", "STGEOMETRY_AREA": 97398526199.740097, "STGEOMETRY_LEN": 11874290.154753501 }, "geometry": { "type": "Point", "coordinates": [ -110.38182, 36.9564 ] } },
{ "type": "Feature", "properties": { "OBJECTID": 5582, "Join_Count": 1, "TARGET_FID": 5582, "JOIN_FID": 122, "DEP_ID": "10048215", "SITE_NAME": "Mitchell Mesa Prospects", "DEV_STAT": "Occurrence", "URL": "https://mrdata.usgs.gov/mrds/show-mrds.php?dep_id=10048215", "CODE_LIST": " U V CU MO", "Grade": "C", "AIANNH": "2430", "FSRFLG": "F", "AIANNHNS": "00041148", "AREALAND": 63271277922.0, "ALANDHIST": 63271277953.0, "AREAWATER": 61699340.0, "AWATERHIST": 61699340.0, "AIANNHCC": "D1", "EFFDATE": null, "ESTABDATE": null, "FUNCSTAT": "A", "GCFLG": null, "GEOID": "2430M", "LSADC": "86", "MTFCC": "G2100", "BASENAME": "Navajo Nation", "NAME": "Navajo Nation Reservation and Off-Reservation Trust Land", "ObjID": "25190492973741", "AIANNHCOMP": "M", "STATEFP1": "0448845", "STATEFP2": "3551580", "STATEFP3": "4953920", "UR": null, "VINTAGE": "90", "AIANNHFP1": "04-48845", "AIANNHFP2": "35-51580", "AIANNHFP3": "49-53920", "HU100": null, "POP100": null, "CENTLAT": "+36.1692268", "CENTLON": "-109.7686784", "INTPTLAT": "+36.1713058", "INTPTLON": "-109.7627696", "STGEOMETRY_AREA": 97398526199.740097, "STGEOMETRY_LEN": 11874290.154753501 }, "geometry": { "type": "Point", "coordinates": [ -110.11737, 36.96668 ] } },
{ "type": "Feature", "properties": { "OBJECTID": 5594, "Join_Count": 1, "TARGET_FID": 5594, "JOIN_FID": 645, "DEP_ID": "10026251", "SITE_NAME": "Picher Field", "DEV_STAT": "Occurrence", "URL": "https://mrdata.usgs.gov/mrds/show-mrds.php?dep_id=10026251", "CODE_LIST": " PB ZN", "Grade": "C", "AIANNH": "5810", "FSRFLG": "F", "AIANNHNS": "02419193", "AREALAND": 223772445.0, "ALANDHIST": 223772445.0, "AREAWATER": 1225798.0, "AWATERHIST": 1225798.0, "AIANNHCC": "D6", "EFFDATE": null, "ESTABDATE": null, "FUNCSTAT": "S", "GCFLG": null, "GEOID": "5810R", "LSADC": "88", "MTFCC": "G2140", "BASENAME": "Quapaw", "NAME": "Quapaw OTSA", "ObjID": "22490437911967", "AIANNHCOMP": "R", "STATEFP1": "4061410", "STATEFP2": null, "STATEFP3": null, "UR": null, "VINTAGE": "90", "AIANNHFP1": "40-61410", "AIANNHFP2": null, "AIANNHFP3": null, "HU100": null, "POP100": null, "CENTLAT": "+36.9591554", "CENTLON": "-094.7626241", "INTPTLAT": "+36.9633168", "INTPTLON": "-094.7662662", "STGEOMETRY_AREA": 353043977.27523202, "STGEOMETRY_LEN": 87710.812736210006 }, "geometry": { "type": "Point", "coordinates": [ -94.83357, 36.9834 ] } },
{ "type": "Feature", "properties": { "OBJECTID": 5596, "Join_Count": 1, "TARGET_FID": 5596, "JOIN_FID": 122, "DEP_ID": "10027473", "SITE_NAME": "Fred Todechenee Claim", "DEV_STAT": "Occurrence", "URL": "https://mrdata.usgs.gov/mrds/show-mrds.php?dep_id=10027473", "CODE_LIST": " U CU", "Grade": "C", "AIANNH": "2430", "FSRFLG": "F", "AIANNHNS": "00041148", "AREALAND": 63271277922.0, "ALANDHIST": 63271277953.0, "AREAWATER": 61699340.0, "AWATERHIST": 61699340.0, "AIANNHCC": "D1", "EFFDATE": null, "ESTABDATE": null, "FUNCSTAT": "A", "GCFLG": null, "GEOID": "2430M", "LSADC": "86", "MTFCC": "G2100", "BASENAME": "Navajo Nation", "NAME": "Navajo Nation Reservation and Off-Reservation Trust Land", "ObjID": "25190492973741", "AIANNHCOMP": "M", "STATEFP1": "0448845", "STATEFP2": "3551580", "STATEFP3": "4953920", "UR": null, "VINTAGE": "90", "AIANNHFP1": "04-48845", "AIANNHFP2": "35-51580", "AIANNHFP3": "49-53920", "HU100": null, "POP100": null, "CENTLAT": "+36.1692268", "CENTLON": "-109.7686784", "INTPTLAT": "+36.1713058", "INTPTLON": "-109.7627696", "STGEOMETRY_AREA": 97398526199.740097, "STGEOMETRY_LEN": 11874290.154753501 }, "geometry": { "type": "Point", "coordinates": [ -110.49404, 36.98445 ] } },
{ "type": "Feature", "properties": { "OBJECTID": 5597, "Join_Count": 1, "TARGET_FID": 5597, "JOIN_FID": 122, "DEP_ID": "10027460", "SITE_NAME": "Alfred Miles Claim", "DEV_STAT": "Occurrence", "URL": "https://mrdata.usgs.gov/mrds/show-mrds.php?dep_id=10027460", "CODE_LIST": " U CU", "Grade": "C", "AIANNH": "2430", "FSRFLG": "F", "AIANNHNS": "00041148", "AREALAND": 63271277922.0, "ALANDHIST": 63271277953.0, "AREAWATER": 61699340.0, "AWATERHIST": 61699340.0, "AIANNHCC": "D1", "EFFDATE": null, "ESTABDATE": null, "FUNCSTAT": "A", "GCFLG": null, "GEOID": "2430M", "LSADC": "86", "MTFCC": "G2100", "BASENAME": "Navajo Nation", "NAME": "Navajo Nation Reservation and Off-Reservation Trust Land", "ObjID": "25190492973741", "AIANNHCOMP": "M", "STATEFP1": "0448845", "STATEFP2": "3551580", "STATEFP3": "4953920", "UR": null, "VINTAGE": "90", "AIANNHFP1": "04-48845", "AIANNHFP2": "35-51580", "AIANNHFP3": "49-53920", "HU100": null, "POP100": null, "CENTLAT": "+36.1692268", "CENTLON": "-109.7686784", "INTPTLAT": "+36.1713058", "INTPTLON": "-109.7627696", "STGEOMETRY_AREA": 97398526199.740097, "STGEOMETRY_LEN": 11874290.154753501 }, "geometry": { "type": "Point", "coordinates": [ -110.49404, 36.98445 ] } },
{ "type": "Feature", "properties": { "OBJECTID": 5617, "Join_Count": 1, "TARGET_FID": 5617, "JOIN_FID": 122, "DEP_ID": "10079277", "SITE_NAME": "Copper Point", "DEV_STAT": "Occurrence", "URL": "https://mrdata.usgs.gov/mrds/show-mrds.php?dep_id=10079277", "CODE_LIST": " CU U", "Grade": "C", "AIANNH": "2430", "FSRFLG": "F", "AIANNHNS": "00041148", "AREALAND": 63271277922.0, "ALANDHIST": 63271277953.0, "AREAWATER": 61699340.0, "AWATERHIST": 61699340.0, "AIANNHCC": "D1", "EFFDATE": null, "ESTABDATE": null, "FUNCSTAT": "A", "GCFLG": null, "GEOID": "2430M", "LSADC": "86", "MTFCC": "G2100", "BASENAME": "Navajo Nation", "NAME": "Navajo Nation Reservation and Off-Reservation Trust Land", "ObjID": "25190492973741", "AIANNHCOMP": "M", "STATEFP1": "0448845", "STATEFP2": "3551580", "STATEFP3": "4953920", "UR": null, "VINTAGE": "90", "AIANNHFP1": "04-48845", "AIANNHFP2": "35-51580", "AIANNHFP3": "49-53920", "HU100": null, "POP100": null, "CENTLAT": "+36.1692268", "CENTLON": "-109.7686784", "INTPTLAT": "+36.1713058", "INTPTLON": "-109.7627696", "STGEOMETRY_AREA": 97398526199.740097, "STGEOMETRY_LEN": 11874290.154753501 }, "geometry": { "type": "Point", "coordinates": [ -110.32099, 37.01807 ] } },
{ "type": "Feature", "properties": { "OBJECTID": 5618, "Join_Count": 1, "TARGET_FID": 5618, "JOIN_FID": 122, "DEP_ID": "10089482", "SITE_NAME": "Monument 3", "DEV_STAT": "Occurrence", "URL": "https://mrdata.usgs.gov/mrds/show-mrds.php?dep_id=10089482", "CODE_LIST": " U CU", "Grade": "C", "AIANNH": "2430", "FSRFLG": "F", "AIANNHNS": "00041148", "AREALAND": 63271277922.0, "ALANDHIST": 63271277953.0, "AREAWATER": 61699340.0, "AWATERHIST": 61699340.0, "AIANNHCC": "D1", "EFFDATE": null, "ESTABDATE": null, "FUNCSTAT": "A", "GCFLG": null, "GEOID": "2430M", "LSADC": "86", "MTFCC": "G2100", "BASENAME": "Navajo Nation", "NAME": "Navajo Nation Reservation and Off-Reservation Trust Land", "ObjID": "25190492973741", "AIANNHCOMP": "M", "STATEFP1": "0448845", "STATEFP2": "3551580", "STATEFP3": "4953920", "UR": null, "VINTAGE": "90", "AIANNHFP1": "04-48845", "AIANNHFP2": "35-51580", "AIANNHFP3": "49-53920", "HU100": null, "POP100": null, "CENTLAT": "+36.1692268", "CENTLON": "-109.7686784", "INTPTLAT": "+36.1713058", "INTPTLON": "-109.7627696", "STGEOMETRY_AREA": 97398526199.740097, "STGEOMETRY_LEN": 11874290.154753501 }, "geometry": { "type": "Point", "coordinates": [ -110.32099, 37.01807 ] } },
{ "type": "Feature", "properties": { "OBJECTID": 5620, "Join_Count": 1, "TARGET_FID": 5620, "JOIN_FID": 122, "DEP_ID": "10078621", "SITE_NAME": "Skyline Road", "DEV_STAT": "Occurrence", "URL": "https://mrdata.usgs.gov/mrds/show-mrds.php?dep_id=10078621", "CODE_LIST": " U CU", "Grade": "C", "AIANNH": "2430", "FSRFLG": "F", "AIANNHNS": "00041148", "AREALAND": 63271277922.0, "ALANDHIST": 63271277953.0, "AREAWATER": 61699340.0, "AWATERHIST": 61699340.0, "AIANNHCC": "D1", "EFFDATE": null, "ESTABDATE": null, "FUNCSTAT": "A", "GCFLG": null, "GEOID": "2430M", "LSADC": "86", "MTFCC": "G2100", "BASENAME": "Navajo Nation", "NAME": "Navajo Nation Reservation and Off-Reservation Trust Land", "ObjID": "25190492973741", "AIANNHCOMP": "M", "STATEFP1": "0448845", "STATEFP2": "3551580", "STATEFP3": "4953920", "UR": null, "VINTAGE": "90", "AIANNHFP1": "04-48845", "AIANNHFP2": "35-51580", "AIANNHFP3": "49-53920", "HU100": null, "POP100": null, "CENTLAT": "+36.1692268", "CENTLON": "-109.7686784", "INTPTLAT": "+36.1713058", "INTPTLON": "-109.7627696", "STGEOMETRY_AREA": 97398526199.740097, "STGEOMETRY_LEN": 11874290.154753501 }, "geometry": { "type": "Point", "coordinates": [ -110.26071, 37.01862 ] } },
{ "type": "Feature", "properties": { "OBJECTID": 5621, "Join_Count": 1, "TARGET_FID": 5621, "JOIN_FID": 122, "DEP_ID": "10079278", "SITE_NAME": "Tom Holliday Prospect", "DEV_STAT": "Occurrence", "URL": "https://mrdata.usgs.gov/mrds/show-mrds.php?dep_id=10079278", "CODE_LIST": " U", "Grade": "C", "AIANNH": "2430", "FSRFLG": "F", "AIANNHNS": "00041148", "AREALAND": 63271277922.0, "ALANDHIST": 63271277953.0, "AREAWATER": 61699340.0, "AWATERHIST": 61699340.0, "AIANNHCC": "D1", "EFFDATE": null, "ESTABDATE": null, "FUNCSTAT": "A", "GCFLG": null, "GEOID": "2430M", "LSADC": "86", "MTFCC": "G2100", "BASENAME": "Navajo Nation", "NAME": "Navajo Nation Reservation and Off-Reservation Trust Land", "ObjID": "25190492973741", "AIANNHCOMP": "M", "STATEFP1": "0448845", "STATEFP2": "3551580", "STATEFP3": "4953920", "UR": null, "VINTAGE": "90", "AIANNHFP1": "04-48845", "AIANNHFP2": "35-51580", "AIANNHFP3": "49-53920", "HU100": null, "POP100": null, "CENTLAT": "+36.1692268", "CENTLON": "-109.7686784", "INTPTLAT": "+36.1713058", "INTPTLON": "-109.7627696", "STGEOMETRY_AREA": 97398526199.740097, "STGEOMETRY_LEN": 11874290.154753501 }, "geometry": { "type": "Point", "coordinates": [ -110.26071, 37.01862 ] } },
{ "type": "Feature", "properties": { "OBJECTID": 5632, "Join_Count": 1, "TARGET_FID": 5632, "JOIN_FID": 122, "DEP_ID": "10089483", "SITE_NAME": "Mitten #3", "DEV_STAT": "Occurrence", "URL": "https://mrdata.usgs.gov/mrds/show-mrds.php?dep_id=10089483", "CODE_LIST": " U", "Grade": "C", "AIANNH": "2430", "FSRFLG": "F", "AIANNHNS": "00041148", "AREALAND": 63271277922.0, "ALANDHIST": 63271277953.0, "AREAWATER": 61699340.0, "AWATERHIST": 61699340.0, "AIANNHCC": "D1", "EFFDATE": null, "ESTABDATE": null, "FUNCSTAT": "A", "GCFLG": null, "GEOID": "2430M", "LSADC": "86", "MTFCC": "G2100", "BASENAME": "Navajo Nation", "NAME": "Navajo Nation Reservation and Off-Reservation Trust Land", "ObjID": "25190492973741", "AIANNHCOMP": "M", "STATEFP1": "0448845", "STATEFP2": "3551580", "STATEFP3": "4953920", "UR": null, "VINTAGE": "90", "AIANNHFP1": "04-48845", "AIANNHFP2": "35-51580", "AIANNHFP3": "49-53920", "HU100": null, "POP100": null, "CENTLAT": "+36.1692268", "CENTLON": "-109.7686784", "INTPTLAT": "+36.1713058", "INTPTLON": "-109.7627696", "STGEOMETRY_AREA": 97398526199.740097, "STGEOMETRY_LEN": 11874290.154753501 }, "geometry": { "type": "Point", "coordinates": [ -110.33627, 37.04195 ] } },
{ "type": "Feature", "properties": { "OBJECTID": 5697, "Join_Count": 1, "TARGET_FID": 5697, "JOIN_FID": 32, "DEP_ID": "10090136", "SITE_NAME": "Mancos River Black Sand Deposit", "DEV_STAT": "Occurrence", "URL": "https://mrdata.usgs.gov/mrds/show-mrds.php?dep_id=10090136", "CODE_LIST": " U TH ZR TI_M FE REE", "Grade": "B", "AIANNH": "4470", "FSRFLG": "F", "AIANNHNS": "00169579", "AREALAND": 2332951443.0, "ALANDHIST": 2332951443.0, "AREAWATER": 354826.0, "AWATERHIST": 354826.0, "AIANNHCC": "D1", "EFFDATE": null, "ESTABDATE": null, "FUNCSTAT": "A", "GCFLG": null, "GEOID": "4470M", "LSADC": "86", "MTFCC": "G2100", "BASENAME": "Ute Mountain", "NAME": "Ute Mountain Reservation and Off-Reservation Trust Land", "ObjID": "25190375568643", "AIANNHCOMP": "M", "STATEFP1": "0879930", "STATEFP2": "3581380", "STATEFP3": "4979270", "UR": null, "VINTAGE": "90", "AIANNHFP1": "08-79930", "AIANNHFP2": "35-81380", "AIANNHFP3": "49-79270", "HU100": null, "POP100": null, "CENTLAT": "+37.1039866", "CENTLON": "-108.6621420", "INTPTLAT": "+37.1461289", "INTPTLON": "-108.6129503", "STGEOMETRY_AREA": 3675073352.59969, "STGEOMETRY_LEN": 581420.76483163994 }, "geometry": { "type": "Point", "coordinates": [ -108.65538, 37.12668 ] } },
{ "type": "Feature", "properties": { "OBJECTID": 5702, "Join_Count": 1, "TARGET_FID": 5702, "JOIN_FID": 39, "DEP_ID": "10088408", "SITE_NAME": "Gypsum Deposit", "DEV_STAT": "Occurrence", "URL": "https://mrdata.usgs.gov/mrds/show-mrds.php?dep_id=10088408", "CODE_LIST": " GYP", "Grade": "C", "AIANNH": "2625", "FSRFLG": "F", "AIANNHNS": "01436088", "AREALAND": 131131216.0, "ALANDHIST": 131131216.0, "AREAWATER": 29024.0, "AWATERHIST": 29024.0, "AIANNHCC": "D2", "EFFDATE": null, "ESTABDATE": null, "FUNCSTAT": "A", "GCFLG": null, "GEOID": "2625R", "LSADC": "86", "MTFCC": "G2100", "BASENAME": "Paiute (UT)", "NAME": "Paiute (UT) Reservation", "ObjID": "25190476260831", "AIANNHCOMP": "R", "STATEFP1": "4957465", "STATEFP2": null, "STATEFP3": null, "UR": null, "VINTAGE": "90", "AIANNHFP1": "49-57465", "AIANNHFP2": null, "AIANNHFP3": null, "HU100": null, "POP100": null, "CENTLAT": "+37.3227759", "CENTLON": "-113.6099463", "INTPTLAT": "+37.1701757", "INTPTLON": "-113.7832703", "STGEOMETRY_AREA": 207798907.13941699, "STGEOMETRY_LEN": 120178.01380607999 }, "geometry": { "type": "Point", "coordinates": [ -113.77248, 37.14026 ] } },
{ "type": "Feature", "properties": { "OBJECTID": 5833, "Join_Count": 1, "TARGET_FID": 5833, "JOIN_FID": 32, "DEP_ID": "10014208", "SITE_NAME": "Mcelmo Creek Area", "DEV_STAT": "Producer", "URL": "https://mrdata.usgs.gov/mrds/show-mrds.php?dep_id=10014208", "CODE_LIST": " CO2 GAS OIL U V CU AG MN AU", "Grade": "B", "AIANNH": "4470", "FSRFLG": "F", "AIANNHNS": "00169579", "AREALAND": 2332951443.0, "ALANDHIST": 2332951443.0, "AREAWATER": 354826.0, "AWATERHIST": 354826.0, "AIANNHCC": "D1", "EFFDATE": null, "ESTABDATE": null, "FUNCSTAT": "A", "GCFLG": null, "GEOID": "4470M", "LSADC": "86", "MTFCC": "G2100", "BASENAME": "Ute Mountain", "NAME": "Ute Mountain Reservation and Off-Reservation Trust Land", "ObjID": "25190375568643", "AIANNHCOMP": "M", "STATEFP1": "0879930", "STATEFP2": "3581380", "STATEFP3": "4979270", "UR": null, "VINTAGE": "90", "AIANNHFP1": "08-79930", "AIANNHFP2": "35-81380", "AIANNHFP3": "49-79270", "HU100": null, "POP100": null, "CENTLAT": "+37.1039866", "CENTLON": "-108.6621420", "INTPTLAT": "+37.1461289", "INTPTLON": "-108.6129503", "STGEOMETRY_AREA": 3675073352.59969, "STGEOMETRY_LEN": 581420.76483163994 }, "geometry": { "type": "Point", "coordinates": [ -108.77845, 37.2839 ] } },
{ "type": "Feature", "properties": { "OBJECTID": 5847, "Join_Count": 1, "TARGET_FID": 5847, "JOIN_FID": 32, "DEP_ID": "10014207", "SITE_NAME": "Little Maude Mine", "DEV_STAT": "Occurrence", "URL": "https://mrdata.usgs.gov/mrds/show-mrds.php?dep_id=10014207", "CODE_LIST": " CU", "Grade": "B", "AIANNH": "4470", "FSRFLG": "F", "AIANNHNS": "00169579", "AREALAND": 2332951443.0, "ALANDHIST": 2332951443.0, "AREAWATER": 354826.0, "AWATERHIST": 354826.0, "AIANNHCC": "D1", "EFFDATE": null, "ESTABDATE": null, "FUNCSTAT": "A", "GCFLG": null, "GEOID": "4470M", "LSADC": "86", "MTFCC": "G2100", "BASENAME": "Ute Mountain", "NAME": "Ute Mountain Reservation and Off-Reservation Trust Land", "ObjID": "25190375568643", "AIANNHCOMP": "M", "STATEFP1": "0879930", "STATEFP2": "3581380", "STATEFP3": "4979270", "UR": null, "VINTAGE": "90", "AIANNHFP1": "08-79930", "AIANNHFP2": "35-81380", "AIANNHFP3": "49-79270", "HU100": null, "POP100": null, "CENTLAT": "+37.1039866", "CENTLON": "-108.6621420", "INTPTLAT": "+37.1461289", "INTPTLON": "-108.6129503", "STGEOMETRY_AREA": 3675073352.59969, "STGEOMETRY_LEN": 581420.76483163994 }, "geometry": { "type": "Point", "coordinates": [ -108.799, 37.2939 ] } },
{ "type": "Feature", "properties": { "OBJECTID": 5874, "Join_Count": 1, "TARGET_FID": 5874, "JOIN_FID": 32, "DEP_ID": "10014210", "SITE_NAME": "Ute Creek Dike Prospects", "DEV_STAT": "Occurrence", "URL": "https://mrdata.usgs.gov/mrds/show-mrds.php?dep_id=10014210", "CODE_LIST": " CU MN", "Grade": "B", "AIANNH": "4470", "FSRFLG": "F", "AIANNHNS": "00169579", "AREALAND": 2332951443.0, "ALANDHIST": 2332951443.0, "AREAWATER": 354826.0, "AWATERHIST": 354826.0, "AIANNHCC": "D1", "EFFDATE": null, "ESTABDATE": null, "FUNCSTAT": "A", "GCFLG": null, "GEOID": "4470M", "LSADC": "86", "MTFCC": "G2100", "BASENAME": "Ute Mountain", "NAME": "Ute Mountain Reservation and Off-Reservation Trust Land", "ObjID": "25190375568643", "AIANNHCOMP": "M", "STATEFP1": "0879930", "STATEFP2": "3581380", "STATEFP3": "4979270", "UR": null, "VINTAGE": "90", "AIANNHFP1": "08-79930", "AIANNHFP2": "35-81380", "AIANNHFP3": "49-79270", "HU100": null, "POP100": null, "CENTLAT": "+37.1039866", "CENTLON": "-108.6621420", "INTPTLAT": "+37.1461289", "INTPTLON": "-108.6129503", "STGEOMETRY_AREA": 3675073352.59969, "STGEOMETRY_LEN": 581420.76483163994 }, "geometry": { "type": "Point", "coordinates": [ -108.77539, 37.32334 ] } },
{ "type": "Feature", "properties": { "OBJECTID": 6043, "Join_Count": 1, "TARGET_FID": 6043, "JOIN_FID": 65, "DEP_ID": "10047122", "SITE_NAME": "Nevada Exploration Co. Property", "DEV_STAT": "Occurrence", "URL": "https://mrdata.usgs.gov/mrds/show-mrds.php?dep_id=10047122", "CODE_LIST": " AG PB AU", "Grade": "C", "AIANNH": "4180", "FSRFLG": "F", "AIANNHNS": "02419492", "AREALAND": 33116197.0, "ALANDHIST": 33116197.0, "AREAWATER": 0.0, "AWATERHIST": 0.0, "AIANNHCC": "D1", "EFFDATE": null, "ESTABDATE": "2000-01-12T00:00:00Z", "FUNCSTAT": "A", "GCFLG": null, "GEOID": "4180M", "LSADC": "86", "MTFCC": "G2100", "BASENAME": "Timbi-Sha Shoshone", "NAME": "Timbi-Sha Shoshone Reservation and Off-Reservation Trust Land", "ObjID": "25190322612885", "AIANNHCOMP": "M", "STATEFP1": "0678725", "STATEFP2": "3273100", "STATEFP3": null, "UR": null, "VINTAGE": "90", "AIANNHFP1": "06-78725", "AIANNHFP2": "32-73100", "AIANNHFP3": null, "HU100": null, "POP100": null, "CENTLAT": "+37.1121836", "CENTLON": "-117.1822300", "INTPTLAT": "+37.4456367", "INTPTLON": "-117.5247411", "STGEOMETRY_AREA": 52178091.611077398, "STGEOMETRY_LEN": 76369.057113289993 }, "geometry": { "type": "Point", "coordinates": [ -117.52092, 37.45245 ] } },
{ "type": "Feature", "properties": { "OBJECTID": 8217, "Join_Count": 1, "TARGET_FID": 8217, "JOIN_FID": 696, "DEP_ID": "10028159", "SITE_NAME": "Crown Point", "DEV_STAT": "Occurrence", "URL": "https://mrdata.usgs.gov/mrds/show-mrds.php?dep_id=10028159", "CODE_LIST": " AU", "Grade": "C", "AIANNH": "8300", "FSRFLG": "F", "AIANNHNS": "02418631", "AREALAND": 5444349.0, "ALANDHIST": 5444374.0, "AREAWATER": 0.0, "AWATERHIST": 0.0, "AIANNHCC": "D6", "EFFDATE": null, "ESTABDATE": null, "FUNCSTAT": "S", "GCFLG": null, "GEOID": "8300R", "LSADC": "80", "MTFCC": "G2160", "BASENAME": "Ione Band of Miwok", "NAME": "Ione Band of Miwok TDSA", "ObjID": "22490143935999", "AIANNHCOMP": "R", "STATEFP1": "0636676", "STATEFP2": null, "STATEFP3": null, "UR": null, "VINTAGE": "90", "AIANNHFP1": "06-36676", "AIANNHFP2": null, "AIANNHFP3": null, "HU100": null, "POP100": null, "CENTLAT": "+38.4586665", "CENTLON": "-120.8484514", "INTPTLAT": "+38.4586665", "INTPTLON": "-120.8484514", "STGEOMETRY_AREA": 8892503.7384042405, "STGEOMETRY_LEN": 14559.617166579999 }, "geometry": { "type": "Point", "coordinates": [ -120.85546, 38.44323 ] } },
{ "type": "Feature", "properties": { "OBJECTID": 8265, "Join_Count": 1, "TARGET_FID": 8265, "JOIN_FID": 696, "DEP_ID": "10028152", "SITE_NAME": "North Henry Clay", "DEV_STAT": "Occurrence", "URL": "https://mrdata.usgs.gov/mrds/show-mrds.php?dep_id=10028152", "CODE_LIST": " AU", "Grade": "C", "AIANNH": "8300", "FSRFLG": "F", "AIANNHNS": "02418631", "AREALAND": 5444349.0, "ALANDHIST": 5444374.0, "AREAWATER": 0.0, "AWATERHIST": 0.0, "AIANNHCC": "D6", "EFFDATE": null, "ESTABDATE": null, "FUNCSTAT": "S", "GCFLG": null, "GEOID": "8300R", "LSADC": "80", "MTFCC": "G2160", "BASENAME": "Ione Band of Miwok", "NAME": "Ione Band of Miwok TDSA", "ObjID": "22490143935999", "AIANNHCOMP": "R", "STATEFP1": "0636676", "STATEFP2": null, "STATEFP3": null, "UR": null, "VINTAGE": "90", "AIANNHFP1": "06-36676", "AIANNHFP2": null, "AIANNHFP3": null, "HU100": null, "POP100": null, "CENTLAT": "+38.4586665", "CENTLON": "-120.8484514", "INTPTLAT": "+38.4586665", "INTPTLON": "-120.8484514", "STGEOMETRY_AREA": 8892503.7384042405, "STGEOMETRY_LEN": 14559.617166579999 }, "geometry": { "type": "Point", "coordinates": [ -120.84074, 38.45823 ] } },
{ "type": "Feature", "properties": { "OBJECTID": 8266, "Join_Count": 1, "TARGET_FID": 8266, "JOIN_FID": 696, "DEP_ID": "10028150", "SITE_NAME": "Hercules", "DEV_STAT": "Occurrence", "URL": "https://mrdata.usgs.gov/mrds/show-mrds.php?dep_id=10028150", "CODE_LIST": " AU", "Grade": "C", "AIANNH": "8300", "FSRFLG": "F", "AIANNHNS": "02418631", "AREALAND": 5444349.0, "ALANDHIST": 5444374.0, "AREAWATER": 0.0, "AWATERHIST": 0.0, "AIANNHCC": "D6", "EFFDATE": null, "ESTABDATE": null, "FUNCSTAT": "S", "GCFLG": null, "GEOID": "8300R", "LSADC": "80", "MTFCC": "G2160", "BASENAME": "Ione Band of Miwok", "NAME": "Ione Band of Miwok TDSA", "ObjID": "22490143935999", "AIANNHCOMP": "R", "STATEFP1": "0636676", "STATEFP2": null, "STATEFP3": null, "UR": null, "VINTAGE": "90", "AIANNHFP1": "06-36676", "AIANNHFP2": null, "AIANNHFP3": null, "HU100": null, "POP100": null, "CENTLAT": "+38.4586665", "CENTLON": "-120.8484514", "INTPTLAT": "+38.4586665", "INTPTLON": "-120.8484514", "STGEOMETRY_AREA": 8892503.7384042405, "STGEOMETRY_LEN": 14559.617166579999 }, "geometry": { "type": "Point", "coordinates": [ -120.83713, 38.45823 ] } },
{ "type": "Feature", "properties": { "OBJECTID": 8270, "Join_Count": 1, "TARGET_FID": 8270, "JOIN_FID": 696, "DEP_ID": "10097005", "SITE_NAME": "Monitor", "DEV_STAT": "Prospect", "URL": "https://mrdata.usgs.gov/mrds/show-mrds.php?dep_id=10097005", "CODE_LIST": " AU", "Grade": "C", "AIANNH": "8300", "FSRFLG": "F", "AIANNHNS": "02418631", "AREALAND": 5444349.0, "ALANDHIST": 5444374.0, "AREAWATER": 0.0, "AWATERHIST": 0.0, "AIANNHCC": "D6", "EFFDATE": null, "ESTABDATE": null, "FUNCSTAT": "S", "GCFLG": null, "GEOID": "8300R", "LSADC": "80", "MTFCC": "G2160", "BASENAME": "Ione Band of Miwok", "NAME": "Ione Band of Miwok TDSA", "ObjID": "22490143935999", "AIANNHCOMP": "R", "STATEFP1": "0636676", "STATEFP2": null, "STATEFP3": null, "UR": null, "VINTAGE": "90", "AIANNHFP1": "06-36676", "AIANNHFP2": null, "AIANNHFP3": null, "HU100": null, "POP100": null, "CENTLAT": "+38.4586665", "CENTLON": "-120.8484514", "INTPTLAT": "+38.4586665", "INTPTLON": "-120.8484514", "STGEOMETRY_AREA": 8892503.7384042405, "STGEOMETRY_LEN": 14559.617166579999 }, "geometry": { "type": "Point", "coordinates": [ -120.83602, 38.45907 ] } },
{ "type": "Feature", "properties": { "OBJECTID": 8271, "Join_Count": 1, "TARGET_FID": 8271, "JOIN_FID": 696, "DEP_ID": "10028149", "SITE_NAME": "Governor Bradford", "DEV_STAT": "Occurrence", "URL": "https://mrdata.usgs.gov/mrds/show-mrds.php?dep_id=10028149", "CODE_LIST": " AU", "Grade": "C", "AIANNH": "8300", "FSRFLG": "F", "AIANNHNS": "02418631", "AREALAND": 5444349.0, "ALANDHIST": 5444374.0, "AREAWATER": 0.0, "AWATERHIST": 0.0, "AIANNHCC": "D6", "EFFDATE": null, "ESTABDATE": null, "FUNCSTAT": "S", "GCFLG": null, "GEOID": "8300R", "LSADC": "80", "MTFCC": "G2160", "BASENAME": "Ione Band of Miwok", "NAME": "Ione Band of Miwok TDSA", "ObjID": "22490143935999", "AIANNHCOMP": "R", "STATEFP1": "0636676", "STATEFP2": null, "STATEFP3": null, "UR": null, "VINTAGE": "90", "AIANNHFP1": "06-36676", "AIANNHFP2": null, "AIANNHFP3": null, "HU100": null, "POP100": null, "CENTLAT": "+38.4586665", "CENTLON": "-120.8484514", "INTPTLAT": "+38.4586665", "INTPTLON": "-120.8484514", "STGEOMETRY_AREA": 8892503.7384042405, "STGEOMETRY_LEN": 14559.617166579999 }, "geometry": { "type": "Point", "coordinates": [ -120.8438, 38.45934 ] } },
{ "type": "Feature", "properties": { "OBJECTID": 8274, "Join_Count": 1, "TARGET_FID": 8274, "JOIN_FID": 696, "DEP_ID": "10095048", "SITE_NAME": "Chief", "DEV_STAT": "Occurrence", "URL": "https://mrdata.usgs.gov/mrds/show-mrds.php?dep_id=10095048", "CODE_LIST": " AU", "Grade": "C", "AIANNH": "8300", "FSRFLG": "F", "AIANNHNS": "02418631", "AREALAND": 5444349.0, "ALANDHIST": 5444374.0, "AREAWATER": 0.0, "AWATERHIST": 0.0, "AIANNHCC": "D6", "EFFDATE": null, "ESTABDATE": null, "FUNCSTAT": "S", "GCFLG": null, "GEOID": "8300R", "LSADC": "80", "MTFCC": "G2160", "BASENAME": "Ione Band of Miwok", "NAME": "Ione Band of Miwok TDSA", "ObjID": "22490143935999", "AIANNHCOMP": "R", "STATEFP1": "0636676", "STATEFP2": null, "STATEFP3": null, "UR": null, "VINTAGE": "90", "AIANNHFP1": "06-36676", "AIANNHFP2": null, "AIANNHFP3": null, "HU100": null, "POP100": null, "CENTLAT": "+38.4586665", "CENTLON": "-120.8484514", "INTPTLAT": "+38.4586665", "INTPTLON": "-120.8484514", "STGEOMETRY_AREA": 8892503.7384042405, "STGEOMETRY_LEN": 14559.617166579999 }, "geometry": { "type": "Point", "coordinates": [ -120.84519, 38.46073 ] } },
{ "type": "Feature", "properties": { "OBJECTID": 8275, "Join_Count": 1, "TARGET_FID": 8275, "JOIN_FID": 696, "DEP_ID": "10097006", "SITE_NAME": "Forty Nine", "DEV_STAT": "Prospect", "URL": "https://mrdata.usgs.gov/mrds/show-mrds.php?dep_id=10097006", "CODE_LIST": " AU", "Grade": "C", "AIANNH": "8300", "FSRFLG": "F", "AIANNHNS": "02418631", "AREALAND": 5444349.0, "ALANDHIST": 5444374.0, "AREAWATER": 0.0, "AWATERHIST": 0.0, "AIANNHCC": "D6", "EFFDATE": null, "ESTABDATE": null, "FUNCSTAT": "S", "GCFLG": null, "GEOID": "8300R", "LSADC": "80", "MTFCC": "G2160", "BASENAME": "Ione Band of Miwok", "NAME": "Ione Band of Miwok TDSA", "ObjID": "22490143935999", "AIANNHCOMP": "R", "STATEFP1": "0636676", "STATEFP2": null, "STATEFP3": null, "UR": null, "VINTAGE": "90", "AIANNHFP1": "06-36676", "AIANNHFP2": null, "AIANNHFP3": null, "HU100": null, "POP100": null, "CENTLAT": "+38.4586665", "CENTLON": "-120.8484514", "INTPTLAT": "+38.4586665", "INTPTLON": "-120.8484514", "STGEOMETRY_AREA": 8892503.7384042405, "STGEOMETRY_LEN": 14559.617166579999 }, "geometry": { "type": "Point", "coordinates": [ -120.84241, 38.46101 ] } },
{ "type": "Feature", "properties": { "OBJECTID": 8276, "Join_Count": 1, "TARGET_FID": 8276, "JOIN_FID": 696, "DEP_ID": "10028148", "SITE_NAME": "Golden Gate", "DEV_STAT": "Occurrence", "URL": "https://mrdata.usgs.gov/mrds/show-mrds.php?dep_id=10028148", "CODE_LIST": " AU", "Grade": "C", "AIANNH": "8300", "FSRFLG": "F", "AIANNHNS": "02418631", "AREALAND": 5444349.0, "ALANDHIST": 5444374.0, "AREAWATER": 0.0, "AWATERHIST": 0.0, "AIANNHCC": "D6", "EFFDATE": null, "ESTABDATE": null, "FUNCSTAT": "S", "GCFLG": null, "GEOID": "8300R", "LSADC": "80", "MTFCC": "G2160", "BASENAME": "Ione Band of Miwok", "NAME": "Ione Band of Miwok TDSA", "ObjID": "22490143935999", "AIANNHCOMP": "R", "STATEFP1": "0636676", "STATEFP2": null, "STATEFP3": null, "UR": null, "VINTAGE": "90", "AIANNHFP1": "06-36676", "AIANNHFP2": null, "AIANNHFP3": null, "HU100": null, "POP100": null, "CENTLAT": "+38.4586665", "CENTLON": "-120.8484514", "INTPTLAT": "+38.4586665", "INTPTLON": "-120.8484514", "STGEOMETRY_AREA": 8892503.7384042405, "STGEOMETRY_LEN": 14559.617166579999 }, "geometry": { "type": "Point", "coordinates": [ -120.84296, 38.46129 ] } },
{ "type": "Feature", "properties": { "OBJECTID": 8283, "Join_Count": 1, "TARGET_FID": 8283, "JOIN_FID": 696, "DEP_ID": "10028147", "SITE_NAME": "Bruce", "DEV_STAT": "Occurrence", "URL": "https://mrdata.usgs.gov/mrds/show-mrds.php?dep_id=10028147", "CODE_LIST": " AU", "Grade": "C", "AIANNH": "8300", "FSRFLG": "F", "AIANNHNS": "02418631", "AREALAND": 5444349.0, "ALANDHIST": 5444374.0, "AREAWATER": 0.0, "AWATERHIST": 0.0, "AIANNHCC": "D6", "EFFDATE": null, "ESTABDATE": null, "FUNCSTAT": "S", "GCFLG": null, "GEOID": "8300R", "LSADC": "80", "MTFCC": "G2160", "BASENAME": "Ione Band of Miwok", "NAME": "Ione Band of Miwok TDSA", "ObjID": "22490143935999", "AIANNHCOMP": "R", "STATEFP1": "0636676", "STATEFP2": null, "STATEFP3": null, "UR": null, "VINTAGE": "90", "AIANNHFP1": "06-36676", "AIANNHFP2": null, "AIANNHFP3": null, "HU100": null, "POP100": null, "CENTLAT": "+38.4586665", "CENTLON": "-120.8484514", "INTPTLAT": "+38.4586665", "INTPTLON": "-120.8484514", "STGEOMETRY_AREA": 8892503.7384042405, "STGEOMETRY_LEN": 14559.617166579999 }, "geometry": { "type": "Point", "coordinates": [ -120.84296, 38.46323 ] } },
{ "type": "Feature", "properties": { "OBJECTID": 8292, "Join_Count": 1, "TARGET_FID": 8292, "JOIN_FID": 696, "DEP_ID": "10095043", "SITE_NAME": "Fort John", "DEV_STAT": "Occurrence", "URL": "https://mrdata.usgs.gov/mrds/show-mrds.php?dep_id=10095043", "CODE_LIST": " AU", "Grade": "C", "AIANNH": "8300", "FSRFLG": "F", "AIANNHNS": "02418631", "AREALAND": 5444349.0, "ALANDHIST": 5444374.0, "AREAWATER": 0.0, "AWATERHIST": 0.0, "AIANNHCC": "D6", "EFFDATE": null, "ESTABDATE": null, "FUNCSTAT": "S", "GCFLG": null, "GEOID": "8300R", "LSADC": "80", "MTFCC": "G2160", "BASENAME": "Ione Band of Miwok", "NAME": "Ione Band of Miwok TDSA", "ObjID": "22490143935999", "AIANNHCOMP": "R", "STATEFP1": "0636676", "STATEFP2": null, "STATEFP3": null, "UR": null, "VINTAGE": "90", "AIANNHFP1": "06-36676", "AIANNHFP2": null, "AIANNHFP3": null, "HU100": null, "POP100": null, "CENTLAT": "+38.4586665", "CENTLON": "-120.8484514", "INTPTLAT": "+38.4586665", "INTPTLON": "-120.8484514", "STGEOMETRY_AREA": 8892503.7384042405, "STGEOMETRY_LEN": 14559.617166579999 }, "geometry": { "type": "Point", "coordinates": [ -120.84324, 38.46684 ] } },
{ "type": "Feature", "properties": { "OBJECTID": 8294, "Join_Count": 1, "TARGET_FID": 8294, "JOIN_FID": 696, "DEP_ID": "10095047", "SITE_NAME": "Victoria", "DEV_STAT": "Occurrence", "URL": "https://mrdata.usgs.gov/mrds/show-mrds.php?dep_id=10095047", "CODE_LIST": " AU", "Grade": "C", "AIANNH": "8300", "FSRFLG": "F", "AIANNHNS": "02418631", "AREALAND": 5444349.0, "ALANDHIST": 5444374.0, "AREAWATER": 0.0, "AWATERHIST": 0.0, "AIANNHCC": "D6", "EFFDATE": null, "ESTABDATE": null, "FUNCSTAT": "S", "GCFLG": null, "GEOID": "8300R", "LSADC": "80", "MTFCC": "G2160", "BASENAME": "Ione Band of Miwok", "NAME": "Ione Band of Miwok TDSA", "ObjID": "22490143935999", "AIANNHCOMP": "R", "STATEFP1": "0636676", "STATEFP2": null, "STATEFP3": null, "UR": null, "VINTAGE": "90", "AIANNHFP1": "06-36676", "AIANNHFP2": null, "AIANNHFP3": null, "HU100": null, "POP100": null, "CENTLAT": "+38.4586665", "CENTLON": "-120.8484514", "INTPTLAT": "+38.4586665", "INTPTLON": "-120.8484514", "STGEOMETRY_AREA": 8892503.7384042405, "STGEOMETRY_LEN": 14559.617166579999 }, "geometry": { "type": "Point", "coordinates": [ -120.84324, 38.46823 ] } },
{ "type": "Feature", "properties": { "OBJECTID": 8296, "Join_Count": 1, "TARGET_FID": 8296, "JOIN_FID": 696, "DEP_ID": "10028137", "SITE_NAME": "New London", "DEV_STAT": "Prospect", "URL": "https://mrdata.usgs.gov/mrds/show-mrds.php?dep_id=10028137", "CODE_LIST": " AU", "Grade": "C", "AIANNH": "8300", "FSRFLG": "F", "AIANNHNS": "02418631", "AREALAND": 5444349.0, "ALANDHIST": 5444374.0, "AREAWATER": 0.0, "AWATERHIST": 0.0, "AIANNHCC": "D6", "EFFDATE": null, "ESTABDATE": null, "FUNCSTAT": "S", "GCFLG": null, "GEOID": "8300R", "LSADC": "80", "MTFCC": "G2160", "BASENAME": "Ione Band of Miwok", "NAME": "Ione Band of Miwok TDSA", "ObjID": "22490143935999", "AIANNHCOMP": "R", "STATEFP1": "0636676", "STATEFP2": null, "STATEFP3": null, "UR": null, "VINTAGE": "90", "AIANNHFP1": "06-36676", "AIANNHFP2": null, "AIANNHFP3": null, "HU100": null, "POP100": null, "CENTLAT": "+38.4586665", "CENTLON": "-120.8484514", "INTPTLAT": "+38.4586665", "INTPTLON": "-120.8484514", "STGEOMETRY_AREA": 8892503.7384042405, "STGEOMETRY_LEN": 14559.617166579999 }, "geometry": { "type": "Point", "coordinates": [ -120.84602, 38.46851 ] } },
{ "type": "Feature", "properties": { "OBJECTID": 8299, "Join_Count": 1, "TARGET_FID": 8299, "JOIN_FID": 696, "DEP_ID": "10028133", "SITE_NAME": "Red Oak", "DEV_STAT": "Prospect", "URL": "https://mrdata.usgs.gov/mrds/show-mrds.php?dep_id=10028133", "CODE_LIST": " AU", "Grade": "C", "AIANNH": "8300", "FSRFLG": "F", "AIANNHNS": "02418631", "AREALAND": 5444349.0, "ALANDHIST": 5444374.0, "AREAWATER": 0.0, "AWATERHIST": 0.0, "AIANNHCC": "D6", "EFFDATE": null, "ESTABDATE": null, "FUNCSTAT": "S", "GCFLG": null, "GEOID": "8300R", "LSADC": "80", "MTFCC": "G2160", "BASENAME": "Ione Band of Miwok", "NAME": "Ione Band of Miwok TDSA", "ObjID": "22490143935999", "AIANNHCOMP": "R", "STATEFP1": "0636676", "STATEFP2": null, "STATEFP3": null, "UR": null, "VINTAGE": "90", "AIANNHFP1": "06-36676", "AIANNHFP2": null, "AIANNHFP3": null, "HU100": null, "POP100": null, "CENTLAT": "+38.4586665", "CENTLON": "-120.8484514", "INTPTLAT": "+38.4586665", "INTPTLON": "-120.8484514", "STGEOMETRY_AREA": 8892503.7384042405, "STGEOMETRY_LEN": 14559.617166579999 }, "geometry": { "type": "Point", "coordinates": [ -120.84324, 38.47018 ] } },
{ "type": "Feature", "properties": { "OBJECTID": 8885, "Join_Count": 1, "TARGET_FID": 8885, "JOIN_FID": 261, "DEP_ID": "10037748", "SITE_NAME": "Section 7 Prospects", "DEV_STAT": "Occurrence", "URL": "https://mrdata.usgs.gov/mrds/show-mrds.php?dep_id=10037748", "CODE_LIST": " AU AG", "Grade": "C", "AIANNH": "4560", "FSRFLG": "F", "AIANNHNS": "02419516", "AREALAND": 375665433.0, "ALANDHIST": 375665433.0, "AREAWATER": 2570519.0, "AWATERHIST": 2570519.0, "AIANNHCC": "D3", "EFFDATE": null, "ESTABDATE": null, "FUNCSTAT": "A", "GCFLG": null, "GEOID": "4560T", "LSADC": "89", "MTFCC": "G2100", "BASENAME": "Washoe Ranches", "NAME": "Washoe Ranches Trust Land", "ObjID": "25190289653300", "AIANNHCOMP": "T", "STATEFP1": "0683605", "STATEFP2": "3282225", "STATEFP3": null, "UR": null, "VINTAGE": "90", "AIANNHFP1": "06-83605", "AIANNHFP2": "32-82225", "AIANNHFP3": null, "HU100": null, "POP100": null, "CENTLAT": "+38.8731517", "CENTLON": "-119.5665712", "INTPTLAT": "+38.8735591", "INTPTLON": "-119.5643365", "STGEOMETRY_AREA": 624931625.89278603, "STGEOMETRY_LEN": 667712.30961305997 }, "geometry": { "type": "Point", "coordinates": [ -119.55405, 38.73824 ] } },
{ "type": "Feature", "properties": { "OBJECTID": 9298, "Join_Count": 1, "TARGET_FID": 9298, "JOIN_FID": 8, "DEP_ID": "10037403", "SITE_NAME": "Reservation Hill", "DEV_STAT": "Occurrence", "URL": "https://mrdata.usgs.gov/mrds/show-mrds.php?dep_id=10037403", "CODE_LIST": " AU PB ZN AG", "Grade": "B", "AIANNH": "4515", "FSRFLG": "F", "AIANNHNS": "00857504", "AREALAND": 1367747006.0, "ALANDHIST": 1367747007.0, "AREAWATER": 7783673.0, "AWATERHIST": 7783673.0, "AIANNHCC": "D2", "EFFDATE": null, "ESTABDATE": null, "FUNCSTAT": "A", "GCFLG": null, "GEOID": "4515R", "LSADC": "86", "MTFCC": "G2100", "BASENAME": "Walker River", "NAME": "Walker River Reservation", "ObjID": "25190489231076", "AIANNHCOMP": "R", "STATEFP1": "3281200", "STATEFP2": null, "STATEFP3": null, "UR": null, "VINTAGE": "90", "AIANNHFP1": "32-81200", "AIANNHFP2": null, "AIANNHFP3": null, "HU100": null, "POP100": null, "CENTLAT": "+38.9967998", "CENTLON": "-118.7108448", "INTPTLAT": "+38.9757370", "INTPTLON": "-118.7305780", "STGEOMETRY_AREA": 2280553121.2915201, "STGEOMETRY_LEN": 273673.06935667002 }, "geometry": { "type": "Point", "coordinates": [ -118.90014, 39.00574 ] } },
{ "type": "Feature", "properties": { "OBJECTID": 9316, "Join_Count": 1, "TARGET_FID": 9316, "JOIN_FID": 8, "DEP_ID": "10125245", "SITE_NAME": "Calico Hills", "DEV_STAT": "Occurrence", "URL": "https://mrdata.usgs.gov/mrds/show-mrds.php?dep_id=10125245", "CODE_LIST": " CU FE PB MO ZN", "Grade": "B", "AIANNH": "4515", "FSRFLG": "F", "AIANNHNS": "00857504", "AREALAND": 1367747006.0, "ALANDHIST": 1367747007.0, "AREAWATER": 7783673.0, "AWATERHIST": 7783673.0, "AIANNHCC": "D2", "EFFDATE": null, "ESTABDATE": null, "FUNCSTAT": "A", "GCFLG": null, "GEOID": "4515R", "LSADC": "86", "MTFCC": "G2100", "BASENAME": "Walker River", "NAME": "Walker River Reservation", "ObjID": "25190489231076", "AIANNHCOMP": "R", "STATEFP1": "3281200", "STATEFP2": null, "STATEFP3": null, "UR": null, "VINTAGE": "90", "AIANNHFP1": "32-81200", "AIANNHFP2": null, "AIANNHFP3": null, "HU100": null, "POP100": null, "CENTLAT": "+38.9967998", "CENTLON": "-118.7108448", "INTPTLAT": "+38.9757370", "INTPTLON": "-118.7305780", "STGEOMETRY_AREA": 2280553121.2915201, "STGEOMETRY_LEN": 273673.06935667002 }, "geometry": { "type": "Point", "coordinates": [ -118.76597, 39.01741 ] } },
{ "type": "Feature", "properties": { "OBJECTID": 9376, "Join_Count": 1, "TARGET_FID": 9376, "JOIN_FID": 8, "DEP_ID": "10095897", "SITE_NAME": "Calico Hills", "DEV_STAT": "Occurrence", "URL": "https://mrdata.usgs.gov/mrds/show-mrds.php?dep_id=10095897", "CODE_LIST": " FE CU PB ZN MO U CR B", "Grade": "C", "AIANNH": "4515", "FSRFLG": "F", "AIANNHNS": "00857504", "AREALAND": 1367747006.0, "ALANDHIST": 1367747007.0, "AREAWATER": 7783673.0, "AWATERHIST": 7783673.0, "AIANNHCC": "D2", "EFFDATE": null, "ESTABDATE": null, "FUNCSTAT": "A", "GCFLG": null, "GEOID": "4515R", "LSADC": "86", "MTFCC": "G2100", "BASENAME": "Walker River", "NAME": "Walker River Reservation", "ObjID": "25190489231076", "AIANNHCOMP": "R", "STATEFP1": "3281200", "STATEFP2": null, "STATEFP3": null, "UR": null, "VINTAGE": "90", "AIANNHFP1": "32-81200", "AIANNHFP2": null, "AIANNHFP3": null, "HU100": null, "POP100": null, "CENTLAT": "+38.9967998", "CENTLON": "-118.7108448", "INTPTLAT": "+38.9757370", "INTPTLON": "-118.7305780", "STGEOMETRY_AREA": 2280553121.2915201, "STGEOMETRY_LEN": 273673.06935667002 }, "geometry": { "type": "Point", "coordinates": [ -118.7618, 39.04741 ] } },
{ "type": "Feature", "properties": { "OBJECTID": 9464, "Join_Count": 1, "TARGET_FID": 9464, "JOIN_FID": 261, "DEP_ID": "10008821", "SITE_NAME": "Mctarnahan Hill", "DEV_STAT": "Producer", "URL": "https://mrdata.usgs.gov/mrds/show-mrds.php?dep_id=10008821", "CODE_LIST": " W", "Grade": "C", "AIANNH": "4560", "FSRFLG": "F", "AIANNHNS": "02419516", "AREALAND": 375665433.0, "ALANDHIST": 375665433.0, "AREAWATER": 2570519.0, "AWATERHIST": 2570519.0, "AIANNHCC": "D3", "EFFDATE": null, "ESTABDATE": null, "FUNCSTAT": "A", "GCFLG": null, "GEOID": "4560T", "LSADC": "89", "MTFCC": "G2100", "BASENAME": "Washoe Ranches", "NAME": "Washoe Ranches Trust Land", "ObjID": "25190289653300", "AIANNHCOMP": "T", "STATEFP1": "0683605", "STATEFP2": "3282225", "STATEFP3": null, "UR": null, "VINTAGE": "90", "AIANNHFP1": "06-83605", "AIANNHFP2": "32-82225", "AIANNHFP3": null, "HU100": null, "POP100": null, "CENTLAT": "+38.8731517", "CENTLON": "-119.5665712", "INTPTLAT": "+38.8735591", "INTPTLON": "-119.5643365", "STGEOMETRY_AREA": 624931625.89278603, "STGEOMETRY_LEN": 667712.30961305997 }, "geometry": { "type": "Point", "coordinates": [ -119.66767, 39.0999 ] } },
{ "type": "Feature", "properties": { "OBJECTID": 9503, "Join_Count": 1, "TARGET_FID": 9503, "JOIN_FID": 8, "DEP_ID": "10043775", "SITE_NAME": "Bimetal Group", "DEV_STAT": "Occurrence", "URL": "https://mrdata.usgs.gov/mrds/show-mrds.php?dep_id=10043775", "CODE_LIST": " AU AG", "Grade": "C", "AIANNH": "4515", "FSRFLG": "F", "AIANNHNS": "00857504", "AREALAND": 1367747006.0, "ALANDHIST": 1367747007.0, "AREAWATER": 7783673.0, "AWATERHIST": 7783673.0, "AIANNHCC": "D2", "EFFDATE": null, "ESTABDATE": null, "FUNCSTAT": "A", "GCFLG": null, "GEOID": "4515R", "LSADC": "86", "MTFCC": "G2100", "BASENAME": "Walker River", "NAME": "Walker River Reservation", "ObjID": "25190489231076", "AIANNHCOMP": "R", "STATEFP1": "3281200", "STATEFP2": null, "STATEFP3": null, "UR": null, "VINTAGE": "90", "AIANNHFP1": "32-81200", "AIANNHFP2": null, "AIANNHFP3": null, "HU100": null, "POP100": null, "CENTLAT": "+38.9967998", "CENTLON": "-118.7108448", "INTPTLAT": "+38.9757370", "INTPTLON": "-118.7305780", "STGEOMETRY_AREA": 2280553121.2915201, "STGEOMETRY_LEN": 273673.06935667002 }, "geometry": { "type": "Point", "coordinates": [ -118.58514, 39.14074 ] } },
{ "type": "Feature", "properties": { "OBJECTID": 10037, "Join_Count": 1, "TARGET_FID": 10037, "JOIN_FID": 260, "DEP_ID": "10015148", "SITE_NAME": "P. R. Spring Oil Sand Deposit", "DEV_STAT": "Prospect", "URL": "https://mrdata.usgs.gov/mrds/show-mrds.php?dep_id=10015148", "CODE_LIST": " OIL_SA", "Grade": "C", "AIANNH": "4390", "FSRFLG": "F", "AIANNHNS": "01448012", "AREALAND": 17543081540.0, "ALANDHIST": 17543066740.0, "AREAWATER": 131642402.0, "AWATERHIST": 131657204.0, "AIANNHCC": "D1", "EFFDATE": null, "ESTABDATE": null, "FUNCSTAT": "A", "GCFLG": null, "GEOID": "4390M", "LSADC": "86", "MTFCC": "G2100", "BASENAME": "Uintah and Ouray", "NAME": "Uintah and Ouray Reservation and Off-Reservation Trust Land", "ObjID": "25190475032823", "AIANNHCOMP": "M", "STATEFP1": "4977920", "STATEFP2": null, "STATEFP3": null, "UR": null, "VINTAGE": "90", "AIANNHFP1": "49-77920", "AIANNHFP2": null, "AIANNHFP3": null, "HU100": null, "POP100": null, "CENTLAT": "+40.0940744", "CENTLON": "-110.0874473", "INTPTLAT": "+40.4099359", "INTPTLON": "-110.7475410", "STGEOMETRY_AREA": 30240111853.534199, "STGEOMETRY_LEN": 1167130.4501431601 }, "geometry": { "type": "Point", "coordinates": [ -109.41627, 39.55997 ] } },
{ "type": "Feature", "properties": { "OBJECTID": 10041, "Join_Count": 1, "TARGET_FID": 10041, "JOIN_FID": 260, "DEP_ID": "10088782", "SITE_NAME": "White Rock No. 11 Prospect", "DEV_STAT": "Occurrence", "URL": "https://mrdata.usgs.gov/mrds/show-mrds.php?dep_id=10088782", "CODE_LIST": " U P", "Grade": "C", "AIANNH": "4390", "FSRFLG": "F", "AIANNHNS": "01448012", "AREALAND": 17543081540.0, "ALANDHIST": 17543066740.0, "AREAWATER": 131642402.0, "AWATERHIST": 131657204.0, "AIANNHCC": "D1", "EFFDATE": null, "ESTABDATE": null, "FUNCSTAT": "A", "GCFLG": null, "GEOID": "4390M", "LSADC": "86", "MTFCC": "G2100", "BASENAME": "Uintah and Ouray", "NAME": "Uintah and Ouray Reservation and Off-Reservation Trust Land", "ObjID": "25190475032823", "AIANNHCOMP": "M", "STATEFP1": "4977920", "STATEFP2": null, "STATEFP3": null, "UR": null, "VINTAGE": "90", "AIANNHFP1": "49-77920", "AIANNHFP2": null, "AIANNHFP3": null, "HU100": null, "POP100": null, "CENTLAT": "+40.0940744", "CENTLON": "-110.0874473", "INTPTLAT": "+40.4099359", "INTPTLON": "-110.7475410", "STGEOMETRY_AREA": 30240111853.534199, "STGEOMETRY_LEN": 1167130.4501431601 }, "geometry": { "type": "Point", "coordinates": [ -109.91572, 39.5608 ] } },
{ "type": "Feature", "properties": { "OBJECTID": 10056, "Join_Count": 1, "TARGET_FID": 10056, "JOIN_FID": 260, "DEP_ID": "10088039", "SITE_NAME": "Hill Creek Oil Impregnated Sandstone Deposit", "DEV_STAT": "Prospect", "URL": "https://mrdata.usgs.gov/mrds/show-mrds.php?dep_id=10088039", "CODE_LIST": " OIL_SA", "Grade": "C", "AIANNH": "4390", "FSRFLG": "F", "AIANNHNS": "01448012", "AREALAND": 17543081540.0, "ALANDHIST": 17543066740.0, "AREAWATER": 131642402.0, "AWATERHIST": 131657204.0, "AIANNHCC": "D1", "EFFDATE": null, "ESTABDATE": null, "FUNCSTAT": "A", "GCFLG": null, "GEOID": "4390M", "LSADC": "86", "MTFCC": "G2100", "BASENAME": "Uintah and Ouray", "NAME": "Uintah and Ouray Reservation and Off-Reservation Trust Land", "ObjID": "25190475032823", "AIANNHCOMP": "M", "STATEFP1": "4977920", "STATEFP2": null, "STATEFP3": null, "UR": null, "VINTAGE": "90", "AIANNHFP1": "49-77920", "AIANNHFP2": null, "AIANNHFP3": null, "HU100": null, "POP100": null, "CENTLAT": "+40.0940744", "CENTLON": "-110.0874473", "INTPTLAT": "+40.4099359", "INTPTLON": "-110.7475410", "STGEOMETRY_AREA": 30240111853.534199, "STGEOMETRY_LEN": 1167130.4501431601 }, "geometry": { "type": "Point", "coordinates": [ -109.731, 39.57358 ] } },
{ "type": "Feature", "properties": { "OBJECTID": 10079, "Join_Count": 1, "TARGET_FID": 10079, "JOIN_FID": 260, "DEP_ID": "10087988", "SITE_NAME": "Gordon Creek Gas Field", "DEV_STAT": "Occurrence", "URL": "https://mrdata.usgs.gov/mrds/show-mrds.php?dep_id=10087988", "CODE_LIST": " GAS CO2", "Grade": "B", "AIANNH": "4390", "FSRFLG": "F", "AIANNHNS": "01448012", "AREALAND": 17543081540.0, "ALANDHIST": 17543066740.0, "AREAWATER": 131642402.0, "AWATERHIST": 131657204.0, "AIANNHCC": "D1", "EFFDATE": null, "ESTABDATE": null, "FUNCSTAT": "A", "GCFLG": null, "GEOID": "4390M", "LSADC": "86", "MTFCC": "G2100", "BASENAME": "Uintah and Ouray", "NAME": "Uintah and Ouray Reservation and Off-Reservation Trust Land", "ObjID": "25190475032823", "AIANNHCOMP": "M", "STATEFP1": "4977920", "STATEFP2": null, "STATEFP3": null, "UR": null, "VINTAGE": "90", "AIANNHFP1": "49-77920", "AIANNHFP2": null, "AIANNHFP3": null, "HU100": null, "POP100": null, "CENTLAT": "+40.0940744", "CENTLON": "-110.0874473", "INTPTLAT": "+40.4099359", "INTPTLON": "-110.7475410", "STGEOMETRY_AREA": 30240111853.534199, "STGEOMETRY_LEN": 1167130.4501431601 }, "geometry": { "type": "Point", "coordinates": [ -111.08465, 39.59413 ] } },
{ "type": "Feature", "properties": { "OBJECTID": 10117, "Join_Count": 1, "TARGET_FID": 10117, "JOIN_FID": 325, "DEP_ID": "10174533", "SITE_NAME": "Paiute Pit", "DEV_STAT": "Producer", "URL": "https://mrdata.usgs.gov/mrds/show-mrds.php?dep_id=10174533", "CODE_LIST": " SDG", "Grade": "C", "AIANNH": "3010", "FSRFLG": "F", "AIANNHNS": "00857503", "AREALAND": 1438778842.0, "ALANDHIST": 1438778841.0, "AREAWATER": 450651614.0, "AWATERHIST": 450651614.0, "AIANNHCC": "D2", "EFFDATE": null, "ESTABDATE": null, "FUNCSTAT": "A", "GCFLG": null, "GEOID": "3010R", "LSADC": "86", "MTFCC": "G2100", "BASENAME": "Pyramid Lake Paiute", "NAME": "Pyramid Lake Paiute Reservation", "ObjID": "25190492026229", "AIANNHCOMP": "R", "STATEFP1": "3258800", "STATEFP2": null, "STATEFP3": null, "UR": null, "VINTAGE": "90", "AIANNHFP1": "32-58800", "AIANNHFP2": null, "AIANNHFP3": null, "HU100": null, "POP100": null, "CENTLAT": "+40.0802011", "CENTLON": "-119.5369817", "INTPTLAT": "+40.0331031", "INTPTLON": "-119.4921349", "STGEOMETRY_AREA": 3231175644.3426499, "STGEOMETRY_LEN": 311535.42357957998 }, "geometry": { "type": "Point", "coordinates": [ -119.26929, 39.6452 ] } },
{ "type": "Feature", "properties": { "OBJECTID": 10323, "Join_Count": 1, "TARGET_FID": 10323, "JOIN_FID": 295, "DEP_ID": "10055185", "SITE_NAME": "Studhorse Prospect", "DEV_STAT": "Occurrence", "URL": "https://mrdata.usgs.gov/mrds/show-mrds.php?dep_id=10055185", "CODE_LIST": " AG", "Grade": "C", "AIANNH": "1340", "FSRFLG": "F", "AIANNHNS": "01455300", "AREALAND": 486449507.0, "ALANDHIST": 486449507.0, "AREAWATER": 13114.0, "AWATERHIST": 13114.0, "AIANNHCC": "D2", "EFFDATE": null, "ESTABDATE": null, "FUNCSTAT": "A", "GCFLG": null, "GEOID": "1340R", "LSADC": "86", "MTFCC": "G2100", "BASENAME": "Goshute", "NAME": "Goshute Reservation", "ObjID": "25190476468074", "AIANNHCOMP": "R", "STATEFP1": "3229900", "STATEFP2": "4930350", "STATEFP3": null, "UR": null, "VINTAGE": "90", "AIANNHFP1": "32-29900", "AIANNHFP2": "49-30350", "AIANNHFP3": null, "HU100": null, "POP100": null, "CENTLAT": "+39.8712971", "CENTLON": "-114.0702280", "INTPTLAT": "+39.8689689", "INTPTLON": "-114.0740693", "STGEOMETRY_AREA": 826863985.18672597, "STGEOMETRY_LEN": 191854.89400793001 }, "geometry": { "type": "Point", "coordinates": [ -114.01529, 39.79994 ] } },
{ "type": "Feature", "properties": { "OBJECTID": 10327, "Join_Count": 1, "TARGET_FID": 10327, "JOIN_FID": 295, "DEP_ID": "10055166", "SITE_NAME": "One-Hundred-Ten-Foot Adit", "DEV_STAT": "Occurrence", "URL": "https://mrdata.usgs.gov/mrds/show-mrds.php?dep_id=10055166", "CODE_LIST": " AU", "Grade": "C", "AIANNH": "1340", "FSRFLG": "F", "AIANNHNS": "01455300", "AREALAND": 486449507.0, "ALANDHIST": 486449507.0, "AREAWATER": 13114.0, "AWATERHIST": 13114.0, "AIANNHCC": "D2", "EFFDATE": null, "ESTABDATE": null, "FUNCSTAT": "A", "GCFLG": null, "GEOID": "1340R", "LSADC": "86", "MTFCC": "G2100", "BASENAME": "Goshute", "NAME": "Goshute Reservation", "ObjID": "25190476468074", "AIANNHCOMP": "R", "STATEFP1": "3229900", "STATEFP2": "4930350", "STATEFP3": null, "UR": null, "VINTAGE": "90", "AIANNHFP1": "32-29900", "AIANNHFP2": "49-30350", "AIANNHFP3": null, "HU100": null, "POP100": null, "CENTLAT": "+39.8712971", "CENTLON": "-114.0702280", "INTPTLAT": "+39.8689689", "INTPTLON": "-114.0740693", "STGEOMETRY_AREA": 826863985.18672597, "STGEOMETRY_LEN": 191854.89400793001 }, "geometry": { "type": "Point", "coordinates": [ -113.97667, 39.80188 ] } },
{ "type": "Feature", "properties": { "OBJECTID": 10330, "Join_Count": 1, "TARGET_FID": 10330, "JOIN_FID": 260, "DEP_ID": "10088781", "SITE_NAME": "Rock Springs Prospect", "DEV_STAT": "Occurrence", "URL": "https://mrdata.usgs.gov/mrds/show-mrds.php?dep_id=10088781", "CODE_LIST": " U P", "Grade": "C", "AIANNH": "4390", "FSRFLG": "F", "AIANNHNS": "01448012", "AREALAND": 17543081540.0, "ALANDHIST": 17543066740.0, "AREAWATER": 131642402.0, "AWATERHIST": 131657204.0, "AIANNHCC": "D1", "EFFDATE": null, "ESTABDATE": null, "FUNCSTAT": "A", "GCFLG": null, "GEOID": "4390M", "LSADC": "86", "MTFCC": "G2100", "BASENAME": "Uintah and Ouray", "NAME": "Uintah and Ouray Reservation and Off-Reservation Trust Land", "ObjID": "25190475032823", "AIANNHCOMP": "M", "STATEFP1": "4977920", "STATEFP2": null, "STATEFP3": null, "UR": null, "VINTAGE": "90", "AIANNHFP1": "49-77920", "AIANNHFP2": null, "AIANNHFP3": null, "HU100": null, "POP100": null, "CENTLAT": "+40.0940744", "CENTLON": "-110.0874473", "INTPTLAT": "+40.4099359", "INTPTLON": "-110.7475410", "STGEOMETRY_AREA": 30240111853.534199, "STGEOMETRY_LEN": 1167130.4501431601 }, "geometry": { "type": "Point", "coordinates": [ -109.81461, 39.80329 ] } },
{ "type": "Feature", "properties": { "OBJECTID": 10336, "Join_Count": 1, "TARGET_FID": 10336, "JOIN_FID": 295, "DEP_ID": "10055177", "SITE_NAME": "Reality Adit", "DEV_STAT": "Occurrence", "URL": "https://mrdata.usgs.gov/mrds/show-mrds.php?dep_id=10055177", "CODE_LIST": " AG AU", "Grade": "C", "AIANNH": "1340", "FSRFLG": "F", "AIANNHNS": "01455300", "AREALAND": 486449507.0, "ALANDHIST": 486449507.0, "AREAWATER": 13114.0, "AWATERHIST": 13114.0, "AIANNHCC": "D2", "EFFDATE": null, "ESTABDATE": null, "FUNCSTAT": "A", "GCFLG": null, "GEOID": "1340R", "LSADC": "86", "MTFCC": "G2100", "BASENAME": "Goshute", "NAME": "Goshute Reservation", "ObjID": "25190476468074", "AIANNHCOMP": "R", "STATEFP1": "3229900", "STATEFP2": "4930350", "STATEFP3": null, "UR": null, "VINTAGE": "90", "AIANNHFP1": "32-29900", "AIANNHFP2": "49-30350", "AIANNHFP3": null, "HU100": null, "POP100": null, "CENTLAT": "+39.8712971", "CENTLON": "-114.0702280", "INTPTLAT": "+39.8689689", "INTPTLON": "-114.0740693", "STGEOMETRY_AREA": 826863985.18672597, "STGEOMETRY_LEN": 191854.89400793001 }, "geometry": { "type": "Point", "coordinates": [ -114.02391, 39.80633 ] } },
{ "type": "Feature", "properties": { "OBJECTID": 10341, "Join_Count": 1, "TARGET_FID": 10341, "JOIN_FID": 295, "DEP_ID": "10055173", "SITE_NAME": "Lucky Strike Mine", "DEV_STAT": "Occurrence", "URL": "https://mrdata.usgs.gov/mrds/show-mrds.php?dep_id=10055173", "CODE_LIST": " AG", "Grade": "C", "AIANNH": "1340", "FSRFLG": "F", "AIANNHNS": "01455300", "AREALAND": 486449507.0, "ALANDHIST": 486449507.0, "AREAWATER": 13114.0, "AWATERHIST": 13114.0, "AIANNHCC": "D2", "EFFDATE": null, "ESTABDATE": null, "FUNCSTAT": "A", "GCFLG": null, "GEOID": "1340R", "LSADC": "86", "MTFCC": "G2100", "BASENAME": "Goshute", "NAME": "Goshute Reservation", "ObjID": "25190476468074", "AIANNHCOMP": "R", "STATEFP1": "3229900", "STATEFP2": "4930350", "STATEFP3": null, "UR": null, "VINTAGE": "90", "AIANNHFP1": "32-29900", "AIANNHFP2": "49-30350", "AIANNHFP3": null, "HU100": null, "POP100": null, "CENTLAT": "+39.8712971", "CENTLON": "-114.0702280", "INTPTLAT": "+39.8689689", "INTPTLON": "-114.0740693", "STGEOMETRY_AREA": 826863985.18672597, "STGEOMETRY_LEN": 191854.89400793001 }, "geometry": { "type": "Point", "coordinates": [ -114.01391, 39.80827 ] } },
{ "type": "Feature", "properties": { "OBJECTID": 10344, "Join_Count": 1, "TARGET_FID": 10344, "JOIN_FID": 295, "DEP_ID": "10055145", "SITE_NAME": "Boston No. 2 Claim", "DEV_STAT": "Occurrence", "URL": "https://mrdata.usgs.gov/mrds/show-mrds.php?dep_id=10055145", "CODE_LIST": " AU AG CU PB ZN", "Grade": "B", "AIANNH": "1340", "FSRFLG": "F", "AIANNHNS": "01455300", "AREALAND": 486449507.0, "ALANDHIST": 486449507.0, "AREAWATER": 13114.0, "AWATERHIST": 13114.0, "AIANNHCC": "D2", "EFFDATE": null, "ESTABDATE": null, "FUNCSTAT": "A", "GCFLG": null, "GEOID": "1340R", "LSADC": "86", "MTFCC": "G2100", "BASENAME": "Goshute", "NAME": "Goshute Reservation", "ObjID": "25190476468074", "AIANNHCOMP": "R", "STATEFP1": "3229900", "STATEFP2": "4930350", "STATEFP3": null, "UR": null, "VINTAGE": "90", "AIANNHFP1": "32-29900", "AIANNHFP2": "49-30350", "AIANNHFP3": null, "HU100": null, "POP100": null, "CENTLAT": "+39.8712971", "CENTLON": "-114.0702280", "INTPTLAT": "+39.8689689", "INTPTLON": "-114.0740693", "STGEOMETRY_AREA": 826863985.18672597, "STGEOMETRY_LEN": 191854.89400793001 }, "geometry": { "type": "Point", "coordinates": [ -114.02474, 39.81355 ] } },
{ "type": "Feature", "properties": { "OBJECTID": 10346, "Join_Count": 1, "TARGET_FID": 10346, "JOIN_FID": 295, "DEP_ID": "10088994", "SITE_NAME": "Victor Hugo To Mahogany No. 2 Claims", "DEV_STAT": "Occurrence", "URL": "https://mrdata.usgs.gov/mrds/show-mrds.php?dep_id=10088994", "CODE_LIST": " AG CU PB ZN", "Grade": "C", "AIANNH": "1340", "FSRFLG": "F", "AIANNHNS": "01455300", "AREALAND": 486449507.0, "ALANDHIST": 486449507.0, "AREAWATER": 13114.0, "AWATERHIST": 13114.0, "AIANNHCC": "D2", "EFFDATE": null, "ESTABDATE": null, "FUNCSTAT": "A", "GCFLG": null, "GEOID": "1340R", "LSADC": "86", "MTFCC": "G2100", "BASENAME": "Goshute", "NAME": "Goshute Reservation", "ObjID": "25190476468074", "AIANNHCOMP": "R", "STATEFP1": "3229900", "STATEFP2": "4930350", "STATEFP3": null, "UR": null, "VINTAGE": "90", "AIANNHFP1": "32-29900", "AIANNHFP2": "49-30350", "AIANNHFP3": null, "HU100": null, "POP100": null, "CENTLAT": "+39.8712971", "CENTLON": "-114.0702280", "INTPTLAT": "+39.8689689", "INTPTLON": "-114.0740693", "STGEOMETRY_AREA": 826863985.18672597, "STGEOMETRY_LEN": 191854.89400793001 }, "geometry": { "type": "Point", "coordinates": [ -114.01502, 39.81605 ] } },
{ "type": "Feature", "properties": { "OBJECTID": 10379, "Join_Count": 1, "TARGET_FID": 10379, "JOIN_FID": 325, "DEP_ID": "10043790", "SITE_NAME": "Guanomi Mine", "DEV_STAT": "Occurrence", "URL": "https://mrdata.usgs.gov/mrds/show-mrds.php?dep_id=10043790", "CODE_LIST": " MO CU AG AU", "Grade": "B", "AIANNH": "3010", "FSRFLG": "F", "AIANNHNS": "00857503", "AREALAND": 1438778842.0, "ALANDHIST": 1438778841.0, "AREAWATER": 450651614.0, "AWATERHIST": 450651614.0, "AIANNHCC": "D2", "EFFDATE": null, "ESTABDATE": null, "FUNCSTAT": "A", "GCFLG": null, "GEOID": "3010R", "LSADC": "86", "MTFCC": "G2100", "BASENAME": "Pyramid Lake Paiute", "NAME": "Pyramid Lake Paiute Reservation", "ObjID": "25190492026229", "AIANNHCOMP": "R", "STATEFP1": "3258800", "STATEFP2": null, "STATEFP3": null, "UR": null, "VINTAGE": "90", "AIANNHFP1": "32-58800", "AIANNHFP2": null, "AIANNHFP3": null, "HU100": null, "POP100": null, "CENTLAT": "+40.0802011", "CENTLON": "-119.5369817", "INTPTLAT": "+40.0331031", "INTPTLON": "-119.4921349", "STGEOMETRY_AREA": 3231175644.3426499, "STGEOMETRY_LEN": 311535.42357957998 }, "geometry": { "type": "Point", "coordinates": [ -119.45433, 39.84433 ] } },
{ "type": "Feature", "properties": { "OBJECTID": 10394, "Join_Count": 1, "TARGET_FID": 10394, "JOIN_FID": 295, "DEP_ID": "10055195", "SITE_NAME": "Deep Creek Valley Occurrences", "DEV_STAT": "Occurrence", "URL": "https://mrdata.usgs.gov/mrds/show-mrds.php?dep_id=10055195", "CODE_LIST": " U TH", "Grade": "C", "AIANNH": "1340", "FSRFLG": "F", "AIANNHNS": "01455300", "AREALAND": 486449507.0, "ALANDHIST": 486449507.0, "AREAWATER": 13114.0, "AWATERHIST": 13114.0, "AIANNHCC": "D2", "EFFDATE": null, "ESTABDATE": null, "FUNCSTAT": "A", "GCFLG": null, "GEOID": "1340R", "LSADC": "86", "MTFCC": "G2100", "BASENAME": "Goshute", "NAME": "Goshute Reservation", "ObjID": "25190476468074", "AIANNHCOMP": "R", "STATEFP1": "3229900", "STATEFP2": "4930350", "STATEFP3": null, "UR": null, "VINTAGE": "90", "AIANNHFP1": "32-29900", "AIANNHFP2": "49-30350", "AIANNHFP3": null, "HU100": null, "POP100": null, "CENTLAT": "+39.8712971", "CENTLON": "-114.0702280", "INTPTLAT": "+39.8689689", "INTPTLON": "-114.0740693", "STGEOMETRY_AREA": 826863985.18672597, "STGEOMETRY_LEN": 191854.89400793001 }, "geometry": { "type": "Point", "coordinates": [ -113.99891, 39.85743 ] } },
{ "type": "Feature", "properties": { "OBJECTID": 10418, "Join_Count": 1, "TARGET_FID": 10418, "JOIN_FID": 260, "DEP_ID": "10042251", "SITE_NAME": "Chief Ouray No. 1 Prospect", "DEV_STAT": "Occurrence", "URL": "https://mrdata.usgs.gov/mrds/show-mrds.php?dep_id=10042251", "CODE_LIST": " U", "Grade": "C", "AIANNH": "4390", "FSRFLG": "F", "AIANNHNS": "01448012", "AREALAND": 17543081540.0, "ALANDHIST": 17543066740.0, "AREAWATER": 131642402.0, "AWATERHIST": 131657204.0, "AIANNHCC": "D1", "EFFDATE": null, "ESTABDATE": null, "FUNCSTAT": "A", "GCFLG": null, "GEOID": "4390M", "LSADC": "86", "MTFCC": "G2100", "BASENAME": "Uintah and Ouray", "NAME": "Uintah and Ouray Reservation and Off-Reservation Trust Land", "ObjID": "25190475032823", "AIANNHCOMP": "M", "STATEFP1": "4977920", "STATEFP2": null, "STATEFP3": null, "UR": null, "VINTAGE": "90", "AIANNHFP1": "49-77920", "AIANNHFP2": null, "AIANNHFP3": null, "HU100": null, "POP100": null, "CENTLAT": "+40.0940744", "CENTLON": "-110.0874473", "INTPTLAT": "+40.4099359", "INTPTLON": "-110.7475410", "STGEOMETRY_AREA": 30240111853.534199, "STGEOMETRY_LEN": 1167130.4501431601 }, "geometry": { "type": "Point", "coordinates": [ -109.81628, 39.87468 ] } },
{ "type": "Feature", "properties": { "OBJECTID": 10442, "Join_Count": 1, "TARGET_FID": 10442, "JOIN_FID": 260, "DEP_ID": "10015187", "SITE_NAME": "Tokay No. 9 Uranium Deposit", "DEV_STAT": "Occurrence", "URL": "https://mrdata.usgs.gov/mrds/show-mrds.php?dep_id=10015187", "CODE_LIST": " U", "Grade": "C", "AIANNH": "4390", "FSRFLG": "F", "AIANNHNS": "01448012", "AREALAND": 17543081540.0, "ALANDHIST": 17543066740.0, "AREAWATER": 131642402.0, "AWATERHIST": 131657204.0, "AIANNHCC": "D1", "EFFDATE": null, "ESTABDATE": null, "FUNCSTAT": "A", "GCFLG": null, "GEOID": "4390M", "LSADC": "86", "MTFCC": "G2100", "BASENAME": "Uintah and Ouray", "NAME": "Uintah and Ouray Reservation and Off-Reservation Trust Land", "ObjID": "25190475032823", "AIANNHCOMP": "M", "STATEFP1": "4977920", "STATEFP2": null, "STATEFP3": null, "UR": null, "VINTAGE": "90", "AIANNHFP1": "49-77920", "AIANNHFP2": null, "AIANNHFP3": null, "HU100": null, "POP100": null, "CENTLAT": "+40.0940744", "CENTLON": "-110.0874473", "INTPTLAT": "+40.4099359", "INTPTLON": "-110.7475410", "STGEOMETRY_AREA": 30240111853.534199, "STGEOMETRY_LEN": 1167130.4501431601 }, "geometry": { "type": "Point", "coordinates": [ -109.46127, 39.88718 ] } },
{ "type": "Feature", "properties": { "OBJECTID": 10468, "Join_Count": 1, "TARGET_FID": 10468, "JOIN_FID": 260, "DEP_ID": "10015200", "SITE_NAME": "Brenda Uranium Deposit.", "DEV_STAT": "Occurrence", "URL": "https://mrdata.usgs.gov/mrds/show-mrds.php?dep_id=10015200", "CODE_LIST": " U", "Grade": "C", "AIANNH": "4390", "FSRFLG": "F", "AIANNHNS": "01448012", "AREALAND": 17543081540.0, "ALANDHIST": 17543066740.0, "AREAWATER": 131642402.0, "AWATERHIST": 131657204.0, "AIANNHCC": "D1", "EFFDATE": null, "ESTABDATE": null, "FUNCSTAT": "A", "GCFLG": null, "GEOID": "4390M", "LSADC": "86", "MTFCC": "G2100", "BASENAME": "Uintah and Ouray", "NAME": "Uintah and Ouray Reservation and Off-Reservation Trust Land", "ObjID": "25190475032823", "AIANNHCOMP": "M", "STATEFP1": "4977920", "STATEFP2": null, "STATEFP3": null, "UR": null, "VINTAGE": "90", "AIANNHFP1": "49-77920", "AIANNHFP2": null, "AIANNHFP3": null, "HU100": null, "POP100": null, "CENTLAT": "+40.0940744", "CENTLON": "-110.0874473", "INTPTLAT": "+40.4099359", "INTPTLON": "-110.7475410", "STGEOMETRY_AREA": 30240111853.534199, "STGEOMETRY_LEN": 1167130.4501431601 }, "geometry": { "type": "Point", "coordinates": [ -109.48349, 39.90107 ] } },
{ "type": "Feature", "properties": { "OBJECTID": 10502, "Join_Count": 1, "TARGET_FID": 10502, "JOIN_FID": 260, "DEP_ID": "10088766", "SITE_NAME": "Willow Creek Prospect", "DEV_STAT": "Occurrence", "URL": "https://mrdata.usgs.gov/mrds/show-mrds.php?dep_id=10088766", "CODE_LIST": " U P", "Grade": "C", "AIANNH": "4390", "FSRFLG": "F", "AIANNHNS": "01448012", "AREALAND": 17543081540.0, "ALANDHIST": 17543066740.0, "AREAWATER": 131642402.0, "AWATERHIST": 131657204.0, "AIANNHCC": "D1", "EFFDATE": null, "ESTABDATE": null, "FUNCSTAT": "A", "GCFLG": null, "GEOID": "4390M", "LSADC": "86", "MTFCC": "G2100", "BASENAME": "Uintah and Ouray", "NAME": "Uintah and Ouray Reservation and Off-Reservation Trust Land", "ObjID": "25190475032823", "AIANNHCOMP": "M", "STATEFP1": "4977920", "STATEFP2": null, "STATEFP3": null, "UR": null, "VINTAGE": "90", "AIANNHFP1": "49-77920", "AIANNHFP2": null, "AIANNHFP3": null, "HU100": null, "POP100": null, "CENTLAT": "+40.0940744", "CENTLON": "-110.0874473", "INTPTLAT": "+40.4099359", "INTPTLON": "-110.7475410", "STGEOMETRY_AREA": 30240111853.534199, "STGEOMETRY_LEN": 1167130.4501431601 }, "geometry": { "type": "Point", "coordinates": [ -109.64711, 39.91357 ] } },
{ "type": "Feature", "properties": { "OBJECTID": 10814, "Join_Count": 1, "TARGET_FID": 10814, "JOIN_FID": 260, "DEP_ID": "10015185", "SITE_NAME": "Desert Queen", "DEV_STAT": "Occurrence", "URL": "https://mrdata.usgs.gov/mrds/show-mrds.php?dep_id=10015185", "CODE_LIST": " OIL_R CU", "Grade": "C", "AIANNH": "4390", "FSRFLG": "F", "AIANNHNS": "01448012", "AREALAND": 17543081540.0, "ALANDHIST": 17543066740.0, "AREAWATER": 131642402.0, "AWATERHIST": 131657204.0, "AIANNHCC": "D1", "EFFDATE": null, "ESTABDATE": null, "FUNCSTAT": "A", "GCFLG": null, "GEOID": "4390M", "LSADC": "86", "MTFCC": "G2100", "BASENAME": "Uintah and Ouray", "NAME": "Uintah and Ouray Reservation and Off-Reservation Trust Land", "ObjID": "25190475032823", "AIANNHCOMP": "M", "STATEFP1": "4977920", "STATEFP2": null, "STATEFP3": null, "UR": null, "VINTAGE": "90", "AIANNHFP1": "49-77920", "AIANNHFP2": null, "AIANNHFP3": null, "HU100": null, "POP100": null, "CENTLAT": "+40.0940744", "CENTLON": "-110.0874473", "INTPTLAT": "+40.4099359", "INTPTLON": "-110.7475410", "STGEOMETRY_AREA": 30240111853.534199, "STGEOMETRY_LEN": 1167130.4501431601 }, "geometry": { "type": "Point", "coordinates": [ -109.65322, 40.01829 ] } },
{ "type": "Feature", "properties": { "OBJECTID": 10822, "Join_Count": 1, "TARGET_FID": 10822, "JOIN_FID": 260, "DEP_ID": "10088049", "SITE_NAME": "Chapita Wells Oil Impregnated Rock Deposit", "DEV_STAT": "Occurrence", "URL": "https://mrdata.usgs.gov/mrds/show-mrds.php?dep_id=10088049", "CODE_LIST": " OIL_SA", "Grade": "C", "AIANNH": "4390", "FSRFLG": "F", "AIANNHNS": "01448012", "AREALAND": 17543081540.0, "ALANDHIST": 17543066740.0, "AREAWATER": 131642402.0, "AWATERHIST": 131657204.0, "AIANNHCC": "D1", "EFFDATE": null, "ESTABDATE": null, "FUNCSTAT": "A", "GCFLG": null, "GEOID": "4390M", "LSADC": "86", "MTFCC": "G2100", "BASENAME": "Uintah and Ouray", "NAME": "Uintah and Ouray Reservation and Off-Reservation Trust Land", "ObjID": "25190475032823", "AIANNHCOMP": "M", "STATEFP1": "4977920", "STATEFP2": null, "STATEFP3": null, "UR": null, "VINTAGE": "90", "AIANNHFP1": "49-77920", "AIANNHFP2": null, "AIANNHFP3": null, "HU100": null, "POP100": null, "CENTLAT": "+40.0940744", "CENTLON": "-110.0874473", "INTPTLAT": "+40.4099359", "INTPTLON": "-110.7475410", "STGEOMETRY_AREA": 30240111853.534199, "STGEOMETRY_LEN": 1167130.4501431601 }, "geometry": { "type": "Point", "coordinates": [ -109.39988, 40.02274 ] } },
{ "type": "Feature", "properties": { "OBJECTID": 10891, "Join_Count": 1, "TARGET_FID": 10891, "JOIN_FID": 260, "DEP_ID": "10088785", "SITE_NAME": "Keg Uranium Claim", "DEV_STAT": "Occurrence", "URL": "https://mrdata.usgs.gov/mrds/show-mrds.php?dep_id=10088785", "CODE_LIST": " U CU", "Grade": "C", "AIANNH": "4390", "FSRFLG": "F", "AIANNHNS": "01448012", "AREALAND": 17543081540.0, "ALANDHIST": 17543066740.0, "AREAWATER": 131642402.0, "AWATERHIST": 131657204.0, "AIANNHCC": "D1", "EFFDATE": null, "ESTABDATE": null, "FUNCSTAT": "A", "GCFLG": null, "GEOID": "4390M", "LSADC": "86", "MTFCC": "G2100", "BASENAME": "Uintah and Ouray", "NAME": "Uintah and Ouray Reservation and Off-Reservation Trust Land", "ObjID": "25190475032823", "AIANNHCOMP": "M", "STATEFP1": "4977920", "STATEFP2": null, "STATEFP3": null, "UR": null, "VINTAGE": "90", "AIANNHFP1": "49-77920", "AIANNHFP2": null, "AIANNHFP3": null, "HU100": null, "POP100": null, "CENTLAT": "+40.0940744", "CENTLON": "-110.0874473", "INTPTLAT": "+40.4099359", "INTPTLON": "-110.7475410", "STGEOMETRY_AREA": 30240111853.534199, "STGEOMETRY_LEN": 1167130.4501431601 }, "geometry": { "type": "Point", "coordinates": [ -109.99573, 40.06274 ] } },
{ "type": "Feature", "properties": { "OBJECTID": 10892, "Join_Count": 1, "TARGET_FID": 10892, "JOIN_FID": 260, "DEP_ID": "10095634", "SITE_NAME": "Lone Peak Uranium Claim", "DEV_STAT": "Occurrence", "URL": "https://mrdata.usgs.gov/mrds/show-mrds.php?dep_id=10095634", "CODE_LIST": " U CU", "Grade": "C", "AIANNH": "4390", "FSRFLG": "F", "AIANNHNS": "01448012", "AREALAND": 17543081540.0, "ALANDHIST": 17543066740.0, "AREAWATER": 131642402.0, "AWATERHIST": 131657204.0, "AIANNHCC": "D1", "EFFDATE": null, "ESTABDATE": null, "FUNCSTAT": "A", "GCFLG": null, "GEOID": "4390M", "LSADC": "86", "MTFCC": "G2100", "BASENAME": "Uintah and Ouray", "NAME": "Uintah and Ouray Reservation and Off-Reservation Trust Land", "ObjID": "25190475032823", "AIANNHCOMP": "M", "STATEFP1": "4977920", "STATEFP2": null, "STATEFP3": null, "UR": null, "VINTAGE": "90", "AIANNHFP1": "49-77920", "AIANNHFP2": null, "AIANNHFP3": null, "HU100": null, "POP100": null, "CENTLAT": "+40.0940744", "CENTLON": "-110.0874473", "INTPTLAT": "+40.4099359", "INTPTLON": "-110.7475410", "STGEOMETRY_AREA": 30240111853.534199, "STGEOMETRY_LEN": 1167130.4501431601 }, "geometry": { "type": "Point", "coordinates": [ -109.9974, 40.06329 ] } },
{ "type": "Feature", "properties": { "OBJECTID": 10907, "Join_Count": 1, "TARGET_FID": 10907, "JOIN_FID": 260, "DEP_ID": "10088035", "SITE_NAME": "Myton #2", "DEV_STAT": "Occurrence", "URL": "https://mrdata.usgs.gov/mrds/show-mrds.php?dep_id=10088035", "CODE_LIST": " U CU", "Grade": "C", "AIANNH": "4390", "FSRFLG": "F", "AIANNHNS": "01448012", "AREALAND": 17543081540.0, "ALANDHIST": 17543066740.0, "AREAWATER": 131642402.0, "AWATERHIST": 131657204.0, "AIANNHCC": "D1", "EFFDATE": null, "ESTABDATE": null, "FUNCSTAT": "A", "GCFLG": null, "GEOID": "4390M", "LSADC": "86", "MTFCC": "G2100", "BASENAME": "Uintah and Ouray", "NAME": "Uintah and Ouray Reservation and Off-Reservation Trust Land", "ObjID": "25190475032823", "AIANNHCOMP": "M", "STATEFP1": "4977920", "STATEFP2": null, "STATEFP3": null, "UR": null, "VINTAGE": "90", "AIANNHFP1": "49-77920", "AIANNHFP2": null, "AIANNHFP3": null, "HU100": null, "POP100": null, "CENTLAT": "+40.0940744", "CENTLON": "-110.0874473", "INTPTLAT": "+40.4099359", "INTPTLON": "-110.7475410", "STGEOMETRY_AREA": 30240111853.534199, "STGEOMETRY_LEN": 1167130.4501431601 }, "geometry": { "type": "Point", "coordinates": [ -109.89184, 40.06913 ] } },
{ "type": "Feature", "properties": { "OBJECTID": 10913, "Join_Count": 1, "TARGET_FID": 10913, "JOIN_FID": 260, "DEP_ID": "10088788", "SITE_NAME": "Ash Mine", "DEV_STAT": "Occurrence", "URL": "https://mrdata.usgs.gov/mrds/show-mrds.php?dep_id=10088788", "CODE_LIST": " U CU", "Grade": "C", "AIANNH": "4390", "FSRFLG": "F", "AIANNHNS": "01448012", "AREALAND": 17543081540.0, "ALANDHIST": 17543066740.0, "AREAWATER": 131642402.0, "AWATERHIST": 131657204.0, "AIANNHCC": "D1", "EFFDATE": null, "ESTABDATE": null, "FUNCSTAT": "A", "GCFLG": null, "GEOID": "4390M", "LSADC": "86", "MTFCC": "G2100", "BASENAME": "Uintah and Ouray", "NAME": "Uintah and Ouray Reservation and Off-Reservation Trust Land", "ObjID": "25190475032823", "AIANNHCOMP": "M", "STATEFP1": "4977920", "STATEFP2": null, "STATEFP3": null, "UR": null, "VINTAGE": "90", "AIANNHFP1": "49-77920", "AIANNHFP2": null, "AIANNHFP3": null, "HU100": null, "POP100": null, "CENTLAT": "+40.0940744", "CENTLON": "-110.0874473", "INTPTLAT": "+40.4099359", "INTPTLON": "-110.7475410", "STGEOMETRY_AREA": 30240111853.534199, "STGEOMETRY_LEN": 1167130.4501431601 }, "geometry": { "type": "Point", "coordinates": [ -109.82516, 40.07052 ] } },
{ "type": "Feature", "properties": { "OBJECTID": 10929, "Join_Count": 1, "TARGET_FID": 10929, "JOIN_FID": 260, "DEP_ID": "10088786", "SITE_NAME": "Eureka 2 Uranium Occurrence", "DEV_STAT": "Occurrence", "URL": "https://mrdata.usgs.gov/mrds/show-mrds.php?dep_id=10088786", "CODE_LIST": " U CU", "Grade": "C", "AIANNH": "4390", "FSRFLG": "F", "AIANNHNS": "01448012", "AREALAND": 17543081540.0, "ALANDHIST": 17543066740.0, "AREAWATER": 131642402.0, "AWATERHIST": 131657204.0, "AIANNHCC": "D1", "EFFDATE": null, "ESTABDATE": null, "FUNCSTAT": "A", "GCFLG": null, "GEOID": "4390M", "LSADC": "86", "MTFCC": "G2100", "BASENAME": "Uintah and Ouray", "NAME": "Uintah and Ouray Reservation and Off-Reservation Trust Land", "ObjID": "25190475032823", "AIANNHCOMP": "M", "STATEFP1": "4977920", "STATEFP2": null, "STATEFP3": null, "UR": null, "VINTAGE": "90", "AIANNHFP1": "49-77920", "AIANNHFP2": null, "AIANNHFP3": null, "HU100": null, "POP100": null, "CENTLAT": "+40.0940744", "CENTLON": "-110.0874473", "INTPTLAT": "+40.4099359", "INTPTLON": "-110.7475410", "STGEOMETRY_AREA": 30240111853.534199, "STGEOMETRY_LEN": 1167130.4501431601 }, "geometry": { "type": "Point", "coordinates": [ -109.89684, 40.07468 ] } },
{ "type": "Feature", "properties": { "OBJECTID": 10968, "Join_Count": 1, "TARGET_FID": 10968, "JOIN_FID": 260, "DEP_ID": "10041836", "SITE_NAME": "Utarado Mining Co.", "DEV_STAT": "Occurrence", "URL": "https://mrdata.usgs.gov/mrds/show-mrds.php?dep_id=10041836", "CODE_LIST": " MO V", "Grade": "C", "AIANNH": "4390", "FSRFLG": "F", "AIANNHNS": "01448012", "AREALAND": 17543081540.0, "ALANDHIST": 17543066740.0, "AREAWATER": 131642402.0, "AWATERHIST": 131657204.0, "AIANNHCC": "D1", "EFFDATE": null, "ESTABDATE": null, "FUNCSTAT": "A", "GCFLG": null, "GEOID": "4390M", "LSADC": "86", "MTFCC": "G2100", "BASENAME": "Uintah and Ouray", "NAME": "Uintah and Ouray Reservation and Off-Reservation Trust Land", "ObjID": "25190475032823", "AIANNHCOMP": "M", "STATEFP1": "4977920", "STATEFP2": null, "STATEFP3": null, "UR": null, "VINTAGE": "90", "AIANNHFP1": "49-77920", "AIANNHFP2": null, "AIANNHFP3": null, "HU100": null, "POP100": null, "CENTLAT": "+40.0940744", "CENTLON": "-110.0874473", "INTPTLAT": "+40.4099359", "INTPTLON": "-110.7475410", "STGEOMETRY_AREA": 30240111853.534199, "STGEOMETRY_LEN": 1167130.4501431601 }, "geometry": { "type": "Point", "coordinates": [ -109.71266, 40.09579 ] } },
{ "type": "Feature", "properties": { "OBJECTID": 10999, "Join_Count": 1, "TARGET_FID": 10999, "JOIN_FID": 325, "DEP_ID": "10047554", "SITE_NAME": "Pyramid Lake Copper Prospect", "DEV_STAT": "Occurrence", "URL": "https://mrdata.usgs.gov/mrds/show-mrds.php?dep_id=10047554", "CODE_LIST": " CU MO AG", "Grade": "C", "AIANNH": "3010", "FSRFLG": "F", "AIANNHNS": "00857503", "AREALAND": 1438778842.0, "ALANDHIST": 1438778841.0, "AREAWATER": 450651614.0, "AWATERHIST": 450651614.0, "AIANNHCC": "D2", "EFFDATE": null, "ESTABDATE": null, "FUNCSTAT": "A", "GCFLG": null, "GEOID": "3010R", "LSADC": "86", "MTFCC": "G2100", "BASENAME": "Pyramid Lake Paiute", "NAME": "Pyramid Lake Paiute Reservation", "ObjID": "25190492026229", "AIANNHCOMP": "R", "STATEFP1": "3258800", "STATEFP2": null, "STATEFP3": null, "UR": null, "VINTAGE": "90", "AIANNHFP1": "32-58800", "AIANNHFP2": null, "AIANNHFP3": null, "HU100": null, "POP100": null, "CENTLAT": "+40.0802011", "CENTLON": "-119.5369817", "INTPTLAT": "+40.0331031", "INTPTLON": "-119.4921349", "STGEOMETRY_AREA": 3231175644.3426499, "STGEOMETRY_LEN": 311535.42357957998 }, "geometry": { "type": "Point", "coordinates": [ -119.50018, 40.11406 ] } },
{ "type": "Feature", "properties": { "OBJECTID": 11302, "Join_Count": 1, "TARGET_FID": 11302, "JOIN_FID": 325, "DEP_ID": "10047558", "SITE_NAME": "Clay Deposit #1", "DEV_STAT": "Occurrence", "URL": "https://mrdata.usgs.gov/mrds/show-mrds.php?dep_id=10047558", "CODE_LIST": " CLY", "Grade": "C", "AIANNH": "3010", "FSRFLG": "F", "AIANNHNS": "00857503", "AREALAND": 1438778842.0, "ALANDHIST": 1438778841.0, "AREAWATER": 450651614.0, "AWATERHIST": 450651614.0, "AIANNHCC": "D2", "EFFDATE": null, "ESTABDATE": null, "FUNCSTAT": "A", "GCFLG": null, "GEOID": "3010R", "LSADC": "86", "MTFCC": "G2100", "BASENAME": "Pyramid Lake Paiute", "NAME": "Pyramid Lake Paiute Reservation", "ObjID": "25190492026229", "AIANNHCOMP": "R", "STATEFP1": "3258800", "STATEFP2": null, "STATEFP3": null, "UR": null, "VINTAGE": "90", "AIANNHFP1": "32-58800", "AIANNHFP2": null, "AIANNHFP3": null, "HU100": null, "POP100": null, "CENTLAT": "+40.0802011", "CENTLON": "-119.5369817", "INTPTLAT": "+40.0331031", "INTPTLON": "-119.4921349", "STGEOMETRY_AREA": 3231175644.3426499, "STGEOMETRY_LEN": 311535.42357957998 }, "geometry": { "type": "Point", "coordinates": [ -119.66045, 40.30682 ] } },
{ "type": "Feature", "properties": { "OBJECTID": 11415, "Join_Count": 1, "TARGET_FID": 11415, "JOIN_FID": 325, "DEP_ID": "10047550", "SITE_NAME": "Boundary Prospect", "DEV_STAT": "Occurrence", "URL": "https://mrdata.usgs.gov/mrds/show-mrds.php?dep_id=10047550", "CODE_LIST": " CU", "Grade": "C", "AIANNH": "3010", "FSRFLG": "F", "AIANNHNS": "00857503", "AREALAND": 1438778842.0, "ALANDHIST": 1438778841.0, "AREAWATER": 450651614.0, "AWATERHIST": 450651614.0, "AIANNHCC": "D2", "EFFDATE": null, "ESTABDATE": null, "FUNCSTAT": "A", "GCFLG": null, "GEOID": "3010R", "LSADC": "86", "MTFCC": "G2100", "BASENAME": "Pyramid Lake Paiute", "NAME": "Pyramid Lake Paiute Reservation", "ObjID": "25190492026229", "AIANNHCOMP": "R", "STATEFP1": "3258800", "STATEFP2": null, "STATEFP3": null, "UR": null, "VINTAGE": "90", "AIANNHFP1": "32-58800", "AIANNHFP2": null, "AIANNHFP3": null, "HU100": null, "POP100": null, "CENTLAT": "+40.0802011", "CENTLON": "-119.5369817", "INTPTLAT": "+40.0331031", "INTPTLON": "-119.4921349", "STGEOMETRY_AREA": 3231175644.3426499, "STGEOMETRY_LEN": 311535.42357957998 }, "geometry": { "type": "Point", "coordinates": [ -119.64212, 40.36655 ] } },
{ "type": "Feature", "properties": { "OBJECTID": 11439, "Join_Count": 1, "TARGET_FID": 11439, "JOIN_FID": 260, "DEP_ID": "10042095", "SITE_NAME": "Tabiona Tar Sand Deposit", "DEV_STAT": "Occurrence", "URL": "https://mrdata.usgs.gov/mrds/show-mrds.php?dep_id=10042095", "CODE_LIST": " OIL_SA", "Grade": "C", "AIANNH": "4390", "FSRFLG": "F", "AIANNHNS": "01448012", "AREALAND": 17543081540.0, "ALANDHIST": 17543066740.0, "AREAWATER": 131642402.0, "AWATERHIST": 131657204.0, "AIANNHCC": "D1", "EFFDATE": null, "ESTABDATE": null, "FUNCSTAT": "A", "GCFLG": null, "GEOID": "4390M", "LSADC": "86", "MTFCC": "G2100", "BASENAME": "Uintah and Ouray", "NAME": "Uintah and Ouray Reservation and Off-Reservation Trust Land", "ObjID": "25190475032823", "AIANNHCOMP": "M", "STATEFP1": "4977920", "STATEFP2": null, "STATEFP3": null, "UR": null, "VINTAGE": "90", "AIANNHFP1": "49-77920", "AIANNHFP2": null, "AIANNHFP3": null, "HU100": null, "POP100": null, "CENTLAT": "+40.0940744", "CENTLON": "-110.0874473", "INTPTLAT": "+40.4099359", "INTPTLON": "-110.7475410", "STGEOMETRY_AREA": 30240111853.534199, "STGEOMETRY_LEN": 1167130.4501431601 }, "geometry": { "type": "Point", "coordinates": [ -110.67519, 40.38995 ] } },
{ "type": "Feature", "properties": { "OBJECTID": 11445, "Join_Count": 1, "TARGET_FID": 11445, "JOIN_FID": 260, "DEP_ID": "10089602", "SITE_NAME": "Utah Dept of Highways Pit No 07019", "DEV_STAT": "Occurrence", "URL": "https://mrdata.usgs.gov/mrds/show-mrds.php?dep_id=10089602", "CODE_LIST": " SDG", "Grade": "C", "AIANNH": "4390", "FSRFLG": "F", "AIANNHNS": "01448012", "AREALAND": 17543081540.0, "ALANDHIST": 17543066740.0, "AREAWATER": 131642402.0, "AWATERHIST": 131657204.0, "AIANNHCC": "D1", "EFFDATE": null, "ESTABDATE": null, "FUNCSTAT": "A", "GCFLG": null, "GEOID": "4390M", "LSADC": "86", "MTFCC": "G2100", "BASENAME": "Uintah and Ouray", "NAME": "Uintah and Ouray Reservation and Off-Reservation Trust Land", "ObjID": "25190475032823", "AIANNHCOMP": "M", "STATEFP1": "4977920", "STATEFP2": null, "STATEFP3": null, "UR": null, "VINTAGE": "90", "AIANNHFP1": "49-77920", "AIANNHFP2": null, "AIANNHFP3": null, "HU100": null, "POP100": null, "CENTLAT": "+40.0940744", "CENTLON": "-110.0874473", "INTPTLAT": "+40.4099359", "INTPTLON": "-110.7475410", "STGEOMETRY_AREA": 30240111853.534199, "STGEOMETRY_LEN": 1167130.4501431601 }, "geometry": { "type": "Point", "coordinates": [ -110.39658, 40.39356 ] } },
{ "type": "Feature", "properties": { "OBJECTID": 11500, "Join_Count": 1, "TARGET_FID": 11500, "JOIN_FID": 128, "DEP_ID": "10012659", "SITE_NAME": "Skull Valley Indian Reservation Prospects", "DEV_STAT": "Occurrence", "URL": "https://mrdata.usgs.gov/mrds/show-mrds.php?dep_id=10012659", "CODE_LIST": " FE", "Grade": "B", "AIANNH": "3840", "FSRFLG": "F", "AIANNHNS": "01445643", "AREALAND": 72932870.0, "ALANDHIST": 72932870.0, "AREAWATER": 0.0, "AWATERHIST": 0.0, "AIANNHCC": "D2", "EFFDATE": null, "ESTABDATE": null, "FUNCSTAT": "A", "GCFLG": null, "GEOID": "3840R", "LSADC": "86", "MTFCC": "G2100", "BASENAME": "Skull Valley", "NAME": "Skull Valley Reservation", "ObjID": "25190477150055", "AIANNHCOMP": "R", "STATEFP1": "4969420", "STATEFP2": null, "STATEFP3": null, "UR": null, "VINTAGE": "90", "AIANNHFP1": "49-69420", "AIANNHFP2": null, "AIANNHFP3": null, "HU100": null, "POP100": null, "CENTLAT": "+40.3874199", "CENTLON": "-112.7358133", "INTPTLAT": "+40.3874199", "INTPTLON": "-112.7358133", "STGEOMETRY_AREA": 125849176.023616, "STGEOMETRY_LEN": 63455.56252557 }, "geometry": { "type": "Point", "coordinates": [ -112.67775, 40.42688 ] } },
{ "type": "Feature", "properties": { "OBJECTID": 11557, "Join_Count": 1, "TARGET_FID": 11557, "JOIN_FID": 260, "DEP_ID": "10094728", "SITE_NAME": "Utah Dept. of Highways Pit No. 07005", "DEV_STAT": "Occurrence", "URL": "https://mrdata.usgs.gov/mrds/show-mrds.php?dep_id=10094728", "CODE_LIST": " SDG", "Grade": "C", "AIANNH": "4390", "FSRFLG": "F", "AIANNHNS": "01448012", "AREALAND": 17543081540.0, "ALANDHIST": 17543066740.0, "AREAWATER": 131642402.0, "AWATERHIST": 131657204.0, "AIANNHCC": "D1", "EFFDATE": null, "ESTABDATE": null, "FUNCSTAT": "A", "GCFLG": null, "GEOID": "4390M", "LSADC": "86", "MTFCC": "G2100", "BASENAME": "Uintah and Ouray", "NAME": "Uintah and Ouray Reservation and Off-Reservation Trust Land", "ObjID": "25190475032823", "AIANNHCOMP": "M", "STATEFP1": "4977920", "STATEFP2": null, "STATEFP3": null, "UR": null, "VINTAGE": "90", "AIANNHFP1": "49-77920", "AIANNHFP2": null, "AIANNHFP3": null, "HU100": null, "POP100": null, "CENTLAT": "+40.0940744", "CENTLON": "-110.0874473", "INTPTLAT": "+40.4099359", "INTPTLON": "-110.7475410", "STGEOMETRY_AREA": 30240111853.534199, "STGEOMETRY_LEN": 1167130.4501431601 }, "geometry": { "type": "Point", "coordinates": [ -110.83826, 40.46412 ] } },
{ "type": "Feature", "properties": { "OBJECTID": 11570, "Join_Count": 1, "TARGET_FID": 11570, "JOIN_FID": 260, "DEP_ID": "10092649", "SITE_NAME": "Hanna Phosphate", "DEV_STAT": "Occurrence", "URL": "https://mrdata.usgs.gov/mrds/show-mrds.php?dep_id=10092649", "CODE_LIST": " P", "Grade": "C", "AIANNH": "4390", "FSRFLG": "F", "AIANNHNS": "01448012", "AREALAND": 17543081540.0, "ALANDHIST": 17543066740.0, "AREAWATER": 131642402.0, "AWATERHIST": 131657204.0, "AIANNHCC": "D1", "EFFDATE": null, "ESTABDATE": null, "FUNCSTAT": "A", "GCFLG": null, "GEOID": "4390M", "LSADC": "86", "MTFCC": "G2100", "BASENAME": "Uintah and Ouray", "NAME": "Uintah and Ouray Reservation and Off-Reservation Trust Land", "ObjID": "25190475032823", "AIANNHCOMP": "M", "STATEFP1": "4977920", "STATEFP2": null, "STATEFP3": null, "UR": null, "VINTAGE": "90", "AIANNHFP1": "49-77920", "AIANNHFP2": null, "AIANNHFP3": null, "HU100": null, "POP100": null, "CENTLAT": "+40.0940744", "CENTLON": "-110.0874473", "INTPTLAT": "+40.4099359", "INTPTLON": "-110.7475410", "STGEOMETRY_AREA": 30240111853.534199, "STGEOMETRY_LEN": 1167130.4501431601 }, "geometry": { "type": "Point", "coordinates": [ -110.79048, 40.47523 ] } },
{ "type": "Feature", "properties": { "OBJECTID": 11579, "Join_Count": 1, "TARGET_FID": 11579, "JOIN_FID": 260, "DEP_ID": "10015166", "SITE_NAME": "Wolf Creek Phosphate Deposit", "DEV_STAT": "Occurrence", "URL": "https://mrdata.usgs.gov/mrds/show-mrds.php?dep_id=10015166", "CODE_LIST": " P", "Grade": "C", "AIANNH": "4390", "FSRFLG": "F", "AIANNHNS": "01448012", "AREALAND": 17543081540.0, "ALANDHIST": 17543066740.0, "AREAWATER": 131642402.0, "AWATERHIST": 131657204.0, "AIANNHCC": "D1", "EFFDATE": null, "ESTABDATE": null, "FUNCSTAT": "A", "GCFLG": null, "GEOID": "4390M", "LSADC": "86", "MTFCC": "G2100", "BASENAME": "Uintah and Ouray", "NAME": "Uintah and Ouray Reservation and Off-Reservation Trust Land", "ObjID": "25190475032823", "AIANNHCOMP": "M", "STATEFP1": "4977920", "STATEFP2": null, "STATEFP3": null, "UR": null, "VINTAGE": "90", "AIANNHFP1": "49-77920", "AIANNHFP2": null, "AIANNHFP3": null, "HU100": null, "POP100": null, "CENTLAT": "+40.0940744", "CENTLON": "-110.0874473", "INTPTLAT": "+40.4099359", "INTPTLON": "-110.7475410", "STGEOMETRY_AREA": 30240111853.534199, "STGEOMETRY_LEN": 1167130.4501431601 }, "geometry": { "type": "Point", "coordinates": [ -110.74965, 40.49023 ] } },
{ "type": "Feature", "properties": { "OBJECTID": 11730, "Join_Count": 1, "TARGET_FID": 11730, "JOIN_FID": 260, "DEP_ID": "10095574", "SITE_NAME": "Rock Creek Prospect", "DEV_STAT": "Occurrence", "URL": "https://mrdata.usgs.gov/mrds/show-mrds.php?dep_id=10095574", "CODE_LIST": " FE", "Grade": "C", "AIANNH": "4390", "FSRFLG": "F", "AIANNHNS": "01448012", "AREALAND": 17543081540.0, "ALANDHIST": 17543066740.0, "AREAWATER": 131642402.0, "AWATERHIST": 131657204.0, "AIANNHCC": "D1", "EFFDATE": null, "ESTABDATE": null, "FUNCSTAT": "A", "GCFLG": null, "GEOID": "4390M", "LSADC": "86", "MTFCC": "G2100", "BASENAME": "Uintah and Ouray", "NAME": "Uintah and Ouray Reservation and Off-Reservation Trust Land", "ObjID": "25190475032823", "AIANNHCOMP": "M", "STATEFP1": "4977920", "STATEFP2": null, "STATEFP3": null, "UR": null, "VINTAGE": "90", "AIANNHFP1": "49-77920", "AIANNHFP2": null, "AIANNHFP3": null, "HU100": null, "POP100": null, "CENTLAT": "+40.0940744", "CENTLON": "-110.0874473", "INTPTLAT": "+40.4099359", "INTPTLON": "-110.7475410", "STGEOMETRY_AREA": 30240111853.534199, "STGEOMETRY_LEN": 1167130.4501431601 }, "geometry": { "type": "Point", "coordinates": [ -110.61908, 40.55967 ] } },
{ "type": "Feature", "properties": { "OBJECTID": 11761, "Join_Count": 1, "TARGET_FID": 11761, "JOIN_FID": 260, "DEP_ID": "10090971", "SITE_NAME": "West Ashley Creek Phosphate Deposit", "DEV_STAT": "Occurrence", "URL": "https://mrdata.usgs.gov/mrds/show-mrds.php?dep_id=10090971", "CODE_LIST": " P", "Grade": "C", "AIANNH": "4390", "FSRFLG": "F", "AIANNHNS": "01448012", "AREALAND": 17543081540.0, "ALANDHIST": 17543066740.0, "AREAWATER": 131642402.0, "AWATERHIST": 131657204.0, "AIANNHCC": "D1", "EFFDATE": null, "ESTABDATE": null, "FUNCSTAT": "A", "GCFLG": null, "GEOID": "4390M", "LSADC": "86", "MTFCC": "G2100", "BASENAME": "Uintah and Ouray", "NAME": "Uintah and Ouray Reservation and Off-Reservation Trust Land", "ObjID": "25190475032823", "AIANNHCOMP": "M", "STATEFP1": "4977920", "STATEFP2": null, "STATEFP3": null, "UR": null, "VINTAGE": "90", "AIANNHFP1": "49-77920", "AIANNHFP2": null, "AIANNHFP3": null, "HU100": null, "POP100": null, "CENTLAT": "+40.0940744", "CENTLON": "-110.0874473", "INTPTLAT": "+40.4099359", "INTPTLON": "-110.7475410", "STGEOMETRY_AREA": 30240111853.534199, "STGEOMETRY_LEN": 1167130.4501431601 }, "geometry": { "type": "Point", "coordinates": [ -109.92212, 40.57606 ] } },
{ "type": "Feature", "properties": { "OBJECTID": 11834, "Join_Count": 1, "TARGET_FID": 11834, "JOIN_FID": 260, "DEP_ID": "10015016", "SITE_NAME": "Fish Creek Manganese Deposit", "DEV_STAT": "Occurrence", "URL": "https://mrdata.usgs.gov/mrds/show-mrds.php?dep_id=10015016", "CODE_LIST": " MN", "Grade": "C", "AIANNH": "4390", "FSRFLG": "F", "AIANNHNS": "01448012", "AREALAND": 17543081540.0, "ALANDHIST": 17543066740.0, "AREAWATER": 131642402.0, "AWATERHIST": 131657204.0, "AIANNHCC": "D1", "EFFDATE": null, "ESTABDATE": null, "FUNCSTAT": "A", "GCFLG": null, "GEOID": "4390M", "LSADC": "86", "MTFCC": "G2100", "BASENAME": "Uintah and Ouray", "NAME": "Uintah and Ouray Reservation and Off-Reservation Trust Land", "ObjID": "25190475032823", "AIANNHCOMP": "M", "STATEFP1": "4977920", "STATEFP2": null, "STATEFP3": null, "UR": null, "VINTAGE": "90", "AIANNHFP1": "49-77920", "AIANNHFP2": null, "AIANNHFP3": null, "HU100": null, "POP100": null, "CENTLAT": "+40.0940744", "CENTLON": "-110.0874473", "INTPTLAT": "+40.4099359", "INTPTLON": "-110.7475410", "STGEOMETRY_AREA": 30240111853.534199, "STGEOMETRY_LEN": 1167130.4501431601 }, "geometry": { "type": "Point", "coordinates": [ -110.45325, 40.60912 ] } },
{ "type": "Feature", "properties": { "OBJECTID": 11838, "Join_Count": 1, "TARGET_FID": 11838, "JOIN_FID": 260, "DEP_ID": "10096879", "SITE_NAME": "Farm Creek Prospects", "DEV_STAT": "Prospect", "URL": "https://mrdata.usgs.gov/mrds/show-mrds.php?dep_id=10096879", "CODE_LIST": " FE", "Grade": "B", "AIANNH": "4390", "FSRFLG": "F", "AIANNHNS": "01448012", "AREALAND": 17543081540.0, "ALANDHIST": 17543066740.0, "AREAWATER": 131642402.0, "AWATERHIST": 131657204.0, "AIANNHCC": "D1", "EFFDATE": null, "ESTABDATE": null, "FUNCSTAT": "A", "GCFLG": null, "GEOID": "4390M", "LSADC": "86", "MTFCC": "G2100", "BASENAME": "Uintah and Ouray", "NAME": "Uintah and Ouray Reservation and Off-Reservation Trust Land", "ObjID": "25190475032823", "AIANNHCOMP": "M", "STATEFP1": "4977920", "STATEFP2": null, "STATEFP3": null, "UR": null, "VINTAGE": "90", "AIANNHFP1": "49-77920", "AIANNHFP2": null, "AIANNHFP3": null, "HU100": null, "POP100": null, "CENTLAT": "+40.0940744", "CENTLON": "-110.0874473", "INTPTLAT": "+40.4099359", "INTPTLON": "-110.7475410", "STGEOMETRY_AREA": 30240111853.534199, "STGEOMETRY_LEN": 1167130.4501431601 }, "geometry": { "type": "Point", "coordinates": [ -110.00324, 40.61189 ] } },
{ "type": "Feature", "properties": { "OBJECTID": 12079, "Join_Count": 1, "TARGET_FID": 12079, "JOIN_FID": 260, "DEP_ID": "10015015", "SITE_NAME": "Tungston Pass Prospect", "DEV_STAT": "Occurrence", "URL": "https://mrdata.usgs.gov/mrds/show-mrds.php?dep_id=10015015", "CODE_LIST": " FE", "Grade": "C", "AIANNH": "4390", "FSRFLG": "F", "AIANNHNS": "01448012", "AREALAND": 17543081540.0, "ALANDHIST": 17543066740.0, "AREAWATER": 131642402.0, "AWATERHIST": 131657204.0, "AIANNHCC": "D1", "EFFDATE": null, "ESTABDATE": null, "FUNCSTAT": "A", "GCFLG": null, "GEOID": "4390M", "LSADC": "86", "MTFCC": "G2100", "BASENAME": "Uintah and Ouray", "NAME": "Uintah and Ouray Reservation and Off-Reservation Trust Land", "ObjID": "25190475032823", "AIANNHCOMP": "M", "STATEFP1": "4977920", "STATEFP2": null, "STATEFP3": null, "UR": null, "VINTAGE": "90", "AIANNHFP1": "49-77920", "AIANNHFP2": null, "AIANNHFP3": null, "HU100": null, "POP100": null, "CENTLAT": "+40.0940744", "CENTLON": "-110.0874473", "INTPTLAT": "+40.4099359", "INTPTLON": "-110.7475410", "STGEOMETRY_AREA": 30240111853.534199, "STGEOMETRY_LEN": 1167130.4501431601 }, "geometry": { "type": "Point", "coordinates": [ -110.43353, 40.74578 ] } },
{ "type": "Feature", "properties": { "OBJECTID": 12554, "Join_Count": 1, "TARGET_FID": 12554, "JOIN_FID": 105, "DEP_ID": "10030561", "SITE_NAME": "Sam Brown World War No. 2 Prospect", "DEV_STAT": "Occurrence", "URL": "https://mrdata.usgs.gov/mrds/show-mrds.php?dep_id=10030561", "CODE_LIST": " MN", "Grade": "C", "AIANNH": "1490", "FSRFLG": "F", "AIANNHNS": "00251972", "AREALAND": 364418754.0, "ALANDHIST": 364418754.0, "AREAWATER": 2369202.0, "AWATERHIST": 2369202.0, "AIANNHCC": "D2", "EFFDATE": null, "ESTABDATE": null, "FUNCSTAT": "A", "GCFLG": null, "GEOID": "1490R", "LSADC": "86", "MTFCC": "G2100", "BASENAME": "Hoopa Valley", "NAME": "Hoopa Valley Reservation", "ObjID": "25190422371996", "AIANNHCOMP": "R", "STATEFP1": "0634554", "STATEFP2": null, "STATEFP3": null, "UR": null, "VINTAGE": "90", "AIANNHFP1": "06-34554", "AIANNHFP2": null, "AIANNHFP3": null, "HU100": null, "POP100": null, "CENTLAT": "+41.0991911", "CENTLON": "-123.6725440", "INTPTLAT": "+41.0933714", "INTPTLON": "-123.6734422", "STGEOMETRY_AREA": 646497294.57678795, "STGEOMETRY_LEN": 101982.33016125001 }, "geometry": { "type": "Point", "coordinates": [ -123.71003, 41.07872 ] } },
{ "type": "Feature", "properties": { "OBJECTID": 12572, "Join_Count": 1, "TARGET_FID": 12572, "JOIN_FID": 105, "DEP_ID": "10076572", "SITE_NAME": "Copper Bluff", "DEV_STAT": "Occurrence", "URL": "https://mrdata.usgs.gov/mrds/show-mrds.php?dep_id=10076572", "CODE_LIST": " CU ZN", "Grade": "C", "AIANNH": "1490", "FSRFLG": "F", "AIANNHNS": "00251972", "AREALAND": 364418754.0, "ALANDHIST": 364418754.0, "AREAWATER": 2369202.0, "AWATERHIST": 2369202.0, "AIANNHCC": "D2", "EFFDATE": null, "ESTABDATE": null, "FUNCSTAT": "A", "GCFLG": null, "GEOID": "1490R", "LSADC": "86", "MTFCC": "G2100", "BASENAME": "Hoopa Valley", "NAME": "Hoopa Valley Reservation", "ObjID": "25190422371996", "AIANNHCOMP": "R", "STATEFP1": "0634554", "STATEFP2": null, "STATEFP3": null, "UR": null, "VINTAGE": "90", "AIANNHFP1": "06-34554", "AIANNHFP2": null, "AIANNHFP3": null, "HU100": null, "POP100": null, "CENTLAT": "+41.0991911", "CENTLON": "-123.6725440", "INTPTLAT": "+41.0933714", "INTPTLON": "-123.6734422", "STGEOMETRY_AREA": 646497294.57678795, "STGEOMETRY_LEN": 101982.33016125001 }, "geometry": { "type": "Point", "coordinates": [ -123.73892, 41.09539 ] } },
{ "type": "Feature", "properties": { "OBJECTID": 12687, "Join_Count": 1, "TARGET_FID": 12687, "JOIN_FID": 153, "DEP_ID": "10038022", "SITE_NAME": "Weitchpec Bar", "DEV_STAT": "Producer", "URL": "https://mrdata.usgs.gov/mrds/show-mrds.php?dep_id=10038022", "CODE_LIST": " AU PGE_PT PGE_IR PGE_OS PGE_RU PGE_RH PGE_PD", "Grade": "B", "AIANNH": "4760", "FSRFLG": "F", "AIANNHNS": "02419530", "AREALAND": 217781926.0, "ALANDHIST": 217781926.0, "AREAWATER": 8668698.0, "AWATERHIST": 8668698.0, "AIANNHCC": "D2", "EFFDATE": null, "ESTABDATE": null, "FUNCSTAT": "A", "GCFLG": null, "GEOID": "4760R", "LSADC": "86", "MTFCC": "G2100", "BASENAME": "Yurok", "NAME": "Yurok Reservation", "ObjID": "25190422372001", "AIANNHCOMP": "R", "STATEFP1": "0687063", "STATEFP2": null, "STATEFP3": null, "UR": null, "VINTAGE": "90", "AIANNHFP1": "06-87063", "AIANNHFP2": null, "AIANNHFP3": null, "HU100": null, "POP100": null, "CENTLAT": "+41.3709411", "CENTLON": "-123.8910225", "INTPTLAT": "+41.3808929", "INTPTLON": "-123.9049833", "STGEOMETRY_AREA": 402450914.20336699, "STGEOMETRY_LEN": 231105.80714535 }, "geometry": { "type": "Point", "coordinates": [ -123.7092, 41.18566 ] } },
{ "type": "Feature", "properties": { "OBJECTID": 13636, "Join_Count": 1, "TARGET_FID": 13636, "JOIN_FID": 275, "DEP_ID": "10036502", "SITE_NAME": "Blue Moon", "DEV_STAT": "Occurrence", "URL": "https://mrdata.usgs.gov/mrds/show-mrds.php?dep_id=10036502", "CODE_LIST": " U", "Grade": "C", "AIANNH": "1210", "FSRFLG": "F", "AIANNHNS": "00859740", "AREALAND": 140874984.0, "ALANDHIST": 140874984.0, "AREAWATER": 0.0, "AWATERHIST": 0.0, "AIANNHCC": "D2", "EFFDATE": null, "ESTABDATE": null, "FUNCSTAT": "A", "GCFLG": null, "GEOID": "1210R", "LSADC": "96", "MTFCC": "G2100", "BASENAME": "Fort McDermitt", "NAME": "Fort McDermitt Indian Reservation", "ObjID": "25190397805509", "AIANNHCOMP": "R", "STATEFP1": "3225500", "STATEFP2": "4126475", "STATEFP3": null, "UR": null, "VINTAGE": "90", "AIANNHFP1": "32-25500", "AIANNHFP2": "41-26475", "AIANNHFP3": null, "HU100": null, "POP100": null, "CENTLAT": "+41.9557421", "CENTLON": "-117.6584179", "INTPTLAT": "+41.9557421", "INTPTLON": "-117.6584179", "STGEOMETRY_AREA": 254922230.629255, "STGEOMETRY_LEN": 308401.26804986002 }, "geometry": { "type": "Point", "coordinates": [ -117.57459, 42.00682 ] } },
{ "type": "Feature", "properties": { "OBJECTID": 14925, "Join_Count": 1, "TARGET_FID": 14925, "JOIN_FID": 215, "DEP_ID": "10089433", "SITE_NAME": "Rocky Canyon Phosphate Deposit", "DEV_STAT": "Occurrence", "URL": "https://mrdata.usgs.gov/mrds/show-mrds.php?dep_id=10089433", "CODE_LIST": " P", "Grade": "B", "AIANNH": "1185", "FSRFLG": "F", "AIANNHNS": "00399059", "AREALAND": 2108680183.0, "ALANDHIST": 2108680183.0, "AREAWATER": 107357685.0, "AWATERHIST": 107357685.0, "AIANNHCC": "D1", "EFFDATE": null, "ESTABDATE": null, "FUNCSTAT": "A", "GCFLG": null, "GEOID": "1185M", "LSADC": "86", "MTFCC": "G2100", "BASENAME": "Fort Hall", "NAME": "Fort Hall Reservation and Off-Reservation Trust Land", "ObjID": "25190386688180", "AIANNHCOMP": "M", "STATEFP1": "1628450", "STATEFP2": null, "STATEFP3": null, "UR": null, "VINTAGE": "90", "AIANNHFP1": "16-28450", "AIANNHFP2": null, "AIANNHFP3": null, "HU100": null, "POP100": null, "CENTLAT": "+42.9644123", "CENTLON": "-112.3664805", "INTPTLAT": "+42.9681709", "INTPTLON": "-112.3648656", "STGEOMETRY_AREA": 4140382481.4812398, "STGEOMETRY_LEN": 469418.03722290002 }, "geometry": { "type": "Point", "coordinates": [ -111.94972, 42.92992 ] } },
{ "type": "Feature", "properties": { "OBJECTID": 14961, "Join_Count": 1, "TARGET_FID": 14961, "JOIN_FID": 215, "DEP_ID": "10070318", "SITE_NAME": "Fort Hall Indian Reservation Phosphate Occurrence", "DEV_STAT": "Occurrence", "URL": "https://mrdata.usgs.gov/mrds/show-mrds.php?dep_id=10070318", "CODE_LIST": " P", "Grade": "C", "AIANNH": "1185", "FSRFLG": "F", "AIANNHNS": "00399059", "AREALAND": 2108680183.0, "ALANDHIST": 2108680183.0, "AREAWATER": 107357685.0, "AWATERHIST": 107357685.0, "AIANNHCC": "D1", "EFFDATE": null, "ESTABDATE": null, "FUNCSTAT": "A", "GCFLG": null, "GEOID": "1185M", "LSADC": "86", "MTFCC": "G2100", "BASENAME": "Fort Hall", "NAME": "Fort Hall Reservation and Off-Reservation Trust Land", "ObjID": "25190386688180", "AIANNHCOMP": "M", "STATEFP1": "1628450", "STATEFP2": null, "STATEFP3": null, "UR": null, "VINTAGE": "90", "AIANNHFP1": "16-28450", "AIANNHFP2": null, "AIANNHFP3": null, "HU100": null, "POP100": null, "CENTLAT": "+42.9644123", "CENTLON": "-112.3664805", "INTPTLAT": "+42.9681709", "INTPTLON": "-112.3648656", "STGEOMETRY_AREA": 4140382481.4812398, "STGEOMETRY_LEN": 469418.03722290002 }, "geometry": { "type": "Point", "coordinates": [ -112.06193, 42.99521 ] } },
{ "type": "Feature", "properties": { "OBJECTID": 14966, "Join_Count": 1, "TARGET_FID": 14966, "JOIN_FID": 296, "DEP_ID": "10040975", "SITE_NAME": "James R.", "DEV_STAT": "Occurrence", "URL": "https://mrdata.usgs.gov/mrds/show-mrds.php?dep_id=10040975", "CODE_LIST": " HG", "Grade": "B", "AIANNH": "0815", "FSRFLG": "F", "AIANNHNS": "02418898", "AREALAND": 92523351.0, "ALANDHIST": 92056999.0, "AREAWATER": 0.0, "AWATERHIST": 0.0, "AIANNHCC": "D2", "EFFDATE": null, "ESTABDATE": null, "FUNCSTAT": "A", "GCFLG": null, "GEOID": "0815R", "LSADC": "86", "MTFCC": "G2100", "BASENAME": "Cow Creek", "NAME": "Cow Creek Reservation", "ObjID": "25190710949839", "AIANNHCOMP": "R", "STATEFP1": "4116335", "STATEFP2": null, "STATEFP3": null, "UR": null, "VINTAGE": "90", "AIANNHFP1": "41-16335", "AIANNHFP2": null, "AIANNHFP3": null, "HU100": null, "POP100": null, "CENTLAT": "+42.9969847", "CENTLON": "-123.1511050", "INTPTLAT": "+43.1164888", "INTPTLON": "-123.0437783", "STGEOMETRY_AREA": 173047071.498698, "STGEOMETRY_LEN": 325125.87755277997 }, "geometry": { "type": "Point", "coordinates": [ -122.92254, 43.01232 ] } },
{ "type": "Feature", "properties": { "OBJECTID": 14988, "Join_Count": 1, "TARGET_FID": 14988, "JOIN_FID": 215, "DEP_ID": "10071895", "SITE_NAME": "Gay Mine", "DEV_STAT": "Producer", "URL": "https://mrdata.usgs.gov/mrds/show-mrds.php?dep_id=10071895", "CODE_LIST": " P", "Grade": "B", "AIANNH": "1185", "FSRFLG": "F", "AIANNHNS": "00399059", "AREALAND": 2108680183.0, "ALANDHIST": 2108680183.0, "AREAWATER": 107357685.0, "AWATERHIST": 107357685.0, "AIANNHCC": "D1", "EFFDATE": null, "ESTABDATE": null, "FUNCSTAT": "A", "GCFLG": null, "GEOID": "1185M", "LSADC": "86", "MTFCC": "G2100", "BASENAME": "Fort Hall", "NAME": "Fort Hall Reservation and Off-Reservation Trust Land", "ObjID": "25190386688180", "AIANNHCOMP": "M", "STATEFP1": "1628450", "STATEFP2": null, "STATEFP3": null, "UR": null, "VINTAGE": "90", "AIANNHFP1": "16-28450", "AIANNHFP2": null, "AIANNHFP3": null, "HU100": null, "POP100": null, "CENTLAT": "+42.9644123", "CENTLON": "-112.3664805", "INTPTLAT": "+42.9681709", "INTPTLON": "-112.3648656", "STGEOMETRY_AREA": 4140382481.4812398, "STGEOMETRY_LEN": 469418.03722290002 }, "geometry": { "type": "Point", "coordinates": [ -112.11194, 43.04852 ] } },
{ "type": "Feature", "properties": { "OBJECTID": 15013, "Join_Count": 1, "TARGET_FID": 15013, "JOIN_FID": 215, "DEP_ID": "10096390", "SITE_NAME": "Lincoln Canyon Phosphate Deposit", "DEV_STAT": "Occurrence", "URL": "https://mrdata.usgs.gov/mrds/show-mrds.php?dep_id=10096390", "CODE_LIST": " P", "Grade": "C", "AIANNH": "1185", "FSRFLG": "F", "AIANNHNS": "00399059", "AREALAND": 2108680183.0, "ALANDHIST": 2108680183.0, "AREAWATER": 107357685.0, "AWATERHIST": 107357685.0, "AIANNHCC": "D1", "EFFDATE": null, "ESTABDATE": null, "FUNCSTAT": "A", "GCFLG": null, "GEOID": "1185M", "LSADC": "86", "MTFCC": "G2100", "BASENAME": "Fort Hall", "NAME": "Fort Hall Reservation and Off-Reservation Trust Land", "ObjID": "25190386688180", "AIANNHCOMP": "M", "STATEFP1": "1628450", "STATEFP2": null, "STATEFP3": null, "UR": null, "VINTAGE": "90", "AIANNHFP1": "16-28450", "AIANNHFP2": null, "AIANNHFP3": null, "HU100": null, "POP100": null, "CENTLAT": "+42.9644123", "CENTLON": "-112.3664805", "INTPTLAT": "+42.9681709", "INTPTLON": "-112.3648656", "STGEOMETRY_AREA": 4140382481.4812398, "STGEOMETRY_LEN": 469418.03722290002 }, "geometry": { "type": "Point", "coordinates": [ -112.09523, 43.08571 ] } },
{ "type": "Feature", "properties": { "OBJECTID": 15030, "Join_Count": 1, "TARGET_FID": 15030, "JOIN_FID": 215, "DEP_ID": "10096393", "SITE_NAME": "Phosphate Deposit", "DEV_STAT": "Occurrence", "URL": "https://mrdata.usgs.gov/mrds/show-mrds.php?dep_id=10096393", "CODE_LIST": " P", "Grade": "C", "AIANNH": "1185", "FSRFLG": "F", "AIANNHNS": "00399059", "AREALAND": 2108680183.0, "ALANDHIST": 2108680183.0, "AREAWATER": 107357685.0, "AWATERHIST": 107357685.0, "AIANNHCC": "D1", "EFFDATE": null, "ESTABDATE": null, "FUNCSTAT": "A", "GCFLG": null, "GEOID": "1185M", "LSADC": "86", "MTFCC": "G2100", "BASENAME": "Fort Hall", "NAME": "Fort Hall Reservation and Off-Reservation Trust Land", "ObjID": "25190386688180", "AIANNHCOMP": "M", "STATEFP1": "1628450", "STATEFP2": null, "STATEFP3": null, "UR": null, "VINTAGE": "90", "AIANNHFP1": "16-28450", "AIANNHFP2": null, "AIANNHFP3": null, "HU100": null, "POP100": null, "CENTLAT": "+42.9644123", "CENTLON": "-112.3664805", "INTPTLAT": "+42.9681709", "INTPTLON": "-112.3648656", "STGEOMETRY_AREA": 4140382481.4812398, "STGEOMETRY_LEN": 469418.03722290002 }, "geometry": { "type": "Point", "coordinates": [ -112.07503, 43.10961 ] } },
{ "type": "Feature", "properties": { "OBJECTID": 18772, "Join_Count": 1, "TARGET_FID": 18772, "JOIN_FID": 116, "DEP_ID": "10072101", "SITE_NAME": "Stites Clay Occurrence 23", "DEV_STAT": "Occurrence", "URL": "https://mrdata.usgs.gov/mrds/show-mrds.php?dep_id=10072101", "CODE_LIST": " CLY_K", "Grade": "C", "AIANNH": "2445", "FSRFLG": "F", "AIANNHNS": "00399588", "AREALAND": 3093948255.0, "ALANDHIST": 3093948255.0, "AREAWATER": 26933856.0, "AWATERHIST": 26933856.0, "AIANNHCC": "D2", "EFFDATE": null, "ESTABDATE": null, "FUNCSTAT": "A", "GCFLG": null, "GEOID": "2445R", "LSADC": "86", "MTFCC": "G2100", "BASENAME": "Nez Perce", "NAME": "Nez Perce Reservation", "ObjID": "25190152193015", "AIANNHCOMP": "R", "STATEFP1": "1657340", "STATEFP2": null, "STATEFP3": null, "UR": null, "VINTAGE": "90", "AIANNHFP1": "16-57340", "AIANNHFP2": null, "AIANNHFP3": null, "HU100": null, "POP100": null, "CENTLAT": "+46.3076124", "CENTLON": "-116.4073300", "INTPTLAT": "+46.3061873", "INTPTLON": "-116.4002894", "STGEOMETRY_AREA": 6538346500.9708595, "STGEOMETRY_LEN": 340178.74576472997 }, "geometry": { "type": "Point", "coordinates": [ -116.0341, 46.07597 ] } },
{ "type": "Feature", "properties": { "OBJECTID": 18791, "Join_Count": 1, "TARGET_FID": 18791, "JOIN_FID": 183, "DEP_ID": "10072961", "SITE_NAME": "Mille Lacs County Peat Bogs", "DEV_STAT": "Producer", "URL": "https://mrdata.usgs.gov/mrds/show-mrds.php?dep_id=10072961", "CODE_LIST": " PEA", "Grade": "C", "AIANNH": "2270", "FSRFLG": "F", "AIANNHNS": "02419017", "AREALAND": 255793793.0, "ALANDHIST": 255793793.0, "AREAWATER": 162846236.0, "AWATERHIST": 162846236.0, "AIANNHCC": "D1", "EFFDATE": null, "ESTABDATE": null, "FUNCSTAT": "A", "GCFLG": null, "GEOID": "2270M", "LSADC": "86", "MTFCC": "G2100", "BASENAME": "Mille Lacs", "NAME": "Mille Lacs Reservation and Off-Reservation Trust Land", "ObjID": "25190461128296", "AIANNHCOMP": "M", "STATEFP1": "2742200", "STATEFP2": null, "STATEFP3": null, "UR": null, "VINTAGE": "90", "AIANNHFP1": "27-42200", "AIANNHFP2": null, "AIANNHFP3": null, "HU100": null, "POP100": null, "CENTLAT": "+46.1376445", "CENTLON": "-093.6273874", "INTPTLAT": "+46.1300232", "INTPTLON": "-093.5965083", "STGEOMETRY_AREA": 871653084.677809, "STGEOMETRY_LEN": 234841.67493278001 }, "geometry": { "type": "Point", "coordinates": [ -93.5244, 46.11721 ] } },
{ "type": "Feature", "properties": { "OBJECTID": 18946, "Join_Count": 1, "TARGET_FID": 18946, "JOIN_FID": 116, "DEP_ID": "10072118", "SITE_NAME": "Lolo Copper Prospect", "DEV_STAT": "Occurrence", "URL": "https://mrdata.usgs.gov/mrds/show-mrds.php?dep_id=10072118", "CODE_LIST": " CU MO AU", "Grade": "B", "AIANNH": "2445", "FSRFLG": "F", "AIANNHNS": "00399588", "AREALAND": 3093948255.0, "ALANDHIST": 3093948255.0, "AREAWATER": 26933856.0, "AWATERHIST": 26933856.0, "AIANNHCC": "D2", "EFFDATE": null, "ESTABDATE": null, "FUNCSTAT": "A", "GCFLG": null, "GEOID": "2445R", "LSADC": "86", "MTFCC": "G2100", "BASENAME": "Nez Perce", "NAME": "Nez Perce Reservation", "ObjID": "25190152193015", "AIANNHCOMP": "R", "STATEFP1": "1657340", "STATEFP2": null, "STATEFP3": null, "UR": null, "VINTAGE": "90", "AIANNHFP1": "16-57340", "AIANNHFP2": null, "AIANNHFP3": null, "HU100": null, "POP100": null, "CENTLAT": "+46.3076124", "CENTLON": "-116.4073300", "INTPTLAT": "+46.3061873", "INTPTLON": "-116.4002894", "STGEOMETRY_AREA": 6538346500.9708595, "STGEOMETRY_LEN": 340178.74576472997 }, "geometry": { "type": "Point", "coordinates": [ -116.12321, 46.35927 ] } },
{ "type": "Feature", "properties": { "OBJECTID": 18963, "Join_Count": 1, "TARGET_FID": 18963, "JOIN_FID": 116, "DEP_ID": "10072125", "SITE_NAME": "Dundas Prospect", "DEV_STAT": "Occurrence", "URL": "https://mrdata.usgs.gov/mrds/show-mrds.php?dep_id=10072125", "CODE_LIST": " CU AU", "Grade": "C", "AIANNH": "2445", "FSRFLG": "F", "AIANNHNS": "00399588", "AREALAND": 3093948255.0, "ALANDHIST": 3093948255.0, "AREAWATER": 26933856.0, "AWATERHIST": 26933856.0, "AIANNHCC": "D2", "EFFDATE": null, "ESTABDATE": null, "FUNCSTAT": "A", "GCFLG": null, "GEOID": "2445R", "LSADC": "86", "MTFCC": "G2100", "BASENAME": "Nez Perce", "NAME": "Nez Perce Reservation", "ObjID": "25190152193015", "AIANNHCOMP": "R", "STATEFP1": "1657340", "STATEFP2": null, "STATEFP3": null, "UR": null, "VINTAGE": "90", "AIANNHFP1": "16-57340", "AIANNHFP2": null, "AIANNHFP3": null, "HU100": null, "POP100": null, "CENTLAT": "+46.3076124", "CENTLON": "-116.4073300", "INTPTLAT": "+46.3061873", "INTPTLON": "-116.4002894", "STGEOMETRY_AREA": 6538346500.9708595, "STGEOMETRY_LEN": 340178.74576472997 }, "geometry": { "type": "Point", "coordinates": [ -116.15631, 46.37127 ] } },
{ "type": "Feature", "properties": { "OBJECTID": 19097, "Join_Count": 1, "TARGET_FID": 19097, "JOIN_FID": 116, "DEP_ID": "10089307", "SITE_NAME": "Gaffney Placer", "DEV_STAT": "Occurrence", "URL": "https://mrdata.usgs.gov/mrds/show-mrds.php?dep_id=10089307", "CODE_LIST": " AU", "Grade": "C", "AIANNH": "2445", "FSRFLG": "F", "AIANNHNS": "00399588", "AREALAND": 3093948255.0, "ALANDHIST": 3093948255.0, "AREAWATER": 26933856.0, "AWATERHIST": 26933856.0, "AIANNHCC": "D2", "EFFDATE": null, "ESTABDATE": null, "FUNCSTAT": "A", "GCFLG": null, "GEOID": "2445R", "LSADC": "86", "MTFCC": "G2100", "BASENAME": "Nez Perce", "NAME": "Nez Perce Reservation", "ObjID": "25190152193015", "AIANNHCOMP": "R", "STATEFP1": "1657340", "STATEFP2": null, "STATEFP3": null, "UR": null, "VINTAGE": "90", "AIANNHFP1": "16-57340", "AIANNHFP2": null, "AIANNHFP3": null, "HU100": null, "POP100": null, "CENTLAT": "+46.3076124", "CENTLON": "-116.4073300", "INTPTLAT": "+46.3061873", "INTPTLON": "-116.4002894", "STGEOMETRY_AREA": 6538346500.9708595, "STGEOMETRY_LEN": 340178.74576472997 }, "geometry": { "type": "Point", "coordinates": [ -116.18911, 46.48237 ] } },
{ "type": "Feature", "properties": { "OBJECTID": 19121, "Join_Count": 1, "TARGET_FID": 19121, "JOIN_FID": 116, "DEP_ID": "10109545", "SITE_NAME": "North Fork, Clearwater River", "DEV_STAT": "Producer", "URL": "https://mrdata.usgs.gov/mrds/show-mrds.php?dep_id=10109545", "CODE_LIST": " AU PGE_PT", "Grade": "B", "AIANNH": "2445", "FSRFLG": "F", "AIANNHNS": "00399588", "AREALAND": 3093948255.0, "ALANDHIST": 3093948255.0, "AREAWATER": 26933856.0, "AWATERHIST": 26933856.0, "AIANNHCC": "D2", "EFFDATE": null, "ESTABDATE": null, "FUNCSTAT": "A", "GCFLG": null, "GEOID": "2445R", "LSADC": "86", "MTFCC": "G2100", "BASENAME": "Nez Perce", "NAME": "Nez Perce Reservation", "ObjID": "25190152193015", "AIANNHCOMP": "R", "STATEFP1": "1657340", "STATEFP2": null, "STATEFP3": null, "UR": null, "VINTAGE": "90", "AIANNHFP1": "16-57340", "AIANNHFP2": null, "AIANNHFP3": null, "HU100": null, "POP100": null, "CENTLAT": "+46.3076124", "CENTLON": "-116.4073300", "INTPTLAT": "+46.3061873", "INTPTLON": "-116.4002894", "STGEOMETRY_AREA": 6538346500.9708595, "STGEOMETRY_LEN": 340178.74576472997 }, "geometry": { "type": "Point", "coordinates": [ -116.31462, 46.50266 ] } },
{ "type": "Feature", "properties": { "OBJECTID": 19155, "Join_Count": 1, "TARGET_FID": 19155, "JOIN_FID": 116, "DEP_ID": "10072130", "SITE_NAME": "Mason-Dixon Mine", "DEV_STAT": "Producer", "URL": "https://mrdata.usgs.gov/mrds/show-mrds.php?dep_id=10072130", "CODE_LIST": " SIL SDG", "Grade": "C", "AIANNH": "2445", "FSRFLG": "F", "AIANNHNS": "00399588", "AREALAND": 3093948255.0, "ALANDHIST": 3093948255.0, "AREAWATER": 26933856.0, "AWATERHIST": 26933856.0, "AIANNHCC": "D2", "EFFDATE": null, "ESTABDATE": null, "FUNCSTAT": "A", "GCFLG": null, "GEOID": "2445R", "LSADC": "86", "MTFCC": "G2100", "BASENAME": "Nez Perce", "NAME": "Nez Perce Reservation", "ObjID": "25190152193015", "AIANNHCOMP": "R", "STATEFP1": "1657340", "STATEFP2": null, "STATEFP3": null, "UR": null, "VINTAGE": "90", "AIANNHFP1": "16-57340", "AIANNHFP2": null, "AIANNHFP3": null, "HU100": null, "POP100": null, "CENTLAT": "+46.3076124", "CENTLON": "-116.4073300", "INTPTLAT": "+46.3061873", "INTPTLON": "-116.4002894", "STGEOMETRY_AREA": 6538346500.9708595, "STGEOMETRY_LEN": 340178.74576472997 }, "geometry": { "type": "Point", "coordinates": [ -116.85293, 46.52846 ] } },
{ "type": "Feature", "properties": { "OBJECTID": 19170, "Join_Count": 1, "TARGET_FID": 19170, "JOIN_FID": 116, "DEP_ID": "10072128", "SITE_NAME": "Teakean Asbestos Prospect", "DEV_STAT": "Occurrence", "URL": "https://mrdata.usgs.gov/mrds/show-mrds.php?dep_id=10072128", "CODE_LIST": " ASB", "Grade": "C", "AIANNH": "2445", "FSRFLG": "F", "AIANNHNS": "00399588", "AREALAND": 3093948255.0, "ALANDHIST": 3093948255.0, "AREAWATER": 26933856.0, "AWATERHIST": 26933856.0, "AIANNHCC": "D2", "EFFDATE": null, "ESTABDATE": null, "FUNCSTAT": "A", "GCFLG": null, "GEOID": "2445R", "LSADC": "86", "MTFCC": "G2100", "BASENAME": "Nez Perce", "NAME": "Nez Perce Reservation", "ObjID": "25190152193015", "AIANNHCOMP": "R", "STATEFP1": "1657340", "STATEFP2": null, "STATEFP3": null, "UR": null, "VINTAGE": "90", "AIANNHFP1": "16-57340", "AIANNHFP2": null, "AIANNHFP3": null, "HU100": null, "POP100": null, "CENTLAT": "+46.3076124", "CENTLON": "-116.4073300", "INTPTLAT": "+46.3061873", "INTPTLON": "-116.4002894", "STGEOMETRY_AREA": 6538346500.9708595, "STGEOMETRY_LEN": 340178.74576472997 }, "geometry": { "type": "Point", "coordinates": [ -116.35492, 46.54676 ] } },
{ "type": "Feature", "properties": { "OBJECTID": 19450, "Join_Count": 1, "TARGET_FID": 19450, "JOIN_FID": 115, "DEP_ID": "10073417", "SITE_NAME": "Varney Prospect", "DEV_STAT": "Occurrence", "URL": "https://mrdata.usgs.gov/mrds/show-mrds.php?dep_id=10073417", "CODE_LIST": " U", "Grade": "C", "AIANNH": "0705", "FSRFLG": "F", "AIANNHNS": "00395231", "AREALAND": 1356763275.0, "ALANDHIST": 1356763278.0, "AREAWATER": 32638424.0, "AWATERHIST": 32638424.0, "AIANNHCC": "D2", "EFFDATE": null, "ESTABDATE": null, "FUNCSTAT": "A", "GCFLG": null, "GEOID": "0705R", "LSADC": "86", "MTFCC": "G2100", "BASENAME": "Coeur d'Alene", "NAME": "Coeur d'Alene Reservation", "ObjID": "25190131609019", "AIANNHCOMP": "R", "STATEFP1": "1616840", "STATEFP2": null, "STATEFP3": null, "UR": null, "VINTAGE": "90", "AIANNHFP1": "16-16840", "AIANNHFP2": null, "AIANNHFP3": null, "HU100": null, "POP100": null, "CENTLAT": "+47.3037625", "CENTLON": "-116.8272399", "INTPTLAT": "+47.2956212", "INTPTLON": "-116.8255969", "STGEOMETRY_AREA": 3019966746.08639, "STGEOMETRY_LEN": 293472.49728243001 }, "geometry": { "type": "Point", "coordinates": [ -116.81634, 47.06296 ] } },
{ "type": "Feature", "properties": { "OBJECTID": 19503, "Join_Count": 1, "TARGET_FID": 19503, "JOIN_FID": 115, "DEP_ID": "10073413", "SITE_NAME": "Lenty Uranium Prospect", "DEV_STAT": "Occurrence", "URL": "https://mrdata.usgs.gov/mrds/show-mrds.php?dep_id=10073413", "CODE_LIST": " U", "Grade": "C", "AIANNH": "0705", "FSRFLG": "F", "AIANNHNS": "00395231", "AREALAND": 1356763275.0, "ALANDHIST": 1356763278.0, "AREAWATER": 32638424.0, "AWATERHIST": 32638424.0, "AIANNHCC": "D2", "EFFDATE": null, "ESTABDATE": null, "FUNCSTAT": "A", "GCFLG": null, "GEOID": "0705R", "LSADC": "86", "MTFCC": "G2100", "BASENAME": "Coeur d'Alene", "NAME": "Coeur d'Alene Reservation", "ObjID": "25190131609019", "AIANNHCOMP": "R", "STATEFP1": "1616840", "STATEFP2": null, "STATEFP3": null, "UR": null, "VINTAGE": "90", "AIANNHFP1": "16-16840", "AIANNHFP2": null, "AIANNHFP3": null, "HU100": null, "POP100": null, "CENTLAT": "+47.3037625", "CENTLON": "-116.8272399", "INTPTLAT": "+47.2956212", "INTPTLON": "-116.8255969", "STGEOMETRY_AREA": 3019966746.08639, "STGEOMETRY_LEN": 293472.49728243001 }, "geometry": { "type": "Point", "coordinates": [ -116.76915, 47.21736 ] } },
{ "type": "Feature", "properties": { "OBJECTID": 19519, "Join_Count": 1, "TARGET_FID": 19519, "JOIN_FID": 115, "DEP_ID": "10093714", "SITE_NAME": "Lenty Uranium Prospect", "DEV_STAT": "Occurrence", "URL": "https://mrdata.usgs.gov/mrds/show-mrds.php?dep_id=10093714", "CODE_LIST": " U", "Grade": "C", "AIANNH": "0705", "FSRFLG": "F", "AIANNHNS": "00395231", "AREALAND": 1356763275.0, "ALANDHIST": 1356763278.0, "AREAWATER": 32638424.0, "AWATERHIST": 32638424.0, "AIANNHCC": "D2", "EFFDATE": null, "ESTABDATE": null, "FUNCSTAT": "A", "GCFLG": null, "GEOID": "0705R", "LSADC": "86", "MTFCC": "G2100", "BASENAME": "Coeur d'Alene", "NAME": "Coeur d'Alene Reservation", "ObjID": "25190131609019", "AIANNHCOMP": "R", "STATEFP1": "1616840", "STATEFP2": null, "STATEFP3": null, "UR": null, "VINTAGE": "90", "AIANNHFP1": "16-16840", "AIANNHFP2": null, "AIANNHFP3": null, "HU100": null, "POP100": null, "CENTLAT": "+47.3037625", "CENTLON": "-116.8272399", "INTPTLAT": "+47.2956212", "INTPTLON": "-116.8255969", "STGEOMETRY_AREA": 3019966746.08639, "STGEOMETRY_LEN": 293472.49728243001 }, "geometry": { "type": "Point", "coordinates": [ -116.87525, 47.24766 ] } },
{ "type": "Feature", "properties": { "OBJECTID": 19535, "Join_Count": 1, "TARGET_FID": 19535, "JOIN_FID": 5, "DEP_ID": "10010421", "SITE_NAME": "Mayflower Claim", "DEV_STAT": "Occurrence", "URL": "https://mrdata.usgs.gov/mrds/show-mrds.php?dep_id=10010421", "CODE_LIST": " AU AG PGE_PT PGE_PD", "Grade": "B", "AIANNH": "1110", "FSRFLG": "F", "AIANNHNS": "00806894", "AREALAND": 5013467061.0, "ALANDHIST": 5013467061.0, "AREAWATER": 316267874.0, "AWATERHIST": 316267874.0, "AIANNHCC": "D2", "EFFDATE": null, "ESTABDATE": null, "FUNCSTAT": "A", "GCFLG": null, "GEOID": "1110R", "LSADC": "86", "MTFCC": "G2100", "BASENAME": "Flathead", "NAME": "Flathead Reservation", "ObjID": "25190699369470", "AIANNHCOMP": "R", "STATEFP1": "3026650", "STATEFP2": null, "STATEFP3": null, "UR": null, "VINTAGE": "90", "AIANNHFP1": "30-26650", "AIANNHFP2": null, "AIANNHFP3": null, "HU100": null, "POP100": null, "CENTLAT": "+47.4995051", "CENTLON": "-114.2793355", "INTPTLAT": "+47.4967703", "INTPTLON": "-114.2842791", "STGEOMETRY_AREA": 11670983813.533701, "STGEOMETRY_LEN": 626454.88512987003 }, "geometry": { "type": "Point", "coordinates": [ -114.40625, 47.26294 ] } },
{ "type": "Feature", "properties": { "OBJECTID": 19538, "Join_Count": 1, "TARGET_FID": 19538, "JOIN_FID": 5, "DEP_ID": "10010422", "SITE_NAME": "Pay Rock Mine", "DEV_STAT": "Occurrence", "URL": "https://mrdata.usgs.gov/mrds/show-mrds.php?dep_id=10010422", "CODE_LIST": " CU AG AU PGE_PT", "Grade": "B", "AIANNH": "1110", "FSRFLG": "F", "AIANNHNS": "00806894", "AREALAND": 5013467061.0, "ALANDHIST": 5013467061.0, "AREAWATER": 316267874.0, "AWATERHIST": 316267874.0, "AIANNHCC": "D2", "EFFDATE": null, "ESTABDATE": null, "FUNCSTAT": "A", "GCFLG": null, "GEOID": "1110R", "LSADC": "86", "MTFCC": "G2100", "BASENAME": "Flathead", "NAME": "Flathead Reservation", "ObjID": "25190699369470", "AIANNHCOMP": "R", "STATEFP1": "3026650", "STATEFP2": null, "STATEFP3": null, "UR": null, "VINTAGE": "90", "AIANNHFP1": "30-26650", "AIANNHFP2": null, "AIANNHFP3": null, "HU100": null, "POP100": null, "CENTLAT": "+47.4995051", "CENTLON": "-114.2793355", "INTPTLAT": "+47.4967703", "INTPTLON": "-114.2842791", "STGEOMETRY_AREA": 11670983813.533701, "STGEOMETRY_LEN": 626454.88512987003 }, "geometry": { "type": "Point", "coordinates": [ -114.40597, 47.26571 ] } },
{ "type": "Feature", "properties": { "OBJECTID": 19539, "Join_Count": 1, "TARGET_FID": 19539, "JOIN_FID": 5, "DEP_ID": "10048500", "SITE_NAME": "Bay Horse", "DEV_STAT": "Occurrence", "URL": "https://mrdata.usgs.gov/mrds/show-mrds.php?dep_id=10048500", "CODE_LIST": " CU AU AG PGE_PT", "Grade": "C", "AIANNH": "1110", "FSRFLG": "F", "AIANNHNS": "00806894", "AREALAND": 5013467061.0, "ALANDHIST": 5013467061.0, "AREAWATER": 316267874.0, "AWATERHIST": 316267874.0, "AIANNHCC": "D2", "EFFDATE": null, "ESTABDATE": null, "FUNCSTAT": "A", "GCFLG": null, "GEOID": "1110R", "LSADC": "86", "MTFCC": "G2100", "BASENAME": "Flathead", "NAME": "Flathead Reservation", "ObjID": "25190699369470", "AIANNHCOMP": "R", "STATEFP1": "3026650", "STATEFP2": null, "STATEFP3": null, "UR": null, "VINTAGE": "90", "AIANNHFP1": "30-26650", "AIANNHFP2": null, "AIANNHFP3": null, "HU100": null, "POP100": null, "CENTLAT": "+47.4995051", "CENTLON": "-114.2793355", "INTPTLAT": "+47.4967703", "INTPTLON": "-114.2842791", "STGEOMETRY_AREA": 11670983813.533701, "STGEOMETRY_LEN": 626454.88512987003 }, "geometry": { "type": "Point", "coordinates": [ -114.41041, 47.26627 ] } },
{ "type": "Feature", "properties": { "OBJECTID": 19540, "Join_Count": 1, "TARGET_FID": 19540, "JOIN_FID": 5, "DEP_ID": "10048503", "SITE_NAME": "White Cloud", "DEV_STAT": "Occurrence", "URL": "https://mrdata.usgs.gov/mrds/show-mrds.php?dep_id=10048503", "CODE_LIST": " CU AU AG PGE_PT", "Grade": "C", "AIANNH": "1110", "FSRFLG": "F", "AIANNHNS": "00806894", "AREALAND": 5013467061.0, "ALANDHIST": 5013467061.0, "AREAWATER": 316267874.0, "AWATERHIST": 316267874.0, "AIANNHCC": "D2", "EFFDATE": null, "ESTABDATE": null, "FUNCSTAT": "A", "GCFLG": null, "GEOID": "1110R", "LSADC": "86", "MTFCC": "G2100", "BASENAME": "Flathead", "NAME": "Flathead Reservation", "ObjID": "25190699369470", "AIANNHCOMP": "R", "STATEFP1": "3026650", "STATEFP2": null, "STATEFP3": null, "UR": null, "VINTAGE": "90", "AIANNHFP1": "30-26650", "AIANNHFP2": null, "AIANNHFP3": null, "HU100": null, "POP100": null, "CENTLAT": "+47.4995051", "CENTLON": "-114.2793355", "INTPTLAT": "+47.4967703", "INTPTLON": "-114.2842791", "STGEOMETRY_AREA": 11670983813.533701, "STGEOMETRY_LEN": 626454.88512987003 }, "geometry": { "type": "Point", "coordinates": [ -114.41208, 47.26766 ] } },
{ "type": "Feature", "properties": { "OBJECTID": 19542, "Join_Count": 1, "TARGET_FID": 19542, "JOIN_FID": 5, "DEP_ID": "10019056", "SITE_NAME": "Lucky Lode Prospect", "DEV_STAT": "Occurrence", "URL": "https://mrdata.usgs.gov/mrds/show-mrds.php?dep_id=10019056", "CODE_LIST": " PB CU NI AG AU", "Grade": "B", "AIANNH": "1110", "FSRFLG": "F", "AIANNHNS": "00806894", "AREALAND": 5013467061.0, "ALANDHIST": 5013467061.0, "AREAWATER": 316267874.0, "AWATERHIST": 316267874.0, "AIANNHCC": "D2", "EFFDATE": null, "ESTABDATE": null, "FUNCSTAT": "A", "GCFLG": null, "GEOID": "1110R", "LSADC": "86", "MTFCC": "G2100", "BASENAME": "Flathead", "NAME": "Flathead Reservation", "ObjID": "25190699369470", "AIANNHCOMP": "R", "STATEFP1": "3026650", "STATEFP2": null, "STATEFP3": null, "UR": null, "VINTAGE": "90", "AIANNHFP1": "30-26650", "AIANNHFP2": null, "AIANNHFP3": null, "HU100": null, "POP100": null, "CENTLAT": "+47.4995051", "CENTLON": "-114.2793355", "INTPTLAT": "+47.4967703", "INTPTLON": "-114.2842791", "STGEOMETRY_AREA": 11670983813.533701, "STGEOMETRY_LEN": 626454.88512987003 }, "geometry": { "type": "Point", "coordinates": [ -114.58098, 47.26877 ] } },
{ "type": "Feature", "properties": { "OBJECTID": 19543, "Join_Count": 1, "TARGET_FID": 19543, "JOIN_FID": 5, "DEP_ID": "10124898", "SITE_NAME": "Lucky Lode", "DEV_STAT": "Prospect", "URL": "https://mrdata.usgs.gov/mrds/show-mrds.php?dep_id=10124898", "CODE_LIST": " CU PB AG", "Grade": "C", "AIANNH": "1110", "FSRFLG": "F", "AIANNHNS": "00806894", "AREALAND": 5013467061.0, "ALANDHIST": 5013467061.0, "AREAWATER": 316267874.0, "AWATERHIST": 316267874.0, "AIANNHCC": "D2", "EFFDATE": null, "ESTABDATE": null, "FUNCSTAT": "A", "GCFLG": null, "GEOID": "1110R", "LSADC": "86", "MTFCC": "G2100", "BASENAME": "Flathead", "NAME": "Flathead Reservation", "ObjID": "25190699369470", "AIANNHCOMP": "R", "STATEFP1": "3026650", "STATEFP2": null, "STATEFP3": null, "UR": null, "VINTAGE": "90", "AIANNHFP1": "30-26650", "AIANNHFP2": null, "AIANNHFP3": null, "HU100": null, "POP100": null, "CENTLAT": "+47.4995051", "CENTLON": "-114.2793355", "INTPTLAT": "+47.4967703", "INTPTLON": "-114.2842791", "STGEOMETRY_AREA": 11670983813.533701, "STGEOMETRY_LEN": 626454.88512987003 }, "geometry": { "type": "Point", "coordinates": [ -114.58038, 47.26878 ] } },
{ "type": "Feature", "properties": { "OBJECTID": 19551, "Join_Count": 1, "TARGET_FID": 19551, "JOIN_FID": 5, "DEP_ID": "10019037", "SITE_NAME": "Slow Poke Prospect", "DEV_STAT": "Occurrence", "URL": "https://mrdata.usgs.gov/mrds/show-mrds.php?dep_id=10019037", "CODE_LIST": " AU AG CU", "Grade": "B", "AIANNH": "1110", "FSRFLG": "F", "AIANNHNS": "00806894", "AREALAND": 5013467061.0, "ALANDHIST": 5013467061.0, "AREAWATER": 316267874.0, "AWATERHIST": 316267874.0, "AIANNHCC": "D2", "EFFDATE": null, "ESTABDATE": null, "FUNCSTAT": "A", "GCFLG": null, "GEOID": "1110R", "LSADC": "86", "MTFCC": "G2100", "BASENAME": "Flathead", "NAME": "Flathead Reservation", "ObjID": "25190699369470", "AIANNHCOMP": "R", "STATEFP1": "3026650", "STATEFP2": null, "STATEFP3": null, "UR": null, "VINTAGE": "90", "AIANNHFP1": "30-26650", "AIANNHFP2": null, "AIANNHFP3": null, "HU100": null, "POP100": null, "CENTLAT": "+47.4995051", "CENTLON": "-114.2793355", "INTPTLAT": "+47.4967703", "INTPTLON": "-114.2842791", "STGEOMETRY_AREA": 11670983813.533701, "STGEOMETRY_LEN": 626454.88512987003 }, "geometry": { "type": "Point", "coordinates": [ -114.39569, 47.2746 ] } },
{ "type": "Feature", "properties": { "OBJECTID": 19588, "Join_Count": 1, "TARGET_FID": 19588, "JOIN_FID": 115, "DEP_ID": "10093713", "SITE_NAME": "St. Maries Clay Occurrence", "DEV_STAT": "Occurrence", "URL": "https://mrdata.usgs.gov/mrds/show-mrds.php?dep_id=10093713", "CODE_LIST": " CLY_K", "Grade": "C", "AIANNH": "0705", "FSRFLG": "F", "AIANNHNS": "00395231", "AREALAND": 1356763275.0, "ALANDHIST": 1356763278.0, "AREAWATER": 32638424.0, "AWATERHIST": 32638424.0, "AIANNHCC": "D2", "EFFDATE": null, "ESTABDATE": null, "FUNCSTAT": "A", "GCFLG": null, "GEOID": "0705R", "LSADC": "86", "MTFCC": "G2100", "BASENAME": "Coeur d'Alene", "NAME": "Coeur d'Alene Reservation", "ObjID": "25190131609019", "AIANNHCOMP": "R", "STATEFP1": "1616840", "STATEFP2": null, "STATEFP3": null, "UR": null, "VINTAGE": "90", "AIANNHFP1": "16-16840", "AIANNHFP2": null, "AIANNHFP3": null, "HU100": null, "POP100": null, "CENTLAT": "+47.3037625", "CENTLON": "-116.8272399", "INTPTLAT": "+47.2956212", "INTPTLON": "-116.8255969", "STGEOMETRY_AREA": 3019966746.08639, "STGEOMETRY_LEN": 293472.49728243001 }, "geometry": { "type": "Point", "coordinates": [ -116.61324, 47.31316 ] } },
{ "type": "Feature", "properties": { "OBJECTID": 19612, "Join_Count": 1, "TARGET_FID": 19612, "JOIN_FID": 115, "DEP_ID": "10073438", "SITE_NAME": "Benewah Lake Clay Occurrence", "DEV_STAT": "Occurrence", "URL": "https://mrdata.usgs.gov/mrds/show-mrds.php?dep_id=10073438", "CODE_LIST": " CLY", "Grade": "C", "AIANNH": "0705", "FSRFLG": "F", "AIANNHNS": "00395231", "AREALAND": 1356763275.0, "ALANDHIST": 1356763278.0, "AREAWATER": 32638424.0, "AWATERHIST": 32638424.0, "AIANNHCC": "D2", "EFFDATE": null, "ESTABDATE": null, "FUNCSTAT": "A", "GCFLG": null, "GEOID": "0705R", "LSADC": "86", "MTFCC": "G2100", "BASENAME": "Coeur d'Alene", "NAME": "Coeur d'Alene Reservation", "ObjID": "25190131609019", "AIANNHCOMP": "R", "STATEFP1": "1616840", "STATEFP2": null, "STATEFP3": null, "UR": null, "VINTAGE": "90", "AIANNHFP1": "16-16840", "AIANNHFP2": null, "AIANNHFP3": null, "HU100": null, "POP100": null, "CENTLAT": "+47.3037625", "CENTLON": "-116.8272399", "INTPTLAT": "+47.2956212", "INTPTLON": "-116.8255969", "STGEOMETRY_AREA": 3019966746.08639, "STGEOMETRY_LEN": 293472.49728243001 }, "geometry": { "type": "Point", "coordinates": [ -116.68185, 47.34426 ] } },
{ "type": "Feature", "properties": { "OBJECTID": 19617, "Join_Count": 1, "TARGET_FID": 19617, "JOIN_FID": 115, "DEP_ID": "10089413", "SITE_NAME": "Chatcolet Lake Clay Occurrence", "DEV_STAT": "Occurrence", "URL": "https://mrdata.usgs.gov/mrds/show-mrds.php?dep_id=10089413", "CODE_LIST": " CLY_FR", "Grade": "C", "AIANNH": "0705", "FSRFLG": "F", "AIANNHNS": "00395231", "AREALAND": 1356763275.0, "ALANDHIST": 1356763278.0, "AREAWATER": 32638424.0, "AWATERHIST": 32638424.0, "AIANNHCC": "D2", "EFFDATE": null, "ESTABDATE": null, "FUNCSTAT": "A", "GCFLG": null, "GEOID": "0705R", "LSADC": "86", "MTFCC": "G2100", "BASENAME": "Coeur d'Alene", "NAME": "Coeur d'Alene Reservation", "ObjID": "25190131609019", "AIANNHCOMP": "R", "STATEFP1": "1616840", "STATEFP2": null, "STATEFP3": null, "UR": null, "VINTAGE": "90", "AIANNHFP1": "16-16840", "AIANNHFP2": null, "AIANNHFP3": null, "HU100": null, "POP100": null, "CENTLAT": "+47.3037625", "CENTLON": "-116.8272399", "INTPTLAT": "+47.2956212", "INTPTLON": "-116.8255969", "STGEOMETRY_AREA": 3019966746.08639, "STGEOMETRY_LEN": 293472.49728243001 }, "geometry": { "type": "Point", "coordinates": [ -116.74495, 47.35296 ] } },
{ "type": "Feature", "properties": { "OBJECTID": 19627, "Join_Count": 1, "TARGET_FID": 19627, "JOIN_FID": 5, "DEP_ID": "10094775", "SITE_NAME": "Palin Mine", "DEV_STAT": "Occurrence", "URL": "https://mrdata.usgs.gov/mrds/show-mrds.php?dep_id=10094775", "CODE_LIST": " CU", "Grade": "C", "AIANNH": "1110", "FSRFLG": "F", "AIANNHNS": "00806894", "AREALAND": 5013467061.0, "ALANDHIST": 5013467061.0, "AREAWATER": 316267874.0, "AWATERHIST": 316267874.0, "AIANNHCC": "D2", "EFFDATE": null, "ESTABDATE": null, "FUNCSTAT": "A", "GCFLG": null, "GEOID": "1110R", "LSADC": "86", "MTFCC": "G2100", "BASENAME": "Flathead", "NAME": "Flathead Reservation", "ObjID": "25190699369470", "AIANNHCOMP": "R", "STATEFP1": "3026650", "STATEFP2": null, "STATEFP3": null, "UR": null, "VINTAGE": "90", "AIANNHFP1": "30-26650", "AIANNHFP2": null, "AIANNHFP3": null, "HU100": null, "POP100": null, "CENTLAT": "+47.4995051", "CENTLON": "-114.2793355", "INTPTLAT": "+47.4967703", "INTPTLON": "-114.2842791", "STGEOMETRY_AREA": 11670983813.533701, "STGEOMETRY_LEN": 626454.88512987003 }, "geometry": { "type": "Point", "coordinates": [ -114.62515, 47.36321 ] } },
{ "type": "Feature", "properties": { "OBJECTID": 19646, "Join_Count": 1, "TARGET_FID": 19646, "JOIN_FID": 115, "DEP_ID": "10089406", "SITE_NAME": "Benewah Clay Deposit", "DEV_STAT": "Prospect", "URL": "https://mrdata.usgs.gov/mrds/show-mrds.php?dep_id=10089406", "CODE_LIST": " CLY", "Grade": "C", "AIANNH": "0705", "FSRFLG": "F", "AIANNHNS": "00395231", "AREALAND": 1356763275.0, "ALANDHIST": 1356763278.0, "AREAWATER": 32638424.0, "AWATERHIST": 32638424.0, "AIANNHCC": "D2", "EFFDATE": null, "ESTABDATE": null, "FUNCSTAT": "A", "GCFLG": null, "GEOID": "0705R", "LSADC": "86", "MTFCC": "G2100", "BASENAME": "Coeur d'Alene", "NAME": "Coeur d'Alene Reservation", "ObjID": "25190131609019", "AIANNHCOMP": "R", "STATEFP1": "1616840", "STATEFP2": null, "STATEFP3": null, "UR": null, "VINTAGE": "90", "AIANNHFP1": "16-16840", "AIANNHFP2": null, "AIANNHFP3": null, "HU100": null, "POP100": null, "CENTLAT": "+47.3037625", "CENTLON": "-116.8272399", "INTPTLAT": "+47.2956212", "INTPTLON": "-116.8255969", "STGEOMETRY_AREA": 3019966746.08639, "STGEOMETRY_LEN": 293472.49728243001 }, "geometry": { "type": "Point", "coordinates": [ -116.76415, 47.37906 ] } },
{ "type": "Feature", "properties": { "OBJECTID": 19651, "Join_Count": 1, "TARGET_FID": 19651, "JOIN_FID": 115, "DEP_ID": "10070202", "SITE_NAME": "Silver Star Prospect", "DEV_STAT": "Prospect", "URL": "https://mrdata.usgs.gov/mrds/show-mrds.php?dep_id=10070202", "CODE_LIST": " AU PB ZN CU AG", "Grade": "B", "AIANNH": "0705", "FSRFLG": "F", "AIANNHNS": "00395231", "AREALAND": 1356763275.0, "ALANDHIST": 1356763278.0, "AREAWATER": 32638424.0, "AWATERHIST": 32638424.0, "AIANNHCC": "D2", "EFFDATE": null, "ESTABDATE": null, "FUNCSTAT": "A", "GCFLG": null, "GEOID": "0705R", "LSADC": "86", "MTFCC": "G2100", "BASENAME": "Coeur d'Alene", "NAME": "Coeur d'Alene Reservation", "ObjID": "25190131609019", "AIANNHCOMP": "R", "STATEFP1": "1616840", "STATEFP2": null, "STATEFP3": null, "UR": null, "VINTAGE": "90", "AIANNHFP1": "16-16840", "AIANNHFP2": null, "AIANNHFP3": null, "HU100": null, "POP100": null, "CENTLAT": "+47.3037625", "CENTLON": "-116.8272399", "INTPTLAT": "+47.2956212", "INTPTLON": "-116.8255969", "STGEOMETRY_AREA": 3019966746.08639, "STGEOMETRY_LEN": 293472.49728243001 }, "geometry": { "type": "Point", "coordinates": [ -116.51684, 47.38346 ] } },
{ "type": "Feature", "properties": { "OBJECTID": 19684, "Join_Count": 1, "TARGET_FID": 19684, "JOIN_FID": 115, "DEP_ID": "10070199", "SITE_NAME": "Butte Mining Company Prospect", "DEV_STAT": "Prospect", "URL": "https://mrdata.usgs.gov/mrds/show-mrds.php?dep_id=10070199", "CODE_LIST": " PB ZN", "Grade": "B", "AIANNH": "0705", "FSRFLG": "F", "AIANNHNS": "00395231", "AREALAND": 1356763275.0, "ALANDHIST": 1356763278.0, "AREAWATER": 32638424.0, "AWATERHIST": 32638424.0, "AIANNHCC": "D2", "EFFDATE": null, "ESTABDATE": null, "FUNCSTAT": "A", "GCFLG": null, "GEOID": "0705R", "LSADC": "86", "MTFCC": "G2100", "BASENAME": "Coeur d'Alene", "NAME": "Coeur d'Alene Reservation", "ObjID": "25190131609019", "AIANNHCOMP": "R", "STATEFP1": "1616840", "STATEFP2": null, "STATEFP3": null, "UR": null, "VINTAGE": "90", "AIANNHFP1": "16-16840", "AIANNHFP2": null, "AIANNHFP3": null, "HU100": null, "POP100": null, "CENTLAT": "+47.3037625", "CENTLON": "-116.8272399", "INTPTLAT": "+47.2956212", "INTPTLON": "-116.8255969", "STGEOMETRY_AREA": 3019966746.08639, "STGEOMETRY_LEN": 293472.49728243001 }, "geometry": { "type": "Point", "coordinates": [ -116.50684, 47.40846 ] } },
{ "type": "Feature", "properties": { "OBJECTID": 19706, "Join_Count": 1, "TARGET_FID": 19706, "JOIN_FID": 115, "DEP_ID": "10073410", "SITE_NAME": "Rainbow No. 3 Prospect", "DEV_STAT": "Prospect", "URL": "https://mrdata.usgs.gov/mrds/show-mrds.php?dep_id=10073410", "CODE_LIST": " PB AG ZN CU", "Grade": "B", "AIANNH": "0705", "FSRFLG": "F", "AIANNHNS": "00395231", "AREALAND": 1356763275.0, "ALANDHIST": 1356763278.0, "AREAWATER": 32638424.0, "AWATERHIST": 32638424.0, "AIANNHCC": "D2", "EFFDATE": null, "ESTABDATE": null, "FUNCSTAT": "A", "GCFLG": null, "GEOID": "0705R", "LSADC": "86", "MTFCC": "G2100", "BASENAME": "Coeur d'Alene", "NAME": "Coeur d'Alene Reservation", "ObjID": "25190131609019", "AIANNHCOMP": "R", "STATEFP1": "1616840", "STATEFP2": null, "STATEFP3": null, "UR": null, "VINTAGE": "90", "AIANNHFP1": "16-16840", "AIANNHFP2": null, "AIANNHFP3": null, "HU100": null, "POP100": null, "CENTLAT": "+47.3037625", "CENTLON": "-116.8272399", "INTPTLAT": "+47.2956212", "INTPTLON": "-116.8255969", "STGEOMETRY_AREA": 3019966746.08639, "STGEOMETRY_LEN": 293472.49728243001 }, "geometry": { "type": "Point", "coordinates": [ -116.50434, 47.41706 ] } },
{ "type": "Feature", "properties": { "OBJECTID": 19806, "Join_Count": 1, "TARGET_FID": 19806, "JOIN_FID": 5, "DEP_ID": "10010492", "SITE_NAME": "Duston Copper Group", "DEV_STAT": "Occurrence", "URL": "https://mrdata.usgs.gov/mrds/show-mrds.php?dep_id=10010492", "CODE_LIST": " CU AG AU", "Grade": "C", "AIANNH": "1110", "FSRFLG": "F", "AIANNHNS": "00806894", "AREALAND": 5013467061.0, "ALANDHIST": 5013467061.0, "AREAWATER": 316267874.0, "AWATERHIST": 316267874.0, "AIANNHCC": "D2", "EFFDATE": null, "ESTABDATE": null, "FUNCSTAT": "A", "GCFLG": null, "GEOID": "1110R", "LSADC": "86", "MTFCC": "G2100", "BASENAME": "Flathead", "NAME": "Flathead Reservation", "ObjID": "25190699369470", "AIANNHCOMP": "R", "STATEFP1": "3026650", "STATEFP2": null, "STATEFP3": null, "UR": null, "VINTAGE": "90", "AIANNHFP1": "30-26650", "AIANNHFP2": null, "AIANNHFP3": null, "HU100": null, "POP100": null, "CENTLAT": "+47.4995051", "CENTLON": "-114.2793355", "INTPTLAT": "+47.4967703", "INTPTLON": "-114.2842791", "STGEOMETRY_AREA": 11670983813.533701, "STGEOMETRY_LEN": 626454.88512987003 }, "geometry": { "type": "Point", "coordinates": [ -114.39569, 47.46349 ] } },
{ "type": "Feature", "properties": { "OBJECTID": 20213, "Join_Count": 1, "TARGET_FID": 20213, "JOIN_FID": 5, "DEP_ID": "10094771", "SITE_NAME": "Silverstone Mine", "DEV_STAT": "Occurrence", "URL": "https://mrdata.usgs.gov/mrds/show-mrds.php?dep_id=10094771", "CODE_LIST": " CU PB ZN AG", "Grade": "C", "AIANNH": "1110", "FSRFLG": "F", "AIANNHNS": "00806894", "AREALAND": 5013467061.0, "ALANDHIST": 5013467061.0, "AREAWATER": 316267874.0, "AWATERHIST": 316267874.0, "AIANNHCC": "D2", "EFFDATE": null, "ESTABDATE": null, "FUNCSTAT": "A", "GCFLG": null, "GEOID": "1110R", "LSADC": "86", "MTFCC": "G2100", "BASENAME": "Flathead", "NAME": "Flathead Reservation", "ObjID": "25190699369470", "AIANNHCOMP": "R", "STATEFP1": "3026650", "STATEFP2": null, "STATEFP3": null, "UR": null, "VINTAGE": "90", "AIANNHFP1": "30-26650", "AIANNHFP2": null, "AIANNHFP3": null, "HU100": null, "POP100": null, "CENTLAT": "+47.4995051", "CENTLON": "-114.2793355", "INTPTLAT": "+47.4967703", "INTPTLON": "-114.2842791", "STGEOMETRY_AREA": 11670983813.533701, "STGEOMETRY_LEN": 626454.88512987003 }, "geometry": { "type": "Point", "coordinates": [ -114.34931, 47.85655 ] } },
{ "type": "Feature", "properties": { "OBJECTID": 20261, "Join_Count": 1, "TARGET_FID": 20261, "JOIN_FID": 242, "DEP_ID": "10055908", "SITE_NAME": "Whitestone Placer", "DEV_STAT": "Occurrence", "URL": "https://mrdata.usgs.gov/mrds/show-mrds.php?dep_id=10055908", "CODE_LIST": " AU", "Grade": "C", "AIANNH": "0760", "FSRFLG": "F", "AIANNHNS": "01529464", "AREALAND": 5480450410.0, "ALANDHIST": 5480450410.0, "AREAWATER": 179068265.0, "AWATERHIST": 179068265.0, "AIANNHCC": "D1", "EFFDATE": null, "ESTABDATE": null, "FUNCSTAT": "A", "GCFLG": null, "GEOID": "0760M", "LSADC": "86", "MTFCC": "G2100", "BASENAME": "Colville", "NAME": "Colville Reservation and Off-Reservation Trust Land", "ObjID": "25190479220731", "AIANNHCOMP": "M", "STATEFP1": "5314240", "STATEFP2": null, "STATEFP3": null, "UR": null, "VINTAGE": "90", "AIANNHFP1": "53-14240", "AIANNHFP2": null, "AIANNHFP3": null, "HU100": null, "POP100": null, "CENTLAT": "+48.2297341", "CENTLON": "-118.8728003", "INTPTLAT": "+48.2439112", "INTPTLON": "-118.8719074", "STGEOMETRY_AREA": 12744397331.6133, "STGEOMETRY_LEN": 633822.29200718994 }, "geometry": { "type": "Point", "coordinates": [ -118.53945, 47.9229 ] } },
{ "type": "Feature", "properties": { "OBJECTID": 20267, "Join_Count": 1, "TARGET_FID": 20267, "JOIN_FID": 242, "DEP_ID": "10055891", "SITE_NAME": "Plum Bar Placer", "DEV_STAT": "Occurrence", "URL": "https://mrdata.usgs.gov/mrds/show-mrds.php?dep_id=10055891", "CODE_LIST": " AU", "Grade": "C", "AIANNH": "0760", "FSRFLG": "F", "AIANNHNS": "01529464", "AREALAND": 5480450410.0, "ALANDHIST": 5480450410.0, "AREAWATER": 179068265.0, "AWATERHIST": 179068265.0, "AIANNHCC": "D1", "EFFDATE": null, "ESTABDATE": null, "FUNCSTAT": "A", "GCFLG": null, "GEOID": "0760M", "LSADC": "86", "MTFCC": "G2100", "BASENAME": "Colville", "NAME": "Colville Reservation and Off-Reservation Trust Land", "ObjID": "25190479220731", "AIANNHCOMP": "M", "STATEFP1": "5314240", "STATEFP2": null, "STATEFP3": null, "UR": null, "VINTAGE": "90", "AIANNHFP1": "53-14240", "AIANNHFP2": null, "AIANNHFP3": null, "HU100": null, "POP100": null, "CENTLAT": "+48.2297341", "CENTLON": "-118.8728003", "INTPTLAT": "+48.2439112", "INTPTLON": "-118.8719074", "STGEOMETRY_AREA": 12744397331.6133, "STGEOMETRY_LEN": 633822.29200718994 }, "geometry": { "type": "Point", "coordinates": [ -118.81724, 47.92956 ] } },
{ "type": "Feature", "properties": { "OBJECTID": 20275, "Join_Count": 1, "TARGET_FID": 20275, "JOIN_FID": 242, "DEP_ID": "10055875", "SITE_NAME": "Hellgate Bar Placer", "DEV_STAT": "Occurrence", "URL": "https://mrdata.usgs.gov/mrds/show-mrds.php?dep_id=10055875", "CODE_LIST": " AU", "Grade": "C", "AIANNH": "0760", "FSRFLG": "F", "AIANNHNS": "01529464", "AREALAND": 5480450410.0, "ALANDHIST": 5480450410.0, "AREAWATER": 179068265.0, "AWATERHIST": 179068265.0, "AIANNHCC": "D1", "EFFDATE": null, "ESTABDATE": null, "FUNCSTAT": "A", "GCFLG": null, "GEOID": "0760M", "LSADC": "86", "MTFCC": "G2100", "BASENAME": "Colville", "NAME": "Colville Reservation and Off-Reservation Trust Land", "ObjID": "25190479220731", "AIANNHCOMP": "M", "STATEFP1": "5314240", "STATEFP2": null, "STATEFP3": null, "UR": null, "VINTAGE": "90", "AIANNHFP1": "53-14240", "AIANNHFP2": null, "AIANNHFP3": null, "HU100": null, "POP100": null, "CENTLAT": "+48.2297341", "CENTLON": "-118.8728003", "INTPTLAT": "+48.2439112", "INTPTLON": "-118.8719074", "STGEOMETRY_AREA": 12744397331.6133, "STGEOMETRY_LEN": 633822.29200718994 }, "geometry": { "type": "Point", "coordinates": [ -118.60418, 47.93317 ] } },
{ "type": "Feature", "properties": { "OBJECTID": 20286, "Join_Count": 1, "TARGET_FID": 20286, "JOIN_FID": 242, "DEP_ID": "10055904", "SITE_NAME": "Threemile Placer", "DEV_STAT": "Occurrence", "URL": "https://mrdata.usgs.gov/mrds/show-mrds.php?dep_id=10055904", "CODE_LIST": " AU", "Grade": "C", "AIANNH": "0760", "FSRFLG": "F", "AIANNHNS": "01529464", "AREALAND": 5480450410.0, "ALANDHIST": 5480450410.0, "AREAWATER": 179068265.0, "AWATERHIST": 179068265.0, "AIANNHCC": "D1", "EFFDATE": null, "ESTABDATE": null, "FUNCSTAT": "A", "GCFLG": null, "GEOID": "0760M", "LSADC": "86", "MTFCC": "G2100", "BASENAME": "Colville", "NAME": "Colville Reservation and Off-Reservation Trust Land", "ObjID": "25190479220731", "AIANNHCOMP": "M", "STATEFP1": "5314240", "STATEFP2": null, "STATEFP3": null, "UR": null, "VINTAGE": "90", "AIANNHFP1": "53-14240", "AIANNHFP2": null, "AIANNHFP3": null, "HU100": null, "POP100": null, "CENTLAT": "+48.2297341", "CENTLON": "-118.8728003", "INTPTLAT": "+48.2439112", "INTPTLON": "-118.8719074", "STGEOMETRY_AREA": 12744397331.6133, "STGEOMETRY_LEN": 633822.29200718994 }, "geometry": { "type": "Point", "coordinates": [ -118.36028, 47.94291 ] } },
{ "type": "Feature", "properties": { "OBJECTID": 20364, "Join_Count": 1, "TARGET_FID": 20364, "JOIN_FID": 19, "DEP_ID": "10107738", "SITE_NAME": "Orazada", "DEV_STAT": "Producer", "URL": "https://mrdata.usgs.gov/mrds/show-mrds.php?dep_id=10107738", "CODE_LIST": " AG AU AS PB ZN CU", "Grade": "C", "AIANNH": "3940", "FSRFLG": "F", "AIANNHNS": "01511576", "AREALAND": 616664512.0, "ALANDHIST": 616664512.0, "AREAWATER": 31967208.0, "AWATERHIST": 31967208.0, "AIANNHCC": "D1", "EFFDATE": null, "ESTABDATE": null, "FUNCSTAT": "A", "GCFLG": null, "GEOID": "3940M", "LSADC": "86", "MTFCC": "G2100", "BASENAME": "Spokane", "NAME": "Spokane Reservation and Off-Reservation Trust Land", "ObjID": "25190480264292", "AIANNHCOMP": "M", "STATEFP1": "5367105", "STATEFP2": null, "STATEFP3": null, "UR": null, "VINTAGE": "90", "AIANNHFP1": "53-67105", "AIANNHFP2": null, "AIANNHFP3": null, "HU100": null, "POP100": null, "CENTLAT": "+47.9282889", "CENTLON": "-118.0421242", "INTPTLAT": "+47.9291007", "INTPTLON": "-118.0481633", "STGEOMETRY_AREA": 1443702413.06967, "STGEOMETRY_LEN": 242172.76499768 }, "geometry": { "type": "Point", "coordinates": [ -118.13305, 47.98596 ] } },
{ "type": "Feature", "properties": { "OBJECTID": 20418, "Join_Count": 1, "TARGET_FID": 20418, "JOIN_FID": 242, "DEP_ID": "10097181", "SITE_NAME": "Manila", "DEV_STAT": "Prospect", "URL": "https://mrdata.usgs.gov/mrds/show-mrds.php?dep_id=10097181", "CODE_LIST": " CU AG AU", "Grade": "C", "AIANNH": "0760", "FSRFLG": "F", "AIANNHNS": "01529464", "AREALAND": 5480450410.0, "ALANDHIST": 5480450410.0, "AREAWATER": 179068265.0, "AWATERHIST": 179068265.0, "AIANNHCC": "D1", "EFFDATE": null, "ESTABDATE": null, "FUNCSTAT": "A", "GCFLG": null, "GEOID": "0760M", "LSADC": "86", "MTFCC": "G2100", "BASENAME": "Colville", "NAME": "Colville Reservation and Off-Reservation Trust Land", "ObjID": "25190479220731", "AIANNHCOMP": "M", "STATEFP1": "5314240", "STATEFP2": null, "STATEFP3": null, "UR": null, "VINTAGE": "90", "AIANNHFP1": "53-14240", "AIANNHFP2": null, "AIANNHFP3": null, "HU100": null, "POP100": null, "CENTLAT": "+48.2297341", "CENTLON": "-118.8728003", "INTPTLAT": "+48.2439112", "INTPTLON": "-118.8719074", "STGEOMETRY_AREA": 12744397331.6133, "STGEOMETRY_LEN": 633822.29200718994 }, "geometry": { "type": "Point", "coordinates": [ -118.76391, 48.03762 ] } },
{ "type": "Feature", "properties": { "OBJECTID": 20420, "Join_Count": 1, "TARGET_FID": 20420, "JOIN_FID": 242, "DEP_ID": "10041192", "SITE_NAME": "Last Chance", "DEV_STAT": "Prospect", "URL": "https://mrdata.usgs.gov/mrds/show-mrds.php?dep_id=10041192", "CODE_LIST": " CU AG AU", "Grade": "C", "AIANNH": "0760", "FSRFLG": "F", "AIANNHNS": "01529464", "AREALAND": 5480450410.0, "ALANDHIST": 5480450410.0, "AREAWATER": 179068265.0, "AWATERHIST": 179068265.0, "AIANNHCC": "D1", "EFFDATE": null, "ESTABDATE": null, "FUNCSTAT": "A", "GCFLG": null, "GEOID": "0760M", "LSADC": "86", "MTFCC": "G2100", "BASENAME": "Colville", "NAME": "Colville Reservation and Off-Reservation Trust Land", "ObjID": "25190479220731", "AIANNHCOMP": "M", "STATEFP1": "5314240", "STATEFP2": null, "STATEFP3": null, "UR": null, "VINTAGE": "90", "AIANNHFP1": "53-14240", "AIANNHFP2": null, "AIANNHFP3": null, "HU100": null, "POP100": null, "CENTLAT": "+48.2297341", "CENTLON": "-118.8728003", "INTPTLAT": "+48.2439112", "INTPTLON": "-118.8719074", "STGEOMETRY_AREA": 12744397331.6133, "STGEOMETRY_LEN": 633822.29200718994 }, "geometry": { "type": "Point", "coordinates": [ -118.75057, 48.04151 ] } },
{ "type": "Feature", "properties": { "OBJECTID": 20427, "Join_Count": 1, "TARGET_FID": 20427, "JOIN_FID": 242, "DEP_ID": "10041195", "SITE_NAME": "Umatilla", "DEV_STAT": "Prospect", "URL": "https://mrdata.usgs.gov/mrds/show-mrds.php?dep_id=10041195", "CODE_LIST": " CU AG AU", "Grade": "C", "AIANNH": "0760", "FSRFLG": "F", "AIANNHNS": "01529464", "AREALAND": 5480450410.0, "ALANDHIST": 5480450410.0, "AREAWATER": 179068265.0, "AWATERHIST": 179068265.0, "AIANNHCC": "D1", "EFFDATE": null, "ESTABDATE": null, "FUNCSTAT": "A", "GCFLG": null, "GEOID": "0760M", "LSADC": "86", "MTFCC": "G2100", "BASENAME": "Colville", "NAME": "Colville Reservation and Off-Reservation Trust Land", "ObjID": "25190479220731", "AIANNHCOMP": "M", "STATEFP1": "5314240", "STATEFP2": null, "STATEFP3": null, "UR": null, "VINTAGE": "90", "AIANNHFP1": "53-14240", "AIANNHFP2": null, "AIANNHFP3": null, "HU100": null, "POP100": null, "CENTLAT": "+48.2297341", "CENTLON": "-118.8728003", "INTPTLAT": "+48.2439112", "INTPTLON": "-118.8719074", "STGEOMETRY_AREA": 12744397331.6133, "STGEOMETRY_LEN": 633822.29200718994 }, "geometry": { "type": "Point", "coordinates": [ -118.6864, 48.04512 ] } },
{ "type": "Feature", "properties": { "OBJECTID": 20428, "Join_Count": 1, "TARGET_FID": 20428, "JOIN_FID": 242, "DEP_ID": "10041191", "SITE_NAME": "Jumper", "DEV_STAT": "Occurrence", "URL": "https://mrdata.usgs.gov/mrds/show-mrds.php?dep_id=10041191", "CODE_LIST": " CU AG ZN MO", "Grade": "C", "AIANNH": "0760", "FSRFLG": "F", "AIANNHNS": "01529464", "AREALAND": 5480450410.0, "ALANDHIST": 5480450410.0, "AREAWATER": 179068265.0, "AWATERHIST": 179068265.0, "AIANNHCC": "D1", "EFFDATE": null, "ESTABDATE": null, "FUNCSTAT": "A", "GCFLG": null, "GEOID": "0760M", "LSADC": "86", "MTFCC": "G2100", "BASENAME": "Colville", "NAME": "Colville Reservation and Off-Reservation Trust Land", "ObjID": "25190479220731", "AIANNHCOMP": "M", "STATEFP1": "5314240", "STATEFP2": null, "STATEFP3": null, "UR": null, "VINTAGE": "90", "AIANNHFP1": "53-14240", "AIANNHFP2": null, "AIANNHFP3": null, "HU100": null, "POP100": null, "CENTLAT": "+48.2297341", "CENTLON": "-118.8728003", "INTPTLAT": "+48.2439112", "INTPTLON": "-118.8719074", "STGEOMETRY_AREA": 12744397331.6133, "STGEOMETRY_LEN": 633822.29200718994 }, "geometry": { "type": "Point", "coordinates": [ -118.67834, 48.0454 ] } },
{ "type": "Feature", "properties": { "OBJECTID": 20430, "Join_Count": 1, "TARGET_FID": 20430, "JOIN_FID": 242, "DEP_ID": "10041187", "SITE_NAME": "Cougar", "DEV_STAT": "Occurrence", "URL": "https://mrdata.usgs.gov/mrds/show-mrds.php?dep_id=10041187", "CODE_LIST": " CU AG AU ZN", "Grade": "C", "AIANNH": "0760", "FSRFLG": "F", "AIANNHNS": "01529464", "AREALAND": 5480450410.0, "ALANDHIST": 5480450410.0, "AREAWATER": 179068265.0, "AWATERHIST": 179068265.0, "AIANNHCC": "D1", "EFFDATE": null, "ESTABDATE": null, "FUNCSTAT": "A", "GCFLG": null, "GEOID": "0760M", "LSADC": "86", "MTFCC": "G2100", "BASENAME": "Colville", "NAME": "Colville Reservation and Off-Reservation Trust Land", "ObjID": "25190479220731", "AIANNHCOMP": "M", "STATEFP1": "5314240", "STATEFP2": null, "STATEFP3": null, "UR": null, "VINTAGE": "90", "AIANNHFP1": "53-14240", "AIANNHFP2": null, "AIANNHFP3": null, "HU100": null, "POP100": null, "CENTLAT": "+48.2297341", "CENTLON": "-118.8728003", "INTPTLAT": "+48.2439112", "INTPTLON": "-118.8719074", "STGEOMETRY_AREA": 12744397331.6133, "STGEOMETRY_LEN": 633822.29200718994 }, "geometry": { "type": "Point", "coordinates": [ -118.74419, 48.04623 ] } },
{ "type": "Feature", "properties": { "OBJECTID": 20431, "Join_Count": 1, "TARGET_FID": 20431, "JOIN_FID": 242, "DEP_ID": "10097179", "SITE_NAME": "Dewey", "DEV_STAT": "Prospect", "URL": "https://mrdata.usgs.gov/mrds/show-mrds.php?dep_id=10097179", "CODE_LIST": " CU", "Grade": "C", "AIANNH": "0760", "FSRFLG": "F", "AIANNHNS": "01529464", "AREALAND": 5480450410.0, "ALANDHIST": 5480450410.0, "AREAWATER": 179068265.0, "AWATERHIST": 179068265.0, "AIANNHCC": "D1", "EFFDATE": null, "ESTABDATE": null, "FUNCSTAT": "A", "GCFLG": null, "GEOID": "0760M", "LSADC": "86", "MTFCC": "G2100", "BASENAME": "Colville", "NAME": "Colville Reservation and Off-Reservation Trust Land", "ObjID": "25190479220731", "AIANNHCOMP": "M", "STATEFP1": "5314240", "STATEFP2": null, "STATEFP3": null, "UR": null, "VINTAGE": "90", "AIANNHFP1": "53-14240", "AIANNHFP2": null, "AIANNHFP3": null, "HU100": null, "POP100": null, "CENTLAT": "+48.2297341", "CENTLON": "-118.8728003", "INTPTLAT": "+48.2439112", "INTPTLON": "-118.8719074", "STGEOMETRY_AREA": 12744397331.6133, "STGEOMETRY_LEN": 633822.29200718994 }, "geometry": { "type": "Point", "coordinates": [ -118.67834, 48.04623 ] } },
{ "type": "Feature", "properties": { "OBJECTID": 20432, "Join_Count": 1, "TARGET_FID": 20432, "JOIN_FID": 242, "DEP_ID": "10041287", "SITE_NAME": "Poor Mans Hope", "DEV_STAT": "Occurrence", "URL": "https://mrdata.usgs.gov/mrds/show-mrds.php?dep_id=10041287", "CODE_LIST": " PB ZN CU AG", "Grade": "C", "AIANNH": "0760", "FSRFLG": "F", "AIANNHNS": "01529464", "AREALAND": 5480450410.0, "ALANDHIST": 5480450410.0, "AREAWATER": 179068265.0, "AWATERHIST": 179068265.0, "AIANNHCC": "D1", "EFFDATE": null, "ESTABDATE": null, "FUNCSTAT": "A", "GCFLG": null, "GEOID": "0760M", "LSADC": "86", "MTFCC": "G2100", "BASENAME": "Colville", "NAME": "Colville Reservation and Off-Reservation Trust Land", "ObjID": "25190479220731", "AIANNHCOMP": "M", "STATEFP1": "5314240", "STATEFP2": null, "STATEFP3": null, "UR": null, "VINTAGE": "90", "AIANNHFP1": "53-14240", "AIANNHFP2": null, "AIANNHFP3": null, "HU100": null, "POP100": null, "CENTLAT": "+48.2297341", "CENTLON": "-118.8728003", "INTPTLAT": "+48.2439112", "INTPTLON": "-118.8719074", "STGEOMETRY_AREA": 12744397331.6133, "STGEOMETRY_LEN": 633822.29200718994 }, "geometry": { "type": "Point", "coordinates": [ -118.59112, 48.04651 ] } },
{ "type": "Feature", "properties": { "OBJECTID": 20433, "Join_Count": 1, "TARGET_FID": 20433, "JOIN_FID": 242, "DEP_ID": "10097178", "SITE_NAME": "California", "DEV_STAT": "Prospect", "URL": "https://mrdata.usgs.gov/mrds/show-mrds.php?dep_id=10097178", "CODE_LIST": " CU AG MO", "Grade": "C", "AIANNH": "0760", "FSRFLG": "F", "AIANNHNS": "01529464", "AREALAND": 5480450410.0, "ALANDHIST": 5480450410.0, "AREAWATER": 179068265.0, "AWATERHIST": 179068265.0, "AIANNHCC": "D1", "EFFDATE": null, "ESTABDATE": null, "FUNCSTAT": "A", "GCFLG": null, "GEOID": "0760M", "LSADC": "86", "MTFCC": "G2100", "BASENAME": "Colville", "NAME": "Colville Reservation and Off-Reservation Trust Land", "ObjID": "25190479220731", "AIANNHCOMP": "M", "STATEFP1": "5314240", "STATEFP2": null, "STATEFP3": null, "UR": null, "VINTAGE": "90", "AIANNHFP1": "53-14240", "AIANNHFP2": null, "AIANNHFP3": null, "HU100": null, "POP100": null, "CENTLAT": "+48.2297341", "CENTLON": "-118.8728003", "INTPTLAT": "+48.2439112", "INTPTLON": "-118.8719074", "STGEOMETRY_AREA": 12744397331.6133, "STGEOMETRY_LEN": 633822.29200718994 }, "geometry": { "type": "Point", "coordinates": [ -118.69445, 48.04678 ] } },
{ "type": "Feature", "properties": { "OBJECTID": 20434, "Join_Count": 1, "TARGET_FID": 20434, "JOIN_FID": 242, "DEP_ID": "10097180", "SITE_NAME": "Iconoclast", "DEV_STAT": "Prospect", "URL": "https://mrdata.usgs.gov/mrds/show-mrds.php?dep_id=10097180", "CODE_LIST": " CU AG AU MO", "Grade": "C", "AIANNH": "0760", "FSRFLG": "F", "AIANNHNS": "01529464", "AREALAND": 5480450410.0, "ALANDHIST": 5480450410.0, "AREAWATER": 179068265.0, "AWATERHIST": 179068265.0, "AIANNHCC": "D1", "EFFDATE": null, "ESTABDATE": null, "FUNCSTAT": "A", "GCFLG": null, "GEOID": "0760M", "LSADC": "86", "MTFCC": "G2100", "BASENAME": "Colville", "NAME": "Colville Reservation and Off-Reservation Trust Land", "ObjID": "25190479220731", "AIANNHCOMP": "M", "STATEFP1": "5314240", "STATEFP2": null, "STATEFP3": null, "UR": null, "VINTAGE": "90", "AIANNHFP1": "53-14240", "AIANNHFP2": null, "AIANNHFP3": null, "HU100": null, "POP100": null, "CENTLAT": "+48.2297341", "CENTLON": "-118.8728003", "INTPTLAT": "+48.2439112", "INTPTLON": "-118.8719074", "STGEOMETRY_AREA": 12744397331.6133, "STGEOMETRY_LEN": 633822.29200718994 }, "geometry": { "type": "Point", "coordinates": [ -118.69723, 48.04817 ] } },
{ "type": "Feature", "properties": { "OBJECTID": 20435, "Join_Count": 1, "TARGET_FID": 20435, "JOIN_FID": 242, "DEP_ID": "10097183", "SITE_NAME": "Walla Walla", "DEV_STAT": "Prospect", "URL": "https://mrdata.usgs.gov/mrds/show-mrds.php?dep_id=10097183", "CODE_LIST": " CU PB ZN MO AU", "Grade": "C", "AIANNH": "0760", "FSRFLG": "F", "AIANNHNS": "01529464", "AREALAND": 5480450410.0, "ALANDHIST": 5480450410.0, "AREAWATER": 179068265.0, "AWATERHIST": 179068265.0, "AIANNHCC": "D1", "EFFDATE": null, "ESTABDATE": null, "FUNCSTAT": "A", "GCFLG": null, "GEOID": "0760M", "LSADC": "86", "MTFCC": "G2100", "BASENAME": "Colville", "NAME": "Colville Reservation and Off-Reservation Trust Land", "ObjID": "25190479220731", "AIANNHCOMP": "M", "STATEFP1": "5314240", "STATEFP2": null, "STATEFP3": null, "UR": null, "VINTAGE": "90", "AIANNHFP1": "53-14240", "AIANNHFP2": null, "AIANNHFP3": null, "HU100": null, "POP100": null, "CENTLAT": "+48.2297341", "CENTLON": "-118.8728003", "INTPTLAT": "+48.2439112", "INTPTLON": "-118.8719074", "STGEOMETRY_AREA": 12744397331.6133, "STGEOMETRY_LEN": 633822.29200718994 }, "geometry": { "type": "Point", "coordinates": [ -118.67695, 48.04817 ] } },
{ "type": "Feature", "properties": { "OBJECTID": 20436, "Join_Count": 1, "TARGET_FID": 20436, "JOIN_FID": 242, "DEP_ID": "10041189", "SITE_NAME": "Humboldt", "DEV_STAT": "Occurrence", "URL": "https://mrdata.usgs.gov/mrds/show-mrds.php?dep_id=10041189", "CODE_LIST": " CU PB ZN", "Grade": "C", "AIANNH": "0760", "FSRFLG": "F", "AIANNHNS": "01529464", "AREALAND": 5480450410.0, "ALANDHIST": 5480450410.0, "AREAWATER": 179068265.0, "AWATERHIST": 179068265.0, "AIANNHCC": "D1", "EFFDATE": null, "ESTABDATE": null, "FUNCSTAT": "A", "GCFLG": null, "GEOID": "0760M", "LSADC": "86", "MTFCC": "G2100", "BASENAME": "Colville", "NAME": "Colville Reservation and Off-Reservation Trust Land", "ObjID": "25190479220731", "AIANNHCOMP": "M", "STATEFP1": "5314240", "STATEFP2": null, "STATEFP3": null, "UR": null, "VINTAGE": "90", "AIANNHFP1": "53-14240", "AIANNHFP2": null, "AIANNHFP3": null, "HU100": null, "POP100": null, "CENTLAT": "+48.2297341", "CENTLON": "-118.8728003", "INTPTLAT": "+48.2439112", "INTPTLON": "-118.8719074", "STGEOMETRY_AREA": 12744397331.6133, "STGEOMETRY_LEN": 633822.29200718994 }, "geometry": { "type": "Point", "coordinates": [ -118.67695, 48.04845 ] } },
{ "type": "Feature", "properties": { "OBJECTID": 20437, "Join_Count": 1, "TARGET_FID": 20437, "JOIN_FID": 242, "DEP_ID": "10055909", "SITE_NAME": "Wilmont Bar Placer", "DEV_STAT": "Occurrence", "URL": "https://mrdata.usgs.gov/mrds/show-mrds.php?dep_id=10055909", "CODE_LIST": " AU REE TH", "Grade": "C", "AIANNH": "0760", "FSRFLG": "F", "AIANNHNS": "01529464", "AREALAND": 5480450410.0, "ALANDHIST": 5480450410.0, "AREAWATER": 179068265.0, "AWATERHIST": 179068265.0, "AIANNHCC": "D1", "EFFDATE": null, "ESTABDATE": null, "FUNCSTAT": "A", "GCFLG": null, "GEOID": "0760M", "LSADC": "86", "MTFCC": "G2100", "BASENAME": "Colville", "NAME": "Colville Reservation and Off-Reservation Trust Land", "ObjID": "25190479220731", "AIANNHCOMP": "M", "STATEFP1": "5314240", "STATEFP2": null, "STATEFP3": null, "UR": null, "VINTAGE": "90", "AIANNHFP1": "53-14240", "AIANNHFP2": null, "AIANNHFP3": null, "HU100": null, "POP100": null, "CENTLAT": "+48.2297341", "CENTLON": "-118.8728003", "INTPTLAT": "+48.2439112", "INTPTLON": "-118.8719074", "STGEOMETRY_AREA": 12744397331.6133, "STGEOMETRY_LEN": 633822.29200718994 }, "geometry": { "type": "Point", "coordinates": [ -118.27278, 48.04846 ] } },
{ "type": "Feature", "properties": { "OBJECTID": 20439, "Join_Count": 1, "TARGET_FID": 20439, "JOIN_FID": 242, "DEP_ID": "10055873", "SITE_NAME": "Gray", "DEV_STAT": "Occurrence", "URL": "https://mrdata.usgs.gov/mrds/show-mrds.php?dep_id=10055873", "CODE_LIST": " AG AU CU", "Grade": "C", "AIANNH": "0760", "FSRFLG": "F", "AIANNHNS": "01529464", "AREALAND": 5480450410.0, "ALANDHIST": 5480450410.0, "AREAWATER": 179068265.0, "AWATERHIST": 179068265.0, "AIANNHCC": "D1", "EFFDATE": null, "ESTABDATE": null, "FUNCSTAT": "A", "GCFLG": null, "GEOID": "0760M", "LSADC": "86", "MTFCC": "G2100", "BASENAME": "Colville", "NAME": "Colville Reservation and Off-Reservation Trust Land", "ObjID": "25190479220731", "AIANNHCOMP": "M", "STATEFP1": "5314240", "STATEFP2": null, "STATEFP3": null, "UR": null, "VINTAGE": "90", "AIANNHFP1": "53-14240", "AIANNHFP2": null, "AIANNHFP3": null, "HU100": null, "POP100": null, "CENTLAT": "+48.2297341", "CENTLON": "-118.8728003", "INTPTLAT": "+48.2439112", "INTPTLON": "-118.8719074", "STGEOMETRY_AREA": 12744397331.6133, "STGEOMETRY_LEN": 633822.29200718994 }, "geometry": { "type": "Point", "coordinates": [ -118.5789, 48.04901 ] } },
{ "type": "Feature", "properties": { "OBJECTID": 20442, "Join_Count": 1, "TARGET_FID": 20442, "JOIN_FID": 242, "DEP_ID": "10055860", "SITE_NAME": "Addison", "DEV_STAT": "Occurrence", "URL": "https://mrdata.usgs.gov/mrds/show-mrds.php?dep_id=10055860", "CODE_LIST": " CU PB ZN AG AU W", "Grade": "B", "AIANNH": "0760", "FSRFLG": "F", "AIANNHNS": "01529464", "AREALAND": 5480450410.0, "ALANDHIST": 5480450410.0, "AREAWATER": 179068265.0, "AWATERHIST": 179068265.0, "AIANNHCC": "D1", "EFFDATE": null, "ESTABDATE": null, "FUNCSTAT": "A", "GCFLG": null, "GEOID": "0760M", "LSADC": "86", "MTFCC": "G2100", "BASENAME": "Colville", "NAME": "Colville Reservation and Off-Reservation Trust Land", "ObjID": "25190479220731", "AIANNHCOMP": "M", "STATEFP1": "5314240", "STATEFP2": null, "STATEFP3": null, "UR": null, "VINTAGE": "90", "AIANNHFP1": "53-14240", "AIANNHFP2": null, "AIANNHFP3": null, "HU100": null, "POP100": null, "CENTLAT": "+48.2297341", "CENTLON": "-118.8728003", "INTPTLAT": "+48.2439112", "INTPTLON": "-118.8719074", "STGEOMETRY_AREA": 12744397331.6133, "STGEOMETRY_LEN": 633822.29200718994 }, "geometry": { "type": "Point", "coordinates": [ -118.58223, 48.0504 ] } },
{ "type": "Feature", "properties": { "OBJECTID": 20443, "Join_Count": 1, "TARGET_FID": 20443, "JOIN_FID": 242, "DEP_ID": "10097177", "SITE_NAME": "Addie B", "DEV_STAT": "Prospect", "URL": "https://mrdata.usgs.gov/mrds/show-mrds.php?dep_id=10097177", "CODE_LIST": " CU MO ZN PB AG", "Grade": "C", "AIANNH": "0760", "FSRFLG": "F", "AIANNHNS": "01529464", "AREALAND": 5480450410.0, "ALANDHIST": 5480450410.0, "AREAWATER": 179068265.0, "AWATERHIST": 179068265.0, "AIANNHCC": "D1", "EFFDATE": null, "ESTABDATE": null, "FUNCSTAT": "A", "GCFLG": null, "GEOID": "0760M", "LSADC": "86", "MTFCC": "G2100", "BASENAME": "Colville", "NAME": "Colville Reservation and Off-Reservation Trust Land", "ObjID": "25190479220731", "AIANNHCOMP": "M", "STATEFP1": "5314240", "STATEFP2": null, "STATEFP3": null, "UR": null, "VINTAGE": "90", "AIANNHFP1": "53-14240", "AIANNHFP2": null, "AIANNHFP3": null, "HU100": null, "POP100": null, "CENTLAT": "+48.2297341", "CENTLON": "-118.8728003", "INTPTLAT": "+48.2439112", "INTPTLON": "-118.8719074", "STGEOMETRY_AREA": 12744397331.6133, "STGEOMETRY_LEN": 633822.29200718994 }, "geometry": { "type": "Point", "coordinates": [ -118.67723, 48.05067 ] } },
{ "type": "Feature", "properties": { "OBJECTID": 20444, "Join_Count": 1, "TARGET_FID": 20444, "JOIN_FID": 242, "DEP_ID": "10041166", "SITE_NAME": "Golden Cord", "DEV_STAT": "Prospect", "URL": "https://mrdata.usgs.gov/mrds/show-mrds.php?dep_id=10041166", "CODE_LIST": " AG CU PB ZN", "Grade": "C", "AIANNH": "0760", "FSRFLG": "F", "AIANNHNS": "01529464", "AREALAND": 5480450410.0, "ALANDHIST": 5480450410.0, "AREAWATER": 179068265.0, "AWATERHIST": 179068265.0, "AIANNHCC": "D1", "EFFDATE": null, "ESTABDATE": null, "FUNCSTAT": "A", "GCFLG": null, "GEOID": "0760M", "LSADC": "86", "MTFCC": "G2100", "BASENAME": "Colville", "NAME": "Colville Reservation and Off-Reservation Trust Land", "ObjID": "25190479220731", "AIANNHCOMP": "M", "STATEFP1": "5314240", "STATEFP2": null, "STATEFP3": null, "UR": null, "VINTAGE": "90", "AIANNHFP1": "53-14240", "AIANNHFP2": null, "AIANNHFP3": null, "HU100": null, "POP100": null, "CENTLAT": "+48.2297341", "CENTLON": "-118.8728003", "INTPTLAT": "+48.2439112", "INTPTLON": "-118.8719074", "STGEOMETRY_AREA": 12744397331.6133, "STGEOMETRY_LEN": 633822.29200718994 }, "geometry": { "type": "Point", "coordinates": [ -118.73613, 48.05178 ] } },
{ "type": "Feature", "properties": { "OBJECTID": 20446, "Join_Count": 1, "TARGET_FID": 20446, "JOIN_FID": 242, "DEP_ID": "10055871", "SITE_NAME": "Golden Cord", "DEV_STAT": "Occurrence", "URL": "https://mrdata.usgs.gov/mrds/show-mrds.php?dep_id=10055871", "CODE_LIST": " AG CU PB ZN", "Grade": "B", "AIANNH": "0760", "FSRFLG": "F", "AIANNHNS": "01529464", "AREALAND": 5480450410.0, "ALANDHIST": 5480450410.0, "AREAWATER": 179068265.0, "AWATERHIST": 179068265.0, "AIANNHCC": "D1", "EFFDATE": null, "ESTABDATE": null, "FUNCSTAT": "A", "GCFLG": null, "GEOID": "0760M", "LSADC": "86", "MTFCC": "G2100", "BASENAME": "Colville", "NAME": "Colville Reservation and Off-Reservation Trust Land", "ObjID": "25190479220731", "AIANNHCOMP": "M", "STATEFP1": "5314240", "STATEFP2": null, "STATEFP3": null, "UR": null, "VINTAGE": "90", "AIANNHFP1": "53-14240", "AIANNHFP2": null, "AIANNHFP3": null, "HU100": null, "POP100": null, "CENTLAT": "+48.2297341", "CENTLON": "-118.8728003", "INTPTLAT": "+48.2439112", "INTPTLON": "-118.8719074", "STGEOMETRY_AREA": 12744397331.6133, "STGEOMETRY_LEN": 633822.29200718994 }, "geometry": { "type": "Point", "coordinates": [ -118.60084, 48.05428 ] } },
{ "type": "Feature", "properties": { "OBJECTID": 20453, "Join_Count": 1, "TARGET_FID": 20453, "JOIN_FID": 242, "DEP_ID": "10041184", "SITE_NAME": "Belcher", "DEV_STAT": "Occurrence", "URL": "https://mrdata.usgs.gov/mrds/show-mrds.php?dep_id=10041184", "CODE_LIST": " CU AU AG", "Grade": "C", "AIANNH": "0760", "FSRFLG": "F", "AIANNHNS": "01529464", "AREALAND": 5480450410.0, "ALANDHIST": 5480450410.0, "AREAWATER": 179068265.0, "AWATERHIST": 179068265.0, "AIANNHCC": "D1", "EFFDATE": null, "ESTABDATE": null, "FUNCSTAT": "A", "GCFLG": null, "GEOID": "0760M", "LSADC": "86", "MTFCC": "G2100", "BASENAME": "Colville", "NAME": "Colville Reservation and Off-Reservation Trust Land", "ObjID": "25190479220731", "AIANNHCOMP": "M", "STATEFP1": "5314240", "STATEFP2": null, "STATEFP3": null, "UR": null, "VINTAGE": "90", "AIANNHFP1": "53-14240", "AIANNHFP2": null, "AIANNHFP3": null, "HU100": null, "POP100": null, "CENTLAT": "+48.2297341", "CENTLON": "-118.8728003", "INTPTLAT": "+48.2439112", "INTPTLON": "-118.8719074", "STGEOMETRY_AREA": 12744397331.6133, "STGEOMETRY_LEN": 633822.29200718994 }, "geometry": { "type": "Point", "coordinates": [ -118.60223, 48.06095 ] } },
{ "type": "Feature", "properties": { "OBJECTID": 20466, "Join_Count": 1, "TARGET_FID": 20466, "JOIN_FID": 242, "DEP_ID": "10041193", "SITE_NAME": "Meadow King", "DEV_STAT": "Prospect", "URL": "https://mrdata.usgs.gov/mrds/show-mrds.php?dep_id=10041193", "CODE_LIST": " CU AG AU MO PB ZN", "Grade": "C", "AIANNH": "0760", "FSRFLG": "F", "AIANNHNS": "01529464", "AREALAND": 5480450410.0, "ALANDHIST": 5480450410.0, "AREAWATER": 179068265.0, "AWATERHIST": 179068265.0, "AIANNHCC": "D1", "EFFDATE": null, "ESTABDATE": null, "FUNCSTAT": "A", "GCFLG": null, "GEOID": "0760M", "LSADC": "86", "MTFCC": "G2100", "BASENAME": "Colville", "NAME": "Colville Reservation and Off-Reservation Trust Land", "ObjID": "25190479220731", "AIANNHCOMP": "M", "STATEFP1": "5314240", "STATEFP2": null, "STATEFP3": null, "UR": null, "VINTAGE": "90", "AIANNHFP1": "53-14240", "AIANNHFP2": null, "AIANNHFP3": null, "HU100": null, "POP100": null, "CENTLAT": "+48.2297341", "CENTLON": "-118.8728003", "INTPTLAT": "+48.2439112", "INTPTLON": "-118.8719074", "STGEOMETRY_AREA": 12744397331.6133, "STGEOMETRY_LEN": 633822.29200718994 }, "geometry": { "type": "Point", "coordinates": [ -118.7328, 48.07151 ] } },
{ "type": "Feature", "properties": { "OBJECTID": 20479, "Join_Count": 1, "TARGET_FID": 20479, "JOIN_FID": 242, "DEP_ID": "10097174", "SITE_NAME": "Rover Bonanza", "DEV_STAT": "Prospect", "URL": "https://mrdata.usgs.gov/mrds/show-mrds.php?dep_id=10097174", "CODE_LIST": " AG AU PB ZN", "Grade": "C", "AIANNH": "0760", "FSRFLG": "F", "AIANNHNS": "01529464", "AREALAND": 5480450410.0, "ALANDHIST": 5480450410.0, "AREAWATER": 179068265.0, "AWATERHIST": 179068265.0, "AIANNHCC": "D1", "EFFDATE": null, "ESTABDATE": null, "FUNCSTAT": "A", "GCFLG": null, "GEOID": "0760M", "LSADC": "86", "MTFCC": "G2100", "BASENAME": "Colville", "NAME": "Colville Reservation and Off-Reservation Trust Land", "ObjID": "25190479220731", "AIANNHCOMP": "M", "STATEFP1": "5314240", "STATEFP2": null, "STATEFP3": null, "UR": null, "VINTAGE": "90", "AIANNHFP1": "53-14240", "AIANNHFP2": null, "AIANNHFP3": null, "HU100": null, "POP100": null, "CENTLAT": "+48.2297341", "CENTLON": "-118.8728003", "INTPTLAT": "+48.2439112", "INTPTLON": "-118.8719074", "STGEOMETRY_AREA": 12744397331.6133, "STGEOMETRY_LEN": 633822.29200718994 }, "geometry": { "type": "Point", "coordinates": [ -118.70613, 48.0754 ] } },
{ "type": "Feature", "properties": { "OBJECTID": 20519, "Join_Count": 1, "TARGET_FID": 20519, "JOIN_FID": 242, "DEP_ID": "10037876", "SITE_NAME": "Rogers Bar Placer", "DEV_STAT": "Producer", "URL": "https://mrdata.usgs.gov/mrds/show-mrds.php?dep_id=10037876", "CODE_LIST": " AU PGE_PT", "Grade": "B", "AIANNH": "0760", "FSRFLG": "F", "AIANNHNS": "01529464", "AREALAND": 5480450410.0, "ALANDHIST": 5480450410.0, "AREAWATER": 179068265.0, "AWATERHIST": 179068265.0, "AIANNHCC": "D1", "EFFDATE": null, "ESTABDATE": null, "FUNCSTAT": "A", "GCFLG": null, "GEOID": "0760M", "LSADC": "86", "MTFCC": "G2100", "BASENAME": "Colville", "NAME": "Colville Reservation and Off-Reservation Trust Land", "ObjID": "25190479220731", "AIANNHCOMP": "M", "STATEFP1": "5314240", "STATEFP2": null, "STATEFP3": null, "UR": null, "VINTAGE": "90", "AIANNHFP1": "53-14240", "AIANNHFP2": null, "AIANNHFP3": null, "HU100": null, "POP100": null, "CENTLAT": "+48.2297341", "CENTLON": "-118.8728003", "INTPTLAT": "+48.2439112", "INTPTLON": "-118.8719074", "STGEOMETRY_AREA": 12744397331.6133, "STGEOMETRY_LEN": 633822.29200718994 }, "geometry": { "type": "Point", "coordinates": [ -118.23778, 48.08874 ] } },
{ "type": "Feature", "properties": { "OBJECTID": 20520, "Join_Count": 1, "TARGET_FID": 20520, "JOIN_FID": 242, "DEP_ID": "10055893", "SITE_NAME": "Rogers Bar Placer", "DEV_STAT": "Occurrence", "URL": "https://mrdata.usgs.gov/mrds/show-mrds.php?dep_id=10055893", "CODE_LIST": " AU PGE_PT", "Grade": "C", "AIANNH": "0760", "FSRFLG": "F", "AIANNHNS": "01529464", "AREALAND": 5480450410.0, "ALANDHIST": 5480450410.0, "AREAWATER": 179068265.0, "AWATERHIST": 179068265.0, "AIANNHCC": "D1", "EFFDATE": null, "ESTABDATE": null, "FUNCSTAT": "A", "GCFLG": null, "GEOID": "0760M", "LSADC": "86", "MTFCC": "G2100", "BASENAME": "Colville", "NAME": "Colville Reservation and Off-Reservation Trust Land", "ObjID": "25190479220731", "AIANNHCOMP": "M", "STATEFP1": "5314240", "STATEFP2": null, "STATEFP3": null, "UR": null, "VINTAGE": "90", "AIANNHFP1": "53-14240", "AIANNHFP2": null, "AIANNHFP3": null, "HU100": null, "POP100": null, "CENTLAT": "+48.2297341", "CENTLON": "-118.8728003", "INTPTLAT": "+48.2439112", "INTPTLON": "-118.8719074", "STGEOMETRY_AREA": 12744397331.6133, "STGEOMETRY_LEN": 633822.29200718994 }, "geometry": { "type": "Point", "coordinates": [ -118.23778, 48.08874 ] } },
{ "type": "Feature", "properties": { "OBJECTID": 20535, "Join_Count": 1, "TARGET_FID": 20535, "JOIN_FID": 242, "DEP_ID": "10095554", "SITE_NAME": "Newport Prospect", "DEV_STAT": "Occurrence", "URL": "https://mrdata.usgs.gov/mrds/show-mrds.php?dep_id=10095554", "CODE_LIST": " AU", "Grade": "C", "AIANNH": "0760", "FSRFLG": "F", "AIANNHNS": "01529464", "AREALAND": 5480450410.0, "ALANDHIST": 5480450410.0, "AREAWATER": 179068265.0, "AWATERHIST": 179068265.0, "AIANNHCC": "D1", "EFFDATE": null, "ESTABDATE": null, "FUNCSTAT": "A", "GCFLG": null, "GEOID": "0760M", "LSADC": "86", "MTFCC": "G2100", "BASENAME": "Colville", "NAME": "Colville Reservation and Off-Reservation Trust Land", "ObjID": "25190479220731", "AIANNHCOMP": "M", "STATEFP1": "5314240", "STATEFP2": null, "STATEFP3": null, "UR": null, "VINTAGE": "90", "AIANNHFP1": "53-14240", "AIANNHFP2": null, "AIANNHFP3": null, "HU100": null, "POP100": null, "CENTLAT": "+48.2297341", "CENTLON": "-118.8728003", "INTPTLAT": "+48.2439112", "INTPTLON": "-118.8719074", "STGEOMETRY_AREA": 12744397331.6133, "STGEOMETRY_LEN": 633822.29200718994 }, "geometry": { "type": "Point", "coordinates": [ -118.95085, 48.10345 ] } },
{ "type": "Feature", "properties": { "OBJECTID": 20536, "Join_Count": 1, "TARGET_FID": 20536, "JOIN_FID": 242, "DEP_ID": "10093024", "SITE_NAME": "Silver Cliff", "DEV_STAT": "Occurrence", "URL": "https://mrdata.usgs.gov/mrds/show-mrds.php?dep_id=10093024", "CODE_LIST": " AG PB", "Grade": "B", "AIANNH": "0760", "FSRFLG": "F", "AIANNHNS": "01529464", "AREALAND": 5480450410.0, "ALANDHIST": 5480450410.0, "AREAWATER": 179068265.0, "AWATERHIST": 179068265.0, "AIANNHCC": "D1", "EFFDATE": null, "ESTABDATE": null, "FUNCSTAT": "A", "GCFLG": null, "GEOID": "0760M", "LSADC": "86", "MTFCC": "G2100", "BASENAME": "Colville", "NAME": "Colville Reservation and Off-Reservation Trust Land", "ObjID": "25190479220731", "AIANNHCOMP": "M", "STATEFP1": "5314240", "STATEFP2": null, "STATEFP3": null, "UR": null, "VINTAGE": "90", "AIANNHFP1": "53-14240", "AIANNHFP2": null, "AIANNHFP3": null, "HU100": null, "POP100": null, "CENTLAT": "+48.2297341", "CENTLON": "-118.8728003", "INTPTLAT": "+48.2439112", "INTPTLON": "-118.8719074", "STGEOMETRY_AREA": 12744397331.6133, "STGEOMETRY_LEN": 633822.29200718994 }, "geometry": { "type": "Point", "coordinates": [ -118.95141, 48.10373 ] } },
{ "type": "Feature", "properties": { "OBJECTID": 20568, "Join_Count": 1, "TARGET_FID": 20568, "JOIN_FID": 242, "DEP_ID": "10041506", "SITE_NAME": "Controller Mine", "DEV_STAT": "Occurrence", "URL": "https://mrdata.usgs.gov/mrds/show-mrds.php?dep_id=10041506", "CODE_LIST": " CU AG ZN", "Grade": "C", "AIANNH": "0760", "FSRFLG": "F", "AIANNHNS": "01529464", "AREALAND": 5480450410.0, "ALANDHIST": 5480450410.0, "AREAWATER": 179068265.0, "AWATERHIST": 179068265.0, "AIANNHCC": "D1", "EFFDATE": null, "ESTABDATE": null, "FUNCSTAT": "A", "GCFLG": null, "GEOID": "0760M", "LSADC": "86", "MTFCC": "G2100", "BASENAME": "Colville", "NAME": "Colville Reservation and Off-Reservation Trust Land", "ObjID": "25190479220731", "AIANNHCOMP": "M", "STATEFP1": "5314240", "STATEFP2": null, "STATEFP3": null, "UR": null, "VINTAGE": "90", "AIANNHFP1": "53-14240", "AIANNHFP2": null, "AIANNHFP3": null, "HU100": null, "POP100": null, "CENTLAT": "+48.2297341", "CENTLON": "-118.8728003", "INTPTLAT": "+48.2439112", "INTPTLON": "-118.8719074", "STGEOMETRY_AREA": 12744397331.6133, "STGEOMETRY_LEN": 633822.29200718994 }, "geometry": { "type": "Point", "coordinates": [ -118.84807, 48.13734 ] } },
{ "type": "Feature", "properties": { "OBJECTID": 20581, "Join_Count": 1, "TARGET_FID": 20581, "JOIN_FID": 242, "DEP_ID": "10055896", "SITE_NAME": "Shamrock", "DEV_STAT": "Occurrence", "URL": "https://mrdata.usgs.gov/mrds/show-mrds.php?dep_id=10055896", "CODE_LIST": " AG AU PB ZN CU NI", "Grade": "B", "AIANNH": "0760", "FSRFLG": "F", "AIANNHNS": "01529464", "AREALAND": 5480450410.0, "ALANDHIST": 5480450410.0, "AREAWATER": 179068265.0, "AWATERHIST": 179068265.0, "AIANNHCC": "D1", "EFFDATE": null, "ESTABDATE": null, "FUNCSTAT": "A", "GCFLG": null, "GEOID": "0760M", "LSADC": "86", "MTFCC": "G2100", "BASENAME": "Colville", "NAME": "Colville Reservation and Off-Reservation Trust Land", "ObjID": "25190479220731", "AIANNHCOMP": "M", "STATEFP1": "5314240", "STATEFP2": null, "STATEFP3": null, "UR": null, "VINTAGE": "90", "AIANNHFP1": "53-14240", "AIANNHFP2": null, "AIANNHFP3": null, "HU100": null, "POP100": null, "CENTLAT": "+48.2297341", "CENTLON": "-118.8728003", "INTPTLAT": "+48.2439112", "INTPTLON": "-118.8719074", "STGEOMETRY_AREA": 12744397331.6133, "STGEOMETRY_LEN": 633822.29200718994 }, "geometry": { "type": "Point", "coordinates": [ -118.62723, 48.14595 ] } },
{ "type": "Feature", "properties": { "OBJECTID": 20583, "Join_Count": 1, "TARGET_FID": 20583, "JOIN_FID": 242, "DEP_ID": "10109638", "SITE_NAME": "Little Chief Group", "DEV_STAT": "Producer", "URL": "https://mrdata.usgs.gov/mrds/show-mrds.php?dep_id=10109638", "CODE_LIST": " AG AU CU", "Grade": "B", "AIANNH": "0760", "FSRFLG": "F", "AIANNHNS": "01529464", "AREALAND": 5480450410.0, "ALANDHIST": 5480450410.0, "AREAWATER": 179068265.0, "AWATERHIST": 179068265.0, "AIANNHCC": "D1", "EFFDATE": null, "ESTABDATE": null, "FUNCSTAT": "A", "GCFLG": null, "GEOID": "0760M", "LSADC": "86", "MTFCC": "G2100", "BASENAME": "Colville", "NAME": "Colville Reservation and Off-Reservation Trust Land", "ObjID": "25190479220731", "AIANNHCOMP": "M", "STATEFP1": "5314240", "STATEFP2": null, "STATEFP3": null, "UR": null, "VINTAGE": "90", "AIANNHFP1": "53-14240", "AIANNHFP2": null, "AIANNHFP3": null, "HU100": null, "POP100": null, "CENTLAT": "+48.2297341", "CENTLON": "-118.8728003", "INTPTLAT": "+48.2439112", "INTPTLON": "-118.8719074", "STGEOMETRY_AREA": 12744397331.6133, "STGEOMETRY_LEN": 633822.29200718994 }, "geometry": { "type": "Point", "coordinates": [ -119.01225, 48.14845 ] } },
{ "type": "Feature", "properties": { "OBJECTID": 20590, "Join_Count": 1, "TARGET_FID": 20590, "JOIN_FID": 242, "DEP_ID": "10041554", "SITE_NAME": "Panama Group", "DEV_STAT": "Prospect", "URL": "https://mrdata.usgs.gov/mrds/show-mrds.php?dep_id=10041554", "CODE_LIST": " AG AU CU", "Grade": "C", "AIANNH": "0760", "FSRFLG": "F", "AIANNHNS": "01529464", "AREALAND": 5480450410.0, "ALANDHIST": 5480450410.0, "AREAWATER": 179068265.0, "AWATERHIST": 179068265.0, "AIANNHCC": "D1", "EFFDATE": null, "ESTABDATE": null, "FUNCSTAT": "A", "GCFLG": null, "GEOID": "0760M", "LSADC": "86", "MTFCC": "G2100", "BASENAME": "Colville", "NAME": "Colville Reservation and Off-Reservation Trust Land", "ObjID": "25190479220731", "AIANNHCOMP": "M", "STATEFP1": "5314240", "STATEFP2": null, "STATEFP3": null, "UR": null, "VINTAGE": "90", "AIANNHFP1": "53-14240", "AIANNHFP2": null, "AIANNHFP3": null, "HU100": null, "POP100": null, "CENTLAT": "+48.2297341", "CENTLON": "-118.8728003", "INTPTLAT": "+48.2439112", "INTPTLON": "-118.8719074", "STGEOMETRY_AREA": 12744397331.6133, "STGEOMETRY_LEN": 633822.29200718994 }, "geometry": { "type": "Point", "coordinates": [ -119.02836, 48.15401 ] } },
{ "type": "Feature", "properties": { "OBJECTID": 20593, "Join_Count": 1, "TARGET_FID": 20593, "JOIN_FID": 242, "DEP_ID": "10041553", "SITE_NAME": "Little Johnnie Claim", "DEV_STAT": "Occurrence", "URL": "https://mrdata.usgs.gov/mrds/show-mrds.php?dep_id=10041553", "CODE_LIST": " AG AU", "Grade": "C", "AIANNH": "0760", "FSRFLG": "F", "AIANNHNS": "01529464", "AREALAND": 5480450410.0, "ALANDHIST": 5480450410.0, "AREAWATER": 179068265.0, "AWATERHIST": 179068265.0, "AIANNHCC": "D1", "EFFDATE": null, "ESTABDATE": null, "FUNCSTAT": "A", "GCFLG": null, "GEOID": "0760M", "LSADC": "86", "MTFCC": "G2100", "BASENAME": "Colville", "NAME": "Colville Reservation and Off-Reservation Trust Land", "ObjID": "25190479220731", "AIANNHCOMP": "M", "STATEFP1": "5314240", "STATEFP2": null, "STATEFP3": null, "UR": null, "VINTAGE": "90", "AIANNHFP1": "53-14240", "AIANNHFP2": null, "AIANNHFP3": null, "HU100": null, "POP100": null, "CENTLAT": "+48.2297341", "CENTLON": "-118.8728003", "INTPTLAT": "+48.2439112", "INTPTLON": "-118.8719074", "STGEOMETRY_AREA": 12744397331.6133, "STGEOMETRY_LEN": 633822.29200718994 }, "geometry": { "type": "Point", "coordinates": [ -119.02058, 48.15512 ] } },
{ "type": "Feature", "properties": { "OBJECTID": 20597, "Join_Count": 1, "TARGET_FID": 20597, "JOIN_FID": 242, "DEP_ID": "10041552", "SITE_NAME": "Apache Mine", "DEV_STAT": "Producer", "URL": "https://mrdata.usgs.gov/mrds/show-mrds.php?dep_id=10041552", "CODE_LIST": " AG AU PB ZN CU", "Grade": "B", "AIANNH": "0760", "FSRFLG": "F", "AIANNHNS": "01529464", "AREALAND": 5480450410.0, "ALANDHIST": 5480450410.0, "AREAWATER": 179068265.0, "AWATERHIST": 179068265.0, "AIANNHCC": "D1", "EFFDATE": null, "ESTABDATE": null, "FUNCSTAT": "A", "GCFLG": null, "GEOID": "0760M", "LSADC": "86", "MTFCC": "G2100", "BASENAME": "Colville", "NAME": "Colville Reservation and Off-Reservation Trust Land", "ObjID": "25190479220731", "AIANNHCOMP": "M", "STATEFP1": "5314240", "STATEFP2": null, "STATEFP3": null, "UR": null, "VINTAGE": "90", "AIANNHFP1": "53-14240", "AIANNHFP2": null, "AIANNHFP3": null, "HU100": null, "POP100": null, "CENTLAT": "+48.2297341", "CENTLON": "-118.8728003", "INTPTLAT": "+48.2439112", "INTPTLON": "-118.8719074", "STGEOMETRY_AREA": 12744397331.6133, "STGEOMETRY_LEN": 633822.29200718994 }, "geometry": { "type": "Point", "coordinates": [ -119.01864, 48.15678 ] } },
{ "type": "Feature", "properties": { "OBJECTID": 20602, "Join_Count": 1, "TARGET_FID": 20602, "JOIN_FID": 242, "DEP_ID": "10095544", "SITE_NAME": "Anchor Claims", "DEV_STAT": "Occurrence", "URL": "https://mrdata.usgs.gov/mrds/show-mrds.php?dep_id=10095544", "CODE_LIST": " AG AU PB ZN CU", "Grade": "C", "AIANNH": "0760", "FSRFLG": "F", "AIANNHNS": "01529464", "AREALAND": 5480450410.0, "ALANDHIST": 5480450410.0, "AREAWATER": 179068265.0, "AWATERHIST": 179068265.0, "AIANNHCC": "D1", "EFFDATE": null, "ESTABDATE": null, "FUNCSTAT": "A", "GCFLG": null, "GEOID": "0760M", "LSADC": "86", "MTFCC": "G2100", "BASENAME": "Colville", "NAME": "Colville Reservation and Off-Reservation Trust Land", "ObjID": "25190479220731", "AIANNHCOMP": "M", "STATEFP1": "5314240", "STATEFP2": null, "STATEFP3": null, "UR": null, "VINTAGE": "90", "AIANNHFP1": "53-14240", "AIANNHFP2": null, "AIANNHFP3": null, "HU100": null, "POP100": null, "CENTLAT": "+48.2297341", "CENTLON": "-118.8728003", "INTPTLAT": "+48.2439112", "INTPTLON": "-118.8719074", "STGEOMETRY_AREA": 12744397331.6133, "STGEOMETRY_LEN": 633822.29200718994 }, "geometry": { "type": "Point", "coordinates": [ -119.04503, 48.16095 ] } },
{ "type": "Feature", "properties": { "OBJECTID": 20603, "Join_Count": 1, "TARGET_FID": 20603, "JOIN_FID": 242, "DEP_ID": "10095543", "SITE_NAME": "Evening Prospect", "DEV_STAT": "Occurrence", "URL": "https://mrdata.usgs.gov/mrds/show-mrds.php?dep_id=10095543", "CODE_LIST": " AG PB CU ZN AU", "Grade": "C", "AIANNH": "0760", "FSRFLG": "F", "AIANNHNS": "01529464", "AREALAND": 5480450410.0, "ALANDHIST": 5480450410.0, "AREAWATER": 179068265.0, "AWATERHIST": 179068265.0, "AIANNHCC": "D1", "EFFDATE": null, "ESTABDATE": null, "FUNCSTAT": "A", "GCFLG": null, "GEOID": "0760M", "LSADC": "86", "MTFCC": "G2100", "BASENAME": "Colville", "NAME": "Colville Reservation and Off-Reservation Trust Land", "ObjID": "25190479220731", "AIANNHCOMP": "M", "STATEFP1": "5314240", "STATEFP2": null, "STATEFP3": null, "UR": null, "VINTAGE": "90", "AIANNHFP1": "53-14240", "AIANNHFP2": null, "AIANNHFP3": null, "HU100": null, "POP100": null, "CENTLAT": "+48.2297341", "CENTLON": "-118.8728003", "INTPTLAT": "+48.2439112", "INTPTLON": "-118.8719074", "STGEOMETRY_AREA": 12744397331.6133, "STGEOMETRY_LEN": 633822.29200718994 }, "geometry": { "type": "Point", "coordinates": [ -119.04503, 48.16095 ] } },
{ "type": "Feature", "properties": { "OBJECTID": 20605, "Join_Count": 1, "TARGET_FID": 20605, "JOIN_FID": 242, "DEP_ID": "10041602", "SITE_NAME": "Gould and Curry Prospect", "DEV_STAT": "Prospect", "URL": "https://mrdata.usgs.gov/mrds/show-mrds.php?dep_id=10041602", "CODE_LIST": " PB AG AU ZN MN", "Grade": "C", "AIANNH": "0760", "FSRFLG": "F", "AIANNHNS": "01529464", "AREALAND": 5480450410.0, "ALANDHIST": 5480450410.0, "AREAWATER": 179068265.0, "AWATERHIST": 179068265.0, "AIANNHCC": "D1", "EFFDATE": null, "ESTABDATE": null, "FUNCSTAT": "A", "GCFLG": null, "GEOID": "0760M", "LSADC": "86", "MTFCC": "G2100", "BASENAME": "Colville", "NAME": "Colville Reservation and Off-Reservation Trust Land", "ObjID": "25190479220731", "AIANNHCOMP": "M", "STATEFP1": "5314240", "STATEFP2": null, "STATEFP3": null, "UR": null, "VINTAGE": "90", "AIANNHFP1": "53-14240", "AIANNHFP2": null, "AIANNHFP3": null, "HU100": null, "POP100": null, "CENTLAT": "+48.2297341", "CENTLON": "-118.8728003", "INTPTLAT": "+48.2439112", "INTPTLON": "-118.8719074", "STGEOMETRY_AREA": 12744397331.6133, "STGEOMETRY_LEN": 633822.29200718994 }, "geometry": { "type": "Point", "coordinates": [ -119.01836, 48.16123 ] } },
{ "type": "Feature", "properties": { "OBJECTID": 20606, "Join_Count": 1, "TARGET_FID": 20606, "JOIN_FID": 242, "DEP_ID": "10097262", "SITE_NAME": "Cabin Shaft", "DEV_STAT": "Prospect", "URL": "https://mrdata.usgs.gov/mrds/show-mrds.php?dep_id=10097262", "CODE_LIST": " AG PB ZN AU", "Grade": "B", "AIANNH": "0760", "FSRFLG": "F", "AIANNHNS": "01529464", "AREALAND": 5480450410.0, "ALANDHIST": 5480450410.0, "AREAWATER": 179068265.0, "AWATERHIST": 179068265.0, "AIANNHCC": "D1", "EFFDATE": null, "ESTABDATE": null, "FUNCSTAT": "A", "GCFLG": null, "GEOID": "0760M", "LSADC": "86", "MTFCC": "G2100", "BASENAME": "Colville", "NAME": "Colville Reservation and Off-Reservation Trust Land", "ObjID": "25190479220731", "AIANNHCOMP": "M", "STATEFP1": "5314240", "STATEFP2": null, "STATEFP3": null, "UR": null, "VINTAGE": "90", "AIANNHFP1": "53-14240", "AIANNHFP2": null, "AIANNHFP3": null, "HU100": null, "POP100": null, "CENTLAT": "+48.2297341", "CENTLON": "-118.8728003", "INTPTLAT": "+48.2439112", "INTPTLON": "-118.8719074", "STGEOMETRY_AREA": 12744397331.6133, "STGEOMETRY_LEN": 633822.29200718994 }, "geometry": { "type": "Point", "coordinates": [ -119.01836, 48.16123 ] } },
{ "type": "Feature", "properties": { "OBJECTID": 20607, "Join_Count": 1, "TARGET_FID": 20607, "JOIN_FID": 242, "DEP_ID": "10097252", "SITE_NAME": "Lilman Claims", "DEV_STAT": "Prospect", "URL": "https://mrdata.usgs.gov/mrds/show-mrds.php?dep_id=10097252", "CODE_LIST": " AG AU CU NI", "Grade": "C", "AIANNH": "0760", "FSRFLG": "F", "AIANNHNS": "01529464", "AREALAND": 5480450410.0, "ALANDHIST": 5480450410.0, "AREAWATER": 179068265.0, "AWATERHIST": 179068265.0, "AIANNHCC": "D1", "EFFDATE": null, "ESTABDATE": null, "FUNCSTAT": "A", "GCFLG": null, "GEOID": "0760M", "LSADC": "86", "MTFCC": "G2100", "BASENAME": "Colville", "NAME": "Colville Reservation and Off-Reservation Trust Land", "ObjID": "25190479220731", "AIANNHCOMP": "M", "STATEFP1": "5314240", "STATEFP2": null, "STATEFP3": null, "UR": null, "VINTAGE": "90", "AIANNHFP1": "53-14240", "AIANNHFP2": null, "AIANNHFP3": null, "HU100": null, "POP100": null, "CENTLAT": "+48.2297341", "CENTLON": "-118.8728003", "INTPTLAT": "+48.2439112", "INTPTLON": "-118.8719074", "STGEOMETRY_AREA": 12744397331.6133, "STGEOMETRY_LEN": 633822.29200718994 }, "geometry": { "type": "Point", "coordinates": [ -119.00475, 48.16151 ] } },
{ "type": "Feature", "properties": { "OBJECTID": 20608, "Join_Count": 1, "TARGET_FID": 20608, "JOIN_FID": 242, "DEP_ID": "10095549", "SITE_NAME": "Oversight Prospect", "DEV_STAT": "Occurrence", "URL": "https://mrdata.usgs.gov/mrds/show-mrds.php?dep_id=10095549", "CODE_LIST": " PB AG AU", "Grade": "C", "AIANNH": "0760", "FSRFLG": "F", "AIANNHNS": "01529464", "AREALAND": 5480450410.0, "ALANDHIST": 5480450410.0, "AREAWATER": 179068265.0, "AWATERHIST": 179068265.0, "AIANNHCC": "D1", "EFFDATE": null, "ESTABDATE": null, "FUNCSTAT": "A", "GCFLG": null, "GEOID": "0760M", "LSADC": "86", "MTFCC": "G2100", "BASENAME": "Colville", "NAME": "Colville Reservation and Off-Reservation Trust Land", "ObjID": "25190479220731", "AIANNHCOMP": "M", "STATEFP1": "5314240", "STATEFP2": null, "STATEFP3": null, "UR": null, "VINTAGE": "90", "AIANNHFP1": "53-14240", "AIANNHFP2": null, "AIANNHFP3": null, "HU100": null, "POP100": null, "CENTLAT": "+48.2297341", "CENTLON": "-118.8728003", "INTPTLAT": "+48.2439112", "INTPTLON": "-118.8719074", "STGEOMETRY_AREA": 12744397331.6133, "STGEOMETRY_LEN": 633822.29200718994 }, "geometry": { "type": "Point", "coordinates": [ -119.02031, 48.16456 ] } },
{ "type": "Feature", "properties": { "OBJECTID": 20609, "Join_Count": 1, "TARGET_FID": 20609, "JOIN_FID": 242, "DEP_ID": "10055966", "SITE_NAME": "Andy O'Neil", "DEV_STAT": "Occurrence", "URL": "https://mrdata.usgs.gov/mrds/show-mrds.php?dep_id=10055966", "CODE_LIST": " AG PB ZN CU", "Grade": "B", "AIANNH": "0760", "FSRFLG": "F", "AIANNHNS": "01529464", "AREALAND": 5480450410.0, "ALANDHIST": 5480450410.0, "AREAWATER": 179068265.0, "AWATERHIST": 179068265.0, "AIANNHCC": "D1", "EFFDATE": null, "ESTABDATE": null, "FUNCSTAT": "A", "GCFLG": null, "GEOID": "0760M", "LSADC": "86", "MTFCC": "G2100", "BASENAME": "Colville", "NAME": "Colville Reservation and Off-Reservation Trust Land", "ObjID": "25190479220731", "AIANNHCOMP": "M", "STATEFP1": "5314240", "STATEFP2": null, "STATEFP3": null, "UR": null, "VINTAGE": "90", "AIANNHFP1": "53-14240", "AIANNHFP2": null, "AIANNHFP3": null, "HU100": null, "POP100": null, "CENTLAT": "+48.2297341", "CENTLON": "-118.8728003", "INTPTLAT": "+48.2439112", "INTPTLON": "-118.8719074", "STGEOMETRY_AREA": 12744397331.6133, "STGEOMETRY_LEN": 633822.29200718994 }, "geometry": { "type": "Point", "coordinates": [ -119.02808, 48.16484 ] } },
{ "type": "Feature", "properties": { "OBJECTID": 20610, "Join_Count": 1, "TARGET_FID": 20610, "JOIN_FID": 242, "DEP_ID": "10009017", "SITE_NAME": "Polepick", "DEV_STAT": "Occurrence", "URL": "https://mrdata.usgs.gov/mrds/show-mrds.php?dep_id=10009017", "CODE_LIST": " CU ZN PB SB", "Grade": "C", "AIANNH": "0760", "FSRFLG": "F", "AIANNHNS": "01529464", "AREALAND": 5480450410.0, "ALANDHIST": 5480450410.0, "AREAWATER": 179068265.0, "AWATERHIST": 179068265.0, "AIANNHCC": "D1", "EFFDATE": null, "ESTABDATE": null, "FUNCSTAT": "A", "GCFLG": null, "GEOID": "0760M", "LSADC": "86", "MTFCC": "G2100", "BASENAME": "Colville", "NAME": "Colville Reservation and Off-Reservation Trust Land", "ObjID": "25190479220731", "AIANNHCOMP": "M", "STATEFP1": "5314240", "STATEFP2": null, "STATEFP3": null, "UR": null, "VINTAGE": "90", "AIANNHFP1": "53-14240", "AIANNHFP2": null, "AIANNHFP3": null, "HU100": null, "POP100": null, "CENTLAT": "+48.2297341", "CENTLON": "-118.8728003", "INTPTLAT": "+48.2439112", "INTPTLON": "-118.8719074", "STGEOMETRY_AREA": 12744397331.6133, "STGEOMETRY_LEN": 633822.29200718994 }, "geometry": { "type": "Point", "coordinates": [ -118.58445, 48.16651 ] } },
{ "type": "Feature", "properties": { "OBJECTID": 20616, "Join_Count": 1, "TARGET_FID": 20616, "JOIN_FID": 173, "DEP_ID": "10019371", "SITE_NAME": "Unnamed", "DEV_STAT": "Occurrence", "URL": "https://mrdata.usgs.gov/mrds/show-mrds.php?dep_id=10019371", "CODE_LIST": " CU PB ZN ZR NB U TI_M", "Grade": "C", "AIANNH": "3205", "FSRFLG": "F", "AIANNHNS": "00767936", "AREALAND": 443930572.0, "ALANDHIST": 443943669.0, "AREAWATER": 452747.0, "AWATERHIST": 439653.0, "AIANNHCC": "D1", "EFFDATE": null, "ESTABDATE": null, "FUNCSTAT": "A", "GCFLG": null, "GEOID": "3205M", "LSADC": "86", "MTFCC": "G2100", "BASENAME": "Rocky Boy's", "NAME": "Rocky Boy's Reservation and Off-Reservation Trust Land", "ObjID": "25190109874036", "AIANNHCOMP": "M", "STATEFP1": "3063925", "STATEFP2": null, "STATEFP3": null, "UR": null, "VINTAGE": "90", "AIANNHFP1": "30-63925", "AIANNHFP2": null, "AIANNHFP3": null, "HU100": null, "POP100": null, "CENTLAT": "+48.2703610", "CENTLON": "-109.8235568", "INTPTLAT": "+48.2753818", "INTPTLON": "-109.8270553", "STGEOMETRY_AREA": 1002269462.32201, "STGEOMETRY_LEN": 489841.05068859999 }, "geometry": { "type": "Point", "coordinates": [ -109.71333, 48.16714 ] } },
{ "type": "Feature", "properties": { "OBJECTID": 20619, "Join_Count": 1, "TARGET_FID": 20619, "JOIN_FID": 242, "DEP_ID": "10041548", "SITE_NAME": "Andy O'Neil Claims", "DEV_STAT": "Prospect", "URL": "https://mrdata.usgs.gov/mrds/show-mrds.php?dep_id=10041548", "CODE_LIST": " AG PB AU CU", "Grade": "B", "AIANNH": "0760", "FSRFLG": "F", "AIANNHNS": "01529464", "AREALAND": 5480450410.0, "ALANDHIST": 5480450410.0, "AREAWATER": 179068265.0, "AWATERHIST": 179068265.0, "AIANNHCC": "D1", "EFFDATE": null, "ESTABDATE": null, "FUNCSTAT": "A", "GCFLG": null, "GEOID": "0760M", "LSADC": "86", "MTFCC": "G2100", "BASENAME": "Colville", "NAME": "Colville Reservation and Off-Reservation Trust Land", "ObjID": "25190479220731", "AIANNHCOMP": "M", "STATEFP1": "5314240", "STATEFP2": null, "STATEFP3": null, "UR": null, "VINTAGE": "90", "AIANNHFP1": "53-14240", "AIANNHFP2": null, "AIANNHFP3": null, "HU100": null, "POP100": null, "CENTLAT": "+48.2297341", "CENTLON": "-118.8728003", "INTPTLAT": "+48.2439112", "INTPTLON": "-118.8719074", "STGEOMETRY_AREA": 12744397331.6133, "STGEOMETRY_LEN": 633822.29200718994 }, "geometry": { "type": "Point", "coordinates": [ -119.03197, 48.17012 ] } },
{ "type": "Feature", "properties": { "OBJECTID": 20621, "Join_Count": 1, "TARGET_FID": 20621, "JOIN_FID": 242, "DEP_ID": "10041505", "SITE_NAME": "Kankakee Mine", "DEV_STAT": "Occurrence", "URL": "https://mrdata.usgs.gov/mrds/show-mrds.php?dep_id=10041505", "CODE_LIST": " CU PB AG", "Grade": "C", "AIANNH": "0760", "FSRFLG": "F", "AIANNHNS": "01529464", "AREALAND": 5480450410.0, "ALANDHIST": 5480450410.0, "AREAWATER": 179068265.0, "AWATERHIST": 179068265.0, "AIANNHCC": "D1", "EFFDATE": null, "ESTABDATE": null, "FUNCSTAT": "A", "GCFLG": null, "GEOID": "0760M", "LSADC": "86", "MTFCC": "G2100", "BASENAME": "Colville", "NAME": "Colville Reservation and Off-Reservation Trust Land", "ObjID": "25190479220731", "AIANNHCOMP": "M", "STATEFP1": "5314240", "STATEFP2": null, "STATEFP3": null, "UR": null, "VINTAGE": "90", "AIANNHFP1": "53-14240", "AIANNHFP2": null, "AIANNHFP3": null, "HU100": null, "POP100": null, "CENTLAT": "+48.2297341", "CENTLON": "-118.8728003", "INTPTLAT": "+48.2439112", "INTPTLON": "-118.8719074", "STGEOMETRY_AREA": 12744397331.6133, "STGEOMETRY_LEN": 633822.29200718994 }, "geometry": { "type": "Point", "coordinates": [ -119.03753, 48.1754 ] } },
{ "type": "Feature", "properties": { "OBJECTID": 20627, "Join_Count": 1, "TARGET_FID": 20627, "JOIN_FID": 242, "DEP_ID": "10055999", "SITE_NAME": "Kankakee", "DEV_STAT": "Occurrence", "URL": "https://mrdata.usgs.gov/mrds/show-mrds.php?dep_id=10055999", "CODE_LIST": " CU PB AG", "Grade": "C", "AIANNH": "0760", "FSRFLG": "F", "AIANNHNS": "01529464", "AREALAND": 5480450410.0, "ALANDHIST": 5480450410.0, "AREAWATER": 179068265.0, "AWATERHIST": 179068265.0, "AIANNHCC": "D1", "EFFDATE": null, "ESTABDATE": null, "FUNCSTAT": "A", "GCFLG": null, "GEOID": "0760M", "LSADC": "86", "MTFCC": "G2100", "BASENAME": "Colville", "NAME": "Colville Reservation and Off-Reservation Trust Land", "ObjID": "25190479220731", "AIANNHCOMP": "M", "STATEFP1": "5314240", "STATEFP2": null, "STATEFP3": null, "UR": null, "VINTAGE": "90", "AIANNHFP1": "53-14240", "AIANNHFP2": null, "AIANNHFP3": null, "HU100": null, "POP100": null, "CENTLAT": "+48.2297341", "CENTLON": "-118.8728003", "INTPTLAT": "+48.2439112", "INTPTLON": "-118.8719074", "STGEOMETRY_AREA": 12744397331.6133, "STGEOMETRY_LEN": 633822.29200718994 }, "geometry": { "type": "Point", "coordinates": [ -119.03808, 48.17817 ] } },
{ "type": "Feature", "properties": { "OBJECTID": 20628, "Join_Count": 1, "TARGET_FID": 20628, "JOIN_FID": 242, "DEP_ID": "10041551", "SITE_NAME": "Anna Claim", "DEV_STAT": "Occurrence", "URL": "https://mrdata.usgs.gov/mrds/show-mrds.php?dep_id=10041551", "CODE_LIST": " AG PB CU ZN", "Grade": "C", "AIANNH": "0760", "FSRFLG": "F", "AIANNHNS": "01529464", "AREALAND": 5480450410.0, "ALANDHIST": 5480450410.0, "AREAWATER": 179068265.0, "AWATERHIST": 179068265.0, "AIANNHCC": "D1", "EFFDATE": null, "ESTABDATE": null, "FUNCSTAT": "A", "GCFLG": null, "GEOID": "0760M", "LSADC": "86", "MTFCC": "G2100", "BASENAME": "Colville", "NAME": "Colville Reservation and Off-Reservation Trust Land", "ObjID": "25190479220731", "AIANNHCOMP": "M", "STATEFP1": "5314240", "STATEFP2": null, "STATEFP3": null, "UR": null, "VINTAGE": "90", "AIANNHFP1": "53-14240", "AIANNHFP2": null, "AIANNHFP3": null, "HU100": null, "POP100": null, "CENTLAT": "+48.2297341", "CENTLON": "-118.8728003", "INTPTLAT": "+48.2439112", "INTPTLON": "-118.8719074", "STGEOMETRY_AREA": 12744397331.6133, "STGEOMETRY_LEN": 633822.29200718994 }, "geometry": { "type": "Point", "coordinates": [ -119.0592, 48.17873 ] } },
{ "type": "Feature", "properties": { "OBJECTID": 20636, "Join_Count": 1, "TARGET_FID": 20636, "JOIN_FID": 242, "DEP_ID": "10041682", "SITE_NAME": "Hudnut Claim", "DEV_STAT": "Occurrence", "URL": "https://mrdata.usgs.gov/mrds/show-mrds.php?dep_id=10041682", "CODE_LIST": " ZN MO CU AU AG", "Grade": "C", "AIANNH": "0760", "FSRFLG": "F", "AIANNHNS": "01529464", "AREALAND": 5480450410.0, "ALANDHIST": 5480450410.0, "AREAWATER": 179068265.0, "AWATERHIST": 179068265.0, "AIANNHCC": "D1", "EFFDATE": null, "ESTABDATE": null, "FUNCSTAT": "A", "GCFLG": null, "GEOID": "0760M", "LSADC": "86", "MTFCC": "G2100", "BASENAME": "Colville", "NAME": "Colville Reservation and Off-Reservation Trust Land", "ObjID": "25190479220731", "AIANNHCOMP": "M", "STATEFP1": "5314240", "STATEFP2": null, "STATEFP3": null, "UR": null, "VINTAGE": "90", "AIANNHFP1": "53-14240", "AIANNHFP2": null, "AIANNHFP3": null, "HU100": null, "POP100": null, "CENTLAT": "+48.2297341", "CENTLON": "-118.8728003", "INTPTLAT": "+48.2439112", "INTPTLON": "-118.8719074", "STGEOMETRY_AREA": 12744397331.6133, "STGEOMETRY_LEN": 633822.29200718994 }, "geometry": { "type": "Point", "coordinates": [ -119.07308, 48.18734 ] } },
{ "type": "Feature", "properties": { "OBJECTID": 20645, "Join_Count": 1, "TARGET_FID": 20645, "JOIN_FID": 242, "DEP_ID": "10041547", "SITE_NAME": "Home Run Prospect", "DEV_STAT": "Occurrence", "URL": "https://mrdata.usgs.gov/mrds/show-mrds.php?dep_id=10041547", "CODE_LIST": " AG CU AU FE MN", "Grade": "C", "AIANNH": "0760", "FSRFLG": "F", "AIANNHNS": "01529464", "AREALAND": 5480450410.0, "ALANDHIST": 5480450410.0, "AREAWATER": 179068265.0, "AWATERHIST": 179068265.0, "AIANNHCC": "D1", "EFFDATE": null, "ESTABDATE": null, "FUNCSTAT": "A", "GCFLG": null, "GEOID": "0760M", "LSADC": "86", "MTFCC": "G2100", "BASENAME": "Colville", "NAME": "Colville Reservation and Off-Reservation Trust Land", "ObjID": "25190479220731", "AIANNHCOMP": "M", "STATEFP1": "5314240", "STATEFP2": null, "STATEFP3": null, "UR": null, "VINTAGE": "90", "AIANNHFP1": "53-14240", "AIANNHFP2": null, "AIANNHFP3": null, "HU100": null, "POP100": null, "CENTLAT": "+48.2297341", "CENTLON": "-118.8728003", "INTPTLAT": "+48.2439112", "INTPTLON": "-118.8719074", "STGEOMETRY_AREA": 12744397331.6133, "STGEOMETRY_LEN": 633822.29200718994 }, "geometry": { "type": "Point", "coordinates": [ -119.07336, 48.19623 ] } },
{ "type": "Feature", "properties": { "OBJECTID": 20646, "Join_Count": 1, "TARGET_FID": 20646, "JOIN_FID": 242, "DEP_ID": "10092599", "SITE_NAME": "Iron Cap Claim", "DEV_STAT": "Occurrence", "URL": "https://mrdata.usgs.gov/mrds/show-mrds.php?dep_id=10092599", "CODE_LIST": " FE", "Grade": "C", "AIANNH": "0760", "FSRFLG": "F", "AIANNHNS": "01529464", "AREALAND": 5480450410.0, "ALANDHIST": 5480450410.0, "AREAWATER": 179068265.0, "AWATERHIST": 179068265.0, "AIANNHCC": "D1", "EFFDATE": null, "ESTABDATE": null, "FUNCSTAT": "A", "GCFLG": null, "GEOID": "0760M", "LSADC": "86", "MTFCC": "G2100", "BASENAME": "Colville", "NAME": "Colville Reservation and Off-Reservation Trust Land", "ObjID": "25190479220731", "AIANNHCOMP": "M", "STATEFP1": "5314240", "STATEFP2": null, "STATEFP3": null, "UR": null, "VINTAGE": "90", "AIANNHFP1": "53-14240", "AIANNHFP2": null, "AIANNHFP3": null, "HU100": null, "POP100": null, "CENTLAT": "+48.2297341", "CENTLON": "-118.8728003", "INTPTLAT": "+48.2439112", "INTPTLON": "-118.8719074", "STGEOMETRY_AREA": 12744397331.6133, "STGEOMETRY_LEN": 633822.29200718994 }, "geometry": { "type": "Point", "coordinates": [ -119.06003, 48.19651 ] } },
{ "type": "Feature", "properties": { "OBJECTID": 20648, "Join_Count": 1, "TARGET_FID": 20648, "JOIN_FID": 242, "DEP_ID": "10041681", "SITE_NAME": "Eureka Zinc Deposit", "DEV_STAT": "Occurrence", "URL": "https://mrdata.usgs.gov/mrds/show-mrds.php?dep_id=10041681", "CODE_LIST": " ZN", "Grade": "C", "AIANNH": "0760", "FSRFLG": "F", "AIANNHNS": "01529464", "AREALAND": 5480450410.0, "ALANDHIST": 5480450410.0, "AREAWATER": 179068265.0, "AWATERHIST": 179068265.0, "AIANNHCC": "D1", "EFFDATE": null, "ESTABDATE": null, "FUNCSTAT": "A", "GCFLG": null, "GEOID": "0760M", "LSADC": "86", "MTFCC": "G2100", "BASENAME": "Colville", "NAME": "Colville Reservation and Off-Reservation Trust Land", "ObjID": "25190479220731", "AIANNHCOMP": "M", "STATEFP1": "5314240", "STATEFP2": null, "STATEFP3": null, "UR": null, "VINTAGE": "90", "AIANNHFP1": "53-14240", "AIANNHFP2": null, "AIANNHFP3": null, "HU100": null, "POP100": null, "CENTLAT": "+48.2297341", "CENTLON": "-118.8728003", "INTPTLAT": "+48.2439112", "INTPTLON": "-118.8719074", "STGEOMETRY_AREA": 12744397331.6133, "STGEOMETRY_LEN": 633822.29200718994 }, "geometry": { "type": "Point", "coordinates": [ -119.0467, 48.19678 ] } },
{ "type": "Feature", "properties": { "OBJECTID": 20649, "Join_Count": 1, "TARGET_FID": 20649, "JOIN_FID": 242, "DEP_ID": "10041578", "SITE_NAME": "Iron Crown Claim", "DEV_STAT": "Occurrence", "URL": "https://mrdata.usgs.gov/mrds/show-mrds.php?dep_id=10041578", "CODE_LIST": " FE", "Grade": "C", "AIANNH": "0760", "FSRFLG": "F", "AIANNHNS": "01529464", "AREALAND": 5480450410.0, "ALANDHIST": 5480450410.0, "AREAWATER": 179068265.0, "AWATERHIST": 179068265.0, "AIANNHCC": "D1", "EFFDATE": null, "ESTABDATE": null, "FUNCSTAT": "A", "GCFLG": null, "GEOID": "0760M", "LSADC": "86", "MTFCC": "G2100", "BASENAME": "Colville", "NAME": "Colville Reservation and Off-Reservation Trust Land", "ObjID": "25190479220731", "AIANNHCOMP": "M", "STATEFP1": "5314240", "STATEFP2": null, "STATEFP3": null, "UR": null, "VINTAGE": "90", "AIANNHFP1": "53-14240", "AIANNHFP2": null, "AIANNHFP3": null, "HU100": null, "POP100": null, "CENTLAT": "+48.2297341", "CENTLON": "-118.8728003", "INTPTLAT": "+48.2439112", "INTPTLON": "-118.8719074", "STGEOMETRY_AREA": 12744397331.6133, "STGEOMETRY_LEN": 633822.29200718994 }, "geometry": { "type": "Point", "coordinates": [ -119.03308, 48.19706 ] } },
{ "type": "Feature", "properties": { "OBJECTID": 20656, "Join_Count": 1, "TARGET_FID": 20656, "JOIN_FID": 242, "DEP_ID": "10041724", "SITE_NAME": "Stirling Claim", "DEV_STAT": "Occurrence", "URL": "https://mrdata.usgs.gov/mrds/show-mrds.php?dep_id=10041724", "CODE_LIST": " AG MO W", "Grade": "C", "AIANNH": "0760", "FSRFLG": "F", "AIANNHNS": "01529464", "AREALAND": 5480450410.0, "ALANDHIST": 5480450410.0, "AREAWATER": 179068265.0, "AWATERHIST": 179068265.0, "AIANNHCC": "D1", "EFFDATE": null, "ESTABDATE": null, "FUNCSTAT": "A", "GCFLG": null, "GEOID": "0760M", "LSADC": "86", "MTFCC": "G2100", "BASENAME": "Colville", "NAME": "Colville Reservation and Off-Reservation Trust Land", "ObjID": "25190479220731", "AIANNHCOMP": "M", "STATEFP1": "5314240", "STATEFP2": null, "STATEFP3": null, "UR": null, "VINTAGE": "90", "AIANNHFP1": "53-14240", "AIANNHFP2": null, "AIANNHFP3": null, "HU100": null, "POP100": null, "CENTLAT": "+48.2297341", "CENTLON": "-118.8728003", "INTPTLAT": "+48.2439112", "INTPTLON": "-118.8719074", "STGEOMETRY_AREA": 12744397331.6133, "STGEOMETRY_LEN": 633822.29200718994 }, "geometry": { "type": "Point", "coordinates": [ -119.0692, 48.20012 ] } },
{ "type": "Feature", "properties": { "OBJECTID": 20666, "Join_Count": 1, "TARGET_FID": 20666, "JOIN_FID": 242, "DEP_ID": "10041546", "SITE_NAME": "Goodenuf Prospect", "DEV_STAT": "Occurrence", "URL": "https://mrdata.usgs.gov/mrds/show-mrds.php?dep_id=10041546", "CODE_LIST": " AG PB AU CU MN FE", "Grade": "C", "AIANNH": "0760", "FSRFLG": "F", "AIANNHNS": "01529464", "AREALAND": 5480450410.0, "ALANDHIST": 5480450410.0, "AREAWATER": 179068265.0, "AWATERHIST": 179068265.0, "AIANNHCC": "D1", "EFFDATE": null, "ESTABDATE": null, "FUNCSTAT": "A", "GCFLG": null, "GEOID": "0760M", "LSADC": "86", "MTFCC": "G2100", "BASENAME": "Colville", "NAME": "Colville Reservation and Off-Reservation Trust Land", "ObjID": "25190479220731", "AIANNHCOMP": "M", "STATEFP1": "5314240", "STATEFP2": null, "STATEFP3": null, "UR": null, "VINTAGE": "90", "AIANNHFP1": "53-14240", "AIANNHFP2": null, "AIANNHFP3": null, "HU100": null, "POP100": null, "CENTLAT": "+48.2297341", "CENTLON": "-118.8728003", "INTPTLAT": "+48.2439112", "INTPTLON": "-118.8719074", "STGEOMETRY_AREA": 12744397331.6133, "STGEOMETRY_LEN": 633822.29200718994 }, "geometry": { "type": "Point", "coordinates": [ -119.06031, 48.20567 ] } },
{ "type": "Feature", "properties": { "OBJECTID": 20668, "Join_Count": 1, "TARGET_FID": 20668, "JOIN_FID": 242, "DEP_ID": "10056043", "SITE_NAME": "Twin Pine", "DEV_STAT": "Occurrence", "URL": "https://mrdata.usgs.gov/mrds/show-mrds.php?dep_id=10056043", "CODE_LIST": " ZN FE CU AU AG", "Grade": "B", "AIANNH": "0760", "FSRFLG": "F", "AIANNHNS": "01529464", "AREALAND": 5480450410.0, "ALANDHIST": 5480450410.0, "AREAWATER": 179068265.0, "AWATERHIST": 179068265.0, "AIANNHCC": "D1", "EFFDATE": null, "ESTABDATE": null, "FUNCSTAT": "A", "GCFLG": null, "GEOID": "0760M", "LSADC": "86", "MTFCC": "G2100", "BASENAME": "Colville", "NAME": "Colville Reservation and Off-Reservation Trust Land", "ObjID": "25190479220731", "AIANNHCOMP": "M", "STATEFP1": "5314240", "STATEFP2": null, "STATEFP3": null, "UR": null, "VINTAGE": "90", "AIANNHFP1": "53-14240", "AIANNHFP2": null, "AIANNHFP3": null, "HU100": null, "POP100": null, "CENTLAT": "+48.2297341", "CENTLON": "-118.8728003", "INTPTLAT": "+48.2439112", "INTPTLON": "-118.8719074", "STGEOMETRY_AREA": 12744397331.6133, "STGEOMETRY_LEN": 633822.29200718994 }, "geometry": { "type": "Point", "coordinates": [ -119.06142, 48.20817 ] } },
{ "type": "Feature", "properties": { "OBJECTID": 20676, "Join_Count": 1, "TARGET_FID": 20676, "JOIN_FID": 242, "DEP_ID": "10041601", "SITE_NAME": "Great Western Mine", "DEV_STAT": "Prospect", "URL": "https://mrdata.usgs.gov/mrds/show-mrds.php?dep_id=10041601", "CODE_LIST": " PB ZN AG MN FE", "Grade": "B", "AIANNH": "0760", "FSRFLG": "F", "AIANNHNS": "01529464", "AREALAND": 5480450410.0, "ALANDHIST": 5480450410.0, "AREAWATER": 179068265.0, "AWATERHIST": 179068265.0, "AIANNHCC": "D1", "EFFDATE": null, "ESTABDATE": null, "FUNCSTAT": "A", "GCFLG": null, "GEOID": "0760M", "LSADC": "86", "MTFCC": "G2100", "BASENAME": "Colville", "NAME": "Colville Reservation and Off-Reservation Trust Land", "ObjID": "25190479220731", "AIANNHCOMP": "M", "STATEFP1": "5314240", "STATEFP2": null, "STATEFP3": null, "UR": null, "VINTAGE": "90", "AIANNHFP1": "53-14240", "AIANNHFP2": null, "AIANNHFP3": null, "HU100": null, "POP100": null, "CENTLAT": "+48.2297341", "CENTLON": "-118.8728003", "INTPTLAT": "+48.2439112", "INTPTLON": "-118.8719074", "STGEOMETRY_AREA": 12744397331.6133, "STGEOMETRY_LEN": 633822.29200718994 }, "geometry": { "type": "Point", "coordinates": [ -119.04725, 48.21484 ] } },
{ "type": "Feature", "properties": { "OBJECTID": 20689, "Join_Count": 1, "TARGET_FID": 20689, "JOIN_FID": 242, "DEP_ID": "10041303", "SITE_NAME": "Congress", "DEV_STAT": "Occurrence", "URL": "https://mrdata.usgs.gov/mrds/show-mrds.php?dep_id=10041303", "CODE_LIST": " NI CO CU AG AU BA", "Grade": "C", "AIANNH": "0760", "FSRFLG": "F", "AIANNHNS": "01529464", "AREALAND": 5480450410.0, "ALANDHIST": 5480450410.0, "AREAWATER": 179068265.0, "AWATERHIST": 179068265.0, "AIANNHCC": "D1", "EFFDATE": null, "ESTABDATE": null, "FUNCSTAT": "A", "GCFLG": null, "GEOID": "0760M", "LSADC": "86", "MTFCC": "G2100", "BASENAME": "Colville", "NAME": "Colville Reservation and Off-Reservation Trust Land", "ObjID": "25190479220731", "AIANNHCOMP": "M", "STATEFP1": "5314240", "STATEFP2": null, "STATEFP3": null, "UR": null, "VINTAGE": "90", "AIANNHFP1": "53-14240", "AIANNHFP2": null, "AIANNHFP3": null, "HU100": null, "POP100": null, "CENTLAT": "+48.2297341", "CENTLON": "-118.8728003", "INTPTLAT": "+48.2439112", "INTPTLON": "-118.8719074", "STGEOMETRY_AREA": 12744397331.6133, "STGEOMETRY_LEN": 633822.29200718994 }, "geometry": { "type": "Point", "coordinates": [ -118.61696, 48.22706 ] } },
{ "type": "Feature", "properties": { "OBJECTID": 20691, "Join_Count": 1, "TARGET_FID": 20691, "JOIN_FID": 242, "DEP_ID": "10055883", "SITE_NAME": "Messenger", "DEV_STAT": "Occurrence", "URL": "https://mrdata.usgs.gov/mrds/show-mrds.php?dep_id=10055883", "CODE_LIST": " PB AG", "Grade": "C", "AIANNH": "0760", "FSRFLG": "F", "AIANNHNS": "01529464", "AREALAND": 5480450410.0, "ALANDHIST": 5480450410.0, "AREAWATER": 179068265.0, "AWATERHIST": 179068265.0, "AIANNHCC": "D1", "EFFDATE": null, "ESTABDATE": null, "FUNCSTAT": "A", "GCFLG": null, "GEOID": "0760M", "LSADC": "86", "MTFCC": "G2100", "BASENAME": "Colville", "NAME": "Colville Reservation and Off-Reservation Trust Land", "ObjID": "25190479220731", "AIANNHCOMP": "M", "STATEFP1": "5314240", "STATEFP2": null, "STATEFP3": null, "UR": null, "VINTAGE": "90", "AIANNHFP1": "53-14240", "AIANNHFP2": null, "AIANNHFP3": null, "HU100": null, "POP100": null, "CENTLAT": "+48.2297341", "CENTLON": "-118.8728003", "INTPTLAT": "+48.2439112", "INTPTLON": "-118.8719074", "STGEOMETRY_AREA": 12744397331.6133, "STGEOMETRY_LEN": 633822.29200718994 }, "geometry": { "type": "Point", "coordinates": [ -118.20472, 48.22735 ] } },
{ "type": "Feature", "properties": { "OBJECTID": 20692, "Join_Count": 1, "TARGET_FID": 20692, "JOIN_FID": 242, "DEP_ID": "10252980", "SITE_NAME": "Congress Mine", "DEV_STAT": "Occurrence", "URL": "https://mrdata.usgs.gov/mrds/show-mrds.php?dep_id=10252980", "CODE_LIST": " NI CO AU AG", "Grade": "C", "AIANNH": "0760", "FSRFLG": "F", "AIANNHNS": "01529464", "AREALAND": 5480450410.0, "ALANDHIST": 5480450410.0, "AREAWATER": 179068265.0, "AWATERHIST": 179068265.0, "AIANNHCC": "D1", "EFFDATE": null, "ESTABDATE": null, "FUNCSTAT": "A", "GCFLG": null, "GEOID": "0760M", "LSADC": "86", "MTFCC": "G2100", "BASENAME": "Colville", "NAME": "Colville Reservation and Off-Reservation Trust Land", "ObjID": "25190479220731", "AIANNHCOMP": "M", "STATEFP1": "5314240", "STATEFP2": null, "STATEFP3": null, "UR": null, "VINTAGE": "90", "AIANNHFP1": "53-14240", "AIANNHFP2": null, "AIANNHFP3": null, "HU100": null, "POP100": null, "CENTLAT": "+48.2297341", "CENTLON": "-118.8728003", "INTPTLAT": "+48.2439112", "INTPTLON": "-118.8719074", "STGEOMETRY_AREA": 12744397331.6133, "STGEOMETRY_LEN": 633822.29200718994 }, "geometry": { "type": "Point", "coordinates": [ -118.61613, 48.22764 ] } },
{ "type": "Feature", "properties": { "OBJECTID": 20693, "Join_Count": 1, "TARGET_FID": 20693, "JOIN_FID": 242, "DEP_ID": "10068227", "SITE_NAME": "Congress", "DEV_STAT": "Prospect", "URL": "https://mrdata.usgs.gov/mrds/show-mrds.php?dep_id=10068227", "CODE_LIST": " NI CO", "Grade": "C", "AIANNH": "0760", "FSRFLG": "F", "AIANNHNS": "01529464", "AREALAND": 5480450410.0, "ALANDHIST": 5480450410.0, "AREAWATER": 179068265.0, "AWATERHIST": 179068265.0, "AIANNHCC": "D1", "EFFDATE": null, "ESTABDATE": null, "FUNCSTAT": "A", "GCFLG": null, "GEOID": "0760M", "LSADC": "86", "MTFCC": "G2100", "BASENAME": "Colville", "NAME": "Colville Reservation and Off-Reservation Trust Land", "ObjID": "25190479220731", "AIANNHCOMP": "M", "STATEFP1": "5314240", "STATEFP2": null, "STATEFP3": null, "UR": null, "VINTAGE": "90", "AIANNHFP1": "53-14240", "AIANNHFP2": null, "AIANNHFP3": null, "HU100": null, "POP100": null, "CENTLAT": "+48.2297341", "CENTLON": "-118.8728003", "INTPTLAT": "+48.2439112", "INTPTLON": "-118.8719074", "STGEOMETRY_AREA": 12744397331.6133, "STGEOMETRY_LEN": 633822.29200718994 }, "geometry": { "type": "Point", "coordinates": [ -118.62641, 48.22817 ] } },
{ "type": "Feature", "properties": { "OBJECTID": 20700, "Join_Count": 1, "TARGET_FID": 20700, "JOIN_FID": 242, "DEP_ID": "10041273", "SITE_NAME": "White Rose", "DEV_STAT": "Occurrence", "URL": "https://mrdata.usgs.gov/mrds/show-mrds.php?dep_id=10041273", "CODE_LIST": " PB AG ZN", "Grade": "C", "AIANNH": "0760", "FSRFLG": "F", "AIANNHNS": "01529464", "AREALAND": 5480450410.0, "ALANDHIST": 5480450410.0, "AREAWATER": 179068265.0, "AWATERHIST": 179068265.0, "AIANNHCC": "D1", "EFFDATE": null, "ESTABDATE": null, "FUNCSTAT": "A", "GCFLG": null, "GEOID": "0760M", "LSADC": "86", "MTFCC": "G2100", "BASENAME": "Colville", "NAME": "Colville Reservation and Off-Reservation Trust Land", "ObjID": "25190479220731", "AIANNHCOMP": "M", "STATEFP1": "5314240", "STATEFP2": null, "STATEFP3": null, "UR": null, "VINTAGE": "90", "AIANNHFP1": "53-14240", "AIANNHFP2": null, "AIANNHFP3": null, "HU100": null, "POP100": null, "CENTLAT": "+48.2297341", "CENTLON": "-118.8728003", "INTPTLAT": "+48.2439112", "INTPTLON": "-118.8719074", "STGEOMETRY_AREA": 12744397331.6133, "STGEOMETRY_LEN": 633822.29200718994 }, "geometry": { "type": "Point", "coordinates": [ -118.28445, 48.23207 ] } },
{ "type": "Feature", "properties": { "OBJECTID": 20701, "Join_Count": 1, "TARGET_FID": 20701, "JOIN_FID": 242, "DEP_ID": "10095539", "SITE_NAME": "Hidden Treasure Deposit", "DEV_STAT": "Occurrence", "URL": "https://mrdata.usgs.gov/mrds/show-mrds.php?dep_id=10095539", "CODE_LIST": " CU AG AU FE", "Grade": "C", "AIANNH": "0760", "FSRFLG": "F", "AIANNHNS": "01529464", "AREALAND": 5480450410.0, "ALANDHIST": 5480450410.0, "AREAWATER": 179068265.0, "AWATERHIST": 179068265.0, "AIANNHCC": "D1", "EFFDATE": null, "ESTABDATE": null, "FUNCSTAT": "A", "GCFLG": null, "GEOID": "0760M", "LSADC": "86", "MTFCC": "G2100", "BASENAME": "Colville", "NAME": "Colville Reservation and Off-Reservation Trust Land", "ObjID": "25190479220731", "AIANNHCOMP": "M", "STATEFP1": "5314240", "STATEFP2": null, "STATEFP3": null, "UR": null, "VINTAGE": "90", "AIANNHFP1": "53-14240", "AIANNHFP2": null, "AIANNHFP3": null, "HU100": null, "POP100": null, "CENTLAT": "+48.2297341", "CENTLON": "-118.8728003", "INTPTLAT": "+48.2439112", "INTPTLON": "-118.8719074", "STGEOMETRY_AREA": 12744397331.6133, "STGEOMETRY_LEN": 633822.29200718994 }, "geometry": { "type": "Point", "coordinates": [ -119.04808, 48.2329 ] } },
{ "type": "Feature", "properties": { "OBJECTID": 20702, "Join_Count": 1, "TARGET_FID": 20702, "JOIN_FID": 242, "DEP_ID": "10107714", "SITE_NAME": "Longstreet - Robert E. Lee", "DEV_STAT": "Producer", "URL": "https://mrdata.usgs.gov/mrds/show-mrds.php?dep_id=10107714", "CODE_LIST": " AU AG SB CU AS ZN PB", "Grade": "C", "AIANNH": "0760", "FSRFLG": "F", "AIANNHNS": "01529464", "AREALAND": 5480450410.0, "ALANDHIST": 5480450410.0, "AREAWATER": 179068265.0, "AWATERHIST": 179068265.0, "AIANNHCC": "D1", "EFFDATE": null, "ESTABDATE": null, "FUNCSTAT": "A", "GCFLG": null, "GEOID": "0760M", "LSADC": "86", "MTFCC": "G2100", "BASENAME": "Colville", "NAME": "Colville Reservation and Off-Reservation Trust Land", "ObjID": "25190479220731", "AIANNHCOMP": "M", "STATEFP1": "5314240", "STATEFP2": null, "STATEFP3": null, "UR": null, "VINTAGE": "90", "AIANNHFP1": "53-14240", "AIANNHFP2": null, "AIANNHFP3": null, "HU100": null, "POP100": null, "CENTLAT": "+48.2297341", "CENTLON": "-118.8728003", "INTPTLAT": "+48.2439112", "INTPTLON": "-118.8719074", "STGEOMETRY_AREA": 12744397331.6133, "STGEOMETRY_LEN": 633822.29200718994 }, "geometry": { "type": "Point", "coordinates": [ -118.21778, 48.23318 ] } },
{ "type": "Feature", "properties": { "OBJECTID": 20703, "Join_Count": 1, "TARGET_FID": 20703, "JOIN_FID": 242, "DEP_ID": "10107664", "SITE_NAME": "Silver Leaf and Orion", "DEV_STAT": "Producer", "URL": "https://mrdata.usgs.gov/mrds/show-mrds.php?dep_id=10107664", "CODE_LIST": " AG W SB CU PB", "Grade": "C", "AIANNH": "0760", "FSRFLG": "F", "AIANNHNS": "01529464", "AREALAND": 5480450410.0, "ALANDHIST": 5480450410.0, "AREAWATER": 179068265.0, "AWATERHIST": 179068265.0, "AIANNHCC": "D1", "EFFDATE": null, "ESTABDATE": null, "FUNCSTAT": "A", "GCFLG": null, "GEOID": "0760M", "LSADC": "86", "MTFCC": "G2100", "BASENAME": "Colville", "NAME": "Colville Reservation and Off-Reservation Trust Land", "ObjID": "25190479220731", "AIANNHCOMP": "M", "STATEFP1": "5314240", "STATEFP2": null, "STATEFP3": null, "UR": null, "VINTAGE": "90", "AIANNHFP1": "53-14240", "AIANNHFP2": null, "AIANNHFP3": null, "HU100": null, "POP100": null, "CENTLAT": "+48.2297341", "CENTLON": "-118.8728003", "INTPTLAT": "+48.2439112", "INTPTLON": "-118.8719074", "STGEOMETRY_AREA": 12744397331.6133, "STGEOMETRY_LEN": 633822.29200718994 }, "geometry": { "type": "Point", "coordinates": [ -118.20111, 48.23318 ] } },
{ "type": "Feature", "properties": { "OBJECTID": 20707, "Join_Count": 1, "TARGET_FID": 20707, "JOIN_FID": 242, "DEP_ID": "10097170", "SITE_NAME": "Advance", "DEV_STAT": "Prospect", "URL": "https://mrdata.usgs.gov/mrds/show-mrds.php?dep_id=10097170", "CODE_LIST": " AG PB ZN CU AU", "Grade": "C", "AIANNH": "0760", "FSRFLG": "F", "AIANNHNS": "01529464", "AREALAND": 5480450410.0, "ALANDHIST": 5480450410.0, "AREAWATER": 179068265.0, "AWATERHIST": 179068265.0, "AIANNHCC": "D1", "EFFDATE": null, "ESTABDATE": null, "FUNCSTAT": "A", "GCFLG": null, "GEOID": "0760M", "LSADC": "86", "MTFCC": "G2100", "BASENAME": "Colville", "NAME": "Colville Reservation and Off-Reservation Trust Land", "ObjID": "25190479220731", "AIANNHCOMP": "M", "STATEFP1": "5314240", "STATEFP2": null, "STATEFP3": null, "UR": null, "VINTAGE": "90", "AIANNHFP1": "53-14240", "AIANNHFP2": null, "AIANNHFP3": null, "HU100": null, "POP100": null, "CENTLAT": "+48.2297341", "CENTLON": "-118.8728003", "INTPTLAT": "+48.2439112", "INTPTLON": "-118.8719074", "STGEOMETRY_AREA": 12744397331.6133, "STGEOMETRY_LEN": 633822.29200718994 }, "geometry": { "type": "Point", "coordinates": [ -118.23722, 48.23485 ] } },
{ "type": "Feature", "properties": { "OBJECTID": 20708, "Join_Count": 1, "TARGET_FID": 20708, "JOIN_FID": 242, "DEP_ID": "10041265", "SITE_NAME": "New York", "DEV_STAT": "Occurrence", "URL": "https://mrdata.usgs.gov/mrds/show-mrds.php?dep_id=10041265", "CODE_LIST": " PB ZN AG AU", "Grade": "C", "AIANNH": "0760", "FSRFLG": "F", "AIANNHNS": "01529464", "AREALAND": 5480450410.0, "ALANDHIST": 5480450410.0, "AREAWATER": 179068265.0, "AWATERHIST": 179068265.0, "AIANNHCC": "D1", "EFFDATE": null, "ESTABDATE": null, "FUNCSTAT": "A", "GCFLG": null, "GEOID": "0760M", "LSADC": "86", "MTFCC": "G2100", "BASENAME": "Colville", "NAME": "Colville Reservation and Off-Reservation Trust Land", "ObjID": "25190479220731", "AIANNHCOMP": "M", "STATEFP1": "5314240", "STATEFP2": null, "STATEFP3": null, "UR": null, "VINTAGE": "90", "AIANNHFP1": "53-14240", "AIANNHFP2": null, "AIANNHFP3": null, "HU100": null, "POP100": null, "CENTLAT": "+48.2297341", "CENTLON": "-118.8728003", "INTPTLAT": "+48.2439112", "INTPTLON": "-118.8719074", "STGEOMETRY_AREA": 12744397331.6133, "STGEOMETRY_LEN": 633822.29200718994 }, "geometry": { "type": "Point", "coordinates": [ -118.25361, 48.23513 ] } },
{ "type": "Feature", "properties": { "OBJECTID": 20709, "Join_Count": 1, "TARGET_FID": 20709, "JOIN_FID": 242, "DEP_ID": "10097186", "SITE_NAME": "Big Chief", "DEV_STAT": "Prospect", "URL": "https://mrdata.usgs.gov/mrds/show-mrds.php?dep_id=10097186", "CODE_LIST": " PB ZN MO W AG", "Grade": "C", "AIANNH": "0760", "FSRFLG": "F", "AIANNHNS": "01529464", "AREALAND": 5480450410.0, "ALANDHIST": 5480450410.0, "AREAWATER": 179068265.0, "AWATERHIST": 179068265.0, "AIANNHCC": "D1", "EFFDATE": null, "ESTABDATE": null, "FUNCSTAT": "A", "GCFLG": null, "GEOID": "0760M", "LSADC": "86", "MTFCC": "G2100", "BASENAME": "Colville", "NAME": "Colville Reservation and Off-Reservation Trust Land", "ObjID": "25190479220731", "AIANNHCOMP": "M", "STATEFP1": "5314240", "STATEFP2": null, "STATEFP3": null, "UR": null, "VINTAGE": "90", "AIANNHFP1": "53-14240", "AIANNHFP2": null, "AIANNHFP3": null, "HU100": null, "POP100": null, "CENTLAT": "+48.2297341", "CENTLON": "-118.8728003", "INTPTLAT": "+48.2439112", "INTPTLON": "-118.8719074", "STGEOMETRY_AREA": 12744397331.6133, "STGEOMETRY_LEN": 633822.29200718994 }, "geometry": { "type": "Point", "coordinates": [ -118.22528, 48.23652 ] } },
{ "type": "Feature", "properties": { "OBJECTID": 20710, "Join_Count": 1, "TARGET_FID": 20710, "JOIN_FID": 242, "DEP_ID": "10055897", "SITE_NAME": "Silver Bell", "DEV_STAT": "Occurrence", "URL": "https://mrdata.usgs.gov/mrds/show-mrds.php?dep_id=10055897", "CODE_LIST": " PB ZN AU AG CU", "Grade": "C", "AIANNH": "0760", "FSRFLG": "F", "AIANNHNS": "01529464", "AREALAND": 5480450410.0, "ALANDHIST": 5480450410.0, "AREAWATER": 179068265.0, "AWATERHIST": 179068265.0, "AIANNHCC": "D1", "EFFDATE": null, "ESTABDATE": null, "FUNCSTAT": "A", "GCFLG": null, "GEOID": "0760M", "LSADC": "86", "MTFCC": "G2100", "BASENAME": "Colville", "NAME": "Colville Reservation and Off-Reservation Trust Land", "ObjID": "25190479220731", "AIANNHCOMP": "M", "STATEFP1": "5314240", "STATEFP2": null, "STATEFP3": null, "UR": null, "VINTAGE": "90", "AIANNHFP1": "53-14240", "AIANNHFP2": null, "AIANNHFP3": null, "HU100": null, "POP100": null, "CENTLAT": "+48.2297341", "CENTLON": "-118.8728003", "INTPTLAT": "+48.2439112", "INTPTLON": "-118.8719074", "STGEOMETRY_AREA": 12744397331.6133, "STGEOMETRY_LEN": 633822.29200718994 }, "geometry": { "type": "Point", "coordinates": [ -118.18028, 48.23735 ] } },
{ "type": "Feature", "properties": { "OBJECTID": 20711, "Join_Count": 1, "TARGET_FID": 20711, "JOIN_FID": 242, "DEP_ID": "10093004", "SITE_NAME": "Longstreet", "DEV_STAT": "Occurrence", "URL": "https://mrdata.usgs.gov/mrds/show-mrds.php?dep_id=10093004", "CODE_LIST": " AG SB PB ZN CU AU", "Grade": "B", "AIANNH": "0760", "FSRFLG": "F", "AIANNHNS": "01529464", "AREALAND": 5480450410.0, "ALANDHIST": 5480450410.0, "AREAWATER": 179068265.0, "AWATERHIST": 179068265.0, "AIANNHCC": "D1", "EFFDATE": null, "ESTABDATE": null, "FUNCSTAT": "A", "GCFLG": null, "GEOID": "0760M", "LSADC": "86", "MTFCC": "G2100", "BASENAME": "Colville", "NAME": "Colville Reservation and Off-Reservation Trust Land", "ObjID": "25190479220731", "AIANNHCOMP": "M", "STATEFP1": "5314240", "STATEFP2": null, "STATEFP3": null, "UR": null, "VINTAGE": "90", "AIANNHFP1": "53-14240", "AIANNHFP2": null, "AIANNHFP3": null, "HU100": null, "POP100": null, "CENTLAT": "+48.2297341", "CENTLON": "-118.8728003", "INTPTLAT": "+48.2439112", "INTPTLON": "-118.8719074", "STGEOMETRY_AREA": 12744397331.6133, "STGEOMETRY_LEN": 633822.29200718994 }, "geometry": { "type": "Point", "coordinates": [ -118.20083, 48.23791 ] } },
{ "type": "Feature", "properties": { "OBJECTID": 20713, "Join_Count": 1, "TARGET_FID": 20713, "JOIN_FID": 242, "DEP_ID": "10055898", "SITE_NAME": "Silver Leaf", "DEV_STAT": "Occurrence", "URL": "https://mrdata.usgs.gov/mrds/show-mrds.php?dep_id=10055898", "CODE_LIST": " AG PB ZN W SB", "Grade": "B", "AIANNH": "0760", "FSRFLG": "F", "AIANNHNS": "01529464", "AREALAND": 5480450410.0, "ALANDHIST": 5480450410.0, "AREAWATER": 179068265.0, "AWATERHIST": 179068265.0, "AIANNHCC": "D1", "EFFDATE": null, "ESTABDATE": null, "FUNCSTAT": "A", "GCFLG": null, "GEOID": "0760M", "LSADC": "86", "MTFCC": "G2100", "BASENAME": "Colville", "NAME": "Colville Reservation and Off-Reservation Trust Land", "ObjID": "25190479220731", "AIANNHCOMP": "M", "STATEFP1": "5314240", "STATEFP2": null, "STATEFP3": null, "UR": null, "VINTAGE": "90", "AIANNHFP1": "53-14240", "AIANNHFP2": null, "AIANNHFP3": null, "HU100": null, "POP100": null, "CENTLAT": "+48.2297341", "CENTLON": "-118.8728003", "INTPTLAT": "+48.2439112", "INTPTLON": "-118.8719074", "STGEOMETRY_AREA": 12744397331.6133, "STGEOMETRY_LEN": 633822.29200718994 }, "geometry": { "type": "Point", "coordinates": [ -118.18917, 48.23818 ] } },
{ "type": "Feature", "properties": { "OBJECTID": 20715, "Join_Count": 1, "TARGET_FID": 20715, "JOIN_FID": 242, "DEP_ID": "10097173", "SITE_NAME": "Silver Leaf", "DEV_STAT": "Prospect", "URL": "https://mrdata.usgs.gov/mrds/show-mrds.php?dep_id=10097173", "CODE_LIST": " AG PB ZN W SB", "Grade": "C", "AIANNH": "0760", "FSRFLG": "F", "AIANNHNS": "01529464", "AREALAND": 5480450410.0, "ALANDHIST": 5480450410.0, "AREAWATER": 179068265.0, "AWATERHIST": 179068265.0, "AIANNHCC": "D1", "EFFDATE": null, "ESTABDATE": null, "FUNCSTAT": "A", "GCFLG": null, "GEOID": "0760M", "LSADC": "86", "MTFCC": "G2100", "BASENAME": "Colville", "NAME": "Colville Reservation and Off-Reservation Trust Land", "ObjID": "25190479220731", "AIANNHCOMP": "M", "STATEFP1": "5314240", "STATEFP2": null, "STATEFP3": null, "UR": null, "VINTAGE": "90", "AIANNHFP1": "53-14240", "AIANNHFP2": null, "AIANNHFP3": null, "HU100": null, "POP100": null, "CENTLAT": "+48.2297341", "CENTLON": "-118.8728003", "INTPTLAT": "+48.2439112", "INTPTLON": "-118.8719074", "STGEOMETRY_AREA": 12744397331.6133, "STGEOMETRY_LEN": 633822.29200718994 }, "geometry": { "type": "Point", "coordinates": [ -118.19, 48.23874 ] } },
{ "type": "Feature", "properties": { "OBJECTID": 20717, "Join_Count": 1, "TARGET_FID": 20717, "JOIN_FID": 242, "DEP_ID": "10041239", "SITE_NAME": "Royal Ann", "DEV_STAT": "Prospect", "URL": "https://mrdata.usgs.gov/mrds/show-mrds.php?dep_id=10041239", "CODE_LIST": " PB AG ZN AU", "Grade": "C", "AIANNH": "0760", "FSRFLG": "F", "AIANNHNS": "01529464", "AREALAND": 5480450410.0, "ALANDHIST": 5480450410.0, "AREAWATER": 179068265.0, "AWATERHIST": 179068265.0, "AIANNHCC": "D1", "EFFDATE": null, "ESTABDATE": null, "FUNCSTAT": "A", "GCFLG": null, "GEOID": "0760M", "LSADC": "86", "MTFCC": "G2100", "BASENAME": "Colville", "NAME": "Colville Reservation and Off-Reservation Trust Land", "ObjID": "25190479220731", "AIANNHCOMP": "M", "STATEFP1": "5314240", "STATEFP2": null, "STATEFP3": null, "UR": null, "VINTAGE": "90", "AIANNHFP1": "53-14240", "AIANNHFP2": null, "AIANNHFP3": null, "HU100": null, "POP100": null, "CENTLAT": "+48.2297341", "CENTLON": "-118.8728003", "INTPTLAT": "+48.2439112", "INTPTLON": "-118.8719074", "STGEOMETRY_AREA": 12744397331.6133, "STGEOMETRY_LEN": 633822.29200718994 }, "geometry": { "type": "Point", "coordinates": [ -118.23333, 48.24068 ] } },
{ "type": "Feature", "properties": { "OBJECTID": 20719, "Join_Count": 1, "TARGET_FID": 20719, "JOIN_FID": 242, "DEP_ID": "10097176", "SITE_NAME": "Stray Dog", "DEV_STAT": "Prospect", "URL": "https://mrdata.usgs.gov/mrds/show-mrds.php?dep_id=10097176", "CODE_LIST": " AG PB CU ZN AU", "Grade": "C", "AIANNH": "0760", "FSRFLG": "F", "AIANNHNS": "01529464", "AREALAND": 5480450410.0, "ALANDHIST": 5480450410.0, "AREAWATER": 179068265.0, "AWATERHIST": 179068265.0, "AIANNHCC": "D1", "EFFDATE": null, "ESTABDATE": null, "FUNCSTAT": "A", "GCFLG": null, "GEOID": "0760M", "LSADC": "86", "MTFCC": "G2100", "BASENAME": "Colville", "NAME": "Colville Reservation and Off-Reservation Trust Land", "ObjID": "25190479220731", "AIANNHCOMP": "M", "STATEFP1": "5314240", "STATEFP2": null, "STATEFP3": null, "UR": null, "VINTAGE": "90", "AIANNHFP1": "53-14240", "AIANNHFP2": null, "AIANNHFP3": null, "HU100": null, "POP100": null, "CENTLAT": "+48.2297341", "CENTLON": "-118.8728003", "INTPTLAT": "+48.2439112", "INTPTLON": "-118.8719074", "STGEOMETRY_AREA": 12744397331.6133, "STGEOMETRY_LEN": 633822.29200718994 }, "geometry": { "type": "Point", "coordinates": [ -118.25722, 48.24457 ] } },
{ "type": "Feature", "properties": { "OBJECTID": 20721, "Join_Count": 1, "TARGET_FID": 20721, "JOIN_FID": 242, "DEP_ID": "10055901", "SITE_NAME": "Stray Dog", "DEV_STAT": "Occurrence", "URL": "https://mrdata.usgs.gov/mrds/show-mrds.php?dep_id=10055901", "CODE_LIST": " AG PB CU ZN AU", "Grade": "B", "AIANNH": "0760", "FSRFLG": "F", "AIANNHNS": "01529464", "AREALAND": 5480450410.0, "ALANDHIST": 5480450410.0, "AREAWATER": 179068265.0, "AWATERHIST": 179068265.0, "AIANNHCC": "D1", "EFFDATE": null, "ESTABDATE": null, "FUNCSTAT": "A", "GCFLG": null, "GEOID": "0760M", "LSADC": "86", "MTFCC": "G2100", "BASENAME": "Colville", "NAME": "Colville Reservation and Off-Reservation Trust Land", "ObjID": "25190479220731", "AIANNHCOMP": "M", "STATEFP1": "5314240", "STATEFP2": null, "STATEFP3": null, "UR": null, "VINTAGE": "90", "AIANNHFP1": "53-14240", "AIANNHFP2": null, "AIANNHFP3": null, "HU100": null, "POP100": null, "CENTLAT": "+48.2297341", "CENTLON": "-118.8728003", "INTPTLAT": "+48.2439112", "INTPTLON": "-118.8719074", "STGEOMETRY_AREA": 12744397331.6133, "STGEOMETRY_LEN": 633822.29200718994 }, "geometry": { "type": "Point", "coordinates": [ -118.25778, 48.24513 ] } },
{ "type": "Feature", "properties": { "OBJECTID": 20725, "Join_Count": 1, "TARGET_FID": 20725, "JOIN_FID": 242, "DEP_ID": "10009031", "SITE_NAME": "Apache", "DEV_STAT": "Occurrence", "URL": "https://mrdata.usgs.gov/mrds/show-mrds.php?dep_id=10009031", "CODE_LIST": " AG AU CU SB", "Grade": "C", "AIANNH": "0760", "FSRFLG": "F", "AIANNHNS": "01529464", "AREALAND": 5480450410.0, "ALANDHIST": 5480450410.0, "AREAWATER": 179068265.0, "AWATERHIST": 179068265.0, "AIANNHCC": "D1", "EFFDATE": null, "ESTABDATE": null, "FUNCSTAT": "A", "GCFLG": null, "GEOID": "0760M", "LSADC": "86", "MTFCC": "G2100", "BASENAME": "Colville", "NAME": "Colville Reservation and Off-Reservation Trust Land", "ObjID": "25190479220731", "AIANNHCOMP": "M", "STATEFP1": "5314240", "STATEFP2": null, "STATEFP3": null, "UR": null, "VINTAGE": "90", "AIANNHFP1": "53-14240", "AIANNHFP2": null, "AIANNHFP3": null, "HU100": null, "POP100": null, "CENTLAT": "+48.2297341", "CENTLON": "-118.8728003", "INTPTLAT": "+48.2439112", "INTPTLON": "-118.8719074", "STGEOMETRY_AREA": 12744397331.6133, "STGEOMETRY_LEN": 633822.29200718994 }, "geometry": { "type": "Point", "coordinates": [ -119.08447, 48.24984 ] } },
{ "type": "Feature", "properties": { "OBJECTID": 20726, "Join_Count": 1, "TARGET_FID": 20726, "JOIN_FID": 242, "DEP_ID": "10009028", "SITE_NAME": "Andy O'Neil Andy O.", "DEV_STAT": "Occurrence", "URL": "https://mrdata.usgs.gov/mrds/show-mrds.php?dep_id=10009028", "CODE_LIST": " AG PB CU SB", "Grade": "C", "AIANNH": "0760", "FSRFLG": "F", "AIANNHNS": "01529464", "AREALAND": 5480450410.0, "ALANDHIST": 5480450410.0, "AREAWATER": 179068265.0, "AWATERHIST": 179068265.0, "AIANNHCC": "D1", "EFFDATE": null, "ESTABDATE": null, "FUNCSTAT": "A", "GCFLG": null, "GEOID": "0760M", "LSADC": "86", "MTFCC": "G2100", "BASENAME": "Colville", "NAME": "Colville Reservation and Off-Reservation Trust Land", "ObjID": "25190479220731", "AIANNHCOMP": "M", "STATEFP1": "5314240", "STATEFP2": null, "STATEFP3": null, "UR": null, "VINTAGE": "90", "AIANNHFP1": "53-14240", "AIANNHFP2": null, "AIANNHFP3": null, "HU100": null, "POP100": null, "CENTLAT": "+48.2297341", "CENTLON": "-118.8728003", "INTPTLAT": "+48.2439112", "INTPTLON": "-118.8719074", "STGEOMETRY_AREA": 12744397331.6133, "STGEOMETRY_LEN": 633822.29200718994 }, "geometry": { "type": "Point", "coordinates": [ -119.08447, 48.24984 ] } },
{ "type": "Feature", "properties": { "OBJECTID": 20727, "Join_Count": 1, "TARGET_FID": 20727, "JOIN_FID": 242, "DEP_ID": "10009044", "SITE_NAME": "Little Chief", "DEV_STAT": "Producer", "URL": "https://mrdata.usgs.gov/mrds/show-mrds.php?dep_id=10009044", "CODE_LIST": " AG CU SB AU", "Grade": "C", "AIANNH": "0760", "FSRFLG": "F", "AIANNHNS": "01529464", "AREALAND": 5480450410.0, "ALANDHIST": 5480450410.0, "AREAWATER": 179068265.0, "AWATERHIST": 179068265.0, "AIANNHCC": "D1", "EFFDATE": null, "ESTABDATE": null, "FUNCSTAT": "A", "GCFLG": null, "GEOID": "0760M", "LSADC": "86", "MTFCC": "G2100", "BASENAME": "Colville", "NAME": "Colville Reservation and Off-Reservation Trust Land", "ObjID": "25190479220731", "AIANNHCOMP": "M", "STATEFP1": "5314240", "STATEFP2": null, "STATEFP3": null, "UR": null, "VINTAGE": "90", "AIANNHFP1": "53-14240", "AIANNHFP2": null, "AIANNHFP3": null, "HU100": null, "POP100": null, "CENTLAT": "+48.2297341", "CENTLON": "-118.8728003", "INTPTLAT": "+48.2439112", "INTPTLON": "-118.8719074", "STGEOMETRY_AREA": 12744397331.6133, "STGEOMETRY_LEN": 633822.29200718994 }, "geometry": { "type": "Point", "coordinates": [ -119.08447, 48.24984 ] } },
{ "type": "Feature", "properties": { "OBJECTID": 20728, "Join_Count": 1, "TARGET_FID": 20728, "JOIN_FID": 242, "DEP_ID": "10009049", "SITE_NAME": "Panama", "DEV_STAT": "Producer", "URL": "https://mrdata.usgs.gov/mrds/show-mrds.php?dep_id=10009049", "CODE_LIST": " AG SB AU", "Grade": "C", "AIANNH": "0760", "FSRFLG": "F", "AIANNHNS": "01529464", "AREALAND": 5480450410.0, "ALANDHIST": 5480450410.0, "AREAWATER": 179068265.0, "AWATERHIST": 179068265.0, "AIANNHCC": "D1", "EFFDATE": null, "ESTABDATE": null, "FUNCSTAT": "A", "GCFLG": null, "GEOID": "0760M", "LSADC": "86", "MTFCC": "G2100", "BASENAME": "Colville", "NAME": "Colville Reservation and Off-Reservation Trust Land", "ObjID": "25190479220731", "AIANNHCOMP": "M", "STATEFP1": "5314240", "STATEFP2": null, "STATEFP3": null, "UR": null, "VINTAGE": "90", "AIANNHFP1": "53-14240", "AIANNHFP2": null, "AIANNHFP3": null, "HU100": null, "POP100": null, "CENTLAT": "+48.2297341", "CENTLON": "-118.8728003", "INTPTLAT": "+48.2439112", "INTPTLON": "-118.8719074", "STGEOMETRY_AREA": 12744397331.6133, "STGEOMETRY_LEN": 633822.29200718994 }, "geometry": { "type": "Point", "coordinates": [ -119.08447, 48.24984 ] } },
{ "type": "Feature", "properties": { "OBJECTID": 20729, "Join_Count": 1, "TARGET_FID": 20729, "JOIN_FID": 242, "DEP_ID": "10009004", "SITE_NAME": "Advance Cabin", "DEV_STAT": "Occurrence", "URL": "https://mrdata.usgs.gov/mrds/show-mrds.php?dep_id=10009004", "CODE_LIST": " AG PB SB CU AU ZN", "Grade": "C", "AIANNH": "0760", "FSRFLG": "F", "AIANNHNS": "01529464", "AREALAND": 5480450410.0, "ALANDHIST": 5480450410.0, "AREAWATER": 179068265.0, "AWATERHIST": 179068265.0, "AIANNHCC": "D1", "EFFDATE": null, "ESTABDATE": null, "FUNCSTAT": "A", "GCFLG": null, "GEOID": "0760M", "LSADC": "86", "MTFCC": "G2100", "BASENAME": "Colville", "NAME": "Colville Reservation and Off-Reservation Trust Land", "ObjID": "25190479220731", "AIANNHCOMP": "M", "STATEFP1": "5314240", "STATEFP2": null, "STATEFP3": null, "UR": null, "VINTAGE": "90", "AIANNHFP1": "53-14240", "AIANNHFP2": null, "AIANNHFP3": null, "HU100": null, "POP100": null, "CENTLAT": "+48.2297341", "CENTLON": "-118.8728003", "INTPTLAT": "+48.2439112", "INTPTLON": "-118.8719074", "STGEOMETRY_AREA": 12744397331.6133, "STGEOMETRY_LEN": 633822.29200718994 }, "geometry": { "type": "Point", "coordinates": [ -118.25111, 48.24985 ] } },
{ "type": "Feature", "properties": { "OBJECTID": 20730, "Join_Count": 1, "TARGET_FID": 20730, "JOIN_FID": 242, "DEP_ID": "10009013", "SITE_NAME": "New York", "DEV_STAT": "Occurrence", "URL": "https://mrdata.usgs.gov/mrds/show-mrds.php?dep_id=10009013", "CODE_LIST": " PB AG AU ZN SB", "Grade": "C", "AIANNH": "0760", "FSRFLG": "F", "AIANNHNS": "01529464", "AREALAND": 5480450410.0, "ALANDHIST": 5480450410.0, "AREAWATER": 179068265.0, "AWATERHIST": 179068265.0, "AIANNHCC": "D1", "EFFDATE": null, "ESTABDATE": null, "FUNCSTAT": "A", "GCFLG": null, "GEOID": "0760M", "LSADC": "86", "MTFCC": "G2100", "BASENAME": "Colville", "NAME": "Colville Reservation and Off-Reservation Trust Land", "ObjID": "25190479220731", "AIANNHCOMP": "M", "STATEFP1": "5314240", "STATEFP2": null, "STATEFP3": null, "UR": null, "VINTAGE": "90", "AIANNHFP1": "53-14240", "AIANNHFP2": null, "AIANNHFP3": null, "HU100": null, "POP100": null, "CENTLAT": "+48.2297341", "CENTLON": "-118.8728003", "INTPTLAT": "+48.2439112", "INTPTLON": "-118.8719074", "STGEOMETRY_AREA": 12744397331.6133, "STGEOMETRY_LEN": 633822.29200718994 }, "geometry": { "type": "Point", "coordinates": [ -118.25111, 48.24985 ] } },
{ "type": "Feature", "properties": { "OBJECTID": 20731, "Join_Count": 1, "TARGET_FID": 20731, "JOIN_FID": 242, "DEP_ID": "10009009", "SITE_NAME": "Keystone", "DEV_STAT": "Occurrence", "URL": "https://mrdata.usgs.gov/mrds/show-mrds.php?dep_id=10009009", "CODE_LIST": " PB AG AU CU ZN SB", "Grade": "C", "AIANNH": "0760", "FSRFLG": "F", "AIANNHNS": "01529464", "AREALAND": 5480450410.0, "ALANDHIST": 5480450410.0, "AREAWATER": 179068265.0, "AWATERHIST": 179068265.0, "AIANNHCC": "D1", "EFFDATE": null, "ESTABDATE": null, "FUNCSTAT": "A", "GCFLG": null, "GEOID": "0760M", "LSADC": "86", "MTFCC": "G2100", "BASENAME": "Colville", "NAME": "Colville Reservation and Off-Reservation Trust Land", "ObjID": "25190479220731", "AIANNHCOMP": "M", "STATEFP1": "5314240", "STATEFP2": null, "STATEFP3": null, "UR": null, "VINTAGE": "90", "AIANNHFP1": "53-14240", "AIANNHFP2": null, "AIANNHFP3": null, "HU100": null, "POP100": null, "CENTLAT": "+48.2297341", "CENTLON": "-118.8728003", "INTPTLAT": "+48.2439112", "INTPTLON": "-118.8719074", "STGEOMETRY_AREA": 12744397331.6133, "STGEOMETRY_LEN": 633822.29200718994 }, "geometry": { "type": "Point", "coordinates": [ -118.25111, 48.24985 ] } },
{ "type": "Feature", "properties": { "OBJECTID": 20732, "Join_Count": 1, "TARGET_FID": 20732, "JOIN_FID": 242, "DEP_ID": "10107716", "SITE_NAME": "Silver Leaf Mine", "DEV_STAT": "Producer", "URL": "https://mrdata.usgs.gov/mrds/show-mrds.php?dep_id=10107716", "CODE_LIST": " AG W ZN PB SB", "Grade": "C", "AIANNH": "0760", "FSRFLG": "F", "AIANNHNS": "01529464", "AREALAND": 5480450410.0, "ALANDHIST": 5480450410.0, "AREAWATER": 179068265.0, "AWATERHIST": 179068265.0, "AIANNHCC": "D1", "EFFDATE": null, "ESTABDATE": null, "FUNCSTAT": "A", "GCFLG": null, "GEOID": "0760M", "LSADC": "86", "MTFCC": "G2100", "BASENAME": "Colville", "NAME": "Colville Reservation and Off-Reservation Trust Land", "ObjID": "25190479220731", "AIANNHCOMP": "M", "STATEFP1": "5314240", "STATEFP2": null, "STATEFP3": null, "UR": null, "VINTAGE": "90", "AIANNHFP1": "53-14240", "AIANNHFP2": null, "AIANNHFP3": null, "HU100": null, "POP100": null, "CENTLAT": "+48.2297341", "CENTLON": "-118.8728003", "INTPTLAT": "+48.2439112", "INTPTLON": "-118.8719074", "STGEOMETRY_AREA": 12744397331.6133, "STGEOMETRY_LEN": 633822.29200718994 }, "geometry": { "type": "Point", "coordinates": [ -118.25111, 48.24985 ] } },
{ "type": "Feature", "properties": { "OBJECTID": 20733, "Join_Count": 1, "TARGET_FID": 20733, "JOIN_FID": 242, "DEP_ID": "10107715", "SITE_NAME": "Montana", "DEV_STAT": "Producer", "URL": "https://mrdata.usgs.gov/mrds/show-mrds.php?dep_id=10107715", "CODE_LIST": " PB AG ZN AU SB", "Grade": "C", "AIANNH": "0760", "FSRFLG": "F", "AIANNHNS": "01529464", "AREALAND": 5480450410.0, "ALANDHIST": 5480450410.0, "AREAWATER": 179068265.0, "AWATERHIST": 179068265.0, "AIANNHCC": "D1", "EFFDATE": null, "ESTABDATE": null, "FUNCSTAT": "A", "GCFLG": null, "GEOID": "0760M", "LSADC": "86", "MTFCC": "G2100", "BASENAME": "Colville", "NAME": "Colville Reservation and Off-Reservation Trust Land", "ObjID": "25190479220731", "AIANNHCOMP": "M", "STATEFP1": "5314240", "STATEFP2": null, "STATEFP3": null, "UR": null, "VINTAGE": "90", "AIANNHFP1": "53-14240", "AIANNHFP2": null, "AIANNHFP3": null, "HU100": null, "POP100": null, "CENTLAT": "+48.2297341", "CENTLON": "-118.8728003", "INTPTLAT": "+48.2439112", "INTPTLON": "-118.8719074", "STGEOMETRY_AREA": 12744397331.6133, "STGEOMETRY_LEN": 633822.29200718994 }, "geometry": { "type": "Point", "coordinates": [ -118.25111, 48.24985 ] } },
{ "type": "Feature", "properties": { "OBJECTID": 20744, "Join_Count": 1, "TARGET_FID": 20744, "JOIN_FID": 242, "DEP_ID": "10041688", "SITE_NAME": "Lucky Jim Vein", "DEV_STAT": "Occurrence", "URL": "https://mrdata.usgs.gov/mrds/show-mrds.php?dep_id=10041688", "CODE_LIST": " CU AG AU", "Grade": "C", "AIANNH": "0760", "FSRFLG": "F", "AIANNHNS": "01529464", "AREALAND": 5480450410.0, "ALANDHIST": 5480450410.0, "AREAWATER": 179068265.0, "AWATERHIST": 179068265.0, "AIANNHCC": "D1", "EFFDATE": null, "ESTABDATE": null, "FUNCSTAT": "A", "GCFLG": null, "GEOID": "0760M", "LSADC": "86", "MTFCC": "G2100", "BASENAME": "Colville", "NAME": "Colville Reservation and Off-Reservation Trust Land", "ObjID": "25190479220731", "AIANNHCOMP": "M", "STATEFP1": "5314240", "STATEFP2": null, "STATEFP3": null, "UR": null, "VINTAGE": "90", "AIANNHFP1": "53-14240", "AIANNHFP2": null, "AIANNHFP3": null, "HU100": null, "POP100": null, "CENTLAT": "+48.2297341", "CENTLON": "-118.8728003", "INTPTLAT": "+48.2439112", "INTPTLON": "-118.8719074", "STGEOMETRY_AREA": 12744397331.6133, "STGEOMETRY_LEN": 633822.29200718994 }, "geometry": { "type": "Point", "coordinates": [ -119.64477, 48.26372 ] } },
{ "type": "Feature", "properties": { "OBJECTID": 20750, "Join_Count": 1, "TARGET_FID": 20750, "JOIN_FID": 242, "DEP_ID": "10055868", "SITE_NAME": "Dan Patch", "DEV_STAT": "Occurrence", "URL": "https://mrdata.usgs.gov/mrds/show-mrds.php?dep_id=10055868", "CODE_LIST": " AG PB ZN AU", "Grade": "C", "AIANNH": "0760", "FSRFLG": "F", "AIANNHNS": "01529464", "AREALAND": 5480450410.0, "ALANDHIST": 5480450410.0, "AREAWATER": 179068265.0, "AWATERHIST": 179068265.0, "AIANNHCC": "D1", "EFFDATE": null, "ESTABDATE": null, "FUNCSTAT": "A", "GCFLG": null, "GEOID": "0760M", "LSADC": "86", "MTFCC": "G2100", "BASENAME": "Colville", "NAME": "Colville Reservation and Off-Reservation Trust Land", "ObjID": "25190479220731", "AIANNHCOMP": "M", "STATEFP1": "5314240", "STATEFP2": null, "STATEFP3": null, "UR": null, "VINTAGE": "90", "AIANNHFP1": "53-14240", "AIANNHFP2": null, "AIANNHFP3": null, "HU100": null, "POP100": null, "CENTLAT": "+48.2297341", "CENTLON": "-118.8728003", "INTPTLAT": "+48.2439112", "INTPTLON": "-118.8719074", "STGEOMETRY_AREA": 12744397331.6133, "STGEOMETRY_LEN": 633822.29200718994 }, "geometry": { "type": "Point", "coordinates": [ -118.21333, 48.27207 ] } },
{ "type": "Feature", "properties": { "OBJECTID": 20759, "Join_Count": 1, "TARGET_FID": 20759, "JOIN_FID": 242, "DEP_ID": "10041149", "SITE_NAME": "Gwin", "DEV_STAT": "Prospect", "URL": "https://mrdata.usgs.gov/mrds/show-mrds.php?dep_id=10041149", "CODE_LIST": " AG CU AU PB W", "Grade": "C", "AIANNH": "0760", "FSRFLG": "F", "AIANNHNS": "01529464", "AREALAND": 5480450410.0, "ALANDHIST": 5480450410.0, "AREAWATER": 179068265.0, "AWATERHIST": 179068265.0, "AIANNHCC": "D1", "EFFDATE": null, "ESTABDATE": null, "FUNCSTAT": "A", "GCFLG": null, "GEOID": "0760M", "LSADC": "86", "MTFCC": "G2100", "BASENAME": "Colville", "NAME": "Colville Reservation and Off-Reservation Trust Land", "ObjID": "25190479220731", "AIANNHCOMP": "M", "STATEFP1": "5314240", "STATEFP2": null, "STATEFP3": null, "UR": null, "VINTAGE": "90", "AIANNHFP1": "53-14240", "AIANNHFP2": null, "AIANNHFP3": null, "HU100": null, "POP100": null, "CENTLAT": "+48.2297341", "CENTLON": "-118.8728003", "INTPTLAT": "+48.2439112", "INTPTLON": "-118.8719074", "STGEOMETRY_AREA": 12744397331.6133, "STGEOMETRY_LEN": 633822.29200718994 }, "geometry": { "type": "Point", "coordinates": [ -118.23473, 48.29318 ] } },
{ "type": "Feature", "properties": { "OBJECTID": 20760, "Join_Count": 1, "TARGET_FID": 20760, "JOIN_FID": 242, "DEP_ID": "10055874", "SITE_NAME": "Gwin", "DEV_STAT": "Occurrence", "URL": "https://mrdata.usgs.gov/mrds/show-mrds.php?dep_id=10055874", "CODE_LIST": " AG CU AU PB W", "Grade": "B", "AIANNH": "0760", "FSRFLG": "F", "AIANNHNS": "01529464", "AREALAND": 5480450410.0, "ALANDHIST": 5480450410.0, "AREAWATER": 179068265.0, "AWATERHIST": 179068265.0, "AIANNHCC": "D1", "EFFDATE": null, "ESTABDATE": null, "FUNCSTAT": "A", "GCFLG": null, "GEOID": "0760M", "LSADC": "86", "MTFCC": "G2100", "BASENAME": "Colville", "NAME": "Colville Reservation and Off-Reservation Trust Land", "ObjID": "25190479220731", "AIANNHCOMP": "M", "STATEFP1": "5314240", "STATEFP2": null, "STATEFP3": null, "UR": null, "VINTAGE": "90", "AIANNHFP1": "53-14240", "AIANNHFP2": null, "AIANNHFP3": null, "HU100": null, "POP100": null, "CENTLAT": "+48.2297341", "CENTLON": "-118.8728003", "INTPTLAT": "+48.2439112", "INTPTLON": "-118.8719074", "STGEOMETRY_AREA": 12744397331.6133, "STGEOMETRY_LEN": 633822.29200718994 }, "geometry": { "type": "Point", "coordinates": [ -118.23529, 48.29346 ] } },
{ "type": "Feature", "properties": { "OBJECTID": 20761, "Join_Count": 1, "TARGET_FID": 20761, "JOIN_FID": 242, "DEP_ID": "10093000", "SITE_NAME": "Johnson Placer", "DEV_STAT": "Occurrence", "URL": "https://mrdata.usgs.gov/mrds/show-mrds.php?dep_id=10093000", "CODE_LIST": " AU", "Grade": "C", "AIANNH": "0760", "FSRFLG": "F", "AIANNHNS": "01529464", "AREALAND": 5480450410.0, "ALANDHIST": 5480450410.0, "AREAWATER": 179068265.0, "AWATERHIST": 179068265.0, "AIANNHCC": "D1", "EFFDATE": null, "ESTABDATE": null, "FUNCSTAT": "A", "GCFLG": null, "GEOID": "0760M", "LSADC": "86", "MTFCC": "G2100", "BASENAME": "Colville", "NAME": "Colville Reservation and Off-Reservation Trust Land", "ObjID": "25190479220731", "AIANNHCOMP": "M", "STATEFP1": "5314240", "STATEFP2": null, "STATEFP3": null, "UR": null, "VINTAGE": "90", "AIANNHFP1": "53-14240", "AIANNHFP2": null, "AIANNHFP3": null, "HU100": null, "POP100": null, "CENTLAT": "+48.2297341", "CENTLON": "-118.8728003", "INTPTLAT": "+48.2439112", "INTPTLON": "-118.8719074", "STGEOMETRY_AREA": 12744397331.6133, "STGEOMETRY_LEN": 633822.29200718994 }, "geometry": { "type": "Point", "coordinates": [ -118.1625, 48.29346 ] } },
{ "type": "Feature", "properties": { "OBJECTID": 20767, "Join_Count": 1, "TARGET_FID": 20767, "JOIN_FID": 242, "DEP_ID": "10041658", "SITE_NAME": "Corson Prospect", "DEV_STAT": "Occurrence", "URL": "https://mrdata.usgs.gov/mrds/show-mrds.php?dep_id=10041658", "CODE_LIST": " MO W", "Grade": "C", "AIANNH": "0760", "FSRFLG": "F", "AIANNHNS": "01529464", "AREALAND": 5480450410.0, "ALANDHIST": 5480450410.0, "AREAWATER": 179068265.0, "AWATERHIST": 179068265.0, "AIANNHCC": "D1", "EFFDATE": null, "ESTABDATE": null, "FUNCSTAT": "A", "GCFLG": null, "GEOID": "0760M", "LSADC": "86", "MTFCC": "G2100", "BASENAME": "Colville", "NAME": "Colville Reservation and Off-Reservation Trust Land", "ObjID": "25190479220731", "AIANNHCOMP": "M", "STATEFP1": "5314240", "STATEFP2": null, "STATEFP3": null, "UR": null, "VINTAGE": "90", "AIANNHFP1": "53-14240", "AIANNHFP2": null, "AIANNHFP3": null, "HU100": null, "POP100": null, "CENTLAT": "+48.2297341", "CENTLON": "-118.8728003", "INTPTLAT": "+48.2439112", "INTPTLON": "-118.8719074", "STGEOMETRY_AREA": 12744397331.6133, "STGEOMETRY_LEN": 633822.29200718994 }, "geometry": { "type": "Point", "coordinates": [ -119.45559, 48.30567 ] } },
{ "type": "Feature", "properties": { "OBJECTID": 20768, "Join_Count": 1, "TARGET_FID": 20768, "JOIN_FID": 242, "DEP_ID": "10041662", "SITE_NAME": "Idell Claims", "DEV_STAT": "Occurrence", "URL": "https://mrdata.usgs.gov/mrds/show-mrds.php?dep_id=10041662", "CODE_LIST": " NI", "Grade": "C", "AIANNH": "0760", "FSRFLG": "F", "AIANNHNS": "01529464", "AREALAND": 5480450410.0, "ALANDHIST": 5480450410.0, "AREAWATER": 179068265.0, "AWATERHIST": 179068265.0, "AIANNHCC": "D1", "EFFDATE": null, "ESTABDATE": null, "FUNCSTAT": "A", "GCFLG": null, "GEOID": "0760M", "LSADC": "86", "MTFCC": "G2100", "BASENAME": "Colville", "NAME": "Colville Reservation and Off-Reservation Trust Land", "ObjID": "25190479220731", "AIANNHCOMP": "M", "STATEFP1": "5314240", "STATEFP2": null, "STATEFP3": null, "UR": null, "VINTAGE": "90", "AIANNHFP1": "53-14240", "AIANNHFP2": null, "AIANNHFP3": null, "HU100": null, "POP100": null, "CENTLAT": "+48.2297341", "CENTLON": "-118.8728003", "INTPTLAT": "+48.2439112", "INTPTLON": "-118.8719074", "STGEOMETRY_AREA": 12744397331.6133, "STGEOMETRY_LEN": 633822.29200718994 }, "geometry": { "type": "Point", "coordinates": [ -118.95642, 48.30623 ] } },
{ "type": "Feature", "properties": { "OBJECTID": 20773, "Join_Count": 1, "TARGET_FID": 20773, "JOIN_FID": 242, "DEP_ID": "10041570", "SITE_NAME": "Jumbo Claim", "DEV_STAT": "Occurrence", "URL": "https://mrdata.usgs.gov/mrds/show-mrds.php?dep_id=10041570", "CODE_LIST": " CR CU NI", "Grade": "C", "AIANNH": "0760", "FSRFLG": "F", "AIANNHNS": "01529464", "AREALAND": 5480450410.0, "ALANDHIST": 5480450410.0, "AREAWATER": 179068265.0, "AWATERHIST": 179068265.0, "AIANNHCC": "D1", "EFFDATE": null, "ESTABDATE": null, "FUNCSTAT": "A", "GCFLG": null, "GEOID": "0760M", "LSADC": "86", "MTFCC": "G2100", "BASENAME": "Colville", "NAME": "Colville Reservation and Off-Reservation Trust Land", "ObjID": "25190479220731", "AIANNHCOMP": "M", "STATEFP1": "5314240", "STATEFP2": null, "STATEFP3": null, "UR": null, "VINTAGE": "90", "AIANNHFP1": "53-14240", "AIANNHFP2": null, "AIANNHFP3": null, "HU100": null, "POP100": null, "CENTLAT": "+48.2297341", "CENTLON": "-118.8728003", "INTPTLAT": "+48.2439112", "INTPTLON": "-118.8719074", "STGEOMETRY_AREA": 12744397331.6133, "STGEOMETRY_LEN": 633822.29200718994 }, "geometry": { "type": "Point", "coordinates": [ -118.94336, 48.31567 ] } },
{ "type": "Feature", "properties": { "OBJECTID": 20775, "Join_Count": 1, "TARGET_FID": 20775, "JOIN_FID": 242, "DEP_ID": "10009006", "SITE_NAME": "Colorado", "DEV_STAT": "Occurrence", "URL": "https://mrdata.usgs.gov/mrds/show-mrds.php?dep_id=10009006", "CODE_LIST": " PB AG SB AU", "Grade": "C", "AIANNH": "0760", "FSRFLG": "F", "AIANNHNS": "01529464", "AREALAND": 5480450410.0, "ALANDHIST": 5480450410.0, "AREAWATER": 179068265.0, "AWATERHIST": 179068265.0, "AIANNHCC": "D1", "EFFDATE": null, "ESTABDATE": null, "FUNCSTAT": "A", "GCFLG": null, "GEOID": "0760M", "LSADC": "86", "MTFCC": "G2100", "BASENAME": "Colville", "NAME": "Colville Reservation and Off-Reservation Trust Land", "ObjID": "25190479220731", "AIANNHCOMP": "M", "STATEFP1": "5314240", "STATEFP2": null, "STATEFP3": null, "UR": null, "VINTAGE": "90", "AIANNHFP1": "53-14240", "AIANNHFP2": null, "AIANNHFP3": null, "HU100": null, "POP100": null, "CENTLAT": "+48.2297341", "CENTLON": "-118.8728003", "INTPTLAT": "+48.2439112", "INTPTLON": "-118.8719074", "STGEOMETRY_AREA": 12744397331.6133, "STGEOMETRY_LEN": 633822.29200718994 }, "geometry": { "type": "Point", "coordinates": [ -118.25112, 48.33318 ] } },
{ "type": "Feature", "properties": { "OBJECTID": 20776, "Join_Count": 1, "TARGET_FID": 20776, "JOIN_FID": 242, "DEP_ID": "10009005", "SITE_NAME": "Black Hawk", "DEV_STAT": "Occurrence", "URL": "https://mrdata.usgs.gov/mrds/show-mrds.php?dep_id=10009005", "CODE_LIST": " PB AG SB ZN AU", "Grade": "C", "AIANNH": "0760", "FSRFLG": "F", "AIANNHNS": "01529464", "AREALAND": 5480450410.0, "ALANDHIST": 5480450410.0, "AREAWATER": 179068265.0, "AWATERHIST": 179068265.0, "AIANNHCC": "D1", "EFFDATE": null, "ESTABDATE": null, "FUNCSTAT": "A", "GCFLG": null, "GEOID": "0760M", "LSADC": "86", "MTFCC": "G2100", "BASENAME": "Colville", "NAME": "Colville Reservation and Off-Reservation Trust Land", "ObjID": "25190479220731", "AIANNHCOMP": "M", "STATEFP1": "5314240", "STATEFP2": null, "STATEFP3": null, "UR": null, "VINTAGE": "90", "AIANNHFP1": "53-14240", "AIANNHFP2": null, "AIANNHFP3": null, "HU100": null, "POP100": null, "CENTLAT": "+48.2297341", "CENTLON": "-118.8728003", "INTPTLAT": "+48.2439112", "INTPTLON": "-118.8719074", "STGEOMETRY_AREA": 12744397331.6133, "STGEOMETRY_LEN": 633822.29200718994 }, "geometry": { "type": "Point", "coordinates": [ -118.25112, 48.33318 ] } },
{ "type": "Feature", "properties": { "OBJECTID": 20781, "Join_Count": 1, "TARGET_FID": 20781, "JOIN_FID": 242, "DEP_ID": "10041600", "SITE_NAME": "Independent Mine", "DEV_STAT": "Occurrence", "URL": "https://mrdata.usgs.gov/mrds/show-mrds.php?dep_id=10041600", "CODE_LIST": " AG PB AU ZN", "Grade": "C", "AIANNH": "0760", "FSRFLG": "F", "AIANNHNS": "01529464", "AREALAND": 5480450410.0, "ALANDHIST": 5480450410.0, "AREAWATER": 179068265.0, "AWATERHIST": 179068265.0, "AIANNHCC": "D1", "EFFDATE": null, "ESTABDATE": null, "FUNCSTAT": "A", "GCFLG": null, "GEOID": "0760M", "LSADC": "86", "MTFCC": "G2100", "BASENAME": "Colville", "NAME": "Colville Reservation and Off-Reservation Trust Land", "ObjID": "25190479220731", "AIANNHCOMP": "M", "STATEFP1": "5314240", "STATEFP2": null, "STATEFP3": null, "UR": null, "VINTAGE": "90", "AIANNHFP1": "53-14240", "AIANNHFP2": null, "AIANNHFP3": null, "HU100": null, "POP100": null, "CENTLAT": "+48.2297341", "CENTLON": "-118.8728003", "INTPTLAT": "+48.2439112", "INTPTLON": "-118.8719074", "STGEOMETRY_AREA": 12744397331.6133, "STGEOMETRY_LEN": 633822.29200718994 }, "geometry": { "type": "Point", "coordinates": [ -118.87725, 48.35262 ] } },
{ "type": "Feature", "properties": { "OBJECTID": 20782, "Join_Count": 1, "TARGET_FID": 20782, "JOIN_FID": 242, "DEP_ID": "10048489", "SITE_NAME": "Okanogan", "DEV_STAT": "Occurrence", "URL": "https://mrdata.usgs.gov/mrds/show-mrds.php?dep_id=10048489", "CODE_LIST": " CR PGE_PT", "Grade": "C", "AIANNH": "0760", "FSRFLG": "F", "AIANNHNS": "01529464", "AREALAND": 5480450410.0, "ALANDHIST": 5480450410.0, "AREAWATER": 179068265.0, "AWATERHIST": 179068265.0, "AIANNHCC": "D1", "EFFDATE": null, "ESTABDATE": null, "FUNCSTAT": "A", "GCFLG": null, "GEOID": "0760M", "LSADC": "86", "MTFCC": "G2100", "BASENAME": "Colville", "NAME": "Colville Reservation and Off-Reservation Trust Land", "ObjID": "25190479220731", "AIANNHCOMP": "M", "STATEFP1": "5314240", "STATEFP2": null, "STATEFP3": null, "UR": null, "VINTAGE": "90", "AIANNHFP1": "53-14240", "AIANNHFP2": null, "AIANNHFP3": null, "HU100": null, "POP100": null, "CENTLAT": "+48.2297341", "CENTLON": "-118.8728003", "INTPTLAT": "+48.2439112", "INTPTLON": "-118.8719074", "STGEOMETRY_AREA": 12744397331.6133, "STGEOMETRY_LEN": 633822.29200718994 }, "geometry": { "type": "Point", "coordinates": [ -119.59366, 48.35316 ] } },
{ "type": "Feature", "properties": { "OBJECTID": 20784, "Join_Count": 1, "TARGET_FID": 20784, "JOIN_FID": 242, "DEP_ID": "10041500", "SITE_NAME": "Old Glory", "DEV_STAT": "Occurrence", "URL": "https://mrdata.usgs.gov/mrds/show-mrds.php?dep_id=10041500", "CODE_LIST": " CU AU", "Grade": "C", "AIANNH": "0760", "FSRFLG": "F", "AIANNHNS": "01529464", "AREALAND": 5480450410.0, "ALANDHIST": 5480450410.0, "AREAWATER": 179068265.0, "AWATERHIST": 179068265.0, "AIANNHCC": "D1", "EFFDATE": null, "ESTABDATE": null, "FUNCSTAT": "A", "GCFLG": null, "GEOID": "0760M", "LSADC": "86", "MTFCC": "G2100", "BASENAME": "Colville", "NAME": "Colville Reservation and Off-Reservation Trust Land", "ObjID": "25190479220731", "AIANNHCOMP": "M", "STATEFP1": "5314240", "STATEFP2": null, "STATEFP3": null, "UR": null, "VINTAGE": "90", "AIANNHFP1": "53-14240", "AIANNHFP2": null, "AIANNHFP3": null, "HU100": null, "POP100": null, "CENTLAT": "+48.2297341", "CENTLON": "-118.8728003", "INTPTLAT": "+48.2439112", "INTPTLON": "-118.8719074", "STGEOMETRY_AREA": 12744397331.6133, "STGEOMETRY_LEN": 633822.29200718994 }, "geometry": { "type": "Point", "coordinates": [ -118.89642, 48.36123 ] } },
{ "type": "Feature", "properties": { "OBJECTID": 20785, "Join_Count": 1, "TARGET_FID": 20785, "JOIN_FID": 242, "DEP_ID": "10041599", "SITE_NAME": "Hercules Claim", "DEV_STAT": "Prospect", "URL": "https://mrdata.usgs.gov/mrds/show-mrds.php?dep_id=10041599", "CODE_LIST": " PB AG CU ZN", "Grade": "B", "AIANNH": "0760", "FSRFLG": "F", "AIANNHNS": "01529464", "AREALAND": 5480450410.0, "ALANDHIST": 5480450410.0, "AREAWATER": 179068265.0, "AWATERHIST": 179068265.0, "AIANNHCC": "D1", "EFFDATE": null, "ESTABDATE": null, "FUNCSTAT": "A", "GCFLG": null, "GEOID": "0760M", "LSADC": "86", "MTFCC": "G2100", "BASENAME": "Colville", "NAME": "Colville Reservation and Off-Reservation Trust Land", "ObjID": "25190479220731", "AIANNHCOMP": "M", "STATEFP1": "5314240", "STATEFP2": null, "STATEFP3": null, "UR": null, "VINTAGE": "90", "AIANNHFP1": "53-14240", "AIANNHFP2": null, "AIANNHFP3": null, "HU100": null, "POP100": null, "CENTLAT": "+48.2297341", "CENTLON": "-118.8728003", "INTPTLAT": "+48.2439112", "INTPTLON": "-118.8719074", "STGEOMETRY_AREA": 12744397331.6133, "STGEOMETRY_LEN": 633822.29200718994 }, "geometry": { "type": "Point", "coordinates": [ -118.87753, 48.36178 ] } },
{ "type": "Feature", "properties": { "OBJECTID": 20786, "Join_Count": 1, "TARGET_FID": 20786, "JOIN_FID": 242, "DEP_ID": "10041598", "SITE_NAME": "General Miles Group", "DEV_STAT": "Occurrence", "URL": "https://mrdata.usgs.gov/mrds/show-mrds.php?dep_id=10041598", "CODE_LIST": " AG PB", "Grade": "C", "AIANNH": "0760", "FSRFLG": "F", "AIANNHNS": "01529464", "AREALAND": 5480450410.0, "ALANDHIST": 5480450410.0, "AREAWATER": 179068265.0, "AWATERHIST": 179068265.0, "AIANNHCC": "D1", "EFFDATE": null, "ESTABDATE": null, "FUNCSTAT": "A", "GCFLG": null, "GEOID": "0760M", "LSADC": "86", "MTFCC": "G2100", "BASENAME": "Colville", "NAME": "Colville Reservation and Off-Reservation Trust Land", "ObjID": "25190479220731", "AIANNHCOMP": "M", "STATEFP1": "5314240", "STATEFP2": null, "STATEFP3": null, "UR": null, "VINTAGE": "90", "AIANNHFP1": "53-14240", "AIANNHFP2": null, "AIANNHFP3": null, "HU100": null, "POP100": null, "CENTLAT": "+48.2297341", "CENTLON": "-118.8728003", "INTPTLAT": "+48.2439112", "INTPTLON": "-118.8719074", "STGEOMETRY_AREA": 12744397331.6133, "STGEOMETRY_LEN": 633822.29200718994 }, "geometry": { "type": "Point", "coordinates": [ -118.85058, 48.36206 ] } },
{ "type": "Feature", "properties": { "OBJECTID": 20787, "Join_Count": 1, "TARGET_FID": 20787, "JOIN_FID": 242, "DEP_ID": "10009052", "SITE_NAME": "Ramore", "DEV_STAT": "Occurrence", "URL": "https://mrdata.usgs.gov/mrds/show-mrds.php?dep_id=10009052", "CODE_LIST": " PB SB AU AG", "Grade": "C", "AIANNH": "0760", "FSRFLG": "F", "AIANNHNS": "01529464", "AREALAND": 5480450410.0, "ALANDHIST": 5480450410.0, "AREAWATER": 179068265.0, "AWATERHIST": 179068265.0, "AIANNHCC": "D1", "EFFDATE": null, "ESTABDATE": null, "FUNCSTAT": "A", "GCFLG": null, "GEOID": "0760M", "LSADC": "86", "MTFCC": "G2100", "BASENAME": "Colville", "NAME": "Colville Reservation and Off-Reservation Trust Land", "ObjID": "25190479220731", "AIANNHCOMP": "M", "STATEFP1": "5314240", "STATEFP2": null, "STATEFP3": null, "UR": null, "VINTAGE": "90", "AIANNHFP1": "53-14240", "AIANNHFP2": null, "AIANNHFP3": null, "HU100": null, "POP100": null, "CENTLAT": "+48.2297341", "CENTLON": "-118.8728003", "INTPTLAT": "+48.2439112", "INTPTLON": "-118.8719074", "STGEOMETRY_AREA": 12744397331.6133, "STGEOMETRY_LEN": 633822.29200718994 }, "geometry": { "type": "Point", "coordinates": [ -118.87444, 48.36222 ] } },
{ "type": "Feature", "properties": { "OBJECTID": 20792, "Join_Count": 1, "TARGET_FID": 20792, "JOIN_FID": 242, "DEP_ID": "10041595", "SITE_NAME": "Hanford Prospect", "DEV_STAT": "Prospect", "URL": "https://mrdata.usgs.gov/mrds/show-mrds.php?dep_id=10041595", "CODE_LIST": " PB AG AU", "Grade": "C", "AIANNH": "0760", "FSRFLG": "F", "AIANNHNS": "01529464", "AREALAND": 5480450410.0, "ALANDHIST": 5480450410.0, "AREAWATER": 179068265.0, "AWATERHIST": 179068265.0, "AIANNHCC": "D1", "EFFDATE": null, "ESTABDATE": null, "FUNCSTAT": "A", "GCFLG": null, "GEOID": "0760M", "LSADC": "86", "MTFCC": "G2100", "BASENAME": "Colville", "NAME": "Colville Reservation and Off-Reservation Trust Land", "ObjID": "25190479220731", "AIANNHCOMP": "M", "STATEFP1": "5314240", "STATEFP2": null, "STATEFP3": null, "UR": null, "VINTAGE": "90", "AIANNHFP1": "53-14240", "AIANNHFP2": null, "AIANNHFP3": null, "HU100": null, "POP100": null, "CENTLAT": "+48.2297341", "CENTLON": "-118.8728003", "INTPTLAT": "+48.2439112", "INTPTLON": "-118.8719074", "STGEOMETRY_AREA": 12744397331.6133, "STGEOMETRY_LEN": 633822.29200718994 }, "geometry": { "type": "Point", "coordinates": [ -118.85781, 48.37095 ] } },
{ "type": "Feature", "properties": { "OBJECTID": 20794, "Join_Count": 1, "TARGET_FID": 20794, "JOIN_FID": 242, "DEP_ID": "10107726", "SITE_NAME": "Summit", "DEV_STAT": "Producer", "URL": "https://mrdata.usgs.gov/mrds/show-mrds.php?dep_id=10107726", "CODE_LIST": " PB ZN SB CU AG", "Grade": "C", "AIANNH": "0760", "FSRFLG": "F", "AIANNHNS": "01529464", "AREALAND": 5480450410.0, "ALANDHIST": 5480450410.0, "AREAWATER": 179068265.0, "AWATERHIST": 179068265.0, "AIANNHCC": "D1", "EFFDATE": null, "ESTABDATE": null, "FUNCSTAT": "A", "GCFLG": null, "GEOID": "0760M", "LSADC": "86", "MTFCC": "G2100", "BASENAME": "Colville", "NAME": "Colville Reservation and Off-Reservation Trust Land", "ObjID": "25190479220731", "AIANNHCOMP": "M", "STATEFP1": "5314240", "STATEFP2": null, "STATEFP3": null, "UR": null, "VINTAGE": "90", "AIANNHFP1": "53-14240", "AIANNHFP2": null, "AIANNHFP3": null, "HU100": null, "POP100": null, "CENTLAT": "+48.2297341", "CENTLON": "-118.8728003", "INTPTLAT": "+48.2439112", "INTPTLON": "-118.8719074", "STGEOMETRY_AREA": 12744397331.6133, "STGEOMETRY_LEN": 633822.29200718994 }, "geometry": { "type": "Point", "coordinates": [ -118.87694, 48.37417 ] } },
{ "type": "Feature", "properties": { "OBJECTID": 20796, "Join_Count": 1, "TARGET_FID": 20796, "JOIN_FID": 242, "DEP_ID": "10009059", "SITE_NAME": "Wasco", "DEV_STAT": "Occurrence", "URL": "https://mrdata.usgs.gov/mrds/show-mrds.php?dep_id=10009059", "CODE_LIST": " ZN AG PB AU CU SB", "Grade": "C", "AIANNH": "0760", "FSRFLG": "F", "AIANNHNS": "01529464", "AREALAND": 5480450410.0, "ALANDHIST": 5480450410.0, "AREAWATER": 179068265.0, "AWATERHIST": 179068265.0, "AIANNHCC": "D1", "EFFDATE": null, "ESTABDATE": null, "FUNCSTAT": "A", "GCFLG": null, "GEOID": "0760M", "LSADC": "86", "MTFCC": "G2100", "BASENAME": "Colville", "NAME": "Colville Reservation and Off-Reservation Trust Land", "ObjID": "25190479220731", "AIANNHCOMP": "M", "STATEFP1": "5314240", "STATEFP2": null, "STATEFP3": null, "UR": null, "VINTAGE": "90", "AIANNHFP1": "53-14240", "AIANNHFP2": null, "AIANNHFP3": null, "HU100": null, "POP100": null, "CENTLAT": "+48.2297341", "CENTLON": "-118.8728003", "INTPTLAT": "+48.2439112", "INTPTLON": "-118.8719074", "STGEOMETRY_AREA": 12744397331.6133, "STGEOMETRY_LEN": 633822.29200718994 }, "geometry": { "type": "Point", "coordinates": [ -118.92197, 48.37428 ] } },
{ "type": "Feature", "properties": { "OBJECTID": 20797, "Join_Count": 1, "TARGET_FID": 20797, "JOIN_FID": 303, "DEP_ID": "10088863", "SITE_NAME": "Alverson", "DEV_STAT": "Occurrence", "URL": "https://mrdata.usgs.gov/mrds/show-mrds.php?dep_id=10088863", "CODE_LIST": " NI AS", "Grade": "C", "AIANNH": "4075", "FSRFLG": "F", "AIANNHNS": "01528418", "AREALAND": 30848387.0, "ALANDHIST": 30848387.0, "AREAWATER": 23645044.0, "AWATERHIST": 23645044.0, "AIANNHCC": "D1", "EFFDATE": null, "ESTABDATE": null, "FUNCSTAT": "A", "GCFLG": null, "GEOID": "4075M", "LSADC": "86", "MTFCC": "G2100", "BASENAME": "Swinomish", "NAME": "Swinomish Reservation and Off-Reservation Trust Land", "ObjID": "25190481269283", "AIANNHCOMP": "M", "STATEFP1": "5369310", "STATEFP2": null, "STATEFP3": null, "UR": null, "VINTAGE": "90", "AIANNHFP1": "53-69310", "AIANNHFP2": null, "AIANNHFP3": null, "HU100": null, "POP100": null, "CENTLAT": "+48.4012776", "CENTLON": "-122.5272400", "INTPTLAT": "+48.4154021", "INTPTLON": "-122.5363955", "STGEOMETRY_AREA": 123533958.617282, "STGEOMETRY_LEN": 66998.543765530005 }, "geometry": { "type": "Point", "coordinates": [ -122.51847, 48.37452 ] } },
{ "type": "Feature", "properties": { "OBJECTID": 20799, "Join_Count": 1, "TARGET_FID": 20799, "JOIN_FID": 242, "DEP_ID": "10009047", "SITE_NAME": "Mountain Boy", "DEV_STAT": "Producer", "URL": "https://mrdata.usgs.gov/mrds/show-mrds.php?dep_id=10009047", "CODE_LIST": " PB SB AG", "Grade": "C", "AIANNH": "0760", "FSRFLG": "F", "AIANNHNS": "01529464", "AREALAND": 5480450410.0, "ALANDHIST": 5480450410.0, "AREAWATER": 179068265.0, "AWATERHIST": 179068265.0, "AIANNHCC": "D1", "EFFDATE": null, "ESTABDATE": null, "FUNCSTAT": "A", "GCFLG": null, "GEOID": "0760M", "LSADC": "86", "MTFCC": "G2100", "BASENAME": "Colville", "NAME": "Colville Reservation and Off-Reservation Trust Land", "ObjID": "25190479220731", "AIANNHCOMP": "M", "STATEFP1": "5314240", "STATEFP2": null, "STATEFP3": null, "UR": null, "VINTAGE": "90", "AIANNHFP1": "53-14240", "AIANNHFP2": null, "AIANNHFP3": null, "HU100": null, "POP100": null, "CENTLAT": "+48.2297341", "CENTLON": "-118.8728003", "INTPTLAT": "+48.2439112", "INTPTLON": "-118.8719074", "STGEOMETRY_AREA": 12744397331.6133, "STGEOMETRY_LEN": 633822.29200718994 }, "geometry": { "type": "Point", "coordinates": [ -118.87778, 48.37611 ] } },
{ "type": "Feature", "properties": { "OBJECTID": 20803, "Join_Count": 1, "TARGET_FID": 20803, "JOIN_FID": 242, "DEP_ID": "10041678", "SITE_NAME": "Cliff Prospect", "DEV_STAT": "Occurrence", "URL": "https://mrdata.usgs.gov/mrds/show-mrds.php?dep_id=10041678", "CODE_LIST": " ZN", "Grade": "C", "AIANNH": "0760", "FSRFLG": "F", "AIANNHNS": "01529464", "AREALAND": 5480450410.0, "ALANDHIST": 5480450410.0, "AREAWATER": 179068265.0, "AWATERHIST": 179068265.0, "AIANNHCC": "D1", "EFFDATE": null, "ESTABDATE": null, "FUNCSTAT": "A", "GCFLG": null, "GEOID": "0760M", "LSADC": "86", "MTFCC": "G2100", "BASENAME": "Colville", "NAME": "Colville Reservation and Off-Reservation Trust Land", "ObjID": "25190479220731", "AIANNHCOMP": "M", "STATEFP1": "5314240", "STATEFP2": null, "STATEFP3": null, "UR": null, "VINTAGE": "90", "AIANNHFP1": "53-14240", "AIANNHFP2": null, "AIANNHFP3": null, "HU100": null, "POP100": null, "CENTLAT": "+48.2297341", "CENTLON": "-118.8728003", "INTPTLAT": "+48.2439112", "INTPTLON": "-118.8719074", "STGEOMETRY_AREA": 12744397331.6133, "STGEOMETRY_LEN": 633822.29200718994 }, "geometry": { "type": "Point", "coordinates": [ -118.87836, 48.37956 ] } },
{ "type": "Feature", "properties": { "OBJECTID": 20804, "Join_Count": 1, "TARGET_FID": 20804, "JOIN_FID": 242, "DEP_ID": "10041596", "SITE_NAME": "Mountain Boy", "DEV_STAT": "Prospect", "URL": "https://mrdata.usgs.gov/mrds/show-mrds.php?dep_id=10041596", "CODE_LIST": " PB AG CU ZN", "Grade": "C", "AIANNH": "0760", "FSRFLG": "F", "AIANNHNS": "01529464", "AREALAND": 5480450410.0, "ALANDHIST": 5480450410.0, "AREAWATER": 179068265.0, "AWATERHIST": 179068265.0, "AIANNHCC": "D1", "EFFDATE": null, "ESTABDATE": null, "FUNCSTAT": "A", "GCFLG": null, "GEOID": "0760M", "LSADC": "86", "MTFCC": "G2100", "BASENAME": "Colville", "NAME": "Colville Reservation and Off-Reservation Trust Land", "ObjID": "25190479220731", "AIANNHCOMP": "M", "STATEFP1": "5314240", "STATEFP2": null, "STATEFP3": null, "UR": null, "VINTAGE": "90", "AIANNHFP1": "53-14240", "AIANNHFP2": null, "AIANNHFP3": null, "HU100": null, "POP100": null, "CENTLAT": "+48.2297341", "CENTLON": "-118.8728003", "INTPTLAT": "+48.2439112", "INTPTLON": "-118.8719074", "STGEOMETRY_AREA": 12744397331.6133, "STGEOMETRY_LEN": 633822.29200718994 }, "geometry": { "type": "Point", "coordinates": [ -118.85142, 48.38012 ] } },
{ "type": "Feature", "properties": { "OBJECTID": 20805, "Join_Count": 1, "TARGET_FID": 20805, "JOIN_FID": 242, "DEP_ID": "10097258", "SITE_NAME": "Eureka Claim", "DEV_STAT": "Prospect", "URL": "https://mrdata.usgs.gov/mrds/show-mrds.php?dep_id=10097258", "CODE_LIST": " PB AG CU", "Grade": "B", "AIANNH": "0760", "FSRFLG": "F", "AIANNHNS": "01529464", "AREALAND": 5480450410.0, "ALANDHIST": 5480450410.0, "AREAWATER": 179068265.0, "AWATERHIST": 179068265.0, "AIANNHCC": "D1", "EFFDATE": null, "ESTABDATE": null, "FUNCSTAT": "A", "GCFLG": null, "GEOID": "0760M", "LSADC": "86", "MTFCC": "G2100", "BASENAME": "Colville", "NAME": "Colville Reservation and Off-Reservation Trust Land", "ObjID": "25190479220731", "AIANNHCOMP": "M", "STATEFP1": "5314240", "STATEFP2": null, "STATEFP3": null, "UR": null, "VINTAGE": "90", "AIANNHFP1": "53-14240", "AIANNHFP2": null, "AIANNHFP3": null, "HU100": null, "POP100": null, "CENTLAT": "+48.2297341", "CENTLON": "-118.8728003", "INTPTLAT": "+48.2439112", "INTPTLON": "-118.8719074", "STGEOMETRY_AREA": 12744397331.6133, "STGEOMETRY_LEN": 633822.29200718994 }, "geometry": { "type": "Point", "coordinates": [ -118.85142, 48.38012 ] } },
{ "type": "Feature", "properties": { "OBJECTID": 20809, "Join_Count": 1, "TARGET_FID": 20809, "JOIN_FID": 242, "DEP_ID": "10041680", "SITE_NAME": "Iron Dike Prospect", "DEV_STAT": "Occurrence", "URL": "https://mrdata.usgs.gov/mrds/show-mrds.php?dep_id=10041680", "CODE_LIST": " ZN CU AU AG", "Grade": "B", "AIANNH": "0760", "FSRFLG": "F", "AIANNHNS": "01529464", "AREALAND": 5480450410.0, "ALANDHIST": 5480450410.0, "AREAWATER": 179068265.0, "AWATERHIST": 179068265.0, "AIANNHCC": "D1", "EFFDATE": null, "ESTABDATE": null, "FUNCSTAT": "A", "GCFLG": null, "GEOID": "0760M", "LSADC": "86", "MTFCC": "G2100", "BASENAME": "Colville", "NAME": "Colville Reservation and Off-Reservation Trust Land", "ObjID": "25190479220731", "AIANNHCOMP": "M", "STATEFP1": "5314240", "STATEFP2": null, "STATEFP3": null, "UR": null, "VINTAGE": "90", "AIANNHFP1": "53-14240", "AIANNHFP2": null, "AIANNHFP3": null, "HU100": null, "POP100": null, "CENTLAT": "+48.2297341", "CENTLON": "-118.8728003", "INTPTLAT": "+48.2439112", "INTPTLON": "-118.8719074", "STGEOMETRY_AREA": 12744397331.6133, "STGEOMETRY_LEN": 633822.29200718994 }, "geometry": { "type": "Point", "coordinates": [ -118.9192, 48.3879 ] } },
{ "type": "Feature", "properties": { "OBJECTID": 20812, "Join_Count": 1, "TARGET_FID": 20812, "JOIN_FID": 242, "DEP_ID": "10095556", "SITE_NAME": "Park City District", "DEV_STAT": "Occurrence", "URL": "https://mrdata.usgs.gov/mrds/show-mrds.php?dep_id=10095556", "CODE_LIST": " AU TI_M", "Grade": "C", "AIANNH": "0760", "FSRFLG": "F", "AIANNHNS": "01529464", "AREALAND": 5480450410.0, "ALANDHIST": 5480450410.0, "AREAWATER": 179068265.0, "AWATERHIST": 179068265.0, "AIANNHCC": "D1", "EFFDATE": null, "ESTABDATE": null, "FUNCSTAT": "A", "GCFLG": null, "GEOID": "0760M", "LSADC": "86", "MTFCC": "G2100", "BASENAME": "Colville", "NAME": "Colville Reservation and Off-Reservation Trust Land", "ObjID": "25190479220731", "AIANNHCOMP": "M", "STATEFP1": "5314240", "STATEFP2": null, "STATEFP3": null, "UR": null, "VINTAGE": "90", "AIANNHFP1": "53-14240", "AIANNHFP2": null, "AIANNHFP3": null, "HU100": null, "POP100": null, "CENTLAT": "+48.2297341", "CENTLON": "-118.8728003", "INTPTLAT": "+48.2439112", "INTPTLON": "-118.8719074", "STGEOMETRY_AREA": 12744397331.6133, "STGEOMETRY_LEN": 633822.29200718994 }, "geometry": { "type": "Point", "coordinates": [ -118.87892, 48.39762 ] } },
{ "type": "Feature", "properties": { "OBJECTID": 20817, "Join_Count": 1, "TARGET_FID": 20817, "JOIN_FID": 693, "DEP_ID": "10047980", "SITE_NAME": "Matrix Property", "DEV_STAT": "Occurrence", "URL": "https://mrdata.usgs.gov/mrds/show-mrds.php?dep_id=10047980", "CODE_LIST": " CU AU", "Grade": "B", "AIANNH": "8750", "FSRFLG": "F", "AIANNHNS": "02419206", "AREALAND": 581850110.0, "ALANDHIST": 581850112.0, "AREAWATER": 1402706586.0, "AWATERHIST": 1402706586.0, "AIANNHCC": "D6", "EFFDATE": null, "ESTABDATE": null, "FUNCSTAT": "S", "GCFLG": null, "GEOID": "8750R", "LSADC": "80", "MTFCC": "G2160", "BASENAME": "Samish", "NAME": "Samish TDSA", "ObjID": "22490480943765", "AIANNHCOMP": "R", "STATEFP1": "5361040", "STATEFP2": null, "STATEFP3": null, "UR": null, "VINTAGE": "90", "AIANNHFP1": "53-61040", "AIANNHFP2": null, "AIANNHFP3": null, "HU100": null, "POP100": null, "CENTLAT": "+48.5561206", "CENTLON": "-122.9147436", "INTPTLAT": "+48.5553590", "INTPTLON": "-122.8939792", "STGEOMETRY_AREA": 4526342375.4767199, "STGEOMETRY_LEN": 320056.98606964003 }, "geometry": { "type": "Point", "coordinates": [ -122.64154, 48.41313 ] } },
{ "type": "Feature", "properties": { "OBJECTID": 20820, "Join_Count": 1, "TARGET_FID": 20820, "JOIN_FID": 242, "DEP_ID": "10041651", "SITE_NAME": "Gove Prospect", "DEV_STAT": "Occurrence", "URL": "https://mrdata.usgs.gov/mrds/show-mrds.php?dep_id=10041651", "CODE_LIST": " AU", "Grade": "C", "AIANNH": "0760", "FSRFLG": "F", "AIANNHNS": "01529464", "AREALAND": 5480450410.0, "ALANDHIST": 5480450410.0, "AREAWATER": 179068265.0, "AWATERHIST": 179068265.0, "AIANNHCC": "D1", "EFFDATE": null, "ESTABDATE": null, "FUNCSTAT": "A", "GCFLG": null, "GEOID": "0760M", "LSADC": "86", "MTFCC": "G2100", "BASENAME": "Colville", "NAME": "Colville Reservation and Off-Reservation Trust Land", "ObjID": "25190479220731", "AIANNHCOMP": "M", "STATEFP1": "5314240", "STATEFP2": null, "STATEFP3": null, "UR": null, "VINTAGE": "90", "AIANNHFP1": "53-14240", "AIANNHFP2": null, "AIANNHFP3": null, "HU100": null, "POP100": null, "CENTLAT": "+48.2297341", "CENTLON": "-118.8728003", "INTPTLAT": "+48.2439112", "INTPTLON": "-118.8719074", "STGEOMETRY_AREA": 12744397331.6133, "STGEOMETRY_LEN": 633822.29200718994 }, "geometry": { "type": "Point", "coordinates": [ -118.87975, 48.41567 ] } },
{ "type": "Feature", "properties": { "OBJECTID": 20821, "Join_Count": 1, "TARGET_FID": 20821, "JOIN_FID": 242, "DEP_ID": "10009021", "SITE_NAME": "Stray Dog", "DEV_STAT": "Producer", "URL": "https://mrdata.usgs.gov/mrds/show-mrds.php?dep_id=10009021", "CODE_LIST": " AG PB CU ZN AU SB", "Grade": "C", "AIANNH": "0760", "FSRFLG": "F", "AIANNHNS": "01529464", "AREALAND": 5480450410.0, "ALANDHIST": 5480450410.0, "AREAWATER": 179068265.0, "AWATERHIST": 179068265.0, "AIANNHCC": "D1", "EFFDATE": null, "ESTABDATE": null, "FUNCSTAT": "A", "GCFLG": null, "GEOID": "0760M", "LSADC": "86", "MTFCC": "G2100", "BASENAME": "Colville", "NAME": "Colville Reservation and Off-Reservation Trust Land", "ObjID": "25190479220731", "AIANNHCOMP": "M", "STATEFP1": "5314240", "STATEFP2": null, "STATEFP3": null, "UR": null, "VINTAGE": "90", "AIANNHFP1": "53-14240", "AIANNHFP2": null, "AIANNHFP3": null, "HU100": null, "POP100": null, "CENTLAT": "+48.2297341", "CENTLON": "-118.8728003", "INTPTLAT": "+48.2439112", "INTPTLON": "-118.8719074", "STGEOMETRY_AREA": 12744397331.6133, "STGEOMETRY_LEN": 633822.29200718994 }, "geometry": { "type": "Point", "coordinates": [ -118.41779, 48.41652 ] } },
{ "type": "Feature", "properties": { "OBJECTID": 20822, "Join_Count": 1, "TARGET_FID": 20822, "JOIN_FID": 242, "DEP_ID": "10009008", "SITE_NAME": "Juliet Little Tom", "DEV_STAT": "Occurrence", "URL": "https://mrdata.usgs.gov/mrds/show-mrds.php?dep_id=10009008", "CODE_LIST": " PB SB AG AU", "Grade": "C", "AIANNH": "0760", "FSRFLG": "F", "AIANNHNS": "01529464", "AREALAND": 5480450410.0, "ALANDHIST": 5480450410.0, "AREAWATER": 179068265.0, "AWATERHIST": 179068265.0, "AIANNHCC": "D1", "EFFDATE": null, "ESTABDATE": null, "FUNCSTAT": "A", "GCFLG": null, "GEOID": "0760M", "LSADC": "86", "MTFCC": "G2100", "BASENAME": "Colville", "NAME": "Colville Reservation and Off-Reservation Trust Land", "ObjID": "25190479220731", "AIANNHCOMP": "M", "STATEFP1": "5314240", "STATEFP2": null, "STATEFP3": null, "UR": null, "VINTAGE": "90", "AIANNHFP1": "53-14240", "AIANNHFP2": null, "AIANNHFP3": null, "HU100": null, "POP100": null, "CENTLAT": "+48.2297341", "CENTLON": "-118.8728003", "INTPTLAT": "+48.2439112", "INTPTLON": "-118.8719074", "STGEOMETRY_AREA": 12744397331.6133, "STGEOMETRY_LEN": 633822.29200718994 }, "geometry": { "type": "Point", "coordinates": [ -118.25112, 48.41652 ] } },
{ "type": "Feature", "properties": { "OBJECTID": 20837, "Join_Count": 1, "TARGET_FID": 20837, "JOIN_FID": 242, "DEP_ID": "10095555", "SITE_NAME": "Hoot Owl Deposit", "DEV_STAT": "Occurrence", "URL": "https://mrdata.usgs.gov/mrds/show-mrds.php?dep_id=10095555", "CODE_LIST": " MO AU GRF", "Grade": "C", "AIANNH": "0760", "FSRFLG": "F", "AIANNHNS": "01529464", "AREALAND": 5480450410.0, "ALANDHIST": 5480450410.0, "AREAWATER": 179068265.0, "AWATERHIST": 179068265.0, "AIANNHCC": "D1", "EFFDATE": null, "ESTABDATE": null, "FUNCSTAT": "A", "GCFLG": null, "GEOID": "0760M", "LSADC": "86", "MTFCC": "G2100", "BASENAME": "Colville", "NAME": "Colville Reservation and Off-Reservation Trust Land", "ObjID": "25190479220731", "AIANNHCOMP": "M", "STATEFP1": "5314240", "STATEFP2": null, "STATEFP3": null, "UR": null, "VINTAGE": "90", "AIANNHFP1": "53-14240", "AIANNHFP2": null, "AIANNHFP3": null, "HU100": null, "POP100": null, "CENTLAT": "+48.2297341", "CENTLON": "-118.8728003", "INTPTLAT": "+48.2439112", "INTPTLON": "-118.8719074", "STGEOMETRY_AREA": 12744397331.6133, "STGEOMETRY_LEN": 633822.29200718994 }, "geometry": { "type": "Point", "coordinates": [ -119.15087, 48.4379 ] } },
{ "type": "Feature", "properties": { "OBJECTID": 20842, "Join_Count": 1, "TARGET_FID": 20842, "JOIN_FID": 693, "DEP_ID": "10047920", "SITE_NAME": "Mountain Home Claim", "DEV_STAT": "Occurrence", "URL": "https://mrdata.usgs.gov/mrds/show-mrds.php?dep_id=10047920", "CODE_LIST": " MN CU", "Grade": "C", "AIANNH": "8750", "FSRFLG": "F", "AIANNHNS": "02419206", "AREALAND": 581850110.0, "ALANDHIST": 581850112.0, "AREAWATER": 1402706586.0, "AWATERHIST": 1402706586.0, "AIANNHCC": "D6", "EFFDATE": null, "ESTABDATE": null, "FUNCSTAT": "S", "GCFLG": null, "GEOID": "8750R", "LSADC": "80", "MTFCC": "G2160", "BASENAME": "Samish", "NAME": "Samish TDSA", "ObjID": "22490480943765", "AIANNHCOMP": "R", "STATEFP1": "5361040", "STATEFP2": null, "STATEFP3": null, "UR": null, "VINTAGE": "90", "AIANNHFP1": "53-61040", "AIANNHFP2": null, "AIANNHFP3": null, "HU100": null, "POP100": null, "CENTLAT": "+48.5561206", "CENTLON": "-122.9147436", "INTPTLAT": "+48.5553590", "INTPTLON": "-122.8939792", "STGEOMETRY_AREA": 4526342375.4767199, "STGEOMETRY_LEN": 320056.98606964003 }, "geometry": { "type": "Point", "coordinates": [ -122.61432, 48.4473 ] } },
{ "type": "Feature", "properties": { "OBJECTID": 20845, "Join_Count": 1, "TARGET_FID": 20845, "JOIN_FID": 242, "DEP_ID": "10041594", "SITE_NAME": "Atkins Mine", "DEV_STAT": "Occurrence", "URL": "https://mrdata.usgs.gov/mrds/show-mrds.php?dep_id=10041594", "CODE_LIST": " PB AG ZN", "Grade": "B", "AIANNH": "0760", "FSRFLG": "F", "AIANNHNS": "01529464", "AREALAND": 5480450410.0, "ALANDHIST": 5480450410.0, "AREAWATER": 179068265.0, "AWATERHIST": 179068265.0, "AIANNHCC": "D1", "EFFDATE": null, "ESTABDATE": null, "FUNCSTAT": "A", "GCFLG": null, "GEOID": "0760M", "LSADC": "86", "MTFCC": "G2100", "BASENAME": "Colville", "NAME": "Colville Reservation and Off-Reservation Trust Land", "ObjID": "25190479220731", "AIANNHCOMP": "M", "STATEFP1": "5314240", "STATEFP2": null, "STATEFP3": null, "UR": null, "VINTAGE": "90", "AIANNHFP1": "53-14240", "AIANNHFP2": null, "AIANNHFP3": null, "HU100": null, "POP100": null, "CENTLAT": "+48.2297341", "CENTLON": "-118.8728003", "INTPTLAT": "+48.2439112", "INTPTLON": "-118.8719074", "STGEOMETRY_AREA": 12744397331.6133, "STGEOMETRY_LEN": 633822.29200718994 }, "geometry": { "type": "Point", "coordinates": [ -118.86753, 48.45178 ] } },
{ "type": "Feature", "properties": { "OBJECTID": 20849, "Join_Count": 1, "TARGET_FID": 20849, "JOIN_FID": 693, "DEP_ID": "10047979", "SITE_NAME": "Fidalgo Island", "DEV_STAT": "Occurrence", "URL": "https://mrdata.usgs.gov/mrds/show-mrds.php?dep_id=10047979", "CODE_LIST": " CU AU AG", "Grade": "C", "AIANNH": "8750", "FSRFLG": "F", "AIANNHNS": "02419206", "AREALAND": 581850110.0, "ALANDHIST": 581850112.0, "AREAWATER": 1402706586.0, "AWATERHIST": 1402706586.0, "AIANNHCC": "D6", "EFFDATE": null, "ESTABDATE": null, "FUNCSTAT": "S", "GCFLG": null, "GEOID": "8750R", "LSADC": "80", "MTFCC": "G2160", "BASENAME": "Samish", "NAME": "Samish TDSA", "ObjID": "22490480943765", "AIANNHCOMP": "R", "STATEFP1": "5361040", "STATEFP2": null, "STATEFP3": null, "UR": null, "VINTAGE": "90", "AIANNHFP1": "53-61040", "AIANNHFP2": null, "AIANNHFP3": null, "HU100": null, "POP100": null, "CENTLAT": "+48.5561206", "CENTLON": "-122.9147436", "INTPTLAT": "+48.5553590", "INTPTLON": "-122.8939792", "STGEOMETRY_AREA": 4526342375.4767199, "STGEOMETRY_LEN": 320056.98606964003 }, "geometry": { "type": "Point", "coordinates": [ -122.63348, 48.46036 ] } },
{ "type": "Feature", "properties": { "OBJECTID": 20858, "Join_Count": 1, "TARGET_FID": 20858, "JOIN_FID": 242, "DEP_ID": "10041499", "SITE_NAME": "Bonanza", "DEV_STAT": "Occurrence", "URL": "https://mrdata.usgs.gov/mrds/show-mrds.php?dep_id=10041499", "CODE_LIST": " CU", "Grade": "C", "AIANNH": "0760", "FSRFLG": "F", "AIANNHNS": "01529464", "AREALAND": 5480450410.0, "ALANDHIST": 5480450410.0, "AREAWATER": 179068265.0, "AWATERHIST": 179068265.0, "AIANNHCC": "D1", "EFFDATE": null, "ESTABDATE": null, "FUNCSTAT": "A", "GCFLG": null, "GEOID": "0760M", "LSADC": "86", "MTFCC": "G2100", "BASENAME": "Colville", "NAME": "Colville Reservation and Off-Reservation Trust Land", "ObjID": "25190479220731", "AIANNHCOMP": "M", "STATEFP1": "5314240", "STATEFP2": null, "STATEFP3": null, "UR": null, "VINTAGE": "90", "AIANNHFP1": "53-14240", "AIANNHFP2": null, "AIANNHFP3": null, "HU100": null, "POP100": null, "CENTLAT": "+48.2297341", "CENTLON": "-118.8728003", "INTPTLAT": "+48.2439112", "INTPTLON": "-118.8719074", "STGEOMETRY_AREA": 12744397331.6133, "STGEOMETRY_LEN": 633822.29200718994 }, "geometry": { "type": "Point", "coordinates": [ -118.85475, 48.47456 ] } },
{ "type": "Feature", "properties": { "OBJECTID": 20859, "Join_Count": 1, "TARGET_FID": 20859, "JOIN_FID": 242, "DEP_ID": "10041540", "SITE_NAME": "Kyota Claims", "DEV_STAT": "Occurrence", "URL": "https://mrdata.usgs.gov/mrds/show-mrds.php?dep_id=10041540", "CODE_LIST": " AG AU", "Grade": "C", "AIANNH": "0760", "FSRFLG": "F", "AIANNHNS": "01529464", "AREALAND": 5480450410.0, "ALANDHIST": 5480450410.0, "AREAWATER": 179068265.0, "AWATERHIST": 179068265.0, "AIANNHCC": "D1", "EFFDATE": null, "ESTABDATE": null, "FUNCSTAT": "A", "GCFLG": null, "GEOID": "0760M", "LSADC": "86", "MTFCC": "G2100", "BASENAME": "Colville", "NAME": "Colville Reservation and Off-Reservation Trust Land", "ObjID": "25190479220731", "AIANNHCOMP": "M", "STATEFP1": "5314240", "STATEFP2": null, "STATEFP3": null, "UR": null, "VINTAGE": "90", "AIANNHFP1": "53-14240", "AIANNHFP2": null, "AIANNHFP3": null, "HU100": null, "POP100": null, "CENTLAT": "+48.2297341", "CENTLON": "-118.8728003", "INTPTLAT": "+48.2439112", "INTPTLON": "-118.8719074", "STGEOMETRY_AREA": 12744397331.6133, "STGEOMETRY_LEN": 633822.29200718994 }, "geometry": { "type": "Point", "coordinates": [ -119.03058, 48.47595 ] } },
{ "type": "Feature", "properties": { "OBJECTID": 20875, "Join_Count": 1, "TARGET_FID": 20875, "JOIN_FID": 693, "DEP_ID": "10095775", "SITE_NAME": "Anacopper", "DEV_STAT": "Occurrence", "URL": "https://mrdata.usgs.gov/mrds/show-mrds.php?dep_id=10095775", "CODE_LIST": " CU AU AG", "Grade": "C", "AIANNH": "8750", "FSRFLG": "F", "AIANNHNS": "02419206", "AREALAND": 581850110.0, "ALANDHIST": 581850112.0, "AREAWATER": 1402706586.0, "AWATERHIST": 1402706586.0, "AIANNHCC": "D6", "EFFDATE": null, "ESTABDATE": null, "FUNCSTAT": "S", "GCFLG": null, "GEOID": "8750R", "LSADC": "80", "MTFCC": "G2160", "BASENAME": "Samish", "NAME": "Samish TDSA", "ObjID": "22490480943765", "AIANNHCOMP": "R", "STATEFP1": "5361040", "STATEFP2": null, "STATEFP3": null, "UR": null, "VINTAGE": "90", "AIANNHFP1": "53-61040", "AIANNHFP2": null, "AIANNHFP3": null, "HU100": null, "POP100": null, "CENTLAT": "+48.5561206", "CENTLON": "-122.9147436", "INTPTLAT": "+48.5553590", "INTPTLON": "-122.8939792", "STGEOMETRY_AREA": 4526342375.4767199, "STGEOMETRY_LEN": 320056.98606964003 }, "geometry": { "type": "Point", "coordinates": [ -122.62293, 48.4923 ] } },
{ "type": "Feature", "properties": { "OBJECTID": 20893, "Join_Count": 1, "TARGET_FID": 20893, "JOIN_FID": 693, "DEP_ID": "10048488", "SITE_NAME": "Anacortes", "DEV_STAT": "Occurrence", "URL": "https://mrdata.usgs.gov/mrds/show-mrds.php?dep_id=10048488", "CODE_LIST": " CR PGE_PT", "Grade": "B", "AIANNH": "8750", "FSRFLG": "F", "AIANNHNS": "02419206", "AREALAND": 581850110.0, "ALANDHIST": 581850112.0, "AREAWATER": 1402706586.0, "AWATERHIST": 1402706586.0, "AIANNHCC": "D6", "EFFDATE": null, "ESTABDATE": null, "FUNCSTAT": "S", "GCFLG": null, "GEOID": "8750R", "LSADC": "80", "MTFCC": "G2160", "BASENAME": "Samish", "NAME": "Samish TDSA", "ObjID": "22490480943765", "AIANNHCOMP": "R", "STATEFP1": "5361040", "STATEFP2": null, "STATEFP3": null, "UR": null, "VINTAGE": "90", "AIANNHFP1": "53-61040", "AIANNHFP2": null, "AIANNHFP3": null, "HU100": null, "POP100": null, "CENTLAT": "+48.5561206", "CENTLON": "-122.9147436", "INTPTLAT": "+48.5553590", "INTPTLON": "-122.8939792", "STGEOMETRY_AREA": 4526342375.4767199, "STGEOMETRY_LEN": 320056.98606964003 }, "geometry": { "type": "Point", "coordinates": [ -122.62487, 48.5023 ] } },
{ "type": "Feature", "properties": { "OBJECTID": 20916, "Join_Count": 1, "TARGET_FID": 20916, "JOIN_FID": 693, "DEP_ID": "10092672", "SITE_NAME": "Olivine Hill", "DEV_STAT": "Occurrence", "URL": "https://mrdata.usgs.gov/mrds/show-mrds.php?dep_id=10092672", "CODE_LIST": " CR", "Grade": "C", "AIANNH": "8750", "FSRFLG": "F", "AIANNHNS": "02419206", "AREALAND": 581850110.0, "ALANDHIST": 581850112.0, "AREAWATER": 1402706586.0, "AWATERHIST": 1402706586.0, "AIANNHCC": "D6", "EFFDATE": null, "ESTABDATE": null, "FUNCSTAT": "S", "GCFLG": null, "GEOID": "8750R", "LSADC": "80", "MTFCC": "G2160", "BASENAME": "Samish", "NAME": "Samish TDSA", "ObjID": "22490480943765", "AIANNHCOMP": "R", "STATEFP1": "5361040", "STATEFP2": null, "STATEFP3": null, "UR": null, "VINTAGE": "90", "AIANNHFP1": "53-61040", "AIANNHFP2": null, "AIANNHFP3": null, "HU100": null, "POP100": null, "CENTLAT": "+48.5561206", "CENTLON": "-122.9147436", "INTPTLAT": "+48.5553590", "INTPTLON": "-122.8939792", "STGEOMETRY_AREA": 4526342375.4767199, "STGEOMETRY_LEN": 320056.98606964003 }, "geometry": { "type": "Point", "coordinates": [ -122.69376, 48.55008 ] } },
{ "type": "Feature", "properties": { "OBJECTID": 20919, "Join_Count": 1, "TARGET_FID": 20919, "JOIN_FID": 693, "DEP_ID": "10047971", "SITE_NAME": "Smith Claim", "DEV_STAT": "Occurrence", "URL": "https://mrdata.usgs.gov/mrds/show-mrds.php?dep_id=10047971", "CODE_LIST": " CR", "Grade": "C", "AIANNH": "8750", "FSRFLG": "F", "AIANNHNS": "02419206", "AREALAND": 581850110.0, "ALANDHIST": 581850112.0, "AREAWATER": 1402706586.0, "AWATERHIST": 1402706586.0, "AIANNHCC": "D6", "EFFDATE": null, "ESTABDATE": null, "FUNCSTAT": "S", "GCFLG": null, "GEOID": "8750R", "LSADC": "80", "MTFCC": "G2160", "BASENAME": "Samish", "NAME": "Samish TDSA", "ObjID": "22490480943765", "AIANNHCOMP": "R", "STATEFP1": "5361040", "STATEFP2": null, "STATEFP3": null, "UR": null, "VINTAGE": "90", "AIANNHFP1": "53-61040", "AIANNHFP2": null, "AIANNHFP3": null, "HU100": null, "POP100": null, "CENTLAT": "+48.5561206", "CENTLON": "-122.9147436", "INTPTLAT": "+48.5553590", "INTPTLON": "-122.8939792", "STGEOMETRY_AREA": 4526342375.4767199, "STGEOMETRY_LEN": 320056.98606964003 }, "geometry": { "type": "Point", "coordinates": [ -122.67959, 48.56702 ] } },
{ "type": "Feature", "properties": { "OBJECTID": 20924, "Join_Count": 1, "TARGET_FID": 20924, "JOIN_FID": 693, "DEP_ID": "10179826", "SITE_NAME": "Twins Group", "DEV_STAT": "Occurrence", "URL": "https://mrdata.usgs.gov/mrds/show-mrds.php?dep_id=10179826", "CODE_LIST": " CR FE STN_C", "Grade": "B", "AIANNH": "8750", "FSRFLG": "F", "AIANNHNS": "02419206", "AREALAND": 581850110.0, "ALANDHIST": 581850112.0, "AREAWATER": 1402706586.0, "AWATERHIST": 1402706586.0, "AIANNHCC": "D6", "EFFDATE": null, "ESTABDATE": null, "FUNCSTAT": "S", "GCFLG": null, "GEOID": "8750R", "LSADC": "80", "MTFCC": "G2160", "BASENAME": "Samish", "NAME": "Samish TDSA", "ObjID": "22490480943765", "AIANNHCOMP": "R", "STATEFP1": "5361040", "STATEFP2": null, "STATEFP3": null, "UR": null, "VINTAGE": "90", "AIANNHFP1": "53-61040", "AIANNHFP2": null, "AIANNHFP3": null, "HU100": null, "POP100": null, "CENTLAT": "+48.5561206", "CENTLON": "-122.9147436", "INTPTLAT": "+48.5553590", "INTPTLON": "-122.8939792", "STGEOMETRY_AREA": 4526342375.4767199, "STGEOMETRY_LEN": 320056.98606964003 }, "geometry": { "type": "Point", "coordinates": [ -122.71376, 48.5756 ] } },
{ "type": "Feature", "properties": { "OBJECTID": 20933, "Join_Count": 1, "TARGET_FID": 20933, "JOIN_FID": 693, "DEP_ID": "10047998", "SITE_NAME": "Cyprus Lake", "DEV_STAT": "Occurrence", "URL": "https://mrdata.usgs.gov/mrds/show-mrds.php?dep_id=10047998", "CODE_LIST": " CR", "Grade": "C", "AIANNH": "8750", "FSRFLG": "F", "AIANNHNS": "02419206", "AREALAND": 581850110.0, "ALANDHIST": 581850112.0, "AREAWATER": 1402706586.0, "AWATERHIST": 1402706586.0, "AIANNHCC": "D6", "EFFDATE": null, "ESTABDATE": null, "FUNCSTAT": "S", "GCFLG": null, "GEOID": "8750R", "LSADC": "80", "MTFCC": "G2160", "BASENAME": "Samish", "NAME": "Samish TDSA", "ObjID": "22490480943765", "AIANNHCOMP": "R", "STATEFP1": "5361040", "STATEFP2": null, "STATEFP3": null, "UR": null, "VINTAGE": "90", "AIANNHFP1": "53-61040", "AIANNHFP2": null, "AIANNHFP3": null, "HU100": null, "POP100": null, "CENTLAT": "+48.5561206", "CENTLON": "-122.9147436", "INTPTLAT": "+48.5553590", "INTPTLON": "-122.8939792", "STGEOMETRY_AREA": 4526342375.4767199, "STGEOMETRY_LEN": 320056.98606964003 }, "geometry": { "type": "Point", "coordinates": [ -122.71098, 48.58008 ] } },
{ "type": "Feature", "properties": { "OBJECTID": 20935, "Join_Count": 1, "TARGET_FID": 20935, "JOIN_FID": 693, "DEP_ID": "10047972", "SITE_NAME": "Smith Open Cut", "DEV_STAT": "Occurrence", "URL": "https://mrdata.usgs.gov/mrds/show-mrds.php?dep_id=10047972", "CODE_LIST": " CR", "Grade": "C", "AIANNH": "8750", "FSRFLG": "F", "AIANNHNS": "02419206", "AREALAND": 581850110.0, "ALANDHIST": 581850112.0, "AREAWATER": 1402706586.0, "AWATERHIST": 1402706586.0, "AIANNHCC": "D6", "EFFDATE": null, "ESTABDATE": null, "FUNCSTAT": "S", "GCFLG": null, "GEOID": "8750R", "LSADC": "80", "MTFCC": "G2160", "BASENAME": "Samish", "NAME": "Samish TDSA", "ObjID": "22490480943765", "AIANNHCOMP": "R", "STATEFP1": "5361040", "STATEFP2": null, "STATEFP3": null, "UR": null, "VINTAGE": "90", "AIANNHFP1": "53-61040", "AIANNHFP2": null, "AIANNHFP3": null, "HU100": null, "POP100": null, "CENTLAT": "+48.5561206", "CENTLON": "-122.9147436", "INTPTLAT": "+48.5553590", "INTPTLON": "-122.8939792", "STGEOMETRY_AREA": 4526342375.4767199, "STGEOMETRY_LEN": 320056.98606964003 }, "geometry": { "type": "Point", "coordinates": [ -122.69432, 48.58063 ] } },
{ "type": "Feature", "properties": { "OBJECTID": 20940, "Join_Count": 1, "TARGET_FID": 20940, "JOIN_FID": 693, "DEP_ID": "10047969", "SITE_NAME": "Nellie Kelly Claim", "DEV_STAT": "Occurrence", "URL": "https://mrdata.usgs.gov/mrds/show-mrds.php?dep_id=10047969", "CODE_LIST": " CR", "Grade": "C", "AIANNH": "8750", "FSRFLG": "F", "AIANNHNS": "02419206", "AREALAND": 581850110.0, "ALANDHIST": 581850112.0, "AREAWATER": 1402706586.0, "AWATERHIST": 1402706586.0, "AIANNHCC": "D6", "EFFDATE": null, "ESTABDATE": null, "FUNCSTAT": "S", "GCFLG": null, "GEOID": "8750R", "LSADC": "80", "MTFCC": "G2160", "BASENAME": "Samish", "NAME": "Samish TDSA", "ObjID": "22490480943765", "AIANNHCOMP": "R", "STATEFP1": "5361040", "STATEFP2": null, "STATEFP3": null, "UR": null, "VINTAGE": "90", "AIANNHFP1": "53-61040", "AIANNHFP2": null, "AIANNHFP3": null, "HU100": null, "POP100": null, "CENTLAT": "+48.5561206", "CENTLON": "-122.9147436", "INTPTLAT": "+48.5553590", "INTPTLON": "-122.8939792", "STGEOMETRY_AREA": 4526342375.4767199, "STGEOMETRY_LEN": 320056.98606964003 }, "geometry": { "type": "Point", "coordinates": [ -122.72209, 48.5823 ] } },
{ "type": "Feature", "properties": { "OBJECTID": 21358, "Join_Count": 1, "TARGET_FID": 21358, "JOIN_FID": 493, "DEP_ID": "10005729", "SITE_NAME": "Misty Mountain", "DEV_STAT": "Occurrence", "URL": "https://mrdata.usgs.gov/mrds/show-mrds.php?dep_id=10005729", "CODE_LIST": " AU HG", "Grade": "C", "AIANNH": "7695", "FSRFLG": "F", "AIANNHNS": "02419277", "AREALAND": 194746607.0, "ALANDHIST": 194746607.0, "AREAWATER": 7251891.0, "AWATERHIST": 7251891.0, "AIANNHCC": "E1", "EFFDATE": null, "ESTABDATE": null, "FUNCSTAT": "S", "GCFLG": null, "GEOID": "7695R", "LSADC": "79", "MTFCC": "G2130", "BASENAME": "Unalaska", "NAME": "Unalaska ANVSA", "ObjID": "2249093610963", "AIANNHCOMP": "R", "STATEFP1": "0280775", "STATEFP2": null, "STATEFP3": null, "UR": null, "VINTAGE": "90", "AIANNHFP1": "02-80775", "AIANNHFP2": null, "AIANNHFP3": null, "HU100": null, "POP100": null, "CENTLAT": "+53.8837056", "CENTLON": "-166.5147590", "INTPTLAT": "+53.9102547", "INTPTLON": "-166.5290291", "STGEOMETRY_AREA": 580287763.64013195, "STGEOMETRY_LEN": 258105.43266501999 }, "geometry": { "type": "Point", "coordinates": [ -166.44406, 53.87661 ] } },
{ "type": "Feature", "properties": { "OBJECTID": 21359, "Join_Count": 1, "TARGET_FID": 21359, "JOIN_FID": 493, "DEP_ID": "10003264", "SITE_NAME": "Royal Dutch", "DEV_STAT": "Occurrence", "URL": "https://mrdata.usgs.gov/mrds/show-mrds.php?dep_id=10003264", "CODE_LIST": " AU", "Grade": "C", "AIANNH": "7695", "FSRFLG": "F", "AIANNHNS": "02419277", "AREALAND": 194746607.0, "ALANDHIST": 194746607.0, "AREAWATER": 7251891.0, "AWATERHIST": 7251891.0, "AIANNHCC": "E1", "EFFDATE": null, "ESTABDATE": null, "FUNCSTAT": "S", "GCFLG": null, "GEOID": "7695R", "LSADC": "79", "MTFCC": "G2130", "BASENAME": "Unalaska", "NAME": "Unalaska ANVSA", "ObjID": "2249093610963", "AIANNHCOMP": "R", "STATEFP1": "0280775", "STATEFP2": null, "STATEFP3": null, "UR": null, "VINTAGE": "90", "AIANNHFP1": "02-80775", "AIANNHFP2": null, "AIANNHFP3": null, "HU100": null, "POP100": null, "CENTLAT": "+53.8837056", "CENTLON": "-166.5147590", "INTPTLAT": "+53.9102547", "INTPTLON": "-166.5290291", "STGEOMETRY_AREA": 580287763.64013195, "STGEOMETRY_LEN": 258105.43266501999 }, "geometry": { "type": "Point", "coordinates": [ -166.42517, 53.87911 ] } },
{ "type": "Feature", "properties": { "OBJECTID": 21360, "Join_Count": 1, "TARGET_FID": 21360, "JOIN_FID": 493, "DEP_ID": "10003260", "SITE_NAME": "Mount Coxcomb", "DEV_STAT": "Prospect", "URL": "https://mrdata.usgs.gov/mrds/show-mrds.php?dep_id=10003260", "CODE_LIST": " AU AG", "Grade": "B", "AIANNH": "7695", "FSRFLG": "F", "AIANNHNS": "02419277", "AREALAND": 194746607.0, "ALANDHIST": 194746607.0, "AREAWATER": 7251891.0, "AWATERHIST": 7251891.0, "AIANNHCC": "E1", "EFFDATE": null, "ESTABDATE": null, "FUNCSTAT": "S", "GCFLG": null, "GEOID": "7695R", "LSADC": "79", "MTFCC": "G2130", "BASENAME": "Unalaska", "NAME": "Unalaska ANVSA", "ObjID": "2249093610963", "AIANNHCOMP": "R", "STATEFP1": "0280775", "STATEFP2": null, "STATEFP3": null, "UR": null, "VINTAGE": "90", "AIANNHFP1": "02-80775", "AIANNHFP2": null, "AIANNHFP3": null, "HU100": null, "POP100": null, "CENTLAT": "+53.8837056", "CENTLON": "-166.5147590", "INTPTLAT": "+53.9102547", "INTPTLON": "-166.5290291", "STGEOMETRY_AREA": 580287763.64013195, "STGEOMETRY_LEN": 258105.43266501999 }, "geometry": { "type": "Point", "coordinates": [ -166.4785, 53.88383 ] } },
{ "type": "Feature", "properties": { "OBJECTID": 21361, "Join_Count": 1, "TARGET_FID": 21361, "JOIN_FID": 493, "DEP_ID": "10002320", "SITE_NAME": "Amaknak Island", "DEV_STAT": "Occurrence", "URL": "https://mrdata.usgs.gov/mrds/show-mrds.php?dep_id=10002320", "CODE_LIST": " AU", "Grade": "B", "AIANNH": "7695", "FSRFLG": "F", "AIANNHNS": "02419277", "AREALAND": 194746607.0, "ALANDHIST": 194746607.0, "AREAWATER": 7251891.0, "AWATERHIST": 7251891.0, "AIANNHCC": "E1", "EFFDATE": null, "ESTABDATE": null, "FUNCSTAT": "S", "GCFLG": null, "GEOID": "7695R", "LSADC": "79", "MTFCC": "G2130", "BASENAME": "Unalaska", "NAME": "Unalaska ANVSA", "ObjID": "2249093610963", "AIANNHCOMP": "R", "STATEFP1": "0280775", "STATEFP2": null, "STATEFP3": null, "UR": null, "VINTAGE": "90", "AIANNHFP1": "02-80775", "AIANNHFP2": null, "AIANNHFP3": null, "HU100": null, "POP100": null, "CENTLAT": "+53.8837056", "CENTLON": "-166.5147590", "INTPTLAT": "+53.9102547", "INTPTLON": "-166.5290291", "STGEOMETRY_AREA": 580287763.64013195, "STGEOMETRY_LEN": 258105.43266501999 }, "geometry": { "type": "Point", "coordinates": [ -166.55072, 53.88411 ] } },
{ "type": "Feature", "properties": { "OBJECTID": 21367, "Join_Count": 1, "TARGET_FID": 21367, "JOIN_FID": 493, "DEP_ID": "10003266", "SITE_NAME": "Wide Bay", "DEV_STAT": "Occurrence", "URL": "https://mrdata.usgs.gov/mrds/show-mrds.php?dep_id=10003266", "CODE_LIST": " CU", "Grade": "C", "AIANNH": "7695", "FSRFLG": "F", "AIANNHNS": "02419277", "AREALAND": 194746607.0, "ALANDHIST": 194746607.0, "AREAWATER": 7251891.0, "AWATERHIST": 7251891.0, "AIANNHCC": "E1", "EFFDATE": null, "ESTABDATE": null, "FUNCSTAT": "S", "GCFLG": null, "GEOID": "7695R", "LSADC": "79", "MTFCC": "G2130", "BASENAME": "Unalaska", "NAME": "Unalaska ANVSA", "ObjID": "2249093610963", "AIANNHCOMP": "R", "STATEFP1": "0280775", "STATEFP2": null, "STATEFP3": null, "UR": null, "VINTAGE": "90", "AIANNHFP1": "02-80775", "AIANNHFP2": null, "AIANNHFP3": null, "HU100": null, "POP100": null, "CENTLAT": "+53.8837056", "CENTLON": "-166.5147590", "INTPTLAT": "+53.9102547", "INTPTLON": "-166.5290291", "STGEOMETRY_AREA": 580287763.64013195, "STGEOMETRY_LEN": 258105.43266501999 }, "geometry": { "type": "Point", "coordinates": [ -166.6524, 53.91578 ] } },
{ "type": "Feature", "properties": { "OBJECTID": 21368, "Join_Count": 1, "TARGET_FID": 21368, "JOIN_FID": 493, "DEP_ID": "10003262", "SITE_NAME": "Makushin Valley", "DEV_STAT": "Prospect", "URL": "https://mrdata.usgs.gov/mrds/show-mrds.php?dep_id=10003262", "CODE_LIST": " AU AG AS HG", "Grade": "B", "AIANNH": "7695", "FSRFLG": "F", "AIANNHNS": "02419277", "AREALAND": 194746607.0, "ALANDHIST": 194746607.0, "AREAWATER": 7251891.0, "AWATERHIST": 7251891.0, "AIANNHCC": "E1", "EFFDATE": null, "ESTABDATE": null, "FUNCSTAT": "S", "GCFLG": null, "GEOID": "7695R", "LSADC": "79", "MTFCC": "G2130", "BASENAME": "Unalaska", "NAME": "Unalaska ANVSA", "ObjID": "2249093610963", "AIANNHCOMP": "R", "STATEFP1": "0280775", "STATEFP2": null, "STATEFP3": null, "UR": null, "VINTAGE": "90", "AIANNHFP1": "02-80775", "AIANNHFP2": null, "AIANNHFP3": null, "HU100": null, "POP100": null, "CENTLAT": "+53.8837056", "CENTLON": "-166.5147590", "INTPTLAT": "+53.9102547", "INTPTLON": "-166.5290291", "STGEOMETRY_AREA": 580287763.64013195, "STGEOMETRY_LEN": 258105.43266501999 }, "geometry": { "type": "Point", "coordinates": [ -166.66573, 53.923 ] } },
{ "type": "Feature", "properties": { "OBJECTID": 21370, "Join_Count": 1, "TARGET_FID": 21370, "JOIN_FID": 493, "DEP_ID": "10003261", "SITE_NAME": "Mak North", "DEV_STAT": "Prospect", "URL": "https://mrdata.usgs.gov/mrds/show-mrds.php?dep_id=10003261", "CODE_LIST": " AU AG AS HG", "Grade": "C", "AIANNH": "7695", "FSRFLG": "F", "AIANNHNS": "02419277", "AREALAND": 194746607.0, "ALANDHIST": 194746607.0, "AREAWATER": 7251891.0, "AWATERHIST": 7251891.0, "AIANNHCC": "E1", "EFFDATE": null, "ESTABDATE": null, "FUNCSTAT": "S", "GCFLG": null, "GEOID": "7695R", "LSADC": "79", "MTFCC": "G2130", "BASENAME": "Unalaska", "NAME": "Unalaska ANVSA", "ObjID": "2249093610963", "AIANNHCOMP": "R", "STATEFP1": "0280775", "STATEFP2": null, "STATEFP3": null, "UR": null, "VINTAGE": "90", "AIANNHFP1": "02-80775", "AIANNHFP2": null, "AIANNHFP3": null, "HU100": null, "POP100": null, "CENTLAT": "+53.8837056", "CENTLON": "-166.5147590", "INTPTLAT": "+53.9102547", "INTPTLON": "-166.5290291", "STGEOMETRY_AREA": 580287763.64013195, "STGEOMETRY_LEN": 258105.43266501999 }, "geometry": { "type": "Point", "coordinates": [ -166.65407, 53.94161 ] } },
{ "type": "Feature", "properties": { "OBJECTID": 21448, "Join_Count": 1, "TARGET_FID": 21448, "JOIN_FID": 251, "DEP_ID": "10001630", "SITE_NAME": "Unnamed (east of Crater Lake)", "DEV_STAT": "Occurrence", "URL": "https://mrdata.usgs.gov/mrds/show-mrds.php?dep_id=10001630", "CODE_LIST": " CU AG AU PB", "Grade": "C", "AIANNH": "0110", "FSRFLG": "F", "AIANNHNS": "01934114", "AREALAND": 343947624.0, "ALANDHIST": 343947625.0, "AREAWATER": 333891072.0, "AWATERHIST": 333891072.0, "AIANNHCC": "D2", "EFFDATE": null, "ESTABDATE": null, "FUNCSTAT": "A", "GCFLG": null, "GEOID": "0110R", "LSADC": "87", "MTFCC": "G2100", "BASENAME": "Annette Island", "NAME": "Annette Island Reserve", "ObjID": "2519045732178", "AIANNHCOMP": "R", "STATEFP1": "0203800", "STATEFP2": null, "STATEFP3": null, "UR": null, "VINTAGE": "90", "AIANNHFP1": "02-03800", "AIANNHFP2": null, "AIANNHFP3": null, "HU100": null, "POP100": null, "CENTLAT": "+55.1283187", "CENTLON": "-131.4834167", "INTPTLAT": "+55.1383523", "INTPTLON": "-131.4704246", "STGEOMETRY_AREA": 2068852488.60272, "STGEOMETRY_LEN": 194694.89506608999 }, "geometry": { "type": "Point", "coordinates": [ -131.35369, 55.0578 ] } },
{ "type": "Feature", "properties": { "OBJECTID": 21459, "Join_Count": 1, "TARGET_FID": 21459, "JOIN_FID": 251, "DEP_ID": "10209681", "SITE_NAME": "Yellow Hill Chromite", "DEV_STAT": "Occurrence", "URL": "https://mrdata.usgs.gov/mrds/show-mrds.php?dep_id=10209681", "CODE_LIST": " CR ASB PGE_PT", "Grade": "C", "AIANNH": "0110", "FSRFLG": "F", "AIANNHNS": "01934114", "AREALAND": 343947624.0, "ALANDHIST": 343947625.0, "AREAWATER": 333891072.0, "AWATERHIST": 333891072.0, "AIANNHCC": "D2", "EFFDATE": null, "ESTABDATE": null, "FUNCSTAT": "A", "GCFLG": null, "GEOID": "0110R", "LSADC": "87", "MTFCC": "G2100", "BASENAME": "Annette Island", "NAME": "Annette Island Reserve", "ObjID": "2519045732178", "AIANNHCOMP": "R", "STATEFP1": "0203800", "STATEFP2": null, "STATEFP3": null, "UR": null, "VINTAGE": "90", "AIANNHFP1": "02-03800", "AIANNHFP2": null, "AIANNHFP3": null, "HU100": null, "POP100": null, "CENTLAT": "+55.1283187", "CENTLON": "-131.4834167", "INTPTLAT": "+55.1383523", "INTPTLON": "-131.4704246", "STGEOMETRY_AREA": 2068852488.60272, "STGEOMETRY_LEN": 194694.89506608999 }, "geometry": { "type": "Point", "coordinates": [ -131.56846, 55.09974 ] } },
{ "type": "Feature", "properties": { "OBJECTID": 21461, "Join_Count": 1, "TARGET_FID": 21461, "JOIN_FID": 251, "DEP_ID": "10001627", "SITE_NAME": "Yellow Hill", "DEV_STAT": "Occurrence", "URL": "https://mrdata.usgs.gov/mrds/show-mrds.php?dep_id=10001627", "CODE_LIST": " CR PGE ASB", "Grade": "B", "AIANNH": "0110", "FSRFLG": "F", "AIANNHNS": "01934114", "AREALAND": 343947624.0, "ALANDHIST": 343947625.0, "AREAWATER": 333891072.0, "AWATERHIST": 333891072.0, "AIANNHCC": "D2", "EFFDATE": null, "ESTABDATE": null, "FUNCSTAT": "A", "GCFLG": null, "GEOID": "0110R", "LSADC": "87", "MTFCC": "G2100", "BASENAME": "Annette Island", "NAME": "Annette Island Reserve", "ObjID": "2519045732178", "AIANNHCOMP": "R", "STATEFP1": "0203800", "STATEFP2": null, "STATEFP3": null, "UR": null, "VINTAGE": "90", "AIANNHFP1": "02-03800", "AIANNHFP2": null, "AIANNHFP3": null, "HU100": null, "POP100": null, "CENTLAT": "+55.1283187", "CENTLON": "-131.4834167", "INTPTLAT": "+55.1383523", "INTPTLON": "-131.4704246", "STGEOMETRY_AREA": 2068852488.60272, "STGEOMETRY_LEN": 194694.89506608999 }, "geometry": { "type": "Point", "coordinates": [ -131.57565, 55.10585 ] } },
{ "type": "Feature", "properties": { "OBJECTID": 21462, "Join_Count": 1, "TARGET_FID": 21462, "JOIN_FID": 251, "DEP_ID": "10001623", "SITE_NAME": "Unnamed ('Sink Lake')", "DEV_STAT": "Occurrence", "URL": "https://mrdata.usgs.gov/mrds/show-mrds.php?dep_id=10001623", "CODE_LIST": " AG AU CU PB ZN", "Grade": "C", "AIANNH": "0110", "FSRFLG": "F", "AIANNHNS": "01934114", "AREALAND": 343947624.0, "ALANDHIST": 343947625.0, "AREAWATER": 333891072.0, "AWATERHIST": 333891072.0, "AIANNHCC": "D2", "EFFDATE": null, "ESTABDATE": null, "FUNCSTAT": "A", "GCFLG": null, "GEOID": "0110R", "LSADC": "87", "MTFCC": "G2100", "BASENAME": "Annette Island", "NAME": "Annette Island Reserve", "ObjID": "2519045732178", "AIANNHCOMP": "R", "STATEFP1": "0203800", "STATEFP2": null, "STATEFP3": null, "UR": null, "VINTAGE": "90", "AIANNHFP1": "02-03800", "AIANNHFP2": null, "AIANNHFP3": null, "HU100": null, "POP100": null, "CENTLAT": "+55.1283187", "CENTLON": "-131.4834167", "INTPTLAT": "+55.1383523", "INTPTLON": "-131.4704246", "STGEOMETRY_AREA": 2068852488.60272, "STGEOMETRY_LEN": 194694.89506608999 }, "geometry": { "type": "Point", "coordinates": [ -131.40481, 55.10585 ] } },
{ "type": "Feature", "properties": { "OBJECTID": 21465, "Join_Count": 1, "TARGET_FID": 21465, "JOIN_FID": 251, "DEP_ID": "10001624", "SITE_NAME": "Unnamed (west of Crab Bay)", "DEV_STAT": "Occurrence", "URL": "https://mrdata.usgs.gov/mrds/show-mrds.php?dep_id=10001624", "CODE_LIST": " AG AU CU PB ZN BA", "Grade": "B", "AIANNH": "0110", "FSRFLG": "F", "AIANNHNS": "01934114", "AREALAND": 343947624.0, "ALANDHIST": 343947625.0, "AREAWATER": 333891072.0, "AWATERHIST": 333891072.0, "AIANNHCC": "D2", "EFFDATE": null, "ESTABDATE": null, "FUNCSTAT": "A", "GCFLG": null, "GEOID": "0110R", "LSADC": "87", "MTFCC": "G2100", "BASENAME": "Annette Island", "NAME": "Annette Island Reserve", "ObjID": "2519045732178", "AIANNHCOMP": "R", "STATEFP1": "0203800", "STATEFP2": null, "STATEFP3": null, "UR": null, "VINTAGE": "90", "AIANNHFP1": "02-03800", "AIANNHFP2": null, "AIANNHFP3": null, "HU100": null, "POP100": null, "CENTLAT": "+55.1283187", "CENTLON": "-131.4834167", "INTPTLAT": "+55.1383523", "INTPTLON": "-131.4704246", "STGEOMETRY_AREA": 2068852488.60272, "STGEOMETRY_LEN": 194694.89506608999 }, "geometry": { "type": "Point", "coordinates": [ -131.39869, 55.11085 ] } },
{ "type": "Feature", "properties": { "OBJECTID": 21467, "Join_Count": 1, "TARGET_FID": 21467, "JOIN_FID": 251, "DEP_ID": "10307699", "SITE_NAME": "Unnamed (on Dubuque Mountain)", "DEV_STAT": "Occurrence", "URL": "https://mrdata.usgs.gov/mrds/show-mrds.php?dep_id=10307699", "CODE_LIST": " AG MO", "Grade": "C", "AIANNH": "0110", "FSRFLG": "F", "AIANNHNS": "01934114", "AREALAND": 343947624.0, "ALANDHIST": 343947625.0, "AREAWATER": 333891072.0, "AWATERHIST": 333891072.0, "AIANNHCC": "D2", "EFFDATE": null, "ESTABDATE": null, "FUNCSTAT": "A", "GCFLG": null, "GEOID": "0110R", "LSADC": "87", "MTFCC": "G2100", "BASENAME": "Annette Island", "NAME": "Annette Island Reserve", "ObjID": "2519045732178", "AIANNHCOMP": "R", "STATEFP1": "0203800", "STATEFP2": null, "STATEFP3": null, "UR": null, "VINTAGE": "90", "AIANNHFP1": "02-03800", "AIANNHFP2": null, "AIANNHFP3": null, "HU100": null, "POP100": null, "CENTLAT": "+55.1283187", "CENTLON": "-131.4834167", "INTPTLAT": "+55.1383523", "INTPTLON": "-131.4704246", "STGEOMETRY_AREA": 2068852488.60272, "STGEOMETRY_LEN": 194694.89506608999 }, "geometry": { "type": "Point", "coordinates": [ -131.43075, 55.11774 ] } },
{ "type": "Feature", "properties": { "OBJECTID": 21468, "Join_Count": 1, "TARGET_FID": 21468, "JOIN_FID": 251, "DEP_ID": "10307688", "SITE_NAME": "Unnamed (Crab Bay area)", "DEV_STAT": "Occurrence", "URL": "https://mrdata.usgs.gov/mrds/show-mrds.php?dep_id=10307688", "CODE_LIST": " AG BA PB ZN", "Grade": "C", "AIANNH": "0110", "FSRFLG": "F", "AIANNHNS": "01934114", "AREALAND": 343947624.0, "ALANDHIST": 343947625.0, "AREAWATER": 333891072.0, "AWATERHIST": 333891072.0, "AIANNHCC": "D2", "EFFDATE": null, "ESTABDATE": null, "FUNCSTAT": "A", "GCFLG": null, "GEOID": "0110R", "LSADC": "87", "MTFCC": "G2100", "BASENAME": "Annette Island", "NAME": "Annette Island Reserve", "ObjID": "2519045732178", "AIANNHCOMP": "R", "STATEFP1": "0203800", "STATEFP2": null, "STATEFP3": null, "UR": null, "VINTAGE": "90", "AIANNHFP1": "02-03800", "AIANNHFP2": null, "AIANNHFP3": null, "HU100": null, "POP100": null, "CENTLAT": "+55.1283187", "CENTLON": "-131.4834167", "INTPTLAT": "+55.1383523", "INTPTLON": "-131.4704246", "STGEOMETRY_AREA": 2068852488.60272, "STGEOMETRY_LEN": 194694.89506608999 }, "geometry": { "type": "Point", "coordinates": [ -131.39075, 55.11874 ] } },
{ "type": "Feature", "properties": { "OBJECTID": 21469, "Join_Count": 1, "TARGET_FID": 21469, "JOIN_FID": 251, "DEP_ID": "10001622", "SITE_NAME": "Unnamed (southeast of Blunt Mountain)", "DEV_STAT": "Prospect", "URL": "https://mrdata.usgs.gov/mrds/show-mrds.php?dep_id=10001622", "CODE_LIST": " AG AU CU PB ZN BA", "Grade": "C", "AIANNH": "0110", "FSRFLG": "F", "AIANNHNS": "01934114", "AREALAND": 343947624.0, "ALANDHIST": 343947625.0, "AREAWATER": 333891072.0, "AWATERHIST": 333891072.0, "AIANNHCC": "D2", "EFFDATE": null, "ESTABDATE": null, "FUNCSTAT": "A", "GCFLG": null, "GEOID": "0110R", "LSADC": "87", "MTFCC": "G2100", "BASENAME": "Annette Island", "NAME": "Annette Island Reserve", "ObjID": "2519045732178", "AIANNHCOMP": "R", "STATEFP1": "0203800", "STATEFP2": null, "STATEFP3": null, "UR": null, "VINTAGE": "90", "AIANNHFP1": "02-03800", "AIANNHFP2": null, "AIANNHFP3": null, "HU100": null, "POP100": null, "CENTLAT": "+55.1283187", "CENTLON": "-131.4834167", "INTPTLAT": "+55.1383523", "INTPTLON": "-131.4704246", "STGEOMETRY_AREA": 2068852488.60272, "STGEOMETRY_LEN": 194694.89506608999 }, "geometry": { "type": "Point", "coordinates": [ -131.37564, 55.1278 ] } },
{ "type": "Feature", "properties": { "OBJECTID": 21473, "Join_Count": 1, "TARGET_FID": 21473, "JOIN_FID": 251, "DEP_ID": "10001620", "SITE_NAME": "Unnamed (east of Blunt Mountain)", "DEV_STAT": "Occurrence", "URL": "https://mrdata.usgs.gov/mrds/show-mrds.php?dep_id=10001620", "CODE_LIST": " AG AU CU PB ZN", "Grade": "C", "AIANNH": "0110", "FSRFLG": "F", "AIANNHNS": "01934114", "AREALAND": 343947624.0, "ALANDHIST": 343947625.0, "AREAWATER": 333891072.0, "AWATERHIST": 333891072.0, "AIANNHCC": "D2", "EFFDATE": null, "ESTABDATE": null, "FUNCSTAT": "A", "GCFLG": null, "GEOID": "0110R", "LSADC": "87", "MTFCC": "G2100", "BASENAME": "Annette Island", "NAME": "Annette Island Reserve", "ObjID": "2519045732178", "AIANNHCOMP": "R", "STATEFP1": "0203800", "STATEFP2": null, "STATEFP3": null, "UR": null, "VINTAGE": "90", "AIANNHFP1": "02-03800", "AIANNHFP2": null, "AIANNHFP3": null, "HU100": null, "POP100": null, "CENTLAT": "+55.1283187", "CENTLON": "-131.4834167", "INTPTLAT": "+55.1383523", "INTPTLON": "-131.4704246", "STGEOMETRY_AREA": 2068852488.60272, "STGEOMETRY_LEN": 194694.89506608999 }, "geometry": { "type": "Point", "coordinates": [ -131.36481, 55.14168 ] } },
{ "type": "Feature", "properties": { "OBJECTID": 21499, "Join_Count": 1, "TARGET_FID": 21499, "JOIN_FID": 251, "DEP_ID": "10307686", "SITE_NAME": "Unnamed (near Hemlock Bay)", "DEV_STAT": "Occurrence", "URL": "https://mrdata.usgs.gov/mrds/show-mrds.php?dep_id=10307686", "CODE_LIST": " AG BA CU PB ZN", "Grade": "C", "AIANNH": "0110", "FSRFLG": "F", "AIANNHNS": "01934114", "AREALAND": 343947624.0, "ALANDHIST": 343947625.0, "AREAWATER": 333891072.0, "AWATERHIST": 333891072.0, "AIANNHCC": "D2", "EFFDATE": null, "ESTABDATE": null, "FUNCSTAT": "A", "GCFLG": null, "GEOID": "0110R", "LSADC": "87", "MTFCC": "G2100", "BASENAME": "Annette Island", "NAME": "Annette Island Reserve", "ObjID": "2519045732178", "AIANNHCOMP": "R", "STATEFP1": "0203800", "STATEFP2": null, "STATEFP3": null, "UR": null, "VINTAGE": "90", "AIANNHFP1": "02-03800", "AIANNHFP2": null, "AIANNHFP3": null, "HU100": null, "POP100": null, "CENTLAT": "+55.1283187", "CENTLON": "-131.4834167", "INTPTLAT": "+55.1383523", "INTPTLON": "-131.4704246", "STGEOMETRY_AREA": 2068852488.60272, "STGEOMETRY_LEN": 194694.89506608999 }, "geometry": { "type": "Point", "coordinates": [ -131.57276, 55.16874 ] } },
{ "type": "Feature", "properties": { "OBJECTID": 21502, "Join_Count": 1, "TARGET_FID": 21502, "JOIN_FID": 251, "DEP_ID": "10001613", "SITE_NAME": "Unnamed (southeast of Driest Point)", "DEV_STAT": "Occurrence", "URL": "https://mrdata.usgs.gov/mrds/show-mrds.php?dep_id=10001613", "CODE_LIST": " AG BA PB ZN", "Grade": "C", "AIANNH": "0110", "FSRFLG": "F", "AIANNHNS": "01934114", "AREALAND": 343947624.0, "ALANDHIST": 343947625.0, "AREAWATER": 333891072.0, "AWATERHIST": 333891072.0, "AIANNHCC": "D2", "EFFDATE": null, "ESTABDATE": null, "FUNCSTAT": "A", "GCFLG": null, "GEOID": "0110R", "LSADC": "87", "MTFCC": "G2100", "BASENAME": "Annette Island", "NAME": "Annette Island Reserve", "ObjID": "2519045732178", "AIANNHCOMP": "R", "STATEFP1": "0203800", "STATEFP2": null, "STATEFP3": null, "UR": null, "VINTAGE": "90", "AIANNHFP1": "02-03800", "AIANNHFP2": null, "AIANNHFP3": null, "HU100": null, "POP100": null, "CENTLAT": "+55.1283187", "CENTLON": "-131.4834167", "INTPTLAT": "+55.1383523", "INTPTLON": "-131.4704246", "STGEOMETRY_AREA": 2068852488.60272, "STGEOMETRY_LEN": 194694.89506608999 }, "geometry": { "type": "Point", "coordinates": [ -131.5937, 55.17085 ] } },
{ "type": "Feature", "properties": { "OBJECTID": 21505, "Join_Count": 1, "TARGET_FID": 21505, "JOIN_FID": 251, "DEP_ID": "10307685", "SITE_NAME": "Unnamed (near Sylburn Harbor)", "DEV_STAT": "Occurrence", "URL": "https://mrdata.usgs.gov/mrds/show-mrds.php?dep_id=10307685", "CODE_LIST": " AG BA PB ZN", "Grade": "C", "AIANNH": "0110", "FSRFLG": "F", "AIANNHNS": "01934114", "AREALAND": 343947624.0, "ALANDHIST": 343947625.0, "AREAWATER": 333891072.0, "AWATERHIST": 333891072.0, "AIANNHCC": "D2", "EFFDATE": null, "ESTABDATE": null, "FUNCSTAT": "A", "GCFLG": null, "GEOID": "0110R", "LSADC": "87", "MTFCC": "G2100", "BASENAME": "Annette Island", "NAME": "Annette Island Reserve", "ObjID": "2519045732178", "AIANNHCOMP": "R", "STATEFP1": "0203800", "STATEFP2": null, "STATEFP3": null, "UR": null, "VINTAGE": "90", "AIANNHFP1": "02-03800", "AIANNHFP2": null, "AIANNHFP3": null, "HU100": null, "POP100": null, "CENTLAT": "+55.1283187", "CENTLON": "-131.4834167", "INTPTLAT": "+55.1383523", "INTPTLON": "-131.4704246", "STGEOMETRY_AREA": 2068852488.60272, "STGEOMETRY_LEN": 194694.89506608999 }, "geometry": { "type": "Point", "coordinates": [ -131.57576, 55.17374 ] } },
{ "type": "Feature", "properties": { "OBJECTID": 21508, "Join_Count": 1, "TARGET_FID": 21508, "JOIN_FID": 251, "DEP_ID": "10308880", "SITE_NAME": "Unnamed (east of inner Sylburn Harbor)", "DEV_STAT": "Occurrence", "URL": "https://mrdata.usgs.gov/mrds/show-mrds.php?dep_id=10308880", "CODE_LIST": " CU", "Grade": "C", "AIANNH": "0110", "FSRFLG": "F", "AIANNHNS": "01934114", "AREALAND": 343947624.0, "ALANDHIST": 343947625.0, "AREAWATER": 333891072.0, "AWATERHIST": 333891072.0, "AIANNHCC": "D2", "EFFDATE": null, "ESTABDATE": null, "FUNCSTAT": "A", "GCFLG": null, "GEOID": "0110R", "LSADC": "87", "MTFCC": "G2100", "BASENAME": "Annette Island", "NAME": "Annette Island Reserve", "ObjID": "2519045732178", "AIANNHCOMP": "R", "STATEFP1": "0203800", "STATEFP2": null, "STATEFP3": null, "UR": null, "VINTAGE": "90", "AIANNHFP1": "02-03800", "AIANNHFP2": null, "AIANNHFP3": null, "HU100": null, "POP100": null, "CENTLAT": "+55.1283187", "CENTLON": "-131.4834167", "INTPTLAT": "+55.1383523", "INTPTLON": "-131.4704246", "STGEOMETRY_AREA": 2068852488.60272, "STGEOMETRY_LEN": 194694.89506608999 }, "geometry": { "type": "Point", "coordinates": [ -131.55276, 55.17674 ] } },
{ "type": "Feature", "properties": { "OBJECTID": 21509, "Join_Count": 1, "TARGET_FID": 21509, "JOIN_FID": 251, "DEP_ID": "10307697", "SITE_NAME": "Unnamed (near Sylburn Harbor)", "DEV_STAT": "Occurrence", "URL": "https://mrdata.usgs.gov/mrds/show-mrds.php?dep_id=10307697", "CODE_LIST": " AG BA PB ZN", "Grade": "C", "AIANNH": "0110", "FSRFLG": "F", "AIANNHNS": "01934114", "AREALAND": 343947624.0, "ALANDHIST": 343947625.0, "AREAWATER": 333891072.0, "AWATERHIST": 333891072.0, "AIANNHCC": "D2", "EFFDATE": null, "ESTABDATE": null, "FUNCSTAT": "A", "GCFLG": null, "GEOID": "0110R", "LSADC": "87", "MTFCC": "G2100", "BASENAME": "Annette Island", "NAME": "Annette Island Reserve", "ObjID": "2519045732178", "AIANNHCOMP": "R", "STATEFP1": "0203800", "STATEFP2": null, "STATEFP3": null, "UR": null, "VINTAGE": "90", "AIANNHFP1": "02-03800", "AIANNHFP2": null, "AIANNHFP3": null, "HU100": null, "POP100": null, "CENTLAT": "+55.1283187", "CENTLON": "-131.4834167", "INTPTLAT": "+55.1383523", "INTPTLON": "-131.4704246", "STGEOMETRY_AREA": 2068852488.60272, "STGEOMETRY_LEN": 194694.89506608999 }, "geometry": { "type": "Point", "coordinates": [ -131.58676, 55.17774 ] } },
{ "type": "Feature", "properties": { "OBJECTID": 21510, "Join_Count": 1, "TARGET_FID": 21510, "JOIN_FID": 251, "DEP_ID": "10001614", "SITE_NAME": "Japan Bay", "DEV_STAT": "Prospect", "URL": "https://mrdata.usgs.gov/mrds/show-mrds.php?dep_id=10001614", "CODE_LIST": " AG BA PB ZN", "Grade": "B", "AIANNH": "0110", "FSRFLG": "F", "AIANNHNS": "01934114", "AREALAND": 343947624.0, "ALANDHIST": 343947625.0, "AREAWATER": 333891072.0, "AWATERHIST": 333891072.0, "AIANNHCC": "D2", "EFFDATE": null, "ESTABDATE": null, "FUNCSTAT": "A", "GCFLG": null, "GEOID": "0110R", "LSADC": "87", "MTFCC": "G2100", "BASENAME": "Annette Island", "NAME": "Annette Island Reserve", "ObjID": "2519045732178", "AIANNHCOMP": "R", "STATEFP1": "0203800", "STATEFP2": null, "STATEFP3": null, "UR": null, "VINTAGE": "90", "AIANNHFP1": "02-03800", "AIANNHFP2": null, "AIANNHFP3": null, "HU100": null, "POP100": null, "CENTLAT": "+55.1283187", "CENTLON": "-131.4834167", "INTPTLAT": "+55.1383523", "INTPTLON": "-131.4704246", "STGEOMETRY_AREA": 2068852488.60272, "STGEOMETRY_LEN": 194694.89506608999 }, "geometry": { "type": "Point", "coordinates": [ -131.57676, 55.1778 ] } },
{ "type": "Feature", "properties": { "OBJECTID": 21546, "Join_Count": 1, "TARGET_FID": 21546, "JOIN_FID": 251, "DEP_ID": "10001611", "SITE_NAME": "Unnamed (shoreline of Sylburn Harbor)", "DEV_STAT": "Occurrence", "URL": "https://mrdata.usgs.gov/mrds/show-mrds.php?dep_id=10001611", "CODE_LIST": " AG AU PB", "Grade": "C", "AIANNH": "0110", "FSRFLG": "F", "AIANNHNS": "01934114", "AREALAND": 343947624.0, "ALANDHIST": 343947625.0, "AREAWATER": 333891072.0, "AWATERHIST": 333891072.0, "AIANNHCC": "D2", "EFFDATE": null, "ESTABDATE": null, "FUNCSTAT": "A", "GCFLG": null, "GEOID": "0110R", "LSADC": "87", "MTFCC": "G2100", "BASENAME": "Annette Island", "NAME": "Annette Island Reserve", "ObjID": "2519045732178", "AIANNHCOMP": "R", "STATEFP1": "0203800", "STATEFP2": null, "STATEFP3": null, "UR": null, "VINTAGE": "90", "AIANNHFP1": "02-03800", "AIANNHFP2": null, "AIANNHFP3": null, "HU100": null, "POP100": null, "CENTLAT": "+55.1283187", "CENTLON": "-131.4834167", "INTPTLAT": "+55.1383523", "INTPTLON": "-131.4704246", "STGEOMETRY_AREA": 2068852488.60272, "STGEOMETRY_LEN": 194694.89506608999 }, "geometry": { "type": "Point", "coordinates": [ -131.58787, 55.20085 ] } },
{ "type": "Feature", "properties": { "OBJECTID": 21548, "Join_Count": 1, "TARGET_FID": 21548, "JOIN_FID": 251, "DEP_ID": "10307683", "SITE_NAME": "Unnamed (near Spine Mountain)", "DEV_STAT": "Occurrence", "URL": "https://mrdata.usgs.gov/mrds/show-mrds.php?dep_id=10307683", "CODE_LIST": " AG CU", "Grade": "C", "AIANNH": "0110", "FSRFLG": "F", "AIANNHNS": "01934114", "AREALAND": 343947624.0, "ALANDHIST": 343947625.0, "AREAWATER": 333891072.0, "AWATERHIST": 333891072.0, "AIANNHCC": "D2", "EFFDATE": null, "ESTABDATE": null, "FUNCSTAT": "A", "GCFLG": null, "GEOID": "0110R", "LSADC": "87", "MTFCC": "G2100", "BASENAME": "Annette Island", "NAME": "Annette Island Reserve", "ObjID": "2519045732178", "AIANNHCOMP": "R", "STATEFP1": "0203800", "STATEFP2": null, "STATEFP3": null, "UR": null, "VINTAGE": "90", "AIANNHFP1": "02-03800", "AIANNHFP2": null, "AIANNHFP3": null, "HU100": null, "POP100": null, "CENTLAT": "+55.1283187", "CENTLON": "-131.4834167", "INTPTLAT": "+55.1383523", "INTPTLON": "-131.4704246", "STGEOMETRY_AREA": 2068852488.60272, "STGEOMETRY_LEN": 194694.89506608999 }, "geometry": { "type": "Point", "coordinates": [ -131.47976, 55.20774 ] } },
{ "type": "Feature", "properties": { "OBJECTID": 21552, "Join_Count": 1, "TARGET_FID": 21552, "JOIN_FID": 251, "DEP_ID": "10001610", "SITE_NAME": "Unnamed (ridge NE of Round Mountain)", "DEV_STAT": "Occurrence", "URL": "https://mrdata.usgs.gov/mrds/show-mrds.php?dep_id=10001610", "CODE_LIST": " CU", "Grade": "C", "AIANNH": "0110", "FSRFLG": "F", "AIANNHNS": "01934114", "AREALAND": 343947624.0, "ALANDHIST": 343947625.0, "AREAWATER": 333891072.0, "AWATERHIST": 333891072.0, "AIANNHCC": "D2", "EFFDATE": null, "ESTABDATE": null, "FUNCSTAT": "A", "GCFLG": null, "GEOID": "0110R", "LSADC": "87", "MTFCC": "G2100", "BASENAME": "Annette Island", "NAME": "Annette Island Reserve", "ObjID": "2519045732178", "AIANNHCOMP": "R", "STATEFP1": "0203800", "STATEFP2": null, "STATEFP3": null, "UR": null, "VINTAGE": "90", "AIANNHFP1": "02-03800", "AIANNHFP2": null, "AIANNHFP3": null, "HU100": null, "POP100": null, "CENTLAT": "+55.1283187", "CENTLON": "-131.4834167", "INTPTLAT": "+55.1383523", "INTPTLON": "-131.4704246", "STGEOMETRY_AREA": 2068852488.60272, "STGEOMETRY_LEN": 194694.89506608999 }, "geometry": { "type": "Point", "coordinates": [ -131.54482, 55.21168 ] } },
{ "type": "Feature", "properties": { "OBJECTID": 21557, "Join_Count": 1, "TARGET_FID": 21557, "JOIN_FID": 251, "DEP_ID": "10307682", "SITE_NAME": "Unnamed (southwest ridge of Bush Mountain)", "DEV_STAT": "Occurrence", "URL": "https://mrdata.usgs.gov/mrds/show-mrds.php?dep_id=10307682", "CODE_LIST": " AG AU CR CU MO NI PB", "Grade": "C", "AIANNH": "0110", "FSRFLG": "F", "AIANNHNS": "01934114", "AREALAND": 343947624.0, "ALANDHIST": 343947625.0, "AREAWATER": 333891072.0, "AWATERHIST": 333891072.0, "AIANNHCC": "D2", "EFFDATE": null, "ESTABDATE": null, "FUNCSTAT": "A", "GCFLG": null, "GEOID": "0110R", "LSADC": "87", "MTFCC": "G2100", "BASENAME": "Annette Island", "NAME": "Annette Island Reserve", "ObjID": "2519045732178", "AIANNHCOMP": "R", "STATEFP1": "0203800", "STATEFP2": null, "STATEFP3": null, "UR": null, "VINTAGE": "90", "AIANNHFP1": "02-03800", "AIANNHFP2": null, "AIANNHFP3": null, "HU100": null, "POP100": null, "CENTLAT": "+55.1283187", "CENTLON": "-131.4834167", "INTPTLAT": "+55.1383523", "INTPTLON": "-131.4704246", "STGEOMETRY_AREA": 2068852488.60272, "STGEOMETRY_LEN": 194694.89506608999 }, "geometry": { "type": "Point", "coordinates": [ -131.52076, 55.21674 ] } },
{ "type": "Feature", "properties": { "OBJECTID": 21560, "Join_Count": 1, "TARGET_FID": 21560, "JOIN_FID": 251, "DEP_ID": "10001609", "SITE_NAME": "Lone Wolf (southwest of Nadzaheen Cove)", "DEV_STAT": "Prospect", "URL": "https://mrdata.usgs.gov/mrds/show-mrds.php?dep_id=10001609", "CODE_LIST": " AU AG PB", "Grade": "B", "AIANNH": "0110", "FSRFLG": "F", "AIANNHNS": "01934114", "AREALAND": 343947624.0, "ALANDHIST": 343947625.0, "AREAWATER": 333891072.0, "AWATERHIST": 333891072.0, "AIANNHCC": "D2", "EFFDATE": null, "ESTABDATE": null, "FUNCSTAT": "A", "GCFLG": null, "GEOID": "0110R", "LSADC": "87", "MTFCC": "G2100", "BASENAME": "Annette Island", "NAME": "Annette Island Reserve", "ObjID": "2519045732178", "AIANNHCOMP": "R", "STATEFP1": "0203800", "STATEFP2": null, "STATEFP3": null, "UR": null, "VINTAGE": "90", "AIANNHFP1": "02-03800", "AIANNHFP2": null, "AIANNHFP3": null, "HU100": null, "POP100": null, "CENTLAT": "+55.1283187", "CENTLON": "-131.4834167", "INTPTLAT": "+55.1383523", "INTPTLON": "-131.4704246", "STGEOMETRY_AREA": 2068852488.60272, "STGEOMETRY_LEN": 194694.89506608999 }, "geometry": { "type": "Point", "coordinates": [ -131.48565, 55.21863 ] } },
{ "type": "Feature", "properties": { "OBJECTID": 21564, "Join_Count": 1, "TARGET_FID": 21564, "JOIN_FID": 251, "DEP_ID": "10307680", "SITE_NAME": "Unnamed (near Bush Mountain)", "DEV_STAT": "Occurrence", "URL": "https://mrdata.usgs.gov/mrds/show-mrds.php?dep_id=10307680", "CODE_LIST": " AG AU CU", "Grade": "C", "AIANNH": "0110", "FSRFLG": "F", "AIANNHNS": "01934114", "AREALAND": 343947624.0, "ALANDHIST": 343947625.0, "AREAWATER": 333891072.0, "AWATERHIST": 333891072.0, "AIANNHCC": "D2", "EFFDATE": null, "ESTABDATE": null, "FUNCSTAT": "A", "GCFLG": null, "GEOID": "0110R", "LSADC": "87", "MTFCC": "G2100", "BASENAME": "Annette Island", "NAME": "Annette Island Reserve", "ObjID": "2519045732178", "AIANNHCOMP": "R", "STATEFP1": "0203800", "STATEFP2": null, "STATEFP3": null, "UR": null, "VINTAGE": "90", "AIANNHFP1": "02-03800", "AIANNHFP2": null, "AIANNHFP3": null, "HU100": null, "POP100": null, "CENTLAT": "+55.1283187", "CENTLON": "-131.4834167", "INTPTLAT": "+55.1383523", "INTPTLON": "-131.4704246", "STGEOMETRY_AREA": 2068852488.60272, "STGEOMETRY_LEN": 194694.89506608999 }, "geometry": { "type": "Point", "coordinates": [ -131.51976, 55.22274 ] } },
{ "type": "Feature", "properties": { "OBJECTID": 21574, "Join_Count": 1, "TARGET_FID": 21574, "JOIN_FID": 251, "DEP_ID": "10307675", "SITE_NAME": "Unnamed (northwest Annette Island)", "DEV_STAT": "Occurrence", "URL": "https://mrdata.usgs.gov/mrds/show-mrds.php?dep_id=10307675", "CODE_LIST": " AU CU PB", "Grade": "C", "AIANNH": "0110", "FSRFLG": "F", "AIANNHNS": "01934114", "AREALAND": 343947624.0, "ALANDHIST": 343947625.0, "AREAWATER": 333891072.0, "AWATERHIST": 333891072.0, "AIANNHCC": "D2", "EFFDATE": null, "ESTABDATE": null, "FUNCSTAT": "A", "GCFLG": null, "GEOID": "0110R", "LSADC": "87", "MTFCC": "G2100", "BASENAME": "Annette Island", "NAME": "Annette Island Reserve", "ObjID": "2519045732178", "AIANNHCOMP": "R", "STATEFP1": "0203800", "STATEFP2": null, "STATEFP3": null, "UR": null, "VINTAGE": "90", "AIANNHFP1": "02-03800", "AIANNHFP2": null, "AIANNHFP3": null, "HU100": null, "POP100": null, "CENTLAT": "+55.1283187", "CENTLON": "-131.4834167", "INTPTLAT": "+55.1383523", "INTPTLON": "-131.4704246", "STGEOMETRY_AREA": 2068852488.60272, "STGEOMETRY_LEN": 194694.89506608999 }, "geometry": { "type": "Point", "coordinates": [ -131.60676, 55.23874 ] } },
{ "type": "Feature", "properties": { "OBJECTID": 21597, "Join_Count": 1, "TARGET_FID": 21597, "JOIN_FID": 488, "DEP_ID": "10308161", "SITE_NAME": "Rhodo", "DEV_STAT": "Prospect", "URL": "https://mrdata.usgs.gov/mrds/show-mrds.php?dep_id=10308161", "CODE_LIST": " AG AU AS CU HG PB ZN", "Grade": "B", "AIANNH": "7410", "FSRFLG": "F", "AIANNHNS": "02419207", "AREALAND": 25410214.0, "ALANDHIST": 25410214.0, "AREAWATER": 467414.0, "AWATERHIST": 467414.0, "AIANNHCC": "E1", "EFFDATE": null, "ESTABDATE": null, "FUNCSTAT": "S", "GCFLG": null, "GEOID": "7410R", "LSADC": "79", "MTFCC": "G2130", "BASENAME": "Sand Point", "NAME": "Sand Point ANVSA", "ObjID": "2249093609481", "AIANNHCOMP": "R", "STATEFP1": "0267025", "STATEFP2": null, "STATEFP3": null, "UR": null, "VINTAGE": "90", "AIANNHFP1": "02-67025", "AIANNHFP2": null, "AIANNHFP3": null, "HU100": null, "POP100": null, "CENTLAT": "+55.3247516", "CENTLON": "-160.4758933", "INTPTLAT": "+55.3134701", "INTPTLON": "-160.4843438", "STGEOMETRY_AREA": 79761629.978261307, "STGEOMETRY_LEN": 49664.698331359999 }, "geometry": { "type": "Point", "coordinates": [ -160.47172, 55.28954 ] } },
{ "type": "Feature", "properties": { "OBJECTID": 21598, "Join_Count": 1, "TARGET_FID": 21598, "JOIN_FID": 488, "DEP_ID": "10308162", "SITE_NAME": "Brown Zinc", "DEV_STAT": "Prospect", "URL": "https://mrdata.usgs.gov/mrds/show-mrds.php?dep_id=10308162", "CODE_LIST": " AG AU CU PB ZN", "Grade": "B", "AIANNH": "7410", "FSRFLG": "F", "AIANNHNS": "02419207", "AREALAND": 25410214.0, "ALANDHIST": 25410214.0, "AREAWATER": 467414.0, "AWATERHIST": 467414.0, "AIANNHCC": "E1", "EFFDATE": null, "ESTABDATE": null, "FUNCSTAT": "S", "GCFLG": null, "GEOID": "7410R", "LSADC": "79", "MTFCC": "G2130", "BASENAME": "Sand Point", "NAME": "Sand Point ANVSA", "ObjID": "2249093609481", "AIANNHCOMP": "R", "STATEFP1": "0267025", "STATEFP2": null, "STATEFP3": null, "UR": null, "VINTAGE": "90", "AIANNHFP1": "02-67025", "AIANNHFP2": null, "AIANNHFP3": null, "HU100": null, "POP100": null, "CENTLAT": "+55.3247516", "CENTLON": "-160.4758933", "INTPTLAT": "+55.3134701", "INTPTLON": "-160.4843438", "STGEOMETRY_AREA": 79761629.978261307, "STGEOMETRY_LEN": 49664.698331359999 }, "geometry": { "type": "Point", "coordinates": [ -160.46942, 55.29024 ] } },
{ "type": "Feature", "properties": { "OBJECTID": 21605, "Join_Count": 1, "TARGET_FID": 21605, "JOIN_FID": 488, "DEP_ID": "10308160", "SITE_NAME": "Ring", "DEV_STAT": "Prospect", "URL": "https://mrdata.usgs.gov/mrds/show-mrds.php?dep_id=10308160", "CODE_LIST": " AU", "Grade": "C", "AIANNH": "7410", "FSRFLG": "F", "AIANNHNS": "02419207", "AREALAND": 25410214.0, "ALANDHIST": 25410214.0, "AREAWATER": 467414.0, "AWATERHIST": 467414.0, "AIANNHCC": "E1", "EFFDATE": null, "ESTABDATE": null, "FUNCSTAT": "S", "GCFLG": null, "GEOID": "7410R", "LSADC": "79", "MTFCC": "G2130", "BASENAME": "Sand Point", "NAME": "Sand Point ANVSA", "ObjID": "2249093609481", "AIANNHCOMP": "R", "STATEFP1": "0267025", "STATEFP2": null, "STATEFP3": null, "UR": null, "VINTAGE": "90", "AIANNHFP1": "02-67025", "AIANNHFP2": null, "AIANNHFP3": null, "HU100": null, "POP100": null, "CENTLAT": "+55.3247516", "CENTLON": "-160.4758933", "INTPTLAT": "+55.3134701", "INTPTLON": "-160.4843438", "STGEOMETRY_AREA": 79761629.978261307, "STGEOMETRY_LEN": 49664.698331359999 }, "geometry": { "type": "Point", "coordinates": [ -160.46862, 55.30224 ] } },
{ "type": "Feature", "properties": { "OBJECTID": 21609, "Join_Count": 1, "TARGET_FID": 21609, "JOIN_FID": 488, "DEP_ID": "10002293", "SITE_NAME": "Herman Lode", "DEV_STAT": "Prospect", "URL": "https://mrdata.usgs.gov/mrds/show-mrds.php?dep_id=10002293", "CODE_LIST": " AG AU AS CU HG PB ZN", "Grade": "B", "AIANNH": "7410", "FSRFLG": "F", "AIANNHNS": "02419207", "AREALAND": 25410214.0, "ALANDHIST": 25410214.0, "AREAWATER": 467414.0, "AWATERHIST": 467414.0, "AIANNHCC": "E1", "EFFDATE": null, "ESTABDATE": null, "FUNCSTAT": "S", "GCFLG": null, "GEOID": "7410R", "LSADC": "79", "MTFCC": "G2130", "BASENAME": "Sand Point", "NAME": "Sand Point ANVSA", "ObjID": "2249093609481", "AIANNHCOMP": "R", "STATEFP1": "0267025", "STATEFP2": null, "STATEFP3": null, "UR": null, "VINTAGE": "90", "AIANNHFP1": "02-67025", "AIANNHFP2": null, "AIANNHFP3": null, "HU100": null, "POP100": null, "CENTLAT": "+55.3247516", "CENTLON": "-160.4758933", "INTPTLAT": "+55.3134701", "INTPTLON": "-160.4843438", "STGEOMETRY_AREA": 79761629.978261307, "STGEOMETRY_LEN": 49664.698331359999 }, "geometry": { "type": "Point", "coordinates": [ -160.49936, 55.3073 ] } },
{ "type": "Feature", "properties": { "OBJECTID": 21610, "Join_Count": 1, "TARGET_FID": 21610, "JOIN_FID": 604, "DEP_ID": "10308612", "SITE_NAME": "Gold Nugget", "DEV_STAT": "Prospect", "URL": "https://mrdata.usgs.gov/mrds/show-mrds.php?dep_id=10308612", "CODE_LIST": " AG AU PB ZN", "Grade": "B", "AIANNH": "6725", "FSRFLG": "F", "AIANNHNS": "02575182", "AREALAND": 55880582.0, "ALANDHIST": 55880582.0, "AREAWATER": 234220.0, "AWATERHIST": 234220.0, "AIANNHCC": "E1", "EFFDATE": null, "ESTABDATE": null, "FUNCSTAT": "S", "GCFLG": null, "GEOID": "6725R", "LSADC": "79", "MTFCC": "G2130", "BASENAME": "Ketchikan", "NAME": "Ketchikan ANVSA", "ObjID": "224903716904772", "AIANNHCOMP": "R", "STATEFP1": "0238990", "STATEFP2": null, "STATEFP3": null, "UR": null, "VINTAGE": "90", "AIANNHFP1": "02-38990", "AIANNHFP2": null, "AIANNHFP3": null, "HU100": null, "POP100": null, "CENTLAT": "+55.3856311", "CENTLON": "-131.6948777", "INTPTLAT": "+55.3710684", "INTPTLON": "-131.6691004", "STGEOMETRY_AREA": 173490004.395143, "STGEOMETRY_LEN": 170099.12828181 }, "geometry": { "type": "Point", "coordinates": [ -131.57677, 55.30874 ] } },
{ "type": "Feature", "properties": { "OBJECTID": 21612, "Join_Count": 1, "TARGET_FID": 21612, "JOIN_FID": 488, "DEP_ID": "10308158", "SITE_NAME": "Pmrgx-7", "DEV_STAT": "Occurrence", "URL": "https://mrdata.usgs.gov/mrds/show-mrds.php?dep_id=10308158", "CODE_LIST": " CU AS PB SB", "Grade": "C", "AIANNH": "7410", "FSRFLG": "F", "AIANNHNS": "02419207", "AREALAND": 25410214.0, "ALANDHIST": 25410214.0, "AREAWATER": 467414.0, "AWATERHIST": 467414.0, "AIANNHCC": "E1", "EFFDATE": null, "ESTABDATE": null, "FUNCSTAT": "S", "GCFLG": null, "GEOID": "7410R", "LSADC": "79", "MTFCC": "G2130", "BASENAME": "Sand Point", "NAME": "Sand Point ANVSA", "ObjID": "2249093609481", "AIANNHCOMP": "R", "STATEFP1": "0267025", "STATEFP2": null, "STATEFP3": null, "UR": null, "VINTAGE": "90", "AIANNHFP1": "02-67025", "AIANNHFP2": null, "AIANNHFP3": null, "HU100": null, "POP100": null, "CENTLAT": "+55.3247516", "CENTLON": "-160.4758933", "INTPTLAT": "+55.3134701", "INTPTLON": "-160.4843438", "STGEOMETRY_AREA": 79761629.978261307, "STGEOMETRY_LEN": 49664.698331359999 }, "geometry": { "type": "Point", "coordinates": [ -160.46242, 55.31124 ] } },
{ "type": "Feature", "properties": { "OBJECTID": 21626, "Join_Count": 1, "TARGET_FID": 21626, "JOIN_FID": 488, "DEP_ID": "10308157", "SITE_NAME": "North Popof Strait", "DEV_STAT": "Occurrence", "URL": "https://mrdata.usgs.gov/mrds/show-mrds.php?dep_id=10308157", "CODE_LIST": " AU", "Grade": "C", "AIANNH": "7410", "FSRFLG": "F", "AIANNHNS": "02419207", "AREALAND": 25410214.0, "ALANDHIST": 25410214.0, "AREAWATER": 467414.0, "AWATERHIST": 467414.0, "AIANNHCC": "E1", "EFFDATE": null, "ESTABDATE": null, "FUNCSTAT": "S", "GCFLG": null, "GEOID": "7410R", "LSADC": "79", "MTFCC": "G2130", "BASENAME": "Sand Point", "NAME": "Sand Point ANVSA", "ObjID": "2249093609481", "AIANNHCOMP": "R", "STATEFP1": "0267025", "STATEFP2": null, "STATEFP3": null, "UR": null, "VINTAGE": "90", "AIANNHFP1": "02-67025", "AIANNHFP2": null, "AIANNHFP3": null, "HU100": null, "POP100": null, "CENTLAT": "+55.3247516", "CENTLON": "-160.4758933", "INTPTLAT": "+55.3134701", "INTPTLON": "-160.4843438", "STGEOMETRY_AREA": 79761629.978261307, "STGEOMETRY_LEN": 49664.698331359999 }, "geometry": { "type": "Point", "coordinates": [ -160.49242, 55.34924 ] } },
{ "type": "Feature", "properties": { "OBJECTID": 21627, "Join_Count": 1, "TARGET_FID": 21627, "JOIN_FID": 604, "DEP_ID": "10001576", "SITE_NAME": "Laskawonda", "DEV_STAT": "Prospect", "URL": "https://mrdata.usgs.gov/mrds/show-mrds.php?dep_id=10001576", "CODE_LIST": " AG AU CU", "Grade": "B", "AIANNH": "6725", "FSRFLG": "F", "AIANNHNS": "02575182", "AREALAND": 55880582.0, "ALANDHIST": 55880582.0, "AREAWATER": 234220.0, "AWATERHIST": 234220.0, "AIANNHCC": "E1", "EFFDATE": null, "ESTABDATE": null, "FUNCSTAT": "S", "GCFLG": null, "GEOID": "6725R", "LSADC": "79", "MTFCC": "G2130", "BASENAME": "Ketchikan", "NAME": "Ketchikan ANVSA", "ObjID": "224903716904772", "AIANNHCOMP": "R", "STATEFP1": "0238990", "STATEFP2": null, "STATEFP3": null, "UR": null, "VINTAGE": "90", "AIANNHFP1": "02-38990", "AIANNHFP2": null, "AIANNHFP3": null, "HU100": null, "POP100": null, "CENTLAT": "+55.3856311", "CENTLON": "-131.6948777", "INTPTLAT": "+55.3710684", "INTPTLON": "-131.6691004", "STGEOMETRY_AREA": 173490004.395143, "STGEOMETRY_LEN": 170099.12828181 }, "geometry": { "type": "Point", "coordinates": [ -131.64177, 55.34974 ] } },
{ "type": "Feature", "properties": { "OBJECTID": 21628, "Join_Count": 1, "TARGET_FID": 21628, "JOIN_FID": 604, "DEP_ID": "10307654", "SITE_NAME": "White Cliff", "DEV_STAT": "Prospect", "URL": "https://mrdata.usgs.gov/mrds/show-mrds.php?dep_id=10307654", "CODE_LIST": " AU", "Grade": "C", "AIANNH": "6725", "FSRFLG": "F", "AIANNHNS": "02575182", "AREALAND": 55880582.0, "ALANDHIST": 55880582.0, "AREAWATER": 234220.0, "AWATERHIST": 234220.0, "AIANNHCC": "E1", "EFFDATE": null, "ESTABDATE": null, "FUNCSTAT": "S", "GCFLG": null, "GEOID": "6725R", "LSADC": "79", "MTFCC": "G2130", "BASENAME": "Ketchikan", "NAME": "Ketchikan ANVSA", "ObjID": "224903716904772", "AIANNHCOMP": "R", "STATEFP1": "0238990", "STATEFP2": null, "STATEFP3": null, "UR": null, "VINTAGE": "90", "AIANNHFP1": "02-38990", "AIANNHFP2": null, "AIANNHFP3": null, "HU100": null, "POP100": null, "CENTLAT": "+55.3856311", "CENTLON": "-131.6948777", "INTPTLAT": "+55.3710684", "INTPTLON": "-131.6691004", "STGEOMETRY_AREA": 173490004.395143, "STGEOMETRY_LEN": 170099.12828181 }, "geometry": { "type": "Point", "coordinates": [ -131.66777, 55.35074 ] } },
{ "type": "Feature", "properties": { "OBJECTID": 21631, "Join_Count": 1, "TARGET_FID": 21631, "JOIN_FID": 604, "DEP_ID": "10307653", "SITE_NAME": "Ready Mix", "DEV_STAT": "Prospect", "URL": "https://mrdata.usgs.gov/mrds/show-mrds.php?dep_id=10307653", "CODE_LIST": " AU CU MO", "Grade": "B", "AIANNH": "6725", "FSRFLG": "F", "AIANNHNS": "02575182", "AREALAND": 55880582.0, "ALANDHIST": 55880582.0, "AREAWATER": 234220.0, "AWATERHIST": 234220.0, "AIANNHCC": "E1", "EFFDATE": null, "ESTABDATE": null, "FUNCSTAT": "S", "GCFLG": null, "GEOID": "6725R", "LSADC": "79", "MTFCC": "G2130", "BASENAME": "Ketchikan", "NAME": "Ketchikan ANVSA", "ObjID": "224903716904772", "AIANNHCOMP": "R", "STATEFP1": "0238990", "STATEFP2": null, "STATEFP3": null, "UR": null, "VINTAGE": "90", "AIANNHFP1": "02-38990", "AIANNHFP2": null, "AIANNHFP3": null, "HU100": null, "POP100": null, "CENTLAT": "+55.3856311", "CENTLON": "-131.6948777", "INTPTLAT": "+55.3710684", "INTPTLON": "-131.6691004", "STGEOMETRY_AREA": 173490004.395143, "STGEOMETRY_LEN": 170099.12828181 }, "geometry": { "type": "Point", "coordinates": [ -131.68177, 55.35974 ] } },
{ "type": "Feature", "properties": { "OBJECTID": 21633, "Join_Count": 1, "TARGET_FID": 21633, "JOIN_FID": 604, "DEP_ID": "10094031", "SITE_NAME": "Hoadley", "DEV_STAT": "Prospect", "URL": "https://mrdata.usgs.gov/mrds/show-mrds.php?dep_id=10094031", "CODE_LIST": " AU BI", "Grade": "B", "AIANNH": "6725", "FSRFLG": "F", "AIANNHNS": "02575182", "AREALAND": 55880582.0, "ALANDHIST": 55880582.0, "AREAWATER": 234220.0, "AWATERHIST": 234220.0, "AIANNHCC": "E1", "EFFDATE": null, "ESTABDATE": null, "FUNCSTAT": "S", "GCFLG": null, "GEOID": "6725R", "LSADC": "79", "MTFCC": "G2130", "BASENAME": "Ketchikan", "NAME": "Ketchikan ANVSA", "ObjID": "224903716904772", "AIANNHCOMP": "R", "STATEFP1": "0238990", "STATEFP2": null, "STATEFP3": null, "UR": null, "VINTAGE": "90", "AIANNHFP1": "02-38990", "AIANNHFP2": null, "AIANNHFP3": null, "HU100": null, "POP100": null, "CENTLAT": "+55.3856311", "CENTLON": "-131.6948777", "INTPTLAT": "+55.3710684", "INTPTLON": "-131.6691004", "STGEOMETRY_AREA": 173490004.395143, "STGEOMETRY_LEN": 170099.12828181 }, "geometry": { "type": "Point", "coordinates": [ -131.68566, 55.36085 ] } },
{ "type": "Feature", "properties": { "OBJECTID": 21644, "Join_Count": 1, "TARGET_FID": 21644, "JOIN_FID": 604, "DEP_ID": "10307652", "SITE_NAME": "Beach", "DEV_STAT": "Prospect", "URL": "https://mrdata.usgs.gov/mrds/show-mrds.php?dep_id=10307652", "CODE_LIST": " AU", "Grade": "C", "AIANNH": "6725", "FSRFLG": "F", "AIANNHNS": "02575182", "AREALAND": 55880582.0, "ALANDHIST": 55880582.0, "AREAWATER": 234220.0, "AWATERHIST": 234220.0, "AIANNHCC": "E1", "EFFDATE": null, "ESTABDATE": null, "FUNCSTAT": "S", "GCFLG": null, "GEOID": "6725R", "LSADC": "79", "MTFCC": "G2130", "BASENAME": "Ketchikan", "NAME": "Ketchikan ANVSA", "ObjID": "224903716904772", "AIANNHCOMP": "R", "STATEFP1": "0238990", "STATEFP2": null, "STATEFP3": null, "UR": null, "VINTAGE": "90", "AIANNHFP1": "02-38990", "AIANNHFP2": null, "AIANNHFP3": null, "HU100": null, "POP100": null, "CENTLAT": "+55.3856311", "CENTLON": "-131.6948777", "INTPTLAT": "+55.3710684", "INTPTLON": "-131.6691004", "STGEOMETRY_AREA": 173490004.395143, "STGEOMETRY_LEN": 170099.12828181 }, "geometry": { "type": "Point", "coordinates": [ -131.71477, 55.37574 ] } },
{ "type": "Feature", "properties": { "OBJECTID": 21705, "Join_Count": 1, "TARGET_FID": 21705, "JOIN_FID": 623, "DEP_ID": "10160995", "SITE_NAME": "Copper King", "DEV_STAT": "Prospect", "URL": "https://mrdata.usgs.gov/mrds/show-mrds.php?dep_id=10160995", "CODE_LIST": " AU CU FE PGE_PD PGE_PT", "Grade": "C", "AIANNH": "6705", "FSRFLG": "F", "AIANNHNS": "02418643", "AREALAND": 15703414.0, "ALANDHIST": 15703414.0, "AREAWATER": 1904849.0, "AWATERHIST": 1904849.0, "AIANNHCC": "E1", "EFFDATE": null, "ESTABDATE": null, "FUNCSTAT": "S", "GCFLG": null, "GEOID": "6705R", "LSADC": "79", "MTFCC": "G2130", "BASENAME": "Kasaan", "NAME": "Kasaan ANVSA", "ObjID": "2249093610123", "AIANNHCOMP": "R", "STATEFP1": "0237655", "STATEFP2": null, "STATEFP3": null, "UR": null, "VINTAGE": "90", "AIANNHFP1": "02-37655", "AIANNHFP2": null, "AIANNHFP3": null, "HU100": null, "POP100": null, "CENTLAT": "+55.5559675", "CENTLON": "-132.4158886", "INTPTLAT": "+55.5611447", "INTPTLON": "-132.4068335", "STGEOMETRY_AREA": 54909778.718030401, "STGEOMETRY_LEN": 38177.691402130004 }, "geometry": { "type": "Point", "coordinates": [ -132.431, 55.55113 ] } },
{ "type": "Feature", "properties": { "OBJECTID": 21706, "Join_Count": 1, "TARGET_FID": 21706, "JOIN_FID": 623, "DEP_ID": "10000115", "SITE_NAME": "Sunny Day Prospect", "DEV_STAT": "Occurrence", "URL": "https://mrdata.usgs.gov/mrds/show-mrds.php?dep_id=10000115", "CODE_LIST": " CU AU AG", "Grade": "C", "AIANNH": "6705", "FSRFLG": "F", "AIANNHNS": "02418643", "AREALAND": 15703414.0, "ALANDHIST": 15703414.0, "AREAWATER": 1904849.0, "AWATERHIST": 1904849.0, "AIANNHCC": "E1", "EFFDATE": null, "ESTABDATE": null, "FUNCSTAT": "S", "GCFLG": null, "GEOID": "6705R", "LSADC": "79", "MTFCC": "G2130", "BASENAME": "Kasaan", "NAME": "Kasaan ANVSA", "ObjID": "2249093610123", "AIANNHCOMP": "R", "STATEFP1": "0237655", "STATEFP2": null, "STATEFP3": null, "UR": null, "VINTAGE": "90", "AIANNHFP1": "02-37655", "AIANNHFP2": null, "AIANNHFP3": null, "HU100": null, "POP100": null, "CENTLAT": "+55.5559675", "CENTLON": "-132.4158886", "INTPTLAT": "+55.5611447", "INTPTLON": "-132.4068335", "STGEOMETRY_AREA": 54909778.718030401, "STGEOMETRY_LEN": 38177.691402130004 }, "geometry": { "type": "Point", "coordinates": [ -132.39069, 55.5539 ] } },
{ "type": "Feature", "properties": { "OBJECTID": 21708, "Join_Count": 1, "TARGET_FID": 21708, "JOIN_FID": 623, "DEP_ID": "10000023", "SITE_NAME": "Copper King Prospect", "DEV_STAT": "Occurrence", "URL": "https://mrdata.usgs.gov/mrds/show-mrds.php?dep_id=10000023", "CODE_LIST": " CU AU FE", "Grade": "C", "AIANNH": "6705", "FSRFLG": "F", "AIANNHNS": "02418643", "AREALAND": 15703414.0, "ALANDHIST": 15703414.0, "AREAWATER": 1904849.0, "AWATERHIST": 1904849.0, "AIANNHCC": "E1", "EFFDATE": null, "ESTABDATE": null, "FUNCSTAT": "S", "GCFLG": null, "GEOID": "6705R", "LSADC": "79", "MTFCC": "G2130", "BASENAME": "Kasaan", "NAME": "Kasaan ANVSA", "ObjID": "2249093610123", "AIANNHCOMP": "R", "STATEFP1": "0237655", "STATEFP2": null, "STATEFP3": null, "UR": null, "VINTAGE": "90", "AIANNHFP1": "02-37655", "AIANNHFP2": null, "AIANNHFP3": null, "HU100": null, "POP100": null, "CENTLAT": "+55.5559675", "CENTLON": "-132.4158886", "INTPTLAT": "+55.5611447", "INTPTLON": "-132.4068335", "STGEOMETRY_AREA": 54909778.718030401, "STGEOMETRY_LEN": 38177.691402130004 }, "geometry": { "type": "Point", "coordinates": [ -132.4393, 55.55667 ] } },
{ "type": "Feature", "properties": { "OBJECTID": 21709, "Join_Count": 1, "TARGET_FID": 21709, "JOIN_FID": 623, "DEP_ID": "10161291", "SITE_NAME": "Poorman Magnetite", "DEV_STAT": "Prospect", "URL": "https://mrdata.usgs.gov/mrds/show-mrds.php?dep_id=10161291", "CODE_LIST": " FE CU AU MG AG", "Grade": "B", "AIANNH": "6705", "FSRFLG": "F", "AIANNHNS": "02418643", "AREALAND": 15703414.0, "ALANDHIST": 15703414.0, "AREAWATER": 1904849.0, "AWATERHIST": 1904849.0, "AIANNHCC": "E1", "EFFDATE": null, "ESTABDATE": null, "FUNCSTAT": "S", "GCFLG": null, "GEOID": "6705R", "LSADC": "79", "MTFCC": "G2130", "BASENAME": "Kasaan", "NAME": "Kasaan ANVSA", "ObjID": "2249093610123", "AIANNHCOMP": "R", "STATEFP1": "0237655", "STATEFP2": null, "STATEFP3": null, "UR": null, "VINTAGE": "90", "AIANNHFP1": "02-37655", "AIANNHFP2": null, "AIANNHFP3": null, "HU100": null, "POP100": null, "CENTLAT": "+55.5559675", "CENTLON": "-132.4158886", "INTPTLAT": "+55.5611447", "INTPTLON": "-132.4068335", "STGEOMETRY_AREA": 54909778.718030401, "STGEOMETRY_LEN": 38177.691402130004 }, "geometry": { "type": "Point", "coordinates": [ -132.4462, 55.55803 ] } },
{ "type": "Feature", "properties": { "OBJECTID": 21711, "Join_Count": 1, "TARGET_FID": 21711, "JOIN_FID": 623, "DEP_ID": "10000108", "SITE_NAME": "Poorman Prospect", "DEV_STAT": "Occurrence", "URL": "https://mrdata.usgs.gov/mrds/show-mrds.php?dep_id=10000108", "CODE_LIST": " FE CU AU AG", "Grade": "B", "AIANNH": "6705", "FSRFLG": "F", "AIANNHNS": "02418643", "AREALAND": 15703414.0, "ALANDHIST": 15703414.0, "AREAWATER": 1904849.0, "AWATERHIST": 1904849.0, "AIANNHCC": "E1", "EFFDATE": null, "ESTABDATE": null, "FUNCSTAT": "S", "GCFLG": null, "GEOID": "6705R", "LSADC": "79", "MTFCC": "G2130", "BASENAME": "Kasaan", "NAME": "Kasaan ANVSA", "ObjID": "2249093610123", "AIANNHCOMP": "R", "STATEFP1": "0237655", "STATEFP2": null, "STATEFP3": null, "UR": null, "VINTAGE": "90", "AIANNHFP1": "02-37655", "AIANNHFP2": null, "AIANNHFP3": null, "HU100": null, "POP100": null, "CENTLAT": "+55.5559675", "CENTLON": "-132.4158886", "INTPTLAT": "+55.5611447", "INTPTLON": "-132.4068335", "STGEOMETRY_AREA": 54909778.718030401, "STGEOMETRY_LEN": 38177.691402130004 }, "geometry": { "type": "Point", "coordinates": [ -132.43791, 55.56084 ] } },
{ "type": "Feature", "properties": { "OBJECTID": 21786, "Join_Count": 1, "TARGET_FID": 21786, "JOIN_FID": 437, "DEP_ID": "10308084", "SITE_NAME": "Nelson Lagoon", "DEV_STAT": "Occurrence", "URL": "https://mrdata.usgs.gov/mrds/show-mrds.php?dep_id=10308084", "CODE_LIST": " FE TI", "Grade": "C", "AIANNH": "7025", "FSRFLG": "F", "AIANNHNS": "02418732", "AREALAND": 11780945.0, "ALANDHIST": 11780945.0, "AREAWATER": 230843.0, "AWATERHIST": 230843.0, "AIANNHCC": "E1", "EFFDATE": null, "ESTABDATE": null, "FUNCSTAT": "S", "GCFLG": null, "GEOID": "7025R", "LSADC": "79", "MTFCC": "G2130", "BASENAME": "Nelson Lagoon", "NAME": "Nelson Lagoon ANVSA", "ObjID": "2249093609479", "AIANNHCOMP": "R", "STATEFP1": "0252945", "STATEFP2": null, "STATEFP3": null, "UR": null, "VINTAGE": "90", "AIANNHFP1": "02-52945", "AIANNHFP2": null, "AIANNHFP3": null, "HU100": null, "POP100": null, "CENTLAT": "+55.9850648", "CENTLON": "-161.2685130", "INTPTLAT": "+55.9756741", "INTPTLON": "-161.3125280", "STGEOMETRY_AREA": 38287919.830807403, "STGEOMETRY_LEN": 71279.818445219993 }, "geometry": { "type": "Point", "coordinates": [ -161.37747, 55.96722 ] } },
{ "type": "Feature", "properties": { "OBJECTID": 21949, "Join_Count": 1, "TARGET_FID": 21949, "JOIN_FID": 586, "DEP_ID": "10001670", "SITE_NAME": "Home Creek", "DEV_STAT": "Occurrence", "URL": "https://mrdata.usgs.gov/mrds/show-mrds.php?dep_id=10001670", "CODE_LIST": " AG PB ZN CU MO", "Grade": "B", "AIANNH": "6305", "FSRFLG": "F", "AIANNHNS": "02418823", "AREALAND": 40605809.0, "ALANDHIST": 40605809.0, "AREAWATER": 9482720.0, "AWATERHIST": 9482720.0, "AIANNHCC": "E1", "EFFDATE": null, "ESTABDATE": null, "FUNCSTAT": "S", "GCFLG": null, "GEOID": "6305R", "LSADC": "79", "MTFCC": "G2130", "BASENAME": "Chignik Lake", "NAME": "Chignik Lake ANVSA", "ObjID": "2249093609841", "AIANNHCOMP": "R", "STATEFP1": "0213785", "STATEFP2": null, "STATEFP3": null, "UR": null, "VINTAGE": "90", "AIANNHFP1": "02-13785", "AIANNHFP2": null, "AIANNHFP3": null, "HU100": null, "POP100": null, "CENTLAT": "+56.2546829", "CENTLON": "-158.7599799", "INTPTLAT": "+56.2732208", "INTPTLON": "-158.7933764", "STGEOMETRY_AREA": 161901385.723497, "STGEOMETRY_LEN": 70713.8763607 }, "geometry": { "type": "Point", "coordinates": [ -158.70356, 56.24122 ] } },
{ "type": "Feature", "properties": { "OBJECTID": 22065, "Join_Count": 1, "TARGET_FID": 22065, "JOIN_FID": 549, "DEP_ID": "10002651", "SITE_NAME": "Brown Bear", "DEV_STAT": "Prospect", "URL": "https://mrdata.usgs.gov/mrds/show-mrds.php?dep_id=10002651", "CODE_LIST": " AG AU", "Grade": "B", "AIANNH": "7150", "FSRFLG": "F", "AIANNHNS": "02419156", "AREALAND": 41927386.0, "ALANDHIST": 41927386.0, "AREAWATER": 16571186.0, "AWATERHIST": 16571186.0, "AIANNHCC": "E1", "EFFDATE": null, "ESTABDATE": null, "FUNCSTAT": "S", "GCFLG": null, "GEOID": "7150R", "LSADC": "79", "MTFCC": "G2130", "BASENAME": "Old Harbor", "NAME": "Old Harbor ANVSA", "ObjID": "2249093609791", "AIANNHCOMP": "R", "STATEFP1": "0257345", "STATEFP2": null, "STATEFP3": null, "UR": null, "VINTAGE": "90", "AIANNHFP1": "02-57345", "AIANNHFP2": null, "AIANNHFP3": null, "HU100": null, "POP100": null, "CENTLAT": "+57.2115417", "CENTLON": "-153.3266189", "INTPTLAT": "+57.2187982", "INTPTLON": "-153.3296744", "STGEOMETRY_AREA": 198918936.81096101, "STGEOMETRY_LEN": 63243.174914709998 }, "geometry": { "type": "Point", "coordinates": [ -153.38854, 57.21134 ] } },
{ "type": "Feature", "properties": { "OBJECTID": 22112, "Join_Count": 1, "TARGET_FID": 22112, "JOIN_FID": 428, "DEP_ID": "10003580", "SITE_NAME": "Tanglefoot Bay", "DEV_STAT": "Occurrence", "URL": "https://mrdata.usgs.gov/mrds/show-mrds.php?dep_id=10003580", "CODE_LIST": " AG AU PB", "Grade": "C", "AIANNH": "6700", "FSRFLG": "F", "AIANNHNS": "02418641", "AREALAND": 63843525.0, "ALANDHIST": 63843525.0, "AREAWATER": 2133122.0, "AWATERHIST": 2133122.0, "AIANNHCC": "E1", "EFFDATE": null, "ESTABDATE": null, "FUNCSTAT": "S", "GCFLG": null, "GEOID": "6700R", "LSADC": "79", "MTFCC": "G2130", "BASENAME": "Karluk", "NAME": "Karluk ANVSA", "ObjID": "2249093609787", "AIANNHCOMP": "R", "STATEFP1": "0237545", "STATEFP2": null, "STATEFP3": null, "UR": null, "VINTAGE": "90", "AIANNHFP1": "02-37545", "AIANNHFP2": null, "AIANNHFP3": null, "HU100": null, "POP100": null, "CENTLAT": "+57.5739844", "CENTLON": "-154.3993583", "INTPTLAT": "+57.5909814", "INTPTLON": "-154.3634131", "STGEOMETRY_AREA": 228825554.789419, "STGEOMETRY_LEN": 92645.500063660002 }, "geometry": { "type": "Point", "coordinates": [ -154.49247, 57.56938 ] } },
{ "type": "Feature", "properties": { "OBJECTID": 22219, "Join_Count": 1, "TARGET_FID": 22219, "JOIN_FID": 414, "DEP_ID": "10303061", "SITE_NAME": "Monoshka Bay", "DEV_STAT": "Prospect", "URL": "https://mrdata.usgs.gov/mrds/show-mrds.php?dep_id=10303061", "CODE_LIST": " U", "Grade": "C", "AIANNH": "6795", "FSRFLG": "F", "AIANNHNS": "02575184", "AREALAND": 126122332.0, "ALANDHIST": 126122332.0, "AREAWATER": 972778.0, "AWATERHIST": 972778.0, "AIANNHCC": "E1", "EFFDATE": "2009-08-20T00:00:00Z", "ESTABDATE": "2009-08-20T00:00:00Z", "FUNCSTAT": "S", "GCFLG": null, "GEOID": "6795R", "LSADC": "79", "MTFCC": "G2130", "BASENAME": "Kodiak", "NAME": "Kodiak ANVSA", "ObjID": "224903692119831", "AIANNHCOMP": "R", "STATEFP1": "0240955", "STATEFP2": null, "STATEFP3": null, "UR": null, "VINTAGE": "90", "AIANNHFP1": "02-40955", "AIANNHFP2": null, "AIANNHFP3": null, "HU100": null, "POP100": null, "CENTLAT": "+57.8541433", "CENTLON": "-152.5336696", "INTPTLAT": "+57.8595850", "INTPTLON": "-152.5581290", "STGEOMETRY_AREA": 447631345.960666, "STGEOMETRY_LEN": 135695.32431950999 }, "geometry": { "type": "Point", "coordinates": [ -152.44075, 57.82582 ] } },
{ "type": "Feature", "properties": { "OBJECTID": 22241, "Join_Count": 1, "TARGET_FID": 22241, "JOIN_FID": 414, "DEP_ID": "10002663", "SITE_NAME": "Womens Bay", "DEV_STAT": "Prospect", "URL": "https://mrdata.usgs.gov/mrds/show-mrds.php?dep_id=10002663", "CODE_LIST": " AG AU CU PB ZN", "Grade": "B", "AIANNH": "6795", "FSRFLG": "F", "AIANNHNS": "02575184", "AREALAND": 126122332.0, "ALANDHIST": 126122332.0, "AREAWATER": 972778.0, "AWATERHIST": 972778.0, "AIANNHCC": "E1", "EFFDATE": "2009-08-20T00:00:00Z", "ESTABDATE": "2009-08-20T00:00:00Z", "FUNCSTAT": "S", "GCFLG": null, "GEOID": "6795R", "LSADC": "79", "MTFCC": "G2130", "BASENAME": "Kodiak", "NAME": "Kodiak ANVSA", "ObjID": "224903692119831", "AIANNHCOMP": "R", "STATEFP1": "0240955", "STATEFP2": null, "STATEFP3": null, "UR": null, "VINTAGE": "90", "AIANNHFP1": "02-40955", "AIANNHFP2": null, "AIANNHFP3": null, "HU100": null, "POP100": null, "CENTLAT": "+57.8541433", "CENTLON": "-152.5336696", "INTPTLAT": "+57.8595850", "INTPTLON": "-152.5581290", "STGEOMETRY_AREA": 447631345.960666, "STGEOMETRY_LEN": 135695.32431950999 }, "geometry": { "type": "Point", "coordinates": [ -152.61246, 57.90942 ] } },
{ "type": "Feature", "properties": { "OBJECTID": 22243, "Join_Count": 1, "TARGET_FID": 22243, "JOIN_FID": 414, "DEP_ID": "10209559", "SITE_NAME": "Ouzinkie", "DEV_STAT": "Prospect", "URL": "https://mrdata.usgs.gov/mrds/show-mrds.php?dep_id=10209559", "CODE_LIST": " AU PB AG ZN", "Grade": "C", "AIANNH": "6795", "FSRFLG": "F", "AIANNHNS": "02575184", "AREALAND": 126122332.0, "ALANDHIST": 126122332.0, "AREAWATER": 972778.0, "AWATERHIST": 972778.0, "AIANNHCC": "E1", "EFFDATE": "2009-08-20T00:00:00Z", "ESTABDATE": "2009-08-20T00:00:00Z", "FUNCSTAT": "S", "GCFLG": null, "GEOID": "6795R", "LSADC": "79", "MTFCC": "G2130", "BASENAME": "Kodiak", "NAME": "Kodiak ANVSA", "ObjID": "224903692119831", "AIANNHCOMP": "R", "STATEFP1": "0240955", "STATEFP2": null, "STATEFP3": null, "UR": null, "VINTAGE": "90", "AIANNHFP1": "02-40955", "AIANNHFP2": null, "AIANNHFP3": null, "HU100": null, "POP100": null, "CENTLAT": "+57.8541433", "CENTLON": "-152.5336696", "INTPTLAT": "+57.8595850", "INTPTLON": "-152.5581290", "STGEOMETRY_AREA": 447631345.960666, "STGEOMETRY_LEN": 135695.32431950999 }, "geometry": { "type": "Point", "coordinates": [ -152.61356, 57.91052 ] } },
{ "type": "Feature", "properties": { "OBJECTID": 22300, "Join_Count": 1, "TARGET_FID": 22300, "JOIN_FID": 478, "DEP_ID": "10161410", "SITE_NAME": "Alaska Treasure", "DEV_STAT": "Prospect", "URL": "https://mrdata.usgs.gov/mrds/show-mrds.php?dep_id=10161410", "CODE_LIST": " AU CU PB ZN", "Grade": "B", "AIANNH": "6420", "FSRFLG": "F", "AIANNHNS": "02418558", "AREALAND": 198424118.0, "ALANDHIST": 198424119.0, "AREAWATER": 102630.0, "AWATERHIST": 102630.0, "AIANNHCC": "E1", "EFFDATE": null, "ESTABDATE": null, "FUNCSTAT": "S", "GCFLG": null, "GEOID": "6420R", "LSADC": "79", "MTFCC": "G2130", "BASENAME": "Douglas", "NAME": "Douglas ANVSA", "ObjID": "2249093609738", "AIANNHCOMP": "R", "STATEFP1": "0219835", "STATEFP2": null, "STATEFP3": null, "UR": null, "VINTAGE": "90", "AIANNHFP1": "02-19835", "AIANNHFP2": null, "AIANNHFP3": null, "HU100": null, "POP100": null, "CENTLAT": "+58.2684912", "CENTLON": "-134.4958571", "INTPTLAT": "+58.2780028", "INTPTLON": "-134.5604012", "STGEOMETRY_AREA": 715564255.67703104, "STGEOMETRY_LEN": 155094.96516538001 }, "geometry": { "type": "Point", "coordinates": [ -134.3353, 58.22055 ] } },
{ "type": "Feature", "properties": { "OBJECTID": 22301, "Join_Count": 1, "TARGET_FID": 22301, "JOIN_FID": 478, "DEP_ID": "10001275", "SITE_NAME": "Red Diamond Prospect", "DEV_STAT": "Occurrence", "URL": "https://mrdata.usgs.gov/mrds/show-mrds.php?dep_id=10001275", "CODE_LIST": " AU", "Grade": "C", "AIANNH": "6420", "FSRFLG": "F", "AIANNHNS": "02418558", "AREALAND": 198424118.0, "ALANDHIST": 198424119.0, "AREAWATER": 102630.0, "AWATERHIST": 102630.0, "AIANNHCC": "E1", "EFFDATE": null, "ESTABDATE": null, "FUNCSTAT": "S", "GCFLG": null, "GEOID": "6420R", "LSADC": "79", "MTFCC": "G2130", "BASENAME": "Douglas", "NAME": "Douglas ANVSA", "ObjID": "2249093609738", "AIANNHCOMP": "R", "STATEFP1": "0219835", "STATEFP2": null, "STATEFP3": null, "UR": null, "VINTAGE": "90", "AIANNHFP1": "02-19835", "AIANNHFP2": null, "AIANNHFP3": null, "HU100": null, "POP100": null, "CENTLAT": "+58.2684912", "CENTLON": "-134.4958571", "INTPTLAT": "+58.2780028", "INTPTLON": "-134.5604012", "STGEOMETRY_AREA": 715564255.67703104, "STGEOMETRY_LEN": 155094.96516538001 }, "geometry": { "type": "Point", "coordinates": [ -134.34394, 58.22058 ] } },
{ "type": "Feature", "properties": { "OBJECTID": 22308, "Join_Count": 1, "TARGET_FID": 22308, "JOIN_FID": 478, "DEP_ID": "10009663", "SITE_NAME": "Ready Bullion", "DEV_STAT": "Occurrence", "URL": "https://mrdata.usgs.gov/mrds/show-mrds.php?dep_id=10009663", "CODE_LIST": " W CU AU PB MO AG ZN", "Grade": "C", "AIANNH": "6420", "FSRFLG": "F", "AIANNHNS": "02418558", "AREALAND": 198424118.0, "ALANDHIST": 198424119.0, "AREAWATER": 102630.0, "AWATERHIST": 102630.0, "AIANNHCC": "E1", "EFFDATE": null, "ESTABDATE": null, "FUNCSTAT": "S", "GCFLG": null, "GEOID": "6420R", "LSADC": "79", "MTFCC": "G2130", "BASENAME": "Douglas", "NAME": "Douglas ANVSA", "ObjID": "2249093609738", "AIANNHCOMP": "R", "STATEFP1": "0219835", "STATEFP2": null, "STATEFP3": null, "UR": null, "VINTAGE": "90", "AIANNHFP1": "02-19835", "AIANNHFP2": null, "AIANNHFP3": null, "HU100": null, "POP100": null, "CENTLAT": "+58.2684912", "CENTLON": "-134.4958571", "INTPTLAT": "+58.2780028", "INTPTLON": "-134.5604012", "STGEOMETRY_AREA": 715564255.67703104, "STGEOMETRY_LEN": 155094.96516538001 }, "geometry": { "type": "Point", "coordinates": [ -134.36867, 58.24975 ] } },
{ "type": "Feature", "properties": { "OBJECTID": 22309, "Join_Count": 1, "TARGET_FID": 22309, "JOIN_FID": 478, "DEP_ID": "10112784", "SITE_NAME": "Yakima", "DEV_STAT": "Prospect", "URL": "https://mrdata.usgs.gov/mrds/show-mrds.php?dep_id=10112784", "CODE_LIST": " AU", "Grade": "C", "AIANNH": "6420", "FSRFLG": "F", "AIANNHNS": "02418558", "AREALAND": 198424118.0, "ALANDHIST": 198424119.0, "AREAWATER": 102630.0, "AWATERHIST": 102630.0, "AIANNHCC": "E1", "EFFDATE": null, "ESTABDATE": null, "FUNCSTAT": "S", "GCFLG": null, "GEOID": "6420R", "LSADC": "79", "MTFCC": "G2130", "BASENAME": "Douglas", "NAME": "Douglas ANVSA", "ObjID": "2249093609738", "AIANNHCOMP": "R", "STATEFP1": "0219835", "STATEFP2": null, "STATEFP3": null, "UR": null, "VINTAGE": "90", "AIANNHFP1": "02-19835", "AIANNHFP2": null, "AIANNHFP3": null, "HU100": null, "POP100": null, "CENTLAT": "+58.2684912", "CENTLON": "-134.4958571", "INTPTLAT": "+58.2780028", "INTPTLON": "-134.5604012", "STGEOMETRY_AREA": 715564255.67703104, "STGEOMETRY_LEN": 155094.96516538001 }, "geometry": { "type": "Point", "coordinates": [ -134.3834, 58.25305 ] } },
{ "type": "Feature", "properties": { "OBJECTID": 22310, "Join_Count": 1, "TARGET_FID": 22310, "JOIN_FID": 478, "DEP_ID": "10001311", "SITE_NAME": "Yakima Prospect", "DEV_STAT": "Prospect", "URL": "https://mrdata.usgs.gov/mrds/show-mrds.php?dep_id=10001311", "CODE_LIST": " AU ZN PB", "Grade": "C", "AIANNH": "6420", "FSRFLG": "F", "AIANNHNS": "02418558", "AREALAND": 198424118.0, "ALANDHIST": 198424119.0, "AREAWATER": 102630.0, "AWATERHIST": 102630.0, "AIANNHCC": "E1", "EFFDATE": null, "ESTABDATE": null, "FUNCSTAT": "S", "GCFLG": null, "GEOID": "6420R", "LSADC": "79", "MTFCC": "G2130", "BASENAME": "Douglas", "NAME": "Douglas ANVSA", "ObjID": "2249093609738", "AIANNHCOMP": "R", "STATEFP1": "0219835", "STATEFP2": null, "STATEFP3": null, "UR": null, "VINTAGE": "90", "AIANNHFP1": "02-19835", "AIANNHFP2": null, "AIANNHFP3": null, "HU100": null, "POP100": null, "CENTLAT": "+58.2684912", "CENTLON": "-134.4958571", "INTPTLAT": "+58.2780028", "INTPTLON": "-134.5604012", "STGEOMETRY_AREA": 715564255.67703104, "STGEOMETRY_LEN": 155094.96516538001 }, "geometry": { "type": "Point", "coordinates": [ -134.37839, 58.25336 ] } },
{ "type": "Feature", "properties": { "OBJECTID": 22312, "Join_Count": 1, "TARGET_FID": 22312, "JOIN_FID": 478, "DEP_ID": "10001320", "SITE_NAME": "Ready Bullion Mine", "DEV_STAT": "Producer", "URL": "https://mrdata.usgs.gov/mrds/show-mrds.php?dep_id=10001320", "CODE_LIST": " AU AG PB CU MO ZN", "Grade": "B", "AIANNH": "6420", "FSRFLG": "F", "AIANNHNS": "02418558", "AREALAND": 198424118.0, "ALANDHIST": 198424119.0, "AREAWATER": 102630.0, "AWATERHIST": 102630.0, "AIANNHCC": "E1", "EFFDATE": null, "ESTABDATE": null, "FUNCSTAT": "S", "GCFLG": null, "GEOID": "6420R", "LSADC": "79", "MTFCC": "G2130", "BASENAME": "Douglas", "NAME": "Douglas ANVSA", "ObjID": "2249093609738", "AIANNHCOMP": "R", "STATEFP1": "0219835", "STATEFP2": null, "STATEFP3": null, "UR": null, "VINTAGE": "90", "AIANNHFP1": "02-19835", "AIANNHFP2": null, "AIANNHFP3": null, "HU100": null, "POP100": null, "CENTLAT": "+58.2684912", "CENTLON": "-134.4958571", "INTPTLAT": "+58.2780028", "INTPTLON": "-134.5604012", "STGEOMETRY_AREA": 715564255.67703104, "STGEOMETRY_LEN": 155094.96516538001 }, "geometry": { "type": "Point", "coordinates": [ -134.35589, 58.25753 ] } },
{ "type": "Feature", "properties": { "OBJECTID": 22317, "Join_Count": 1, "TARGET_FID": 22317, "JOIN_FID": 478, "DEP_ID": "10136843", "SITE_NAME": "New Treadwell", "DEV_STAT": "Prospect", "URL": "https://mrdata.usgs.gov/mrds/show-mrds.php?dep_id=10136843", "CODE_LIST": " AU", "Grade": "C", "AIANNH": "6420", "FSRFLG": "F", "AIANNHNS": "02418558", "AREALAND": 198424118.0, "ALANDHIST": 198424119.0, "AREAWATER": 102630.0, "AWATERHIST": 102630.0, "AIANNHCC": "E1", "EFFDATE": null, "ESTABDATE": null, "FUNCSTAT": "S", "GCFLG": null, "GEOID": "6420R", "LSADC": "79", "MTFCC": "G2130", "BASENAME": "Douglas", "NAME": "Douglas ANVSA", "ObjID": "2249093609738", "AIANNHCOMP": "R", "STATEFP1": "0219835", "STATEFP2": null, "STATEFP3": null, "UR": null, "VINTAGE": "90", "AIANNHFP1": "02-19835", "AIANNHFP2": null, "AIANNHFP3": null, "HU100": null, "POP100": null, "CENTLAT": "+58.2684912", "CENTLON": "-134.4958571", "INTPTLAT": "+58.2780028", "INTPTLON": "-134.5604012", "STGEOMETRY_AREA": 715564255.67703104, "STGEOMETRY_LEN": 155094.96516538001 }, "geometry": { "type": "Point", "coordinates": [ -134.3687, 58.26085 ] } },
{ "type": "Feature", "properties": { "OBJECTID": 22318, "Join_Count": 1, "TARGET_FID": 22318, "JOIN_FID": 478, "DEP_ID": "10106583", "SITE_NAME": "Treadwell Mexican Mine", "DEV_STAT": "Producer", "URL": "https://mrdata.usgs.gov/mrds/show-mrds.php?dep_id=10106583", "CODE_LIST": " AU AG PB CU MO ZN", "Grade": "B", "AIANNH": "6420", "FSRFLG": "F", "AIANNHNS": "02418558", "AREALAND": 198424118.0, "ALANDHIST": 198424119.0, "AREAWATER": 102630.0, "AWATERHIST": 102630.0, "AIANNHCC": "E1", "EFFDATE": null, "ESTABDATE": null, "FUNCSTAT": "S", "GCFLG": null, "GEOID": "6420R", "LSADC": "79", "MTFCC": "G2130", "BASENAME": "Douglas", "NAME": "Douglas ANVSA", "ObjID": "2249093609738", "AIANNHCOMP": "R", "STATEFP1": "0219835", "STATEFP2": null, "STATEFP3": null, "UR": null, "VINTAGE": "90", "AIANNHFP1": "02-19835", "AIANNHFP2": null, "AIANNHFP3": null, "HU100": null, "POP100": null, "CENTLAT": "+58.2684912", "CENTLON": "-134.4958571", "INTPTLAT": "+58.2780028", "INTPTLON": "-134.5604012", "STGEOMETRY_AREA": 715564255.67703104, "STGEOMETRY_LEN": 155094.96516538001 }, "geometry": { "type": "Point", "coordinates": [ -134.37061, 58.26197 ] } },
{ "type": "Feature", "properties": { "OBJECTID": 22322, "Join_Count": 1, "TARGET_FID": 22322, "JOIN_FID": 478, "DEP_ID": "10001309", "SITE_NAME": "Jersey City Prospect", "DEV_STAT": "Occurrence", "URL": "https://mrdata.usgs.gov/mrds/show-mrds.php?dep_id=10001309", "CODE_LIST": " AU", "Grade": "C", "AIANNH": "6420", "FSRFLG": "F", "AIANNHNS": "02418558", "AREALAND": 198424118.0, "ALANDHIST": 198424119.0, "AREAWATER": 102630.0, "AWATERHIST": 102630.0, "AIANNHCC": "E1", "EFFDATE": null, "ESTABDATE": null, "FUNCSTAT": "S", "GCFLG": null, "GEOID": "6420R", "LSADC": "79", "MTFCC": "G2130", "BASENAME": "Douglas", "NAME": "Douglas ANVSA", "ObjID": "2249093609738", "AIANNHCOMP": "R", "STATEFP1": "0219835", "STATEFP2": null, "STATEFP3": null, "UR": null, "VINTAGE": "90", "AIANNHFP1": "02-19835", "AIANNHFP2": null, "AIANNHFP3": null, "HU100": null, "POP100": null, "CENTLAT": "+58.2684912", "CENTLON": "-134.4958571", "INTPTLAT": "+58.2780028", "INTPTLON": "-134.5604012", "STGEOMETRY_AREA": 715564255.67703104, "STGEOMETRY_LEN": 155094.96516538001 }, "geometry": { "type": "Point", "coordinates": [ -134.39339, 58.26336 ] } },
{ "type": "Feature", "properties": { "OBJECTID": 22323, "Join_Count": 1, "TARGET_FID": 22323, "JOIN_FID": 478, "DEP_ID": "10001322", "SITE_NAME": "700 Foot Mine", "DEV_STAT": "Producer", "URL": "https://mrdata.usgs.gov/mrds/show-mrds.php?dep_id=10001322", "CODE_LIST": " AU AG PB CU MO ZN", "Grade": "B", "AIANNH": "6420", "FSRFLG": "F", "AIANNHNS": "02418558", "AREALAND": 198424118.0, "ALANDHIST": 198424119.0, "AREAWATER": 102630.0, "AWATERHIST": 102630.0, "AIANNHCC": "E1", "EFFDATE": null, "ESTABDATE": null, "FUNCSTAT": "S", "GCFLG": null, "GEOID": "6420R", "LSADC": "79", "MTFCC": "G2130", "BASENAME": "Douglas", "NAME": "Douglas ANVSA", "ObjID": "2249093609738", "AIANNHCOMP": "R", "STATEFP1": "0219835", "STATEFP2": null, "STATEFP3": null, "UR": null, "VINTAGE": "90", "AIANNHFP1": "02-19835", "AIANNHFP2": null, "AIANNHFP3": null, "HU100": null, "POP100": null, "CENTLAT": "+58.2684912", "CENTLON": "-134.4958571", "INTPTLAT": "+58.2780028", "INTPTLON": "-134.5604012", "STGEOMETRY_AREA": 715564255.67703104, "STGEOMETRY_LEN": 155094.96516538001 }, "geometry": { "type": "Point", "coordinates": [ -134.37561, 58.26503 ] } },
{ "type": "Feature", "properties": { "OBJECTID": 22326, "Join_Count": 1, "TARGET_FID": 22326, "JOIN_FID": 478, "DEP_ID": "10001321", "SITE_NAME": "Treadwell Mine", "DEV_STAT": "Producer", "URL": "https://mrdata.usgs.gov/mrds/show-mrds.php?dep_id=10001321", "CODE_LIST": " AU AG PB CU MO ZN AS W", "Grade": "B", "AIANNH": "6420", "FSRFLG": "F", "AIANNHNS": "02418558", "AREALAND": 198424118.0, "ALANDHIST": 198424119.0, "AREAWATER": 102630.0, "AWATERHIST": 102630.0, "AIANNHCC": "E1", "EFFDATE": null, "ESTABDATE": null, "FUNCSTAT": "S", "GCFLG": null, "GEOID": "6420R", "LSADC": "79", "MTFCC": "G2130", "BASENAME": "Douglas", "NAME": "Douglas ANVSA", "ObjID": "2249093609738", "AIANNHCOMP": "R", "STATEFP1": "0219835", "STATEFP2": null, "STATEFP3": null, "UR": null, "VINTAGE": "90", "AIANNHFP1": "02-19835", "AIANNHFP2": null, "AIANNHFP3": null, "HU100": null, "POP100": null, "CENTLAT": "+58.2684912", "CENTLON": "-134.4958571", "INTPTLAT": "+58.2780028", "INTPTLON": "-134.5604012", "STGEOMETRY_AREA": 715564255.67703104, "STGEOMETRY_LEN": 155094.96516538001 }, "geometry": { "type": "Point", "coordinates": [ -134.38006, 58.26642 ] } },
{ "type": "Feature", "properties": { "OBJECTID": 22327, "Join_Count": 1, "TARGET_FID": 22327, "JOIN_FID": 478, "DEP_ID": "10136613", "SITE_NAME": "Jersey", "DEV_STAT": "Prospect", "URL": "https://mrdata.usgs.gov/mrds/show-mrds.php?dep_id=10136613", "CODE_LIST": " AU", "Grade": "C", "AIANNH": "6420", "FSRFLG": "F", "AIANNHNS": "02418558", "AREALAND": 198424118.0, "ALANDHIST": 198424119.0, "AREAWATER": 102630.0, "AWATERHIST": 102630.0, "AIANNHCC": "E1", "EFFDATE": null, "ESTABDATE": null, "FUNCSTAT": "S", "GCFLG": null, "GEOID": "6420R", "LSADC": "79", "MTFCC": "G2130", "BASENAME": "Douglas", "NAME": "Douglas ANVSA", "ObjID": "2249093609738", "AIANNHCOMP": "R", "STATEFP1": "0219835", "STATEFP2": null, "STATEFP3": null, "UR": null, "VINTAGE": "90", "AIANNHFP1": "02-19835", "AIANNHFP2": null, "AIANNHFP3": null, "HU100": null, "POP100": null, "CENTLAT": "+58.2684912", "CENTLON": "-134.4958571", "INTPTLAT": "+58.2780028", "INTPTLON": "-134.5604012", "STGEOMETRY_AREA": 715564255.67703104, "STGEOMETRY_LEN": 155094.96516538001 }, "geometry": { "type": "Point", "coordinates": [ -134.4031, 58.26695 ] } },
{ "type": "Feature", "properties": { "OBJECTID": 22329, "Join_Count": 1, "TARGET_FID": 22329, "JOIN_FID": 478, "DEP_ID": "10209594", "SITE_NAME": "Bear's Nest", "DEV_STAT": "Prospect", "URL": "https://mrdata.usgs.gov/mrds/show-mrds.php?dep_id=10209594", "CODE_LIST": " AU", "Grade": "C", "AIANNH": "6420", "FSRFLG": "F", "AIANNHNS": "02418558", "AREALAND": 198424118.0, "ALANDHIST": 198424119.0, "AREAWATER": 102630.0, "AWATERHIST": 102630.0, "AIANNHCC": "E1", "EFFDATE": null, "ESTABDATE": null, "FUNCSTAT": "S", "GCFLG": null, "GEOID": "6420R", "LSADC": "79", "MTFCC": "G2130", "BASENAME": "Douglas", "NAME": "Douglas ANVSA", "ObjID": "2249093609738", "AIANNHCOMP": "R", "STATEFP1": "0219835", "STATEFP2": null, "STATEFP3": null, "UR": null, "VINTAGE": "90", "AIANNHFP1": "02-19835", "AIANNHFP2": null, "AIANNHFP3": null, "HU100": null, "POP100": null, "CENTLAT": "+58.2684912", "CENTLON": "-134.4958571", "INTPTLAT": "+58.2780028", "INTPTLON": "-134.5604012", "STGEOMETRY_AREA": 715564255.67703104, "STGEOMETRY_LEN": 155094.96516538001 }, "geometry": { "type": "Point", "coordinates": [ -134.39841, 58.27415 ] } },
{ "type": "Feature", "properties": { "OBJECTID": 22332, "Join_Count": 1, "TARGET_FID": 22332, "JOIN_FID": 478, "DEP_ID": "10001307", "SITE_NAME": "Douglas Mining Co. Prospect", "DEV_STAT": "Occurrence", "URL": "https://mrdata.usgs.gov/mrds/show-mrds.php?dep_id=10001307", "CODE_LIST": " AU CU ZN", "Grade": "C", "AIANNH": "6420", "FSRFLG": "F", "AIANNHNS": "02418558", "AREALAND": 198424118.0, "ALANDHIST": 198424119.0, "AREAWATER": 102630.0, "AWATERHIST": 102630.0, "AIANNHCC": "E1", "EFFDATE": null, "ESTABDATE": null, "FUNCSTAT": "S", "GCFLG": null, "GEOID": "6420R", "LSADC": "79", "MTFCC": "G2130", "BASENAME": "Douglas", "NAME": "Douglas ANVSA", "ObjID": "2249093609738", "AIANNHCOMP": "R", "STATEFP1": "0219835", "STATEFP2": null, "STATEFP3": null, "UR": null, "VINTAGE": "90", "AIANNHFP1": "02-19835", "AIANNHFP2": null, "AIANNHFP3": null, "HU100": null, "POP100": null, "CENTLAT": "+58.2684912", "CENTLON": "-134.4958571", "INTPTLAT": "+58.2780028", "INTPTLON": "-134.5604012", "STGEOMETRY_AREA": 715564255.67703104, "STGEOMETRY_LEN": 155094.96516538001 }, "geometry": { "type": "Point", "coordinates": [ -134.43062, 58.27447 ] } },
{ "type": "Feature", "properties": { "OBJECTID": 22334, "Join_Count": 1, "TARGET_FID": 22334, "JOIN_FID": 478, "DEP_ID": "10109596", "SITE_NAME": "Douglas Island Deposit", "DEV_STAT": "Producer", "URL": "https://mrdata.usgs.gov/mrds/show-mrds.php?dep_id=10109596", "CODE_LIST": " V CR CU PGE SC NI CO", "Grade": "C", "AIANNH": "6420", "FSRFLG": "F", "AIANNHNS": "02418558", "AREALAND": 198424118.0, "ALANDHIST": 198424119.0, "AREAWATER": 102630.0, "AWATERHIST": 102630.0, "AIANNHCC": "E1", "EFFDATE": null, "ESTABDATE": null, "FUNCSTAT": "S", "GCFLG": null, "GEOID": "6420R", "LSADC": "79", "MTFCC": "G2130", "BASENAME": "Douglas", "NAME": "Douglas ANVSA", "ObjID": "2249093609738", "AIANNHCOMP": "R", "STATEFP1": "0219835", "STATEFP2": null, "STATEFP3": null, "UR": null, "VINTAGE": "90", "AIANNHFP1": "02-19835", "AIANNHFP2": null, "AIANNHFP3": null, "HU100": null, "POP100": null, "CENTLAT": "+58.2684912", "CENTLON": "-134.4958571", "INTPTLAT": "+58.2780028", "INTPTLON": "-134.5604012", "STGEOMETRY_AREA": 715564255.67703104, "STGEOMETRY_LEN": 155094.96516538001 }, "geometry": { "type": "Point", "coordinates": [ -134.39534, 58.27808 ] } },
{ "type": "Feature", "properties": { "OBJECTID": 22337, "Join_Count": 1, "TARGET_FID": 22337, "JOIN_FID": 478, "DEP_ID": "10161560", "SITE_NAME": "Tyee & Holman", "DEV_STAT": "Prospect", "URL": "https://mrdata.usgs.gov/mrds/show-mrds.php?dep_id=10161560", "CODE_LIST": " AU", "Grade": "C", "AIANNH": "6420", "FSRFLG": "F", "AIANNHNS": "02418558", "AREALAND": 198424118.0, "ALANDHIST": 198424119.0, "AREAWATER": 102630.0, "AWATERHIST": 102630.0, "AIANNHCC": "E1", "EFFDATE": null, "ESTABDATE": null, "FUNCSTAT": "S", "GCFLG": null, "GEOID": "6420R", "LSADC": "79", "MTFCC": "G2130", "BASENAME": "Douglas", "NAME": "Douglas ANVSA", "ObjID": "2249093609738", "AIANNHCOMP": "R", "STATEFP1": "0219835", "STATEFP2": null, "STATEFP3": null, "UR": null, "VINTAGE": "90", "AIANNHFP1": "02-19835", "AIANNHFP2": null, "AIANNHFP3": null, "HU100": null, "POP100": null, "CENTLAT": "+58.2684912", "CENTLON": "-134.4958571", "INTPTLAT": "+58.2780028", "INTPTLON": "-134.5604012", "STGEOMETRY_AREA": 715564255.67703104, "STGEOMETRY_LEN": 155094.96516538001 }, "geometry": { "type": "Point", "coordinates": [ -134.41871, 58.28005 ] } },
{ "type": "Feature", "properties": { "OBJECTID": 22343, "Join_Count": 1, "TARGET_FID": 22343, "JOIN_FID": 478, "DEP_ID": "10001300", "SITE_NAME": "Lucy Prospect", "DEV_STAT": "Occurrence", "URL": "https://mrdata.usgs.gov/mrds/show-mrds.php?dep_id=10001300", "CODE_LIST": " AU", "Grade": "C", "AIANNH": "6420", "FSRFLG": "F", "AIANNHNS": "02418558", "AREALAND": 198424118.0, "ALANDHIST": 198424119.0, "AREAWATER": 102630.0, "AWATERHIST": 102630.0, "AIANNHCC": "E1", "EFFDATE": null, "ESTABDATE": null, "FUNCSTAT": "S", "GCFLG": null, "GEOID": "6420R", "LSADC": "79", "MTFCC": "G2130", "BASENAME": "Douglas", "NAME": "Douglas ANVSA", "ObjID": "2249093609738", "AIANNHCOMP": "R", "STATEFP1": "0219835", "STATEFP2": null, "STATEFP3": null, "UR": null, "VINTAGE": "90", "AIANNHFP1": "02-19835", "AIANNHFP2": null, "AIANNHFP3": null, "HU100": null, "POP100": null, "CENTLAT": "+58.2684912", "CENTLON": "-134.4958571", "INTPTLAT": "+58.2780028", "INTPTLON": "-134.5604012", "STGEOMETRY_AREA": 715564255.67703104, "STGEOMETRY_LEN": 155094.96516538001 }, "geometry": { "type": "Point", "coordinates": [ -134.43868, 58.29475 ] } },
{ "type": "Feature", "properties": { "OBJECTID": 22348, "Join_Count": 1, "TARGET_FID": 22348, "JOIN_FID": 478, "DEP_ID": "10096783", "SITE_NAME": "Eagle Creek Lead-Zinc Prospect", "DEV_STAT": "Prospect", "URL": "https://mrdata.usgs.gov/mrds/show-mrds.php?dep_id=10096783", "CODE_LIST": " ZN PB AU AG CU", "Grade": "C", "AIANNH": "6420", "FSRFLG": "F", "AIANNHNS": "02418558", "AREALAND": 198424118.0, "ALANDHIST": 198424119.0, "AREAWATER": 102630.0, "AWATERHIST": 102630.0, "AIANNHCC": "E1", "EFFDATE": null, "ESTABDATE": null, "FUNCSTAT": "S", "GCFLG": null, "GEOID": "6420R", "LSADC": "79", "MTFCC": "G2130", "BASENAME": "Douglas", "NAME": "Douglas ANVSA", "ObjID": "2249093609738", "AIANNHCOMP": "R", "STATEFP1": "0219835", "STATEFP2": null, "STATEFP3": null, "UR": null, "VINTAGE": "90", "AIANNHFP1": "02-19835", "AIANNHFP2": null, "AIANNHFP3": null, "HU100": null, "POP100": null, "CENTLAT": "+58.2684912", "CENTLON": "-134.4958571", "INTPTLAT": "+58.2780028", "INTPTLON": "-134.5604012", "STGEOMETRY_AREA": 715564255.67703104, "STGEOMETRY_LEN": 155094.96516538001 }, "geometry": { "type": "Point", "coordinates": [ -134.47034, 58.30419 ] } },
{ "type": "Feature", "properties": { "OBJECTID": 22349, "Join_Count": 1, "TARGET_FID": 22349, "JOIN_FID": 478, "DEP_ID": "10001293", "SITE_NAME": "Eagle Creek Stibnite Prospect", "DEV_STAT": "Prospect", "URL": "https://mrdata.usgs.gov/mrds/show-mrds.php?dep_id=10001293", "CODE_LIST": " SB", "Grade": "C", "AIANNH": "6420", "FSRFLG": "F", "AIANNHNS": "02418558", "AREALAND": 198424118.0, "ALANDHIST": 198424119.0, "AREAWATER": 102630.0, "AWATERHIST": 102630.0, "AIANNHCC": "E1", "EFFDATE": null, "ESTABDATE": null, "FUNCSTAT": "S", "GCFLG": null, "GEOID": "6420R", "LSADC": "79", "MTFCC": "G2130", "BASENAME": "Douglas", "NAME": "Douglas ANVSA", "ObjID": "2249093609738", "AIANNHCOMP": "R", "STATEFP1": "0219835", "STATEFP2": null, "STATEFP3": null, "UR": null, "VINTAGE": "90", "AIANNHFP1": "02-19835", "AIANNHFP2": null, "AIANNHFP3": null, "HU100": null, "POP100": null, "CENTLAT": "+58.2684912", "CENTLON": "-134.4958571", "INTPTLAT": "+58.2780028", "INTPTLON": "-134.5604012", "STGEOMETRY_AREA": 715564255.67703104, "STGEOMETRY_LEN": 155094.96516538001 }, "geometry": { "type": "Point", "coordinates": [ -134.46645, 58.30614 ] } },
{ "type": "Feature", "properties": { "OBJECTID": 22582, "Join_Count": 1, "TARGET_FID": 22582, "JOIN_FID": 545, "DEP_ID": "10002300", "SITE_NAME": "Red Mountain", "DEV_STAT": "Occurrence", "URL": "https://mrdata.usgs.gov/mrds/show-mrds.php?dep_id=10002300", "CODE_LIST": " PGE AU", "Grade": "C", "AIANNH": "7245", "FSRFLG": "F", "AIANNHNS": "02419173", "AREALAND": 67245639.0, "ALANDHIST": 67245639.0, "AREAWATER": 4100504.0, "AWATERHIST": 4100504.0, "AIANNHCC": "E1", "EFFDATE": null, "ESTABDATE": null, "FUNCSTAT": "S", "GCFLG": null, "GEOID": "7245R", "LSADC": "79", "MTFCC": "G2130", "BASENAME": "Platinum", "NAME": "Platinum ANVSA", "ObjID": "2249093609696", "AIANNHCOMP": "R", "STATEFP1": "0261085", "STATEFP2": null, "STATEFP3": null, "UR": null, "VINTAGE": "90", "AIANNHFP1": "02-61085", "AIANNHFP2": null, "AIANNHFP3": null, "HU100": null, "POP100": null, "CENTLAT": "+58.9922934", "CENTLON": "-161.7839310", "INTPTLAT": "+58.9975198", "INTPTLON": "-161.7698194", "STGEOMETRY_AREA": 268002030.046709, "STGEOMETRY_LEN": 141474.06642816999 }, "geometry": { "type": "Point", "coordinates": [ -161.77768, 58.91536 ] } },
{ "type": "Feature", "properties": { "OBJECTID": 22584, "Join_Count": 1, "TARGET_FID": 22584, "JOIN_FID": 545, "DEP_ID": "10308867", "SITE_NAME": "Fox Gulch", "DEV_STAT": "Producer", "URL": "https://mrdata.usgs.gov/mrds/show-mrds.php?dep_id=10308867", "CODE_LIST": " AU CR", "Grade": "B", "AIANNH": "7245", "FSRFLG": "F", "AIANNHNS": "02419173", "AREALAND": 67245639.0, "ALANDHIST": 67245639.0, "AREAWATER": 4100504.0, "AWATERHIST": 4100504.0, "AIANNHCC": "E1", "EFFDATE": null, "ESTABDATE": null, "FUNCSTAT": "S", "GCFLG": null, "GEOID": "7245R", "LSADC": "79", "MTFCC": "G2130", "BASENAME": "Platinum", "NAME": "Platinum ANVSA", "ObjID": "2249093609696", "AIANNHCOMP": "R", "STATEFP1": "0261085", "STATEFP2": null, "STATEFP3": null, "UR": null, "VINTAGE": "90", "AIANNHFP1": "02-61085", "AIANNHFP2": null, "AIANNHFP3": null, "HU100": null, "POP100": null, "CENTLAT": "+58.9922934", "CENTLON": "-161.7839310", "INTPTLAT": "+58.9975198", "INTPTLON": "-161.7698194", "STGEOMETRY_AREA": 268002030.046709, "STGEOMETRY_LEN": 141474.06642816999 }, "geometry": { "type": "Point", "coordinates": [ -161.75268, 58.91925 ] } },
{ "type": "Feature", "properties": { "OBJECTID": 22585, "Join_Count": 1, "TARGET_FID": 22585, "JOIN_FID": 545, "DEP_ID": "10308866", "SITE_NAME": "Dry Gulch", "DEV_STAT": "Producer", "URL": "https://mrdata.usgs.gov/mrds/show-mrds.php?dep_id=10308866", "CODE_LIST": " AU", "Grade": "B", "AIANNH": "7245", "FSRFLG": "F", "AIANNHNS": "02419173", "AREALAND": 67245639.0, "ALANDHIST": 67245639.0, "AREAWATER": 4100504.0, "AWATERHIST": 4100504.0, "AIANNHCC": "E1", "EFFDATE": null, "ESTABDATE": null, "FUNCSTAT": "S", "GCFLG": null, "GEOID": "7245R", "LSADC": "79", "MTFCC": "G2130", "BASENAME": "Platinum", "NAME": "Platinum ANVSA", "ObjID": "2249093609696", "AIANNHCOMP": "R", "STATEFP1": "0261085", "STATEFP2": null, "STATEFP3": null, "UR": null, "VINTAGE": "90", "AIANNHFP1": "02-61085", "AIANNHFP2": null, "AIANNHFP3": null, "HU100": null, "POP100": null, "CENTLAT": "+58.9922934", "CENTLON": "-161.7839310", "INTPTLAT": "+58.9975198", "INTPTLON": "-161.7698194", "STGEOMETRY_AREA": 268002030.046709, "STGEOMETRY_LEN": 141474.06642816999 }, "geometry": { "type": "Point", "coordinates": [ -161.74268, 58.91925 ] } },
{ "type": "Feature", "properties": { "OBJECTID": 22586, "Join_Count": 1, "TARGET_FID": 22586, "JOIN_FID": 545, "DEP_ID": "10308865", "SITE_NAME": "Platinum Creek", "DEV_STAT": "Producer", "URL": "https://mrdata.usgs.gov/mrds/show-mrds.php?dep_id=10308865", "CODE_LIST": " AU CR", "Grade": "B", "AIANNH": "7245", "FSRFLG": "F", "AIANNHNS": "02419173", "AREALAND": 67245639.0, "ALANDHIST": 67245639.0, "AREAWATER": 4100504.0, "AWATERHIST": 4100504.0, "AIANNHCC": "E1", "EFFDATE": null, "ESTABDATE": null, "FUNCSTAT": "S", "GCFLG": null, "GEOID": "7245R", "LSADC": "79", "MTFCC": "G2130", "BASENAME": "Platinum", "NAME": "Platinum ANVSA", "ObjID": "2249093609696", "AIANNHCOMP": "R", "STATEFP1": "0261085", "STATEFP2": null, "STATEFP3": null, "UR": null, "VINTAGE": "90", "AIANNHFP1": "02-61085", "AIANNHFP2": null, "AIANNHFP3": null, "HU100": null, "POP100": null, "CENTLAT": "+58.9922934", "CENTLON": "-161.7839310", "INTPTLAT": "+58.9975198", "INTPTLON": "-161.7698194", "STGEOMETRY_AREA": 268002030.046709, "STGEOMETRY_LEN": 141474.06642816999 }, "geometry": { "type": "Point", "coordinates": [ -161.73268, 58.91925 ] } },
{ "type": "Feature", "properties": { "OBJECTID": 22588, "Join_Count": 1, "TARGET_FID": 22588, "JOIN_FID": 545, "DEP_ID": "10002306", "SITE_NAME": "Fox Gulch Platinum Placer", "DEV_STAT": "Producer", "URL": "https://mrdata.usgs.gov/mrds/show-mrds.php?dep_id=10002306", "CODE_LIST": " PGE AU CR", "Grade": "B", "AIANNH": "7245", "FSRFLG": "F", "AIANNHNS": "02419173", "AREALAND": 67245639.0, "ALANDHIST": 67245639.0, "AREAWATER": 4100504.0, "AWATERHIST": 4100504.0, "AIANNHCC": "E1", "EFFDATE": null, "ESTABDATE": null, "FUNCSTAT": "S", "GCFLG": null, "GEOID": "7245R", "LSADC": "79", "MTFCC": "G2130", "BASENAME": "Platinum", "NAME": "Platinum ANVSA", "ObjID": "2249093609696", "AIANNHCOMP": "R", "STATEFP1": "0261085", "STATEFP2": null, "STATEFP3": null, "UR": null, "VINTAGE": "90", "AIANNHFP1": "02-61085", "AIANNHFP2": null, "AIANNHFP3": null, "HU100": null, "POP100": null, "CENTLAT": "+58.9922934", "CENTLON": "-161.7839310", "INTPTLAT": "+58.9975198", "INTPTLON": "-161.7698194", "STGEOMETRY_AREA": 268002030.046709, "STGEOMETRY_LEN": 141474.06642816999 }, "geometry": { "type": "Point", "coordinates": [ -161.74907, 58.92119 ] } },
{ "type": "Feature", "properties": { "OBJECTID": 22589, "Join_Count": 1, "TARGET_FID": 22589, "JOIN_FID": 545, "DEP_ID": "10107535", "SITE_NAME": "Dry Gulch Platinum Placer", "DEV_STAT": "Producer", "URL": "https://mrdata.usgs.gov/mrds/show-mrds.php?dep_id=10107535", "CODE_LIST": " PGE AU CR", "Grade": "C", "AIANNH": "7245", "FSRFLG": "F", "AIANNHNS": "02419173", "AREALAND": 67245639.0, "ALANDHIST": 67245639.0, "AREAWATER": 4100504.0, "AWATERHIST": 4100504.0, "AIANNHCC": "E1", "EFFDATE": null, "ESTABDATE": null, "FUNCSTAT": "S", "GCFLG": null, "GEOID": "7245R", "LSADC": "79", "MTFCC": "G2130", "BASENAME": "Platinum", "NAME": "Platinum ANVSA", "ObjID": "2249093609696", "AIANNHCOMP": "R", "STATEFP1": "0261085", "STATEFP2": null, "STATEFP3": null, "UR": null, "VINTAGE": "90", "AIANNHFP1": "02-61085", "AIANNHFP2": null, "AIANNHFP3": null, "HU100": null, "POP100": null, "CENTLAT": "+58.9922934", "CENTLON": "-161.7839310", "INTPTLAT": "+58.9975198", "INTPTLON": "-161.7698194", "STGEOMETRY_AREA": 268002030.046709, "STGEOMETRY_LEN": 141474.06642816999 }, "geometry": { "type": "Point", "coordinates": [ -161.73824, 58.92175 ] } },
{ "type": "Feature", "properties": { "OBJECTID": 22592, "Join_Count": 1, "TARGET_FID": 22592, "JOIN_FID": 545, "DEP_ID": "10002305", "SITE_NAME": "Squirrel Creek Platinum Placer", "DEV_STAT": "Producer", "URL": "https://mrdata.usgs.gov/mrds/show-mrds.php?dep_id=10002305", "CODE_LIST": " PGE AU CR", "Grade": "B", "AIANNH": "7245", "FSRFLG": "F", "AIANNHNS": "02419173", "AREALAND": 67245639.0, "ALANDHIST": 67245639.0, "AREAWATER": 4100504.0, "AWATERHIST": 4100504.0, "AIANNHCC": "E1", "EFFDATE": null, "ESTABDATE": null, "FUNCSTAT": "S", "GCFLG": null, "GEOID": "7245R", "LSADC": "79", "MTFCC": "G2130", "BASENAME": "Platinum", "NAME": "Platinum ANVSA", "ObjID": "2249093609696", "AIANNHCOMP": "R", "STATEFP1": "0261085", "STATEFP2": null, "STATEFP3": null, "UR": null, "VINTAGE": "90", "AIANNHFP1": "02-61085", "AIANNHFP2": null, "AIANNHFP3": null, "HU100": null, "POP100": null, "CENTLAT": "+58.9922934", "CENTLON": "-161.7839310", "INTPTLAT": "+58.9975198", "INTPTLON": "-161.7698194", "STGEOMETRY_AREA": 268002030.046709, "STGEOMETRY_LEN": 141474.06642816999 }, "geometry": { "type": "Point", "coordinates": [ -161.73185, 58.92314 ] } },
{ "type": "Feature", "properties": { "OBJECTID": 22595, "Join_Count": 1, "TARGET_FID": 22595, "JOIN_FID": 545, "DEP_ID": "10307612", "SITE_NAME": "Red Mountain", "DEV_STAT": "Prospect", "URL": "https://mrdata.usgs.gov/mrds/show-mrds.php?dep_id=10307612", "CODE_LIST": " PGE_PT", "Grade": "C", "AIANNH": "7245", "FSRFLG": "F", "AIANNHNS": "02419173", "AREALAND": 67245639.0, "ALANDHIST": 67245639.0, "AREAWATER": 4100504.0, "AWATERHIST": 4100504.0, "AIANNHCC": "E1", "EFFDATE": null, "ESTABDATE": null, "FUNCSTAT": "S", "GCFLG": null, "GEOID": "7245R", "LSADC": "79", "MTFCC": "G2130", "BASENAME": "Platinum", "NAME": "Platinum ANVSA", "ObjID": "2249093609696", "AIANNHCOMP": "R", "STATEFP1": "0261085", "STATEFP2": null, "STATEFP3": null, "UR": null, "VINTAGE": "90", "AIANNHFP1": "02-61085", "AIANNHFP2": null, "AIANNHFP3": null, "HU100": null, "POP100": null, "CENTLAT": "+58.9922934", "CENTLON": "-161.7839310", "INTPTLAT": "+58.9975198", "INTPTLON": "-161.7698194", "STGEOMETRY_AREA": 268002030.046709, "STGEOMETRY_LEN": 141474.06642816999 }, "geometry": { "type": "Point", "coordinates": [ -161.77268, 58.92925 ] } },
{ "type": "Feature", "properties": { "OBJECTID": 22596, "Join_Count": 1, "TARGET_FID": 22596, "JOIN_FID": 545, "DEP_ID": "10308864", "SITE_NAME": "Squirrel Creek", "DEV_STAT": "Producer", "URL": "https://mrdata.usgs.gov/mrds/show-mrds.php?dep_id=10308864", "CODE_LIST": " AU", "Grade": "B", "AIANNH": "7245", "FSRFLG": "F", "AIANNHNS": "02419173", "AREALAND": 67245639.0, "ALANDHIST": 67245639.0, "AREAWATER": 4100504.0, "AWATERHIST": 4100504.0, "AIANNHCC": "E1", "EFFDATE": null, "ESTABDATE": null, "FUNCSTAT": "S", "GCFLG": null, "GEOID": "7245R", "LSADC": "79", "MTFCC": "G2130", "BASENAME": "Platinum", "NAME": "Platinum ANVSA", "ObjID": "2249093609696", "AIANNHCOMP": "R", "STATEFP1": "0261085", "STATEFP2": null, "STATEFP3": null, "UR": null, "VINTAGE": "90", "AIANNHFP1": "02-61085", "AIANNHFP2": null, "AIANNHFP3": null, "HU100": null, "POP100": null, "CENTLAT": "+58.9922934", "CENTLON": "-161.7839310", "INTPTLAT": "+58.9975198", "INTPTLON": "-161.7698194", "STGEOMETRY_AREA": 268002030.046709, "STGEOMETRY_LEN": 141474.06642816999 }, "geometry": { "type": "Point", "coordinates": [ -161.73268, 58.92925 ] } },
{ "type": "Feature", "properties": { "OBJECTID": 22597, "Join_Count": 1, "TARGET_FID": 22597, "JOIN_FID": 545, "DEP_ID": "10038101", "SITE_NAME": "Squirrel Creek", "DEV_STAT": "Producer", "URL": "https://mrdata.usgs.gov/mrds/show-mrds.php?dep_id=10038101", "CODE_LIST": " PGE_PT AU CR PGE_IR PGE_OS PGE_RU PGE_RH PGE_PD", "Grade": "C", "AIANNH": "7245", "FSRFLG": "F", "AIANNHNS": "02419173", "AREALAND": 67245639.0, "ALANDHIST": 67245639.0, "AREAWATER": 4100504.0, "AWATERHIST": 4100504.0, "AIANNHCC": "E1", "EFFDATE": null, "ESTABDATE": null, "FUNCSTAT": "S", "GCFLG": null, "GEOID": "7245R", "LSADC": "79", "MTFCC": "G2130", "BASENAME": "Platinum", "NAME": "Platinum ANVSA", "ObjID": "2249093609696", "AIANNHCOMP": "R", "STATEFP1": "0261085", "STATEFP2": null, "STATEFP3": null, "UR": null, "VINTAGE": "90", "AIANNHFP1": "02-61085", "AIANNHFP2": null, "AIANNHFP3": null, "HU100": null, "POP100": null, "CENTLAT": "+58.9922934", "CENTLON": "-161.7839310", "INTPTLAT": "+58.9975198", "INTPTLON": "-161.7698194", "STGEOMETRY_AREA": 268002030.046709, "STGEOMETRY_LEN": 141474.06642816999 }, "geometry": { "type": "Point", "coordinates": [ -161.73601, 58.93258 ] } },
{ "type": "Feature", "properties": { "OBJECTID": 22601, "Join_Count": 1, "TARGET_FID": 22601, "JOIN_FID": 545, "DEP_ID": "10002299", "SITE_NAME": "Red Mountain", "DEV_STAT": "Prospect", "URL": "https://mrdata.usgs.gov/mrds/show-mrds.php?dep_id=10002299", "CODE_LIST": " PGE AU AU CR CR CU NI", "Grade": "B", "AIANNH": "7245", "FSRFLG": "F", "AIANNHNS": "02419173", "AREALAND": 67245639.0, "ALANDHIST": 67245639.0, "AREAWATER": 4100504.0, "AWATERHIST": 4100504.0, "AIANNHCC": "E1", "EFFDATE": null, "ESTABDATE": null, "FUNCSTAT": "S", "GCFLG": null, "GEOID": "7245R", "LSADC": "79", "MTFCC": "G2130", "BASENAME": "Platinum", "NAME": "Platinum ANVSA", "ObjID": "2249093609696", "AIANNHCOMP": "R", "STATEFP1": "0261085", "STATEFP2": null, "STATEFP3": null, "UR": null, "VINTAGE": "90", "AIANNHFP1": "02-61085", "AIANNHFP2": null, "AIANNHFP3": null, "HU100": null, "POP100": null, "CENTLAT": "+58.9922934", "CENTLON": "-161.7839310", "INTPTLAT": "+58.9975198", "INTPTLON": "-161.7698194", "STGEOMETRY_AREA": 268002030.046709, "STGEOMETRY_LEN": 141474.06642816999 }, "geometry": { "type": "Point", "coordinates": [ -161.73268, 58.93925 ] } },
{ "type": "Feature", "properties": { "OBJECTID": 22602, "Join_Count": 1, "TARGET_FID": 22602, "JOIN_FID": 545, "DEP_ID": "10307611", "SITE_NAME": "Red Mountain", "DEV_STAT": "Prospect", "URL": "https://mrdata.usgs.gov/mrds/show-mrds.php?dep_id=10307611", "CODE_LIST": " PGE_PT", "Grade": "C", "AIANNH": "7245", "FSRFLG": "F", "AIANNHNS": "02419173", "AREALAND": 67245639.0, "ALANDHIST": 67245639.0, "AREAWATER": 4100504.0, "AWATERHIST": 4100504.0, "AIANNHCC": "E1", "EFFDATE": null, "ESTABDATE": null, "FUNCSTAT": "S", "GCFLG": null, "GEOID": "7245R", "LSADC": "79", "MTFCC": "G2130", "BASENAME": "Platinum", "NAME": "Platinum ANVSA", "ObjID": "2249093609696", "AIANNHCOMP": "R", "STATEFP1": "0261085", "STATEFP2": null, "STATEFP3": null, "UR": null, "VINTAGE": "90", "AIANNHFP1": "02-61085", "AIANNHFP2": null, "AIANNHFP3": null, "HU100": null, "POP100": null, "CENTLAT": "+58.9922934", "CENTLON": "-161.7839310", "INTPTLAT": "+58.9975198", "INTPTLON": "-161.7698194", "STGEOMETRY_AREA": 268002030.046709, "STGEOMETRY_LEN": 141474.06642816999 }, "geometry": { "type": "Point", "coordinates": [ -161.73268, 58.93925 ] } },
{ "type": "Feature", "properties": { "OBJECTID": 22603, "Join_Count": 1, "TARGET_FID": 22603, "JOIN_FID": 545, "DEP_ID": "10002303", "SITE_NAME": "Boulder Creek", "DEV_STAT": "Producer", "URL": "https://mrdata.usgs.gov/mrds/show-mrds.php?dep_id=10002303", "CODE_LIST": " PGE AU AU CR", "Grade": "C", "AIANNH": "7245", "FSRFLG": "F", "AIANNHNS": "02419173", "AREALAND": 67245639.0, "ALANDHIST": 67245639.0, "AREAWATER": 4100504.0, "AWATERHIST": 4100504.0, "AIANNHCC": "E1", "EFFDATE": null, "ESTABDATE": null, "FUNCSTAT": "S", "GCFLG": null, "GEOID": "7245R", "LSADC": "79", "MTFCC": "G2130", "BASENAME": "Platinum", "NAME": "Platinum ANVSA", "ObjID": "2249093609696", "AIANNHCOMP": "R", "STATEFP1": "0261085", "STATEFP2": null, "STATEFP3": null, "UR": null, "VINTAGE": "90", "AIANNHFP1": "02-61085", "AIANNHFP2": null, "AIANNHFP3": null, "HU100": null, "POP100": null, "CENTLAT": "+58.9922934", "CENTLON": "-161.7839310", "INTPTLAT": "+58.9975198", "INTPTLON": "-161.7698194", "STGEOMETRY_AREA": 268002030.046709, "STGEOMETRY_LEN": 141474.06642816999 }, "geometry": { "type": "Point", "coordinates": [ -161.71268, 58.93925 ] } },
{ "type": "Feature", "properties": { "OBJECTID": 22604, "Join_Count": 1, "TARGET_FID": 22604, "JOIN_FID": 545, "DEP_ID": "10002304", "SITE_NAME": "Last Chance Creek", "DEV_STAT": "Prospect", "URL": "https://mrdata.usgs.gov/mrds/show-mrds.php?dep_id=10002304", "CODE_LIST": " PGE CR", "Grade": "C", "AIANNH": "7245", "FSRFLG": "F", "AIANNHNS": "02419173", "AREALAND": 67245639.0, "ALANDHIST": 67245639.0, "AREAWATER": 4100504.0, "AWATERHIST": 4100504.0, "AIANNHCC": "E1", "EFFDATE": null, "ESTABDATE": null, "FUNCSTAT": "S", "GCFLG": null, "GEOID": "7245R", "LSADC": "79", "MTFCC": "G2130", "BASENAME": "Platinum", "NAME": "Platinum ANVSA", "ObjID": "2249093609696", "AIANNHCOMP": "R", "STATEFP1": "0261085", "STATEFP2": null, "STATEFP3": null, "UR": null, "VINTAGE": "90", "AIANNHFP1": "02-61085", "AIANNHFP2": null, "AIANNHFP3": null, "HU100": null, "POP100": null, "CENTLAT": "+58.9922934", "CENTLON": "-161.7839310", "INTPTLAT": "+58.9975198", "INTPTLON": "-161.7698194", "STGEOMETRY_AREA": 268002030.046709, "STGEOMETRY_LEN": 141474.06642816999 }, "geometry": { "type": "Point", "coordinates": [ -161.71268, 58.93925 ] } },
{ "type": "Feature", "properties": { "OBJECTID": 22608, "Join_Count": 1, "TARGET_FID": 22608, "JOIN_FID": 545, "DEP_ID": "10258611", "SITE_NAME": "Red Mountain", "DEV_STAT": "Prospect", "URL": "https://mrdata.usgs.gov/mrds/show-mrds.php?dep_id=10258611", "CODE_LIST": " PGE CR AU", "Grade": "B", "AIANNH": "7245", "FSRFLG": "F", "AIANNHNS": "02419173", "AREALAND": 67245639.0, "ALANDHIST": 67245639.0, "AREAWATER": 4100504.0, "AWATERHIST": 4100504.0, "AIANNHCC": "E1", "EFFDATE": null, "ESTABDATE": null, "FUNCSTAT": "S", "GCFLG": null, "GEOID": "7245R", "LSADC": "79", "MTFCC": "G2130", "BASENAME": "Platinum", "NAME": "Platinum ANVSA", "ObjID": "2249093609696", "AIANNHCOMP": "R", "STATEFP1": "0261085", "STATEFP2": null, "STATEFP3": null, "UR": null, "VINTAGE": "90", "AIANNHFP1": "02-61085", "AIANNHFP2": null, "AIANNHFP3": null, "HU100": null, "POP100": null, "CENTLAT": "+58.9922934", "CENTLON": "-161.7839310", "INTPTLAT": "+58.9975198", "INTPTLON": "-161.7698194", "STGEOMETRY_AREA": 268002030.046709, "STGEOMETRY_LEN": 141474.06642816999 }, "geometry": { "type": "Point", "coordinates": [ -161.75268, 58.94095 ] } },
{ "type": "Feature", "properties": { "OBJECTID": 22611, "Join_Count": 1, "TARGET_FID": 22611, "JOIN_FID": 545, "DEP_ID": "10308603", "SITE_NAME": "Red Mountain", "DEV_STAT": "Occurrence", "URL": "https://mrdata.usgs.gov/mrds/show-mrds.php?dep_id=10308603", "CODE_LIST": " CR AU PGE_PT", "Grade": "C", "AIANNH": "7245", "FSRFLG": "F", "AIANNHNS": "02419173", "AREALAND": 67245639.0, "ALANDHIST": 67245639.0, "AREAWATER": 4100504.0, "AWATERHIST": 4100504.0, "AIANNHCC": "E1", "EFFDATE": null, "ESTABDATE": null, "FUNCSTAT": "S", "GCFLG": null, "GEOID": "7245R", "LSADC": "79", "MTFCC": "G2130", "BASENAME": "Platinum", "NAME": "Platinum ANVSA", "ObjID": "2249093609696", "AIANNHCOMP": "R", "STATEFP1": "0261085", "STATEFP2": null, "STATEFP3": null, "UR": null, "VINTAGE": "90", "AIANNHFP1": "02-61085", "AIANNHFP2": null, "AIANNHFP3": null, "HU100": null, "POP100": null, "CENTLAT": "+58.9922934", "CENTLON": "-161.7839310", "INTPTLAT": "+58.9975198", "INTPTLON": "-161.7698194", "STGEOMETRY_AREA": 268002030.046709, "STGEOMETRY_LEN": 141474.06642816999 }, "geometry": { "type": "Point", "coordinates": [ -161.76568, 58.94625 ] } },
{ "type": "Feature", "properties": { "OBJECTID": 22612, "Join_Count": 1, "TARGET_FID": 22612, "JOIN_FID": 545, "DEP_ID": "10308604", "SITE_NAME": "Red Mountain", "DEV_STAT": "Occurrence", "URL": "https://mrdata.usgs.gov/mrds/show-mrds.php?dep_id=10308604", "CODE_LIST": " CR AU PGE_PT", "Grade": "C", "AIANNH": "7245", "FSRFLG": "F", "AIANNHNS": "02419173", "AREALAND": 67245639.0, "ALANDHIST": 67245639.0, "AREAWATER": 4100504.0, "AWATERHIST": 4100504.0, "AIANNHCC": "E1", "EFFDATE": null, "ESTABDATE": null, "FUNCSTAT": "S", "GCFLG": null, "GEOID": "7245R", "LSADC": "79", "MTFCC": "G2130", "BASENAME": "Platinum", "NAME": "Platinum ANVSA", "ObjID": "2249093609696", "AIANNHCOMP": "R", "STATEFP1": "0261085", "STATEFP2": null, "STATEFP3": null, "UR": null, "VINTAGE": "90", "AIANNHFP1": "02-61085", "AIANNHFP2": null, "AIANNHFP3": null, "HU100": null, "POP100": null, "CENTLAT": "+58.9922934", "CENTLON": "-161.7839310", "INTPTLAT": "+58.9975198", "INTPTLON": "-161.7698194", "STGEOMETRY_AREA": 268002030.046709, "STGEOMETRY_LEN": 141474.06642816999 }, "geometry": { "type": "Point", "coordinates": [ -161.75468, 58.94825 ] } },
{ "type": "Feature", "properties": { "OBJECTID": 22613, "Join_Count": 1, "TARGET_FID": 22613, "JOIN_FID": 545, "DEP_ID": "10308602", "SITE_NAME": "Red Mountain", "DEV_STAT": "Occurrence", "URL": "https://mrdata.usgs.gov/mrds/show-mrds.php?dep_id=10308602", "CODE_LIST": " CR AU PGE_PT", "Grade": "C", "AIANNH": "7245", "FSRFLG": "F", "AIANNHNS": "02419173", "AREALAND": 67245639.0, "ALANDHIST": 67245639.0, "AREAWATER": 4100504.0, "AWATERHIST": 4100504.0, "AIANNHCC": "E1", "EFFDATE": null, "ESTABDATE": null, "FUNCSTAT": "S", "GCFLG": null, "GEOID": "7245R", "LSADC": "79", "MTFCC": "G2130", "BASENAME": "Platinum", "NAME": "Platinum ANVSA", "ObjID": "2249093609696", "AIANNHCOMP": "R", "STATEFP1": "0261085", "STATEFP2": null, "STATEFP3": null, "UR": null, "VINTAGE": "90", "AIANNHFP1": "02-61085", "AIANNHFP2": null, "AIANNHFP3": null, "HU100": null, "POP100": null, "CENTLAT": "+58.9922934", "CENTLON": "-161.7839310", "INTPTLAT": "+58.9975198", "INTPTLON": "-161.7698194", "STGEOMETRY_AREA": 268002030.046709, "STGEOMETRY_LEN": 141474.06642816999 }, "geometry": { "type": "Point", "coordinates": [ -161.77268, 58.94925 ] } },
{ "type": "Feature", "properties": { "OBJECTID": 22614, "Join_Count": 1, "TARGET_FID": 22614, "JOIN_FID": 545, "DEP_ID": "10308862", "SITE_NAME": "Dowry Creek", "DEV_STAT": "Producer", "URL": "https://mrdata.usgs.gov/mrds/show-mrds.php?dep_id=10308862", "CODE_LIST": " AU", "Grade": "B", "AIANNH": "7245", "FSRFLG": "F", "AIANNHNS": "02419173", "AREALAND": 67245639.0, "ALANDHIST": 67245639.0, "AREAWATER": 4100504.0, "AWATERHIST": 4100504.0, "AIANNHCC": "E1", "EFFDATE": null, "ESTABDATE": null, "FUNCSTAT": "S", "GCFLG": null, "GEOID": "7245R", "LSADC": "79", "MTFCC": "G2130", "BASENAME": "Platinum", "NAME": "Platinum ANVSA", "ObjID": "2249093609696", "AIANNHCOMP": "R", "STATEFP1": "0261085", "STATEFP2": null, "STATEFP3": null, "UR": null, "VINTAGE": "90", "AIANNHFP1": "02-61085", "AIANNHFP2": null, "AIANNHFP3": null, "HU100": null, "POP100": null, "CENTLAT": "+58.9922934", "CENTLON": "-161.7839310", "INTPTLAT": "+58.9975198", "INTPTLON": "-161.7698194", "STGEOMETRY_AREA": 268002030.046709, "STGEOMETRY_LEN": 141474.06642816999 }, "geometry": { "type": "Point", "coordinates": [ -161.71268, 58.94925 ] } },
{ "type": "Feature", "properties": { "OBJECTID": 22615, "Join_Count": 1, "TARGET_FID": 22615, "JOIN_FID": 545, "DEP_ID": "10307610", "SITE_NAME": "Red Mountain", "DEV_STAT": "Occurrence", "URL": "https://mrdata.usgs.gov/mrds/show-mrds.php?dep_id=10307610", "CODE_LIST": " PGE_PT", "Grade": "C", "AIANNH": "7245", "FSRFLG": "F", "AIANNHNS": "02419173", "AREALAND": 67245639.0, "ALANDHIST": 67245639.0, "AREAWATER": 4100504.0, "AWATERHIST": 4100504.0, "AIANNHCC": "E1", "EFFDATE": null, "ESTABDATE": null, "FUNCSTAT": "S", "GCFLG": null, "GEOID": "7245R", "LSADC": "79", "MTFCC": "G2130", "BASENAME": "Platinum", "NAME": "Platinum ANVSA", "ObjID": "2249093609696", "AIANNHCOMP": "R", "STATEFP1": "0261085", "STATEFP2": null, "STATEFP3": null, "UR": null, "VINTAGE": "90", "AIANNHFP1": "02-61085", "AIANNHFP2": null, "AIANNHFP3": null, "HU100": null, "POP100": null, "CENTLAT": "+58.9922934", "CENTLON": "-161.7839310", "INTPTLAT": "+58.9975198", "INTPTLON": "-161.7698194", "STGEOMETRY_AREA": 268002030.046709, "STGEOMETRY_LEN": 141474.06642816999 }, "geometry": { "type": "Point", "coordinates": [ -161.74268, 58.95125 ] } },
{ "type": "Feature", "properties": { "OBJECTID": 22625, "Join_Count": 1, "TARGET_FID": 22625, "JOIN_FID": 545, "DEP_ID": "10308861", "SITE_NAME": "Clara Creek", "DEV_STAT": "Producer", "URL": "https://mrdata.usgs.gov/mrds/show-mrds.php?dep_id=10308861", "CODE_LIST": " AU CR", "Grade": "B", "AIANNH": "7245", "FSRFLG": "F", "AIANNHNS": "02419173", "AREALAND": 67245639.0, "ALANDHIST": 67245639.0, "AREAWATER": 4100504.0, "AWATERHIST": 4100504.0, "AIANNHCC": "E1", "EFFDATE": null, "ESTABDATE": null, "FUNCSTAT": "S", "GCFLG": null, "GEOID": "7245R", "LSADC": "79", "MTFCC": "G2130", "BASENAME": "Platinum", "NAME": "Platinum ANVSA", "ObjID": "2249093609696", "AIANNHCOMP": "R", "STATEFP1": "0261085", "STATEFP2": null, "STATEFP3": null, "UR": null, "VINTAGE": "90", "AIANNHFP1": "02-61085", "AIANNHFP2": null, "AIANNHFP3": null, "HU100": null, "POP100": null, "CENTLAT": "+58.9922934", "CENTLON": "-161.7839310", "INTPTLAT": "+58.9975198", "INTPTLON": "-161.7698194", "STGEOMETRY_AREA": 268002030.046709, "STGEOMETRY_LEN": 141474.06642816999 }, "geometry": { "type": "Point", "coordinates": [ -161.71268, 58.95925 ] } },
{ "type": "Feature", "properties": { "OBJECTID": 22634, "Join_Count": 1, "TARGET_FID": 22634, "JOIN_FID": 545, "DEP_ID": "10002308", "SITE_NAME": "McCann Creek", "DEV_STAT": "Occurrence", "URL": "https://mrdata.usgs.gov/mrds/show-mrds.php?dep_id=10002308", "CODE_LIST": " PGE CR", "Grade": "B", "AIANNH": "7245", "FSRFLG": "F", "AIANNHNS": "02419173", "AREALAND": 67245639.0, "ALANDHIST": 67245639.0, "AREAWATER": 4100504.0, "AWATERHIST": 4100504.0, "AIANNHCC": "E1", "EFFDATE": null, "ESTABDATE": null, "FUNCSTAT": "S", "GCFLG": null, "GEOID": "7245R", "LSADC": "79", "MTFCC": "G2130", "BASENAME": "Platinum", "NAME": "Platinum ANVSA", "ObjID": "2249093609696", "AIANNHCOMP": "R", "STATEFP1": "0261085", "STATEFP2": null, "STATEFP3": null, "UR": null, "VINTAGE": "90", "AIANNHFP1": "02-61085", "AIANNHFP2": null, "AIANNHFP3": null, "HU100": null, "POP100": null, "CENTLAT": "+58.9922934", "CENTLON": "-161.7839310", "INTPTLAT": "+58.9975198", "INTPTLON": "-161.7698194", "STGEOMETRY_AREA": 268002030.046709, "STGEOMETRY_LEN": 141474.06642816999 }, "geometry": { "type": "Point", "coordinates": [ -161.71269, 58.97925 ] } },
{ "type": "Feature", "properties": { "OBJECTID": 22636, "Join_Count": 1, "TARGET_FID": 22636, "JOIN_FID": 545, "DEP_ID": "10233604", "SITE_NAME": "Mccann Creek", "DEV_STAT": "Prospect", "URL": "https://mrdata.usgs.gov/mrds/show-mrds.php?dep_id=10233604", "CODE_LIST": " PGE AU", "Grade": "C", "AIANNH": "7245", "FSRFLG": "F", "AIANNHNS": "02419173", "AREALAND": 67245639.0, "ALANDHIST": 67245639.0, "AREAWATER": 4100504.0, "AWATERHIST": 4100504.0, "AIANNHCC": "E1", "EFFDATE": null, "ESTABDATE": null, "FUNCSTAT": "S", "GCFLG": null, "GEOID": "7245R", "LSADC": "79", "MTFCC": "G2130", "BASENAME": "Platinum", "NAME": "Platinum ANVSA", "ObjID": "2249093609696", "AIANNHCOMP": "R", "STATEFP1": "0261085", "STATEFP2": null, "STATEFP3": null, "UR": null, "VINTAGE": "90", "AIANNHFP1": "02-61085", "AIANNHFP2": null, "AIANNHFP3": null, "HU100": null, "POP100": null, "CENTLAT": "+58.9922934", "CENTLON": "-161.7839310", "INTPTLAT": "+58.9975198", "INTPTLON": "-161.7698194", "STGEOMETRY_AREA": 268002030.046709, "STGEOMETRY_LEN": 141474.06642816999 }, "geometry": { "type": "Point", "coordinates": [ -161.71409, 58.97985 ] } },
{ "type": "Feature", "properties": { "OBJECTID": 22645, "Join_Count": 1, "TARGET_FID": 22645, "JOIN_FID": 545, "DEP_ID": "10094075", "SITE_NAME": "Smalls River", "DEV_STAT": "Prospect", "URL": "https://mrdata.usgs.gov/mrds/show-mrds.php?dep_id=10094075", "CODE_LIST": " PGE_PT", "Grade": "B", "AIANNH": "7245", "FSRFLG": "F", "AIANNHNS": "02419173", "AREALAND": 67245639.0, "ALANDHIST": 67245639.0, "AREAWATER": 4100504.0, "AWATERHIST": 4100504.0, "AIANNHCC": "E1", "EFFDATE": null, "ESTABDATE": null, "FUNCSTAT": "S", "GCFLG": null, "GEOID": "7245R", "LSADC": "79", "MTFCC": "G2130", "BASENAME": "Platinum", "NAME": "Platinum ANVSA", "ObjID": "2249093609696", "AIANNHCOMP": "R", "STATEFP1": "0261085", "STATEFP2": null, "STATEFP3": null, "UR": null, "VINTAGE": "90", "AIANNHFP1": "02-61085", "AIANNHFP2": null, "AIANNHFP3": null, "HU100": null, "POP100": null, "CENTLAT": "+58.9922934", "CENTLON": "-161.7839310", "INTPTLAT": "+58.9975198", "INTPTLON": "-161.7698194", "STGEOMETRY_AREA": 268002030.046709, "STGEOMETRY_LEN": 141474.06642816999 }, "geometry": { "type": "Point", "coordinates": [ -161.74269, 58.98925 ] } },
{ "type": "Feature", "properties": { "OBJECTID": 22651, "Join_Count": 1, "TARGET_FID": 22651, "JOIN_FID": 545, "DEP_ID": "10233706", "SITE_NAME": "Smalls River", "DEV_STAT": "Prospect", "URL": "https://mrdata.usgs.gov/mrds/show-mrds.php?dep_id=10233706", "CODE_LIST": " PGE_PT AU", "Grade": "C", "AIANNH": "7245", "FSRFLG": "F", "AIANNHNS": "02419173", "AREALAND": 67245639.0, "ALANDHIST": 67245639.0, "AREAWATER": 4100504.0, "AWATERHIST": 4100504.0, "AIANNHCC": "E1", "EFFDATE": null, "ESTABDATE": null, "FUNCSTAT": "S", "GCFLG": null, "GEOID": "7245R", "LSADC": "79", "MTFCC": "G2130", "BASENAME": "Platinum", "NAME": "Platinum ANVSA", "ObjID": "2249093609696", "AIANNHCOMP": "R", "STATEFP1": "0261085", "STATEFP2": null, "STATEFP3": null, "UR": null, "VINTAGE": "90", "AIANNHFP1": "02-61085", "AIANNHFP2": null, "AIANNHFP3": null, "HU100": null, "POP100": null, "CENTLAT": "+58.9922934", "CENTLON": "-161.7839310", "INTPTLAT": "+58.9975198", "INTPTLON": "-161.7698194", "STGEOMETRY_AREA": 268002030.046709, "STGEOMETRY_LEN": 141474.06642816999 }, "geometry": { "type": "Point", "coordinates": [ -161.76159, 59.01035 ] } },
{ "type": "Feature", "properties": { "OBJECTID": 22656, "Join_Count": 1, "TARGET_FID": 22656, "JOIN_FID": 545, "DEP_ID": "10160854", "SITE_NAME": "Goodnews Bay Mining Co.", "DEV_STAT": "Prospect", "URL": "https://mrdata.usgs.gov/mrds/show-mrds.php?dep_id=10160854", "CODE_LIST": " PGE CR AU AG", "Grade": "C", "AIANNH": "7245", "FSRFLG": "F", "AIANNHNS": "02419173", "AREALAND": 67245639.0, "ALANDHIST": 67245639.0, "AREAWATER": 4100504.0, "AWATERHIST": 4100504.0, "AIANNHCC": "E1", "EFFDATE": null, "ESTABDATE": null, "FUNCSTAT": "S", "GCFLG": null, "GEOID": "7245R", "LSADC": "79", "MTFCC": "G2130", "BASENAME": "Platinum", "NAME": "Platinum ANVSA", "ObjID": "2249093609696", "AIANNHCOMP": "R", "STATEFP1": "0261085", "STATEFP2": null, "STATEFP3": null, "UR": null, "VINTAGE": "90", "AIANNHFP1": "02-61085", "AIANNHFP2": null, "AIANNHFP3": null, "HU100": null, "POP100": null, "CENTLAT": "+58.9922934", "CENTLON": "-161.7839310", "INTPTLAT": "+58.9975198", "INTPTLON": "-161.7698194", "STGEOMETRY_AREA": 268002030.046709, "STGEOMETRY_LEN": 141474.06642816999 }, "geometry": { "type": "Point", "coordinates": [ -161.84159, 59.02705 ] } },
{ "type": "Feature", "properties": { "OBJECTID": 22666, "Join_Count": 1, "TARGET_FID": 22666, "JOIN_FID": 545, "DEP_ID": "10000250", "SITE_NAME": "North Spit (Goodnews Bay)", "DEV_STAT": "Occurrence", "URL": "https://mrdata.usgs.gov/mrds/show-mrds.php?dep_id=10000250", "CODE_LIST": " AU CR", "Grade": "C", "AIANNH": "7245", "FSRFLG": "F", "AIANNHNS": "02419173", "AREALAND": 67245639.0, "ALANDHIST": 67245639.0, "AREAWATER": 4100504.0, "AWATERHIST": 4100504.0, "AIANNHCC": "E1", "EFFDATE": null, "ESTABDATE": null, "FUNCSTAT": "S", "GCFLG": null, "GEOID": "7245R", "LSADC": "79", "MTFCC": "G2130", "BASENAME": "Platinum", "NAME": "Platinum ANVSA", "ObjID": "2249093609696", "AIANNHCOMP": "R", "STATEFP1": "0261085", "STATEFP2": null, "STATEFP3": null, "UR": null, "VINTAGE": "90", "AIANNHFP1": "02-61085", "AIANNHFP2": null, "AIANNHFP3": null, "HU100": null, "POP100": null, "CENTLAT": "+58.9922934", "CENTLON": "-161.7839310", "INTPTLAT": "+58.9975198", "INTPTLON": "-161.7698194", "STGEOMETRY_AREA": 268002030.046709, "STGEOMETRY_LEN": 141474.06642816999 }, "geometry": { "type": "Point", "coordinates": [ -161.87269, 59.06925 ] } },
{ "type": "Feature", "properties": { "OBJECTID": 22698, "Join_Count": 1, "TARGET_FID": 22698, "JOIN_FID": 456, "DEP_ID": "10307422", "SITE_NAME": "Lake Aleknagik", "DEV_STAT": "Occurrence", "URL": "https://mrdata.usgs.gov/mrds/show-mrds.php?dep_id=10307422", "CODE_LIST": " HG", "Grade": "C", "AIANNH": "6045", "FSRFLG": "F", "AIANNHNS": "02418763", "AREALAND": 33326829.0, "ALANDHIST": 33326829.0, "AREAWATER": 17639041.0, "AWATERHIST": 17639041.0, "AIANNHCC": "E1", "EFFDATE": null, "ESTABDATE": null, "FUNCSTAT": "S", "GCFLG": null, "GEOID": "6045R", "LSADC": "79", "MTFCC": "G2130", "BASENAME": "Aleknagik", "NAME": "Aleknagik ANVSA", "ObjID": "2249093610495", "AIANNHCOMP": "R", "STATEFP1": "0201425", "STATEFP2": null, "STATEFP3": null, "UR": null, "VINTAGE": "90", "AIANNHFP1": "02-01425", "AIANNHFP2": null, "AIANNHFP3": null, "HU100": null, "POP100": null, "CENTLAT": "+59.2816421", "CENTLON": "-158.6404294", "INTPTLAT": "+59.2889609", "INTPTLON": "-158.6643428", "STGEOMETRY_AREA": 194691018.464809, "STGEOMETRY_LEN": 67314.104609009999 }, "geometry": { "type": "Point", "coordinates": [ -158.70267, 59.27932 ] } },
{ "type": "Feature", "properties": { "OBJECTID": 22771, "Join_Count": 1, "TARGET_FID": 22771, "JOIN_FID": 603, "DEP_ID": "10112927", "SITE_NAME": "Skagway", "DEV_STAT": "Prospect", "URL": "https://mrdata.usgs.gov/mrds/show-mrds.php?dep_id=10112927", "CODE_LIST": " U", "Grade": "C", "AIANNH": "7485", "FSRFLG": "F", "AIANNHNS": "02575191", "AREALAND": 209381653.0, "ALANDHIST": 209377422.0, "AREAWATER": 11735259.0, "AWATERHIST": 11735259.0, "AIANNHCC": "E1", "EFFDATE": null, "ESTABDATE": null, "FUNCSTAT": "S", "GCFLG": null, "GEOID": "7485R", "LSADC": "79", "MTFCC": "G2130", "BASENAME": "Skagway", "NAME": "Skagway ANVSA", "ObjID": "224903716904682", "AIANNHCOMP": "R", "STATEFP1": "0270785", "STATEFP2": null, "STATEFP3": null, "UR": null, "VINTAGE": "90", "AIANNHFP1": "02-70785", "AIANNHFP2": null, "AIANNHFP3": null, "HU100": null, "POP100": null, "CENTLAT": "+59.5621630", "CENTLON": "-135.2728951", "INTPTLAT": "+59.5667811", "INTPTLON": "-135.2590946", "STGEOMETRY_AREA": 858768500.42286503, "STGEOMETRY_LEN": 164195.46933406999 }, "geometry": { "type": "Point", "coordinates": [ -135.3215, 59.44556 ] } },
{ "type": "Feature", "properties": { "OBJECTID": 22778, "Join_Count": 1, "TARGET_FID": 22778, "JOIN_FID": 603, "DEP_ID": "10002209", "SITE_NAME": "Skagway", "DEV_STAT": "Prospect", "URL": "https://mrdata.usgs.gov/mrds/show-mrds.php?dep_id=10002209", "CODE_LIST": " U", "Grade": "B", "AIANNH": "7485", "FSRFLG": "F", "AIANNHNS": "02575191", "AREALAND": 209381653.0, "ALANDHIST": 209377422.0, "AREAWATER": 11735259.0, "AWATERHIST": 11735259.0, "AIANNHCC": "E1", "EFFDATE": null, "ESTABDATE": null, "FUNCSTAT": "S", "GCFLG": null, "GEOID": "7485R", "LSADC": "79", "MTFCC": "G2130", "BASENAME": "Skagway", "NAME": "Skagway ANVSA", "ObjID": "224903716904682", "AIANNHCOMP": "R", "STATEFP1": "0270785", "STATEFP2": null, "STATEFP3": null, "UR": null, "VINTAGE": "90", "AIANNHFP1": "02-70785", "AIANNHFP2": null, "AIANNHFP3": null, "HU100": null, "POP100": null, "CENTLAT": "+59.5621630", "CENTLON": "-135.2728951", "INTPTLAT": "+59.5667811", "INTPTLON": "-135.2590946", "STGEOMETRY_AREA": 858768500.42286503, "STGEOMETRY_LEN": 164195.46933406999 }, "geometry": { "type": "Point", "coordinates": [ -135.28211, 59.47976 ] } },
{ "type": "Feature", "properties": { "OBJECTID": 22779, "Join_Count": 1, "TARGET_FID": 22779, "JOIN_FID": 510, "DEP_ID": "10002469", "SITE_NAME": "Yakutat Beach Gold Beach Placer Occurrence", "DEV_STAT": "Occurrence", "URL": "https://mrdata.usgs.gov/mrds/show-mrds.php?dep_id=10002469", "CODE_LIST": " AU TI_M FE W", "Grade": "B", "AIANNH": "7765", "FSRFLG": "F", "AIANNHNS": "02419292", "AREALAND": 259941576.0, "ALANDHIST": 259961401.0, "AREAWATER": 8716334.0, "AWATERHIST": 8696512.0, "AIANNHCC": "E1", "EFFDATE": null, "ESTABDATE": null, "FUNCSTAT": "S", "GCFLG": null, "GEOID": "7765R", "LSADC": "79", "MTFCC": "G2130", "BASENAME": "Yakutat", "NAME": "Yakutat ANVSA", "ObjID": "2249093610705", "AIANNHCOMP": "R", "STATEFP1": "0286495", "STATEFP2": null, "STATEFP3": null, "UR": null, "VINTAGE": "90", "AIANNHFP1": "02-86495", "AIANNHFP2": null, "AIANNHFP3": null, "HU100": null, "POP100": null, "CENTLAT": "+59.5669092", "CENTLON": "-139.5968764", "INTPTLAT": "+59.5635878", "INTPTLON": "-139.6061905", "STGEOMETRY_AREA": 1043693924.03153, "STGEOMETRY_LEN": 227462.89736989999 }, "geometry": { "type": "Point", "coordinates": [ -139.72642, 59.49357 ] } },
{ "type": "Feature", "properties": { "OBJECTID": 22789, "Join_Count": 1, "TARGET_FID": 22789, "JOIN_FID": 603, "DEP_ID": "10002210", "SITE_NAME": "Clifton", "DEV_STAT": "Prospect", "URL": "https://mrdata.usgs.gov/mrds/show-mrds.php?dep_id=10002210", "CODE_LIST": " MO", "Grade": "B", "AIANNH": "7485", "FSRFLG": "F", "AIANNHNS": "02575191", "AREALAND": 209381653.0, "ALANDHIST": 209377422.0, "AREAWATER": 11735259.0, "AWATERHIST": 11735259.0, "AIANNHCC": "E1", "EFFDATE": null, "ESTABDATE": null, "FUNCSTAT": "S", "GCFLG": null, "GEOID": "7485R", "LSADC": "79", "MTFCC": "G2130", "BASENAME": "Skagway", "NAME": "Skagway ANVSA", "ObjID": "224903716904682", "AIANNHCOMP": "R", "STATEFP1": "0270785", "STATEFP2": null, "STATEFP3": null, "UR": null, "VINTAGE": "90", "AIANNHFP1": "02-70785", "AIANNHFP2": null, "AIANNHFP3": null, "HU100": null, "POP100": null, "CENTLAT": "+59.5621630", "CENTLON": "-135.2728951", "INTPTLAT": "+59.5667811", "INTPTLON": "-135.2590946", "STGEOMETRY_AREA": 858768500.42286503, "STGEOMETRY_LEN": 164195.46933406999 }, "geometry": { "type": "Point", "coordinates": [ -135.22211, 59.52976 ] } },
{ "type": "Feature", "properties": { "OBJECTID": 22803, "Join_Count": 1, "TARGET_FID": 22803, "JOIN_FID": 603, "DEP_ID": "10002211", "SITE_NAME": "Inspiration Point", "DEV_STAT": "Prospect", "URL": "https://mrdata.usgs.gov/mrds/show-mrds.php?dep_id=10002211", "CODE_LIST": " AG PB AU CU ZN", "Grade": "B", "AIANNH": "7485", "FSRFLG": "F", "AIANNHNS": "02575191", "AREALAND": 209381653.0, "ALANDHIST": 209377422.0, "AREAWATER": 11735259.0, "AWATERHIST": 11735259.0, "AIANNHCC": "E1", "EFFDATE": null, "ESTABDATE": null, "FUNCSTAT": "S", "GCFLG": null, "GEOID": "7485R", "LSADC": "79", "MTFCC": "G2130", "BASENAME": "Skagway", "NAME": "Skagway ANVSA", "ObjID": "224903716904682", "AIANNHCOMP": "R", "STATEFP1": "0270785", "STATEFP2": null, "STATEFP3": null, "UR": null, "VINTAGE": "90", "AIANNHFP1": "02-70785", "AIANNHFP2": null, "AIANNHFP3": null, "HU100": null, "POP100": null, "CENTLAT": "+59.5621630", "CENTLON": "-135.2728951", "INTPTLAT": "+59.5667811", "INTPTLON": "-135.2590946", "STGEOMETRY_AREA": 858768500.42286503, "STGEOMETRY_LEN": 164195.46933406999 }, "geometry": { "type": "Point", "coordinates": [ -135.16211, 59.59976 ] } },
{ "type": "Feature", "properties": { "OBJECTID": 22905, "Join_Count": 1, "TARGET_FID": 22905, "JOIN_FID": 528, "DEP_ID": "10307710", "SITE_NAME": "Ninilchik", "DEV_STAT": "Occurrence", "URL": "https://mrdata.usgs.gov/mrds/show-mrds.php?dep_id=10307710", "CODE_LIST": " AU", "Grade": "C", "AIANNH": "7080", "FSRFLG": "F", "AIANNHNS": "02418747", "AREALAND": 2327594230.0, "ALANDHIST": 2327565877.0, "AREAWATER": 1373298050.0, "AWATERHIST": 1373326400.0, "AIANNHCC": "E1", "EFFDATE": null, "ESTABDATE": null, "FUNCSTAT": "S", "GCFLG": null, "GEOID": "7080R", "LSADC": "79", "MTFCC": "G2130", "BASENAME": "Ninilchik", "NAME": "Ninilchik ANVSA", "ObjID": "2249093609782", "AIANNHCOMP": "R", "STATEFP1": "0254485", "STATEFP2": null, "STATEFP3": null, "UR": null, "VINTAGE": "90", "AIANNHFP1": "02-54485", "AIANNHFP2": null, "AIANNHFP3": null, "HU100": null, "POP100": null, "CENTLAT": "+59.9843215", "CENTLON": "-151.4952817", "INTPTLAT": "+59.9853328", "INTPTLON": "-151.5076675", "STGEOMETRY_AREA": 14741756114.0753, "STGEOMETRY_LEN": 620303.01555667003 }, "geometry": { "type": "Point", "coordinates": [ -151.5626, 60.11948 ] } },
{ "type": "Feature", "properties": { "OBJECTID": 23015, "Join_Count": 1, "TARGET_FID": 23015, "JOIN_FID": 529, "DEP_ID": "10000465", "SITE_NAME": "Unnamed (along the Kenai River)", "DEV_STAT": "Occurrence", "URL": "https://mrdata.usgs.gov/mrds/show-mrds.php?dep_id=10000465", "CODE_LIST": " AU", "Grade": "C", "AIANNH": "6720", "FSRFLG": "F", "AIANNHNS": "02418648", "AREALAND": 5073999533.0, "ALANDHIST": 5073999535.0, "AREAWATER": 251901478.0, "AWATERHIST": 251901478.0, "AIANNHCC": "E1", "EFFDATE": null, "ESTABDATE": null, "FUNCSTAT": "S", "GCFLG": null, "GEOID": "6720R", "LSADC": "79", "MTFCC": "G2130", "BASENAME": "Kenaitze", "NAME": "Kenaitze ANVSA", "ObjID": "2249093609783", "AIANNHCOMP": "R", "STATEFP1": "0238600", "STATEFP2": null, "STATEFP3": null, "UR": null, "VINTAGE": "90", "AIANNHFP1": "02-38600", "AIANNHFP2": null, "AIANNHFP3": null, "HU100": null, "POP100": null, "CENTLAT": "+60.5197027", "CENTLON": "-150.6216723", "INTPTLAT": "+60.5116386", "INTPTLON": "-150.6209821", "STGEOMETRY_AREA": 21917868924.756401, "STGEOMETRY_LEN": 1016134.20119923 }, "geometry": { "type": "Point", "coordinates": [ -150.14759, 60.46062 ] } },
{ "type": "Feature", "properties": { "OBJECTID": 23097, "Join_Count": 1, "TARGET_FID": 23097, "JOIN_FID": 529, "DEP_ID": "10000466", "SITE_NAME": "Nikiska #1", "DEV_STAT": "Prospect", "URL": "https://mrdata.usgs.gov/mrds/show-mrds.php?dep_id=10000466", "CODE_LIST": " DIT", "Grade": "C", "AIANNH": "6720", "FSRFLG": "F", "AIANNHNS": "02418648", "AREALAND": 5073999533.0, "ALANDHIST": 5073999535.0, "AREAWATER": 251901478.0, "AWATERHIST": 251901478.0, "AIANNHCC": "E1", "EFFDATE": null, "ESTABDATE": null, "FUNCSTAT": "S", "GCFLG": null, "GEOID": "6720R", "LSADC": "79", "MTFCC": "G2130", "BASENAME": "Kenaitze", "NAME": "Kenaitze ANVSA", "ObjID": "2249093609783", "AIANNHCOMP": "R", "STATEFP1": "0238600", "STATEFP2": null, "STATEFP3": null, "UR": null, "VINTAGE": "90", "AIANNHFP1": "02-38600", "AIANNHFP2": null, "AIANNHFP3": null, "HU100": null, "POP100": null, "CENTLAT": "+60.5197027", "CENTLON": "-150.6216723", "INTPTLAT": "+60.5116386", "INTPTLON": "-150.6209821", "STGEOMETRY_AREA": 21917868924.756401, "STGEOMETRY_LEN": 1016134.20119923 }, "geometry": { "type": "Point", "coordinates": [ -151.3957, 60.68838 ] } },
{ "type": "Feature", "properties": { "OBJECTID": 23201, "Join_Count": 1, "TARGET_FID": 23201, "JOIN_FID": 514, "DEP_ID": "10000373", "SITE_NAME": "Rua", "DEV_STAT": "Prospect", "URL": "https://mrdata.usgs.gov/mrds/show-mrds.php?dep_id=10000373", "CODE_LIST": " CU ZN", "Grade": "B", "AIANNH": "7555", "FSRFLG": "F", "AIANNHNS": "02419248", "AREALAND": 18781964.0, "ALANDHIST": 18781753.0, "AREAWATER": 7281225.0, "AWATERHIST": 7281435.0, "AIANNHCC": "E1", "EFFDATE": null, "ESTABDATE": null, "FUNCSTAT": "S", "GCFLG": null, "GEOID": "7555R", "LSADC": "79", "MTFCC": "G2130", "BASENAME": "Tatitlek", "NAME": "Tatitlek ANVSA", "ObjID": "22490510088942", "AIANNHCOMP": "R", "STATEFP1": "0275385", "STATEFP2": null, "STATEFP3": null, "UR": null, "VINTAGE": "90", "AIANNHFP1": "02-75385", "AIANNHFP2": null, "AIANNHFP3": null, "HU100": null, "POP100": null, "CENTLAT": "+60.8895330", "CENTLON": "-146.6811407", "INTPTLAT": "+60.8944385", "INTPTLON": "-146.6685607", "STGEOMETRY_AREA": 109733988.079614, "STGEOMETRY_LEN": 51003.773996969998 }, "geometry": { "type": "Point", "coordinates": [ -146.64615, 60.88348 ] } },
{ "type": "Feature", "properties": { "OBJECTID": 23203, "Join_Count": 1, "TARGET_FID": 23203, "JOIN_FID": 514, "DEP_ID": "10185560", "SITE_NAME": "Rua", "DEV_STAT": "Prospect", "URL": "https://mrdata.usgs.gov/mrds/show-mrds.php?dep_id=10185560", "CODE_LIST": " CU ZN", "Grade": "C", "AIANNH": "7555", "FSRFLG": "F", "AIANNHNS": "02419248", "AREALAND": 18781964.0, "ALANDHIST": 18781753.0, "AREAWATER": 7281225.0, "AWATERHIST": 7281435.0, "AIANNHCC": "E1", "EFFDATE": null, "ESTABDATE": null, "FUNCSTAT": "S", "GCFLG": null, "GEOID": "7555R", "LSADC": "79", "MTFCC": "G2130", "BASENAME": "Tatitlek", "NAME": "Tatitlek ANVSA", "ObjID": "22490510088942", "AIANNHCOMP": "R", "STATEFP1": "0275385", "STATEFP2": null, "STATEFP3": null, "UR": null, "VINTAGE": "90", "AIANNHFP1": "02-75385", "AIANNHFP2": null, "AIANNHFP3": null, "HU100": null, "POP100": null, "CENTLAT": "+60.8895330", "CENTLON": "-146.6811407", "INTPTLAT": "+60.8944385", "INTPTLON": "-146.6685607", "STGEOMETRY_AREA": 109733988.079614, "STGEOMETRY_LEN": 51003.773996969998 }, "geometry": { "type": "Point", "coordinates": [ -146.64614, 60.88379 ] } },
{ "type": "Feature", "properties": { "OBJECTID": 23209, "Join_Count": 1, "TARGET_FID": 23209, "JOIN_FID": 514, "DEP_ID": "10308558", "SITE_NAME": "Wagner", "DEV_STAT": "Prospect", "URL": "https://mrdata.usgs.gov/mrds/show-mrds.php?dep_id=10308558", "CODE_LIST": " CU", "Grade": "B", "AIANNH": "7555", "FSRFLG": "F", "AIANNHNS": "02419248", "AREALAND": 18781964.0, "ALANDHIST": 18781753.0, "AREAWATER": 7281225.0, "AWATERHIST": 7281435.0, "AIANNHCC": "E1", "EFFDATE": null, "ESTABDATE": null, "FUNCSTAT": "S", "GCFLG": null, "GEOID": "7555R", "LSADC": "79", "MTFCC": "G2130", "BASENAME": "Tatitlek", "NAME": "Tatitlek ANVSA", "ObjID": "22490510088942", "AIANNHCOMP": "R", "STATEFP1": "0275385", "STATEFP2": null, "STATEFP3": null, "UR": null, "VINTAGE": "90", "AIANNHFP1": "02-75385", "AIANNHFP2": null, "AIANNHFP3": null, "HU100": null, "POP100": null, "CENTLAT": "+60.8895330", "CENTLON": "-146.6811407", "INTPTLAT": "+60.8944385", "INTPTLON": "-146.6685607", "STGEOMETRY_AREA": 109733988.079614, "STGEOMETRY_LEN": 51003.773996969998 }, "geometry": { "type": "Point", "coordinates": [ -146.64594, 60.88949 ] } },
{ "type": "Feature", "properties": { "OBJECTID": 23210, "Join_Count": 1, "TARGET_FID": 23210, "JOIN_FID": 514, "DEP_ID": "10161432", "SITE_NAME": "Wagner", "DEV_STAT": "Prospect", "URL": "https://mrdata.usgs.gov/mrds/show-mrds.php?dep_id=10161432", "CODE_LIST": " CU", "Grade": "C", "AIANNH": "7555", "FSRFLG": "F", "AIANNHNS": "02419248", "AREALAND": 18781964.0, "ALANDHIST": 18781753.0, "AREAWATER": 7281225.0, "AWATERHIST": 7281435.0, "AIANNHCC": "E1", "EFFDATE": null, "ESTABDATE": null, "FUNCSTAT": "S", "GCFLG": null, "GEOID": "7555R", "LSADC": "79", "MTFCC": "G2130", "BASENAME": "Tatitlek", "NAME": "Tatitlek ANVSA", "ObjID": "22490510088942", "AIANNHCOMP": "R", "STATEFP1": "0275385", "STATEFP2": null, "STATEFP3": null, "UR": null, "VINTAGE": "90", "AIANNHFP1": "02-75385", "AIANNHFP2": null, "AIANNHFP3": null, "HU100": null, "POP100": null, "CENTLAT": "+60.8895330", "CENTLON": "-146.6811407", "INTPTLAT": "+60.8944385", "INTPTLON": "-146.6685607", "STGEOMETRY_AREA": 109733988.079614, "STGEOMETRY_LEN": 51003.773996969998 }, "geometry": { "type": "Point", "coordinates": [ -146.64564, 60.88959 ] } },
{ "type": "Feature", "properties": { "OBJECTID": 23229, "Join_Count": 1, "TARGET_FID": 23229, "JOIN_FID": 514, "DEP_ID": "10282389", "SITE_NAME": "Mcnaughton & Turner", "DEV_STAT": "Prospect", "URL": "https://mrdata.usgs.gov/mrds/show-mrds.php?dep_id=10282389", "CODE_LIST": " CU", "Grade": "C", "AIANNH": "7555", "FSRFLG": "F", "AIANNHNS": "02419248", "AREALAND": 18781964.0, "ALANDHIST": 18781753.0, "AREAWATER": 7281225.0, "AWATERHIST": 7281435.0, "AIANNHCC": "E1", "EFFDATE": null, "ESTABDATE": null, "FUNCSTAT": "S", "GCFLG": null, "GEOID": "7555R", "LSADC": "79", "MTFCC": "G2130", "BASENAME": "Tatitlek", "NAME": "Tatitlek ANVSA", "ObjID": "22490510088942", "AIANNHCOMP": "R", "STATEFP1": "0275385", "STATEFP2": null, "STATEFP3": null, "UR": null, "VINTAGE": "90", "AIANNHFP1": "02-75385", "AIANNHFP2": null, "AIANNHFP3": null, "HU100": null, "POP100": null, "CENTLAT": "+60.8895330", "CENTLON": "-146.6811407", "INTPTLAT": "+60.8944385", "INTPTLON": "-146.6685607", "STGEOMETRY_AREA": 109733988.079614, "STGEOMETRY_LEN": 51003.773996969998 }, "geometry": { "type": "Point", "coordinates": [ -146.64394, 60.90789 ] } },
{ "type": "Feature", "properties": { "OBJECTID": 23472, "Join_Count": 1, "TARGET_FID": 23472, "JOIN_FID": 445, "DEP_ID": "10003509", "SITE_NAME": "Beluga River", "DEV_STAT": "Prospect", "URL": "https://mrdata.usgs.gov/mrds/show-mrds.php?dep_id=10003509", "CODE_LIST": " AU", "Grade": "C", "AIANNH": "6785", "FSRFLG": "F", "AIANNHNS": "02418661", "AREALAND": 18094121450.0, "ALANDHIST": 18094089466.0, "AREAWATER": 977787833.0, "AWATERHIST": 977876125.0, "AIANNHCC": "E1", "EFFDATE": null, "ESTABDATE": null, "FUNCSTAT": "S", "GCFLG": null, "GEOID": "6785R", "LSADC": "79", "MTFCC": "G2130", "BASENAME": "Knik", "NAME": "Knik ANVSA", "ObjID": "2249093609925", "AIANNHCOMP": "R", "STATEFP1": "0240625", "STATEFP2": null, "STATEFP3": null, "UR": null, "VINTAGE": "90", "AIANNHFP1": "02-40625", "AIANNHFP2": null, "AIANNHFP3": null, "HU100": null, "POP100": null, "CENTLAT": "+61.9969912", "CENTLON": "-150.3455318", "INTPTLAT": "+62.0546111", "INTPTLON": "-150.3354418", "STGEOMETRY_AREA": 86243604314.501297, "STGEOMETRY_LEN": 1931393.9084153301 }, "geometry": { "type": "Point", "coordinates": [ -151.29269, 61.30951 ] } },
{ "type": "Feature", "properties": { "OBJECTID": 23489, "Join_Count": 1, "TARGET_FID": 23489, "JOIN_FID": 445, "DEP_ID": "10003499", "SITE_NAME": "Theodore River", "DEV_STAT": "Prospect", "URL": "https://mrdata.usgs.gov/mrds/show-mrds.php?dep_id=10003499", "CODE_LIST": " AU", "Grade": "C", "AIANNH": "6785", "FSRFLG": "F", "AIANNHNS": "02418661", "AREALAND": 18094121450.0, "ALANDHIST": 18094089466.0, "AREAWATER": 977787833.0, "AWATERHIST": 977876125.0, "AIANNHCC": "E1", "EFFDATE": null, "ESTABDATE": null, "FUNCSTAT": "S", "GCFLG": null, "GEOID": "6785R", "LSADC": "79", "MTFCC": "G2130", "BASENAME": "Knik", "NAME": "Knik ANVSA", "ObjID": "2249093609925", "AIANNHCOMP": "R", "STATEFP1": "0240625", "STATEFP2": null, "STATEFP3": null, "UR": null, "VINTAGE": "90", "AIANNHFP1": "02-40625", "AIANNHFP2": null, "AIANNHFP3": null, "HU100": null, "POP100": null, "CENTLAT": "+61.9969912", "CENTLON": "-150.3455318", "INTPTLAT": "+62.0546111", "INTPTLON": "-150.3354418", "STGEOMETRY_AREA": 86243604314.501297, "STGEOMETRY_LEN": 1931393.9084153301 }, "geometry": { "type": "Point", "coordinates": [ -150.99269, 61.34951 ] } },
{ "type": "Feature", "properties": { "OBJECTID": 23532, "Join_Count": 1, "TARGET_FID": 23532, "JOIN_FID": 446, "DEP_ID": "10000973", "SITE_NAME": "Pioneer Creek", "DEV_STAT": "Prospect", "URL": "https://mrdata.usgs.gov/mrds/show-mrds.php?dep_id=10000973", "CODE_LIST": " CR", "Grade": "B", "AIANNH": "6290", "FSRFLG": "F", "AIANNHNS": "02418816", "AREALAND": 15429532250.0, "ALANDHIST": 15429532247.0, "AREAWATER": 157255193.0, "AWATERHIST": 157255193.0, "AIANNHCC": "E1", "EFFDATE": null, "ESTABDATE": null, "FUNCSTAT": "S", "GCFLG": null, "GEOID": "6290R", "LSADC": "79", "MTFCC": "G2130", "BASENAME": "Chickaloon", "NAME": "Chickaloon ANVSA", "ObjID": "2249093609926", "AIANNHCOMP": "R", "STATEFP1": "0213345", "STATEFP2": null, "STATEFP3": null, "UR": null, "VINTAGE": "90", "AIANNHFP1": "02-13345", "AIANNHFP2": null, "AIANNHFP3": null, "HU100": null, "POP100": null, "CENTLAT": "+62.2399668", "CENTLON": "-148.3860004", "INTPTLAT": "+62.2514458", "INTPTLON": "-148.0094628", "STGEOMETRY_AREA": 71620960760.508896, "STGEOMETRY_LEN": 1353880.2700505201 }, "geometry": { "type": "Point", "coordinates": [ -149.19265, 61.45955 ] } },
{ "type": "Feature", "properties": { "OBJECTID": 23533, "Join_Count": 1, "TARGET_FID": 23533, "JOIN_FID": 446, "DEP_ID": "10009651", "SITE_NAME": "Fall Creek", "DEV_STAT": "Occurrence", "URL": "https://mrdata.usgs.gov/mrds/show-mrds.php?dep_id=10009651", "CODE_LIST": " W", "Grade": "C", "AIANNH": "6290", "FSRFLG": "F", "AIANNHNS": "02418816", "AREALAND": 15429532250.0, "ALANDHIST": 15429532247.0, "AREAWATER": 157255193.0, "AWATERHIST": 157255193.0, "AIANNHCC": "E1", "EFFDATE": null, "ESTABDATE": null, "FUNCSTAT": "S", "GCFLG": null, "GEOID": "6290R", "LSADC": "79", "MTFCC": "G2130", "BASENAME": "Chickaloon", "NAME": "Chickaloon ANVSA", "ObjID": "2249093609926", "AIANNHCOMP": "R", "STATEFP1": "0213345", "STATEFP2": null, "STATEFP3": null, "UR": null, "VINTAGE": "90", "AIANNHFP1": "02-13345", "AIANNHFP2": null, "AIANNHFP3": null, "HU100": null, "POP100": null, "CENTLAT": "+62.2399668", "CENTLON": "-148.3860004", "INTPTLAT": "+62.2514458", "INTPTLON": "-148.0094628", "STGEOMETRY_AREA": 71620960760.508896, "STGEOMETRY_LEN": 1353880.2700505201 }, "geometry": { "type": "Point", "coordinates": [ -148.58264, 61.45956 ] } },
{ "type": "Feature", "properties": { "OBJECTID": 23536, "Join_Count": 1, "TARGET_FID": 23536, "JOIN_FID": 446, "DEP_ID": "10258087", "SITE_NAME": "Pioneer Creek", "DEV_STAT": "Prospect", "URL": "https://mrdata.usgs.gov/mrds/show-mrds.php?dep_id=10258087", "CODE_LIST": " CR PGE", "Grade": "C", "AIANNH": "6290", "FSRFLG": "F", "AIANNHNS": "02418816", "AREALAND": 15429532250.0, "ALANDHIST": 15429532247.0, "AREAWATER": 157255193.0, "AWATERHIST": 157255193.0, "AIANNHCC": "E1", "EFFDATE": null, "ESTABDATE": null, "FUNCSTAT": "S", "GCFLG": null, "GEOID": "6290R", "LSADC": "79", "MTFCC": "G2130", "BASENAME": "Chickaloon", "NAME": "Chickaloon ANVSA", "ObjID": "2249093609926", "AIANNHCOMP": "R", "STATEFP1": "0213345", "STATEFP2": null, "STATEFP3": null, "UR": null, "VINTAGE": "90", "AIANNHFP1": "02-13345", "AIANNHFP2": null, "AIANNHFP3": null, "HU100": null, "POP100": null, "CENTLAT": "+62.2399668", "CENTLON": "-148.3860004", "INTPTLAT": "+62.2514458", "INTPTLON": "-148.0094628", "STGEOMETRY_AREA": 71620960760.508896, "STGEOMETRY_LEN": 1353880.2700505201 }, "geometry": { "type": "Point", "coordinates": [ -149.19015, 61.46395 ] } },
{ "type": "Feature", "properties": { "OBJECTID": 23538, "Join_Count": 1, "TARGET_FID": 23538, "JOIN_FID": 446, "DEP_ID": "10000972", "SITE_NAME": "Highway", "DEV_STAT": "Prospect", "URL": "https://mrdata.usgs.gov/mrds/show-mrds.php?dep_id=10000972", "CODE_LIST": " AU CR CU PGE_PD PGE_PT", "Grade": "B", "AIANNH": "6290", "FSRFLG": "F", "AIANNHNS": "02418816", "AREALAND": 15429532250.0, "ALANDHIST": 15429532247.0, "AREAWATER": 157255193.0, "AWATERHIST": 157255193.0, "AIANNHCC": "E1", "EFFDATE": null, "ESTABDATE": null, "FUNCSTAT": "S", "GCFLG": null, "GEOID": "6290R", "LSADC": "79", "MTFCC": "G2130", "BASENAME": "Chickaloon", "NAME": "Chickaloon ANVSA", "ObjID": "2249093609926", "AIANNHCOMP": "R", "STATEFP1": "0213345", "STATEFP2": null, "STATEFP3": null, "UR": null, "VINTAGE": "90", "AIANNHFP1": "02-13345", "AIANNHFP2": null, "AIANNHFP3": null, "HU100": null, "POP100": null, "CENTLAT": "+62.2399668", "CENTLON": "-148.3860004", "INTPTLAT": "+62.2514458", "INTPTLON": "-148.0094628", "STGEOMETRY_AREA": 71620960760.508896, "STGEOMETRY_LEN": 1353880.2700505201 }, "geometry": { "type": "Point", "coordinates": [ -149.20265, 61.46955 ] } },
{ "type": "Feature", "properties": { "OBJECTID": 23539, "Join_Count": 1, "TARGET_FID": 23539, "JOIN_FID": 446, "DEP_ID": "10000971", "SITE_NAME": "Eklutna Tunnel", "DEV_STAT": "Occurrence", "URL": "https://mrdata.usgs.gov/mrds/show-mrds.php?dep_id=10000971", "CODE_LIST": " HG", "Grade": "B", "AIANNH": "6290", "FSRFLG": "F", "AIANNHNS": "02418816", "AREALAND": 15429532250.0, "ALANDHIST": 15429532247.0, "AREAWATER": 157255193.0, "AWATERHIST": 157255193.0, "AIANNHCC": "E1", "EFFDATE": null, "ESTABDATE": null, "FUNCSTAT": "S", "GCFLG": null, "GEOID": "6290R", "LSADC": "79", "MTFCC": "G2130", "BASENAME": "Chickaloon", "NAME": "Chickaloon ANVSA", "ObjID": "2249093609926", "AIANNHCOMP": "R", "STATEFP1": "0213345", "STATEFP2": null, "STATEFP3": null, "UR": null, "VINTAGE": "90", "AIANNHFP1": "02-13345", "AIANNHFP2": null, "AIANNHFP3": null, "HU100": null, "POP100": null, "CENTLAT": "+62.2399668", "CENTLON": "-148.3860004", "INTPTLAT": "+62.2514458", "INTPTLON": "-148.0094628", "STGEOMETRY_AREA": 71620960760.508896, "STGEOMETRY_LEN": 1353880.2700505201 }, "geometry": { "type": "Point", "coordinates": [ -149.15265, 61.46955 ] } },
{ "type": "Feature", "properties": { "OBJECTID": 23540, "Join_Count": 1, "TARGET_FID": 23540, "JOIN_FID": 446, "DEP_ID": "10234283", "SITE_NAME": "Highway", "DEV_STAT": "Prospect", "URL": "https://mrdata.usgs.gov/mrds/show-mrds.php?dep_id=10234283", "CODE_LIST": " CR CU AU PGE", "Grade": "B", "AIANNH": "6290", "FSRFLG": "F", "AIANNHNS": "02418816", "AREALAND": 15429532250.0, "ALANDHIST": 15429532247.0, "AREAWATER": 157255193.0, "AWATERHIST": 157255193.0, "AIANNHCC": "E1", "EFFDATE": null, "ESTABDATE": null, "FUNCSTAT": "S", "GCFLG": null, "GEOID": "6290R", "LSADC": "79", "MTFCC": "G2130", "BASENAME": "Chickaloon", "NAME": "Chickaloon ANVSA", "ObjID": "2249093609926", "AIANNHCOMP": "R", "STATEFP1": "0213345", "STATEFP2": null, "STATEFP3": null, "UR": null, "VINTAGE": "90", "AIANNHFP1": "02-13345", "AIANNHFP2": null, "AIANNHFP3": null, "HU100": null, "POP100": null, "CENTLAT": "+62.2399668", "CENTLON": "-148.3860004", "INTPTLAT": "+62.2514458", "INTPTLON": "-148.0094628", "STGEOMETRY_AREA": 71620960760.508896, "STGEOMETRY_LEN": 1353880.2700505201 }, "geometry": { "type": "Point", "coordinates": [ -149.20596, 61.47235 ] } },
{ "type": "Feature", "properties": { "OBJECTID": 23554, "Join_Count": 1, "TARGET_FID": 23554, "JOIN_FID": 446, "DEP_ID": "10308771", "SITE_NAME": "Metal Creek", "DEV_STAT": "Producer", "URL": "https://mrdata.usgs.gov/mrds/show-mrds.php?dep_id=10308771", "CODE_LIST": " AU W AG CU PGE_PT", "Grade": "B", "AIANNH": "6290", "FSRFLG": "F", "AIANNHNS": "02418816", "AREALAND": 15429532250.0, "ALANDHIST": 15429532247.0, "AREAWATER": 157255193.0, "AWATERHIST": 157255193.0, "AIANNHCC": "E1", "EFFDATE": null, "ESTABDATE": null, "FUNCSTAT": "S", "GCFLG": null, "GEOID": "6290R", "LSADC": "79", "MTFCC": "G2130", "BASENAME": "Chickaloon", "NAME": "Chickaloon ANVSA", "ObjID": "2249093609926", "AIANNHCOMP": "R", "STATEFP1": "0213345", "STATEFP2": null, "STATEFP3": null, "UR": null, "VINTAGE": "90", "AIANNHFP1": "02-13345", "AIANNHFP2": null, "AIANNHFP3": null, "HU100": null, "POP100": null, "CENTLAT": "+62.2399668", "CENTLON": "-148.3860004", "INTPTLAT": "+62.2514458", "INTPTLON": "-148.0094628", "STGEOMETRY_AREA": 71620960760.508896, "STGEOMETRY_LEN": 1353880.2700505201 }, "geometry": { "type": "Point", "coordinates": [ -148.40264, 61.49957 ] } },
{ "type": "Feature", "properties": { "OBJECTID": 23566, "Join_Count": 1, "TARGET_FID": 23566, "JOIN_FID": 442, "DEP_ID": "10000843", "SITE_NAME": "Opal Prospect", "DEV_STAT": "Producer", "URL": "https://mrdata.usgs.gov/mrds/show-mrds.php?dep_id=10000843", "CODE_LIST": " AU AG PB ZN", "Grade": "C", "AIANNH": "6330", "FSRFLG": "F", "AIANNHNS": "02418831", "AREALAND": 308832259.0, "ALANDHIST": 308832261.0, "AREAWATER": 476310.0, "AWATERHIST": 476310.0, "AIANNHCC": "E1", "EFFDATE": null, "ESTABDATE": null, "FUNCSTAT": "S", "GCFLG": null, "GEOID": "6330R", "LSADC": "79", "MTFCC": "G2130", "BASENAME": "Chitina", "NAME": "Chitina ANVSA", "ObjID": "22490510088931", "AIANNHCOMP": "R", "STATEFP1": "0214115", "STATEFP2": null, "STATEFP3": null, "UR": null, "VINTAGE": "90", "AIANNHFP1": "02-14115", "AIANNHFP2": null, "AIANNHFP3": null, "HU100": null, "POP100": null, "CENTLAT": "+61.5149154", "CENTLON": "-144.5968231", "INTPTLAT": "+61.5270892", "INTPTLON": "-144.5115104", "STGEOMETRY_AREA": 1354866503.54526, "STGEOMETRY_LEN": 183957.16110773999 }, "geometry": { "type": "Point", "coordinates": [ -144.63921, 61.54158 ] } },
{ "type": "Feature", "properties": { "OBJECTID": 23569, "Join_Count": 1, "TARGET_FID": 23569, "JOIN_FID": 446, "DEP_ID": "10009648", "SITE_NAME": "Jim Lake", "DEV_STAT": "Occurrence", "URL": "https://mrdata.usgs.gov/mrds/show-mrds.php?dep_id=10009648", "CODE_LIST": " W", "Grade": "C", "AIANNH": "6290", "FSRFLG": "F", "AIANNHNS": "02418816", "AREALAND": 15429532250.0, "ALANDHIST": 15429532247.0, "AREAWATER": 157255193.0, "AWATERHIST": 157255193.0, "AIANNHCC": "E1", "EFFDATE": null, "ESTABDATE": null, "FUNCSTAT": "S", "GCFLG": null, "GEOID": "6290R", "LSADC": "79", "MTFCC": "G2130", "BASENAME": "Chickaloon", "NAME": "Chickaloon ANVSA", "ObjID": "2249093609926", "AIANNHCOMP": "R", "STATEFP1": "0213345", "STATEFP2": null, "STATEFP3": null, "UR": null, "VINTAGE": "90", "AIANNHFP1": "02-13345", "AIANNHFP2": null, "AIANNHFP3": null, "HU100": null, "POP100": null, "CENTLAT": "+62.2399668", "CENTLON": "-148.3860004", "INTPTLAT": "+62.2514458", "INTPTLON": "-148.0094628", "STGEOMETRY_AREA": 71620960760.508896, "STGEOMETRY_LEN": 1353880.2700505201 }, "geometry": { "type": "Point", "coordinates": [ -148.89265, 61.54956 ] } },
{ "type": "Feature", "properties": { "OBJECTID": 23582, "Join_Count": 1, "TARGET_FID": 23582, "JOIN_FID": 446, "DEP_ID": "10137108", "SITE_NAME": "Jim Lake", "DEV_STAT": "Prospect", "URL": "https://mrdata.usgs.gov/mrds/show-mrds.php?dep_id=10137108", "CODE_LIST": " W NI", "Grade": "C", "AIANNH": "6290", "FSRFLG": "F", "AIANNHNS": "02418816", "AREALAND": 15429532250.0, "ALANDHIST": 15429532247.0, "AREAWATER": 157255193.0, "AWATERHIST": 157255193.0, "AIANNHCC": "E1", "EFFDATE": null, "ESTABDATE": null, "FUNCSTAT": "S", "GCFLG": null, "GEOID": "6290R", "LSADC": "79", "MTFCC": "G2130", "BASENAME": "Chickaloon", "NAME": "Chickaloon ANVSA", "ObjID": "2249093609926", "AIANNHCOMP": "R", "STATEFP1": "0213345", "STATEFP2": null, "STATEFP3": null, "UR": null, "VINTAGE": "90", "AIANNHFP1": "02-13345", "AIANNHFP2": null, "AIANNHFP3": null, "HU100": null, "POP100": null, "CENTLAT": "+62.2399668", "CENTLON": "-148.3860004", "INTPTLAT": "+62.2514458", "INTPTLON": "-148.0094628", "STGEOMETRY_AREA": 71620960760.508896, "STGEOMETRY_LEN": 1353880.2700505201 }, "geometry": { "type": "Point", "coordinates": [ -148.91656, 61.56346 ] } },
{ "type": "Feature", "properties": { "OBJECTID": 23584, "Join_Count": 1, "TARGET_FID": 23584, "JOIN_FID": 446, "DEP_ID": "10258799", "SITE_NAME": "Jim Creek", "DEV_STAT": "Prospect", "URL": "https://mrdata.usgs.gov/mrds/show-mrds.php?dep_id=10258799", "CODE_LIST": " CU AU PB ZN", "Grade": "C", "AIANNH": "6290", "FSRFLG": "F", "AIANNHNS": "02418816", "AREALAND": 15429532250.0, "ALANDHIST": 15429532247.0, "AREAWATER": 157255193.0, "AWATERHIST": 157255193.0, "AIANNHCC": "E1", "EFFDATE": null, "ESTABDATE": null, "FUNCSTAT": "S", "GCFLG": null, "GEOID": "6290R", "LSADC": "79", "MTFCC": "G2130", "BASENAME": "Chickaloon", "NAME": "Chickaloon ANVSA", "ObjID": "2249093609926", "AIANNHCOMP": "R", "STATEFP1": "0213345", "STATEFP2": null, "STATEFP3": null, "UR": null, "VINTAGE": "90", "AIANNHFP1": "02-13345", "AIANNHFP2": null, "AIANNHFP3": null, "HU100": null, "POP100": null, "CENTLAT": "+62.2399668", "CENTLON": "-148.3860004", "INTPTLAT": "+62.2514458", "INTPTLON": "-148.0094628", "STGEOMETRY_AREA": 71620960760.508896, "STGEOMETRY_LEN": 1353880.2700505201 }, "geometry": { "type": "Point", "coordinates": [ -148.80935, 61.56706 ] } },
{ "type": "Feature", "properties": { "OBJECTID": 23588, "Join_Count": 1, "TARGET_FID": 23588, "JOIN_FID": 446, "DEP_ID": "10000975", "SITE_NAME": "Jim Creek", "DEV_STAT": "Occurrence", "URL": "https://mrdata.usgs.gov/mrds/show-mrds.php?dep_id=10000975", "CODE_LIST": " AG CU ZN AU", "Grade": "B", "AIANNH": "6290", "FSRFLG": "F", "AIANNHNS": "02418816", "AREALAND": 15429532250.0, "ALANDHIST": 15429532247.0, "AREAWATER": 157255193.0, "AWATERHIST": 157255193.0, "AIANNHCC": "E1", "EFFDATE": null, "ESTABDATE": null, "FUNCSTAT": "S", "GCFLG": null, "GEOID": "6290R", "LSADC": "79", "MTFCC": "G2130", "BASENAME": "Chickaloon", "NAME": "Chickaloon ANVSA", "ObjID": "2249093609926", "AIANNHCOMP": "R", "STATEFP1": "0213345", "STATEFP2": null, "STATEFP3": null, "UR": null, "VINTAGE": "90", "AIANNHFP1": "02-13345", "AIANNHFP2": null, "AIANNHFP3": null, "HU100": null, "POP100": null, "CENTLAT": "+62.2399668", "CENTLON": "-148.3860004", "INTPTLAT": "+62.2514458", "INTPTLON": "-148.0094628", "STGEOMETRY_AREA": 71620960760.508896, "STGEOMETRY_LEN": 1353880.2700505201 }, "geometry": { "type": "Point", "coordinates": [ -148.80265, 61.56956 ] } },
{ "type": "Feature", "properties": { "OBJECTID": 23594, "Join_Count": 1, "TARGET_FID": 23594, "JOIN_FID": 445, "DEP_ID": "10003492", "SITE_NAME": "Wolverine Creek", "DEV_STAT": "Prospect", "URL": "https://mrdata.usgs.gov/mrds/show-mrds.php?dep_id=10003492", "CODE_LIST": " AU", "Grade": "C", "AIANNH": "6785", "FSRFLG": "F", "AIANNHNS": "02418661", "AREALAND": 18094121450.0, "ALANDHIST": 18094089466.0, "AREAWATER": 977787833.0, "AWATERHIST": 977876125.0, "AIANNHCC": "E1", "EFFDATE": null, "ESTABDATE": null, "FUNCSTAT": "S", "GCFLG": null, "GEOID": "6785R", "LSADC": "79", "MTFCC": "G2130", "BASENAME": "Knik", "NAME": "Knik ANVSA", "ObjID": "2249093609925", "AIANNHCOMP": "R", "STATEFP1": "0240625", "STATEFP2": null, "STATEFP3": null, "UR": null, "VINTAGE": "90", "AIANNHFP1": "02-40625", "AIANNHFP2": null, "AIANNHFP3": null, "HU100": null, "POP100": null, "CENTLAT": "+61.9969912", "CENTLON": "-150.3455318", "INTPTLAT": "+62.0546111", "INTPTLON": "-150.3354418", "STGEOMETRY_AREA": 86243604314.501297, "STGEOMETRY_LEN": 1931393.9084153301 }, "geometry": { "type": "Point", "coordinates": [ -150.8327, 61.58952 ] } },
{ "type": "Feature", "properties": { "OBJECTID": 23595, "Join_Count": 1, "TARGET_FID": 23595, "JOIN_FID": 446, "DEP_ID": "10009649", "SITE_NAME": "McRoberts Creek", "DEV_STAT": "Occurrence", "URL": "https://mrdata.usgs.gov/mrds/show-mrds.php?dep_id=10009649", "CODE_LIST": " HG W", "Grade": "C", "AIANNH": "6290", "FSRFLG": "F", "AIANNHNS": "02418816", "AREALAND": 15429532250.0, "ALANDHIST": 15429532247.0, "AREAWATER": 157255193.0, "AWATERHIST": 157255193.0, "AIANNHCC": "E1", "EFFDATE": null, "ESTABDATE": null, "FUNCSTAT": "S", "GCFLG": null, "GEOID": "6290R", "LSADC": "79", "MTFCC": "G2130", "BASENAME": "Chickaloon", "NAME": "Chickaloon ANVSA", "ObjID": "2249093609926", "AIANNHCOMP": "R", "STATEFP1": "0213345", "STATEFP2": null, "STATEFP3": null, "UR": null, "VINTAGE": "90", "AIANNHFP1": "02-13345", "AIANNHFP2": null, "AIANNHFP3": null, "HU100": null, "POP100": null, "CENTLAT": "+62.2399668", "CENTLON": "-148.3860004", "INTPTLAT": "+62.2514458", "INTPTLON": "-148.0094628", "STGEOMETRY_AREA": 71620960760.508896, "STGEOMETRY_LEN": 1353880.2700505201 }, "geometry": { "type": "Point", "coordinates": [ -148.99266, 61.58956 ] } },
{ "type": "Feature", "properties": { "OBJECTID": 23596, "Join_Count": 1, "TARGET_FID": 23596, "JOIN_FID": 446, "DEP_ID": "10308770", "SITE_NAME": "Glacier Fork", "DEV_STAT": "Occurrence", "URL": "https://mrdata.usgs.gov/mrds/show-mrds.php?dep_id=10308770", "CODE_LIST": " AG AU CU W", "Grade": "B", "AIANNH": "6290", "FSRFLG": "F", "AIANNHNS": "02418816", "AREALAND": 15429532250.0, "ALANDHIST": 15429532247.0, "AREAWATER": 157255193.0, "AWATERHIST": 157255193.0, "AIANNHCC": "E1", "EFFDATE": null, "ESTABDATE": null, "FUNCSTAT": "S", "GCFLG": null, "GEOID": "6290R", "LSADC": "79", "MTFCC": "G2130", "BASENAME": "Chickaloon", "NAME": "Chickaloon ANVSA", "ObjID": "2249093609926", "AIANNHCOMP": "R", "STATEFP1": "0213345", "STATEFP2": null, "STATEFP3": null, "UR": null, "VINTAGE": "90", "AIANNHFP1": "02-13345", "AIANNHFP2": null, "AIANNHFP3": null, "HU100": null, "POP100": null, "CENTLAT": "+62.2399668", "CENTLON": "-148.3860004", "INTPTLAT": "+62.2514458", "INTPTLON": "-148.0094628", "STGEOMETRY_AREA": 71620960760.508896, "STGEOMETRY_LEN": 1353880.2700505201 }, "geometry": { "type": "Point", "coordinates": [ -148.20264, 61.58957 ] } },
{ "type": "Feature", "properties": { "OBJECTID": 23597, "Join_Count": 1, "TARGET_FID": 23597, "JOIN_FID": 446, "DEP_ID": "10009652", "SITE_NAME": "Glacier Fork", "DEV_STAT": "Occurrence", "URL": "https://mrdata.usgs.gov/mrds/show-mrds.php?dep_id=10009652", "CODE_LIST": " AG AU CU W", "Grade": "C", "AIANNH": "6290", "FSRFLG": "F", "AIANNHNS": "02418816", "AREALAND": 15429532250.0, "ALANDHIST": 15429532247.0, "AREAWATER": 157255193.0, "AWATERHIST": 157255193.0, "AIANNHCC": "E1", "EFFDATE": null, "ESTABDATE": null, "FUNCSTAT": "S", "GCFLG": null, "GEOID": "6290R", "LSADC": "79", "MTFCC": "G2130", "BASENAME": "Chickaloon", "NAME": "Chickaloon ANVSA", "ObjID": "2249093609926", "AIANNHCOMP": "R", "STATEFP1": "0213345", "STATEFP2": null, "STATEFP3": null, "UR": null, "VINTAGE": "90", "AIANNHFP1": "02-13345", "AIANNHFP2": null, "AIANNHFP3": null, "HU100": null, "POP100": null, "CENTLAT": "+62.2399668", "CENTLON": "-148.3860004", "INTPTLAT": "+62.2514458", "INTPTLON": "-148.0094628", "STGEOMETRY_AREA": 71620960760.508896, "STGEOMETRY_LEN": 1353880.2700505201 }, "geometry": { "type": "Point", "coordinates": [ -148.20236, 61.58957 ] } },
{ "type": "Feature", "properties": { "OBJECTID": 23612, "Join_Count": 1, "TARGET_FID": 23612, "JOIN_FID": 446, "DEP_ID": "10137230", "SITE_NAME": "Wolverine Chromite", "DEV_STAT": "Occurrence", "URL": "https://mrdata.usgs.gov/mrds/show-mrds.php?dep_id=10137230", "CODE_LIST": " CR CO NI", "Grade": "C", "AIANNH": "6290", "FSRFLG": "F", "AIANNHNS": "02418816", "AREALAND": 15429532250.0, "ALANDHIST": 15429532247.0, "AREAWATER": 157255193.0, "AWATERHIST": 157255193.0, "AIANNHCC": "E1", "EFFDATE": null, "ESTABDATE": null, "FUNCSTAT": "S", "GCFLG": null, "GEOID": "6290R", "LSADC": "79", "MTFCC": "G2130", "BASENAME": "Chickaloon", "NAME": "Chickaloon ANVSA", "ObjID": "2249093609926", "AIANNHCOMP": "R", "STATEFP1": "0213345", "STATEFP2": null, "STATEFP3": null, "UR": null, "VINTAGE": "90", "AIANNHFP1": "02-13345", "AIANNHFP2": null, "AIANNHFP3": null, "HU100": null, "POP100": null, "CENTLAT": "+62.2399668", "CENTLON": "-148.3860004", "INTPTLAT": "+62.2514458", "INTPTLON": "-148.0094628", "STGEOMETRY_AREA": 71620960760.508896, "STGEOMETRY_LEN": 1353880.2700505201 }, "geometry": { "type": "Point", "coordinates": [ -148.63595, 61.62207 ] } },
{ "type": "Feature", "properties": { "OBJECTID": 23614, "Join_Count": 1, "TARGET_FID": 23614, "JOIN_FID": 446, "DEP_ID": "10304988", "SITE_NAME": "Andersens Folly 1-10, 12-22", "DEV_STAT": "Prospect", "URL": "https://mrdata.usgs.gov/mrds/show-mrds.php?dep_id=10304988", "CODE_LIST": " AU AG", "Grade": "C", "AIANNH": "6290", "FSRFLG": "F", "AIANNHNS": "02418816", "AREALAND": 15429532250.0, "ALANDHIST": 15429532247.0, "AREAWATER": 157255193.0, "AWATERHIST": 157255193.0, "AIANNHCC": "E1", "EFFDATE": null, "ESTABDATE": null, "FUNCSTAT": "S", "GCFLG": null, "GEOID": "6290R", "LSADC": "79", "MTFCC": "G2130", "BASENAME": "Chickaloon", "NAME": "Chickaloon ANVSA", "ObjID": "2249093609926", "AIANNHCOMP": "R", "STATEFP1": "0213345", "STATEFP2": null, "STATEFP3": null, "UR": null, "VINTAGE": "90", "AIANNHFP1": "02-13345", "AIANNHFP2": null, "AIANNHFP3": null, "HU100": null, "POP100": null, "CENTLAT": "+62.2399668", "CENTLON": "-148.3860004", "INTPTLAT": "+62.2514458", "INTPTLON": "-148.0094628", "STGEOMETRY_AREA": 71620960760.508896, "STGEOMETRY_LEN": 1353880.2700505201 }, "geometry": { "type": "Point", "coordinates": [ -148.97766, 61.62316 ] } },
{ "type": "Feature", "properties": { "OBJECTID": 23619, "Join_Count": 1, "TARGET_FID": 23619, "JOIN_FID": 446, "DEP_ID": "10000974", "SITE_NAME": "Unnamed", "DEV_STAT": "Occurrence", "URL": "https://mrdata.usgs.gov/mrds/show-mrds.php?dep_id=10000974", "CODE_LIST": " CR NI", "Grade": "C", "AIANNH": "6290", "FSRFLG": "F", "AIANNHNS": "02418816", "AREALAND": 15429532250.0, "ALANDHIST": 15429532247.0, "AREAWATER": 157255193.0, "AWATERHIST": 157255193.0, "AIANNHCC": "E1", "EFFDATE": null, "ESTABDATE": null, "FUNCSTAT": "S", "GCFLG": null, "GEOID": "6290R", "LSADC": "79", "MTFCC": "G2130", "BASENAME": "Chickaloon", "NAME": "Chickaloon ANVSA", "ObjID": "2249093609926", "AIANNHCOMP": "R", "STATEFP1": "0213345", "STATEFP2": null, "STATEFP3": null, "UR": null, "VINTAGE": "90", "AIANNHFP1": "02-13345", "AIANNHFP2": null, "AIANNHFP3": null, "HU100": null, "POP100": null, "CENTLAT": "+62.2399668", "CENTLON": "-148.3860004", "INTPTLAT": "+62.2514458", "INTPTLON": "-148.0094628", "STGEOMETRY_AREA": 71620960760.508896, "STGEOMETRY_LEN": 1353880.2700505201 }, "geometry": { "type": "Point", "coordinates": [ -148.65265, 61.62957 ] } },
{ "type": "Feature", "properties": { "OBJECTID": 23620, "Join_Count": 1, "TARGET_FID": 23620, "JOIN_FID": 446, "DEP_ID": "10003458", "SITE_NAME": "Metal Creek", "DEV_STAT": "Occurrence", "URL": "https://mrdata.usgs.gov/mrds/show-mrds.php?dep_id=10003458", "CODE_LIST": " AG AU CU", "Grade": "C", "AIANNH": "6290", "FSRFLG": "F", "AIANNHNS": "02418816", "AREALAND": 15429532250.0, "ALANDHIST": 15429532247.0, "AREAWATER": 157255193.0, "AWATERHIST": 157255193.0, "AIANNHCC": "E1", "EFFDATE": null, "ESTABDATE": null, "FUNCSTAT": "S", "GCFLG": null, "GEOID": "6290R", "LSADC": "79", "MTFCC": "G2130", "BASENAME": "Chickaloon", "NAME": "Chickaloon ANVSA", "ObjID": "2249093609926", "AIANNHCOMP": "R", "STATEFP1": "0213345", "STATEFP2": null, "STATEFP3": null, "UR": null, "VINTAGE": "90", "AIANNHFP1": "02-13345", "AIANNHFP2": null, "AIANNHFP3": null, "HU100": null, "POP100": null, "CENTLAT": "+62.2399668", "CENTLON": "-148.3860004", "INTPTLAT": "+62.2514458", "INTPTLON": "-148.0094628", "STGEOMETRY_AREA": 71620960760.508896, "STGEOMETRY_LEN": 1353880.2700505201 }, "geometry": { "type": "Point", "coordinates": [ -148.39265, 61.62957 ] } },
{ "type": "Feature", "properties": { "OBJECTID": 23665, "Join_Count": 1, "TARGET_FID": 23665, "JOIN_FID": 482, "DEP_ID": "10002505", "SITE_NAME": "Mellick's", "DEV_STAT": "Prospect", "URL": "https://mrdata.usgs.gov/mrds/show-mrds.php?dep_id=10002505", "CODE_LIST": " HG", "Grade": "B", "AIANNH": "7495", "FSRFLG": "F", "AIANNHNS": "02419223", "AREALAND": 54764626.0, "ALANDHIST": 54764627.0, "AREAWATER": 13575196.0, "AWATERHIST": 13575196.0, "AIANNHCC": "E1", "EFFDATE": null, "ESTABDATE": null, "FUNCSTAT": "S", "GCFLG": null, "GEOID": "7495R", "LSADC": "79", "MTFCC": "G2130", "BASENAME": "Sleetmute", "NAME": "Sleetmute ANVSA", "ObjID": "2249093609700", "AIANNHCOMP": "R", "STATEFP1": "0271095", "STATEFP2": null, "STATEFP3": null, "UR": null, "VINTAGE": "90", "AIANNHFP1": "02-71095", "AIANNHFP2": null, "AIANNHFP3": null, "HU100": null, "POP100": null, "CENTLAT": "+61.6761464", "CENTLON": "-157.1244066", "INTPTLAT": "+61.6793027", "INTPTLON": "-157.0834678", "STGEOMETRY_AREA": 302469714.15801001, "STGEOMETRY_LEN": 75586.545351630004 }, "geometry": { "type": "Point", "coordinates": [ -157.18173, 61.6855 ] } },
{ "type": "Feature", "properties": { "OBJECTID": 23694, "Join_Count": 1, "TARGET_FID": 23694, "JOIN_FID": 445, "DEP_ID": "10309033", "SITE_NAME": "Texas Creek", "DEV_STAT": "Prospect", "URL": "https://mrdata.usgs.gov/mrds/show-mrds.php?dep_id=10309033", "CODE_LIST": " AU", "Grade": "B", "AIANNH": "6785", "FSRFLG": "F", "AIANNHNS": "02418661", "AREALAND": 18094121450.0, "ALANDHIST": 18094089466.0, "AREAWATER": 977787833.0, "AWATERHIST": 977876125.0, "AIANNHCC": "E1", "EFFDATE": null, "ESTABDATE": null, "FUNCSTAT": "S", "GCFLG": null, "GEOID": "6785R", "LSADC": "79", "MTFCC": "G2130", "BASENAME": "Knik", "NAME": "Knik ANVSA", "ObjID": "2249093609925", "AIANNHCOMP": "R", "STATEFP1": "0240625", "STATEFP2": null, "STATEFP3": null, "UR": null, "VINTAGE": "90", "AIANNHFP1": "02-40625", "AIANNHFP2": null, "AIANNHFP3": null, "HU100": null, "POP100": null, "CENTLAT": "+61.9969912", "CENTLON": "-150.3455318", "INTPTLAT": "+62.0546111", "INTPTLON": "-150.3354418", "STGEOMETRY_AREA": 86243604314.501297, "STGEOMETRY_LEN": 1931393.9084153301 }, "geometry": { "type": "Point", "coordinates": [ -151.09272, 61.72952 ] } },
{ "type": "Feature", "properties": { "OBJECTID": 23695, "Join_Count": 1, "TARGET_FID": 23695, "JOIN_FID": 446, "DEP_ID": "10161575", "SITE_NAME": "Basic Building Products", "DEV_STAT": "Prospect", "URL": "https://mrdata.usgs.gov/mrds/show-mrds.php?dep_id=10161575", "CODE_LIST": " STN", "Grade": "C", "AIANNH": "6290", "FSRFLG": "F", "AIANNHNS": "02418816", "AREALAND": 15429532250.0, "ALANDHIST": 15429532247.0, "AREAWATER": 157255193.0, "AWATERHIST": 157255193.0, "AIANNHCC": "E1", "EFFDATE": null, "ESTABDATE": null, "FUNCSTAT": "S", "GCFLG": null, "GEOID": "6290R", "LSADC": "79", "MTFCC": "G2130", "BASENAME": "Chickaloon", "NAME": "Chickaloon ANVSA", "ObjID": "2249093609926", "AIANNHCOMP": "R", "STATEFP1": "0213345", "STATEFP2": null, "STATEFP3": null, "UR": null, "VINTAGE": "90", "AIANNHFP1": "02-13345", "AIANNHFP2": null, "AIANNHFP3": null, "HU100": null, "POP100": null, "CENTLAT": "+62.2399668", "CENTLON": "-148.3860004", "INTPTLAT": "+62.2514458", "INTPTLON": "-148.0094628", "STGEOMETRY_AREA": 71620960760.508896, "STGEOMETRY_LEN": 1353880.2700505201 }, "geometry": { "type": "Point", "coordinates": [ -148.74987, 61.73017 ] } },
{ "type": "Feature", "properties": { "OBJECTID": 23698, "Join_Count": 1, "TARGET_FID": 23698, "JOIN_FID": 546, "DEP_ID": "10112659", "SITE_NAME": "Mccallay Creek", "DEV_STAT": "Prospect", "URL": "https://mrdata.usgs.gov/mrds/show-mrds.php?dep_id=10112659", "CODE_LIST": " HG SB", "Grade": "C", "AIANNH": "7305", "FSRFLG": "F", "AIANNHNS": "02419197", "AREALAND": 65070668.0, "ALANDHIST": 65077919.0, "AREAWATER": 6998553.0, "AWATERHIST": 6991302.0, "AIANNHCC": "E1", "EFFDATE": null, "ESTABDATE": null, "FUNCSTAT": "S", "GCFLG": null, "GEOID": "7305R", "LSADC": "79", "MTFCC": "G2130", "BASENAME": "Red Devil", "NAME": "Red Devil ANVSA", "ObjID": "2249093609698", "AIANNHCOMP": "R", "STATEFP1": "0264935", "STATEFP2": null, "STATEFP3": null, "UR": null, "VINTAGE": "90", "AIANNHFP1": "02-64935", "AIANNHFP2": null, "AIANNHFP3": null, "HU100": null, "POP100": null, "CENTLAT": "+61.7734756", "CENTLON": "-157.3459839", "INTPTLAT": "+61.7574845", "INTPTLON": "-157.3585028", "STGEOMETRY_AREA": 320993951.81384897, "STGEOMETRY_LEN": 97011.192785940002 }, "geometry": { "type": "Point", "coordinates": [ -157.35285, 61.73269 ] } },
{ "type": "Feature", "properties": { "OBJECTID": 23700, "Join_Count": 1, "TARGET_FID": 23700, "JOIN_FID": 445, "DEP_ID": "10094003", "SITE_NAME": "Texas Creek Placer", "DEV_STAT": "Occurrence", "URL": "https://mrdata.usgs.gov/mrds/show-mrds.php?dep_id=10094003", "CODE_LIST": " AU", "Grade": "C", "AIANNH": "6785", "FSRFLG": "F", "AIANNHNS": "02418661", "AREALAND": 18094121450.0, "ALANDHIST": 18094089466.0, "AREAWATER": 977787833.0, "AWATERHIST": 977876125.0, "AIANNHCC": "E1", "EFFDATE": null, "ESTABDATE": null, "FUNCSTAT": "S", "GCFLG": null, "GEOID": "6785R", "LSADC": "79", "MTFCC": "G2130", "BASENAME": "Knik", "NAME": "Knik ANVSA", "ObjID": "2249093609925", "AIANNHCOMP": "R", "STATEFP1": "0240625", "STATEFP2": null, "STATEFP3": null, "UR": null, "VINTAGE": "90", "AIANNHFP1": "02-40625", "AIANNHFP2": null, "AIANNHFP3": null, "HU100": null, "POP100": null, "CENTLAT": "+61.9969912", "CENTLON": "-150.3455318", "INTPTLAT": "+62.0546111", "INTPTLON": "-150.3354418", "STGEOMETRY_AREA": 86243604314.501297, "STGEOMETRY_LEN": 1931393.9084153301 }, "geometry": { "type": "Point", "coordinates": [ -151.09716, 61.73424 ] } },
{ "type": "Feature", "properties": { "OBJECTID": 23701, "Join_Count": 1, "TARGET_FID": 23701, "JOIN_FID": 445, "DEP_ID": "10234209", "SITE_NAME": "Wheeler, Betts, & Dimmick", "DEV_STAT": "Prospect", "URL": "https://mrdata.usgs.gov/mrds/show-mrds.php?dep_id=10234209", "CODE_LIST": " AU", "Grade": "C", "AIANNH": "6785", "FSRFLG": "F", "AIANNHNS": "02418661", "AREALAND": 18094121450.0, "ALANDHIST": 18094089466.0, "AREAWATER": 977787833.0, "AWATERHIST": 977876125.0, "AIANNHCC": "E1", "EFFDATE": null, "ESTABDATE": null, "FUNCSTAT": "S", "GCFLG": null, "GEOID": "6785R", "LSADC": "79", "MTFCC": "G2130", "BASENAME": "Knik", "NAME": "Knik ANVSA", "ObjID": "2249093609925", "AIANNHCOMP": "R", "STATEFP1": "0240625", "STATEFP2": null, "STATEFP3": null, "UR": null, "VINTAGE": "90", "AIANNHFP1": "02-40625", "AIANNHFP2": null, "AIANNHFP3": null, "HU100": null, "POP100": null, "CENTLAT": "+61.9969912", "CENTLON": "-150.3455318", "INTPTLAT": "+62.0546111", "INTPTLON": "-150.3354418", "STGEOMETRY_AREA": 86243604314.501297, "STGEOMETRY_LEN": 1931393.9084153301 }, "geometry": { "type": "Point", "coordinates": [ -149.38548, 61.73535 ] } },
{ "type": "Feature", "properties": { "OBJECTID": 23704, "Join_Count": 1, "TARGET_FID": 23704, "JOIN_FID": 445, "DEP_ID": "10093993", "SITE_NAME": "Wheeler", "DEV_STAT": "Prospect", "URL": "https://mrdata.usgs.gov/mrds/show-mrds.php?dep_id=10093993", "CODE_LIST": " AU", "Grade": "B", "AIANNH": "6785", "FSRFLG": "F", "AIANNHNS": "02418661", "AREALAND": 18094121450.0, "ALANDHIST": 18094089466.0, "AREAWATER": 977787833.0, "AWATERHIST": 977876125.0, "AIANNHCC": "E1", "EFFDATE": null, "ESTABDATE": null, "FUNCSTAT": "S", "GCFLG": null, "GEOID": "6785R", "LSADC": "79", "MTFCC": "G2130", "BASENAME": "Knik", "NAME": "Knik ANVSA", "ObjID": "2249093609925", "AIANNHCOMP": "R", "STATEFP1": "0240625", "STATEFP2": null, "STATEFP3": null, "UR": null, "VINTAGE": "90", "AIANNHFP1": "02-40625", "AIANNHFP2": null, "AIANNHFP3": null, "HU100": null, "POP100": null, "CENTLAT": "+61.9969912", "CENTLON": "-150.3455318", "INTPTLAT": "+62.0546111", "INTPTLON": "-150.3354418", "STGEOMETRY_AREA": 86243604314.501297, "STGEOMETRY_LEN": 1931393.9084153301 }, "geometry": { "type": "Point", "coordinates": [ -149.40268, 61.73955 ] } },
{ "type": "Feature", "properties": { "OBJECTID": 23711, "Join_Count": 1, "TARGET_FID": 23711, "JOIN_FID": 445, "DEP_ID": "10210014", "SITE_NAME": "Grubstake Gulch", "DEV_STAT": "Producer", "URL": "https://mrdata.usgs.gov/mrds/show-mrds.php?dep_id=10210014", "CODE_LIST": " AU AG", "Grade": "B", "AIANNH": "6785", "FSRFLG": "F", "AIANNHNS": "02418661", "AREALAND": 18094121450.0, "ALANDHIST": 18094089466.0, "AREAWATER": 977787833.0, "AWATERHIST": 977876125.0, "AIANNHCC": "E1", "EFFDATE": null, "ESTABDATE": null, "FUNCSTAT": "S", "GCFLG": null, "GEOID": "6785R", "LSADC": "79", "MTFCC": "G2130", "BASENAME": "Knik", "NAME": "Knik ANVSA", "ObjID": "2249093609925", "AIANNHCOMP": "R", "STATEFP1": "0240625", "STATEFP2": null, "STATEFP3": null, "UR": null, "VINTAGE": "90", "AIANNHFP1": "02-40625", "AIANNHFP2": null, "AIANNHFP3": null, "HU100": null, "POP100": null, "CENTLAT": "+61.9969912", "CENTLON": "-150.3455318", "INTPTLAT": "+62.0546111", "INTPTLON": "-150.3354418", "STGEOMETRY_AREA": 86243604314.501297, "STGEOMETRY_LEN": 1931393.9084153301 }, "geometry": { "type": "Point", "coordinates": [ -149.43129, 61.75785 ] } },
{ "type": "Feature", "properties": { "OBJECTID": 23714, "Join_Count": 1, "TARGET_FID": 23714, "JOIN_FID": 445, "DEP_ID": "10003488", "SITE_NAME": "Wet Gulch", "DEV_STAT": "Prospect", "URL": "https://mrdata.usgs.gov/mrds/show-mrds.php?dep_id=10003488", "CODE_LIST": " AU", "Grade": "C", "AIANNH": "6785", "FSRFLG": "F", "AIANNHNS": "02418661", "AREALAND": 18094121450.0, "ALANDHIST": 18094089466.0, "AREAWATER": 977787833.0, "AWATERHIST": 977876125.0, "AIANNHCC": "E1", "EFFDATE": null, "ESTABDATE": null, "FUNCSTAT": "S", "GCFLG": null, "GEOID": "6785R", "LSADC": "79", "MTFCC": "G2130", "BASENAME": "Knik", "NAME": "Knik ANVSA", "ObjID": "2249093609925", "AIANNHCOMP": "R", "STATEFP1": "0240625", "STATEFP2": null, "STATEFP3": null, "UR": null, "VINTAGE": "90", "AIANNHFP1": "02-40625", "AIANNHFP2": null, "AIANNHFP3": null, "HU100": null, "POP100": null, "CENTLAT": "+61.9969912", "CENTLON": "-150.3455318", "INTPTLAT": "+62.0546111", "INTPTLON": "-150.3354418", "STGEOMETRY_AREA": 86243604314.501297, "STGEOMETRY_LEN": 1931393.9084153301 }, "geometry": { "type": "Point", "coordinates": [ -149.49269, 61.75955 ] } },
{ "type": "Feature", "properties": { "OBJECTID": 23715, "Join_Count": 1, "TARGET_FID": 23715, "JOIN_FID": 446, "DEP_ID": "10001001", "SITE_NAME": "Fishhook Creek", "DEV_STAT": "Prospect", "URL": "https://mrdata.usgs.gov/mrds/show-mrds.php?dep_id=10001001", "CODE_LIST": " AU", "Grade": "B", "AIANNH": "6290", "FSRFLG": "F", "AIANNHNS": "02418816", "AREALAND": 15429532250.0, "ALANDHIST": 15429532247.0, "AREAWATER": 157255193.0, "AWATERHIST": 157255193.0, "AIANNHCC": "E1", "EFFDATE": null, "ESTABDATE": null, "FUNCSTAT": "S", "GCFLG": null, "GEOID": "6290R", "LSADC": "79", "MTFCC": "G2130", "BASENAME": "Chickaloon", "NAME": "Chickaloon ANVSA", "ObjID": "2249093609926", "AIANNHCOMP": "R", "STATEFP1": "0213345", "STATEFP2": null, "STATEFP3": null, "UR": null, "VINTAGE": "90", "AIANNHFP1": "02-13345", "AIANNHFP2": null, "AIANNHFP3": null, "HU100": null, "POP100": null, "CENTLAT": "+62.2399668", "CENTLON": "-148.3860004", "INTPTLAT": "+62.2514458", "INTPTLON": "-148.0094628", "STGEOMETRY_AREA": 71620960760.508896, "STGEOMETRY_LEN": 1353880.2700505201 }, "geometry": { "type": "Point", "coordinates": [ -149.23268, 61.75956 ] } },
{ "type": "Feature", "properties": { "OBJECTID": 23719, "Join_Count": 1, "TARGET_FID": 23719, "JOIN_FID": 546, "DEP_ID": "10002499", "SITE_NAME": "Fairview", "DEV_STAT": "Prospect", "URL": "https://mrdata.usgs.gov/mrds/show-mrds.php?dep_id=10002499", "CODE_LIST": " HG SB", "Grade": "B", "AIANNH": "7305", "FSRFLG": "F", "AIANNHNS": "02419197", "AREALAND": 65070668.0, "ALANDHIST": 65077919.0, "AREAWATER": 6998553.0, "AWATERHIST": 6991302.0, "AIANNHCC": "E1", "EFFDATE": null, "ESTABDATE": null, "FUNCSTAT": "S", "GCFLG": null, "GEOID": "7305R", "LSADC": "79", "MTFCC": "G2130", "BASENAME": "Red Devil", "NAME": "Red Devil ANVSA", "ObjID": "2249093609698", "AIANNHCOMP": "R", "STATEFP1": "0264935", "STATEFP2": null, "STATEFP3": null, "UR": null, "VINTAGE": "90", "AIANNHFP1": "02-64935", "AIANNHFP2": null, "AIANNHFP3": null, "HU100": null, "POP100": null, "CENTLAT": "+61.7734756", "CENTLON": "-157.3459839", "INTPTLAT": "+61.7574845", "INTPTLON": "-157.3585028", "STGEOMETRY_AREA": 320993951.81384897, "STGEOMETRY_LEN": 97011.192785940002 }, "geometry": { "type": "Point", "coordinates": [ -157.3648, 61.76745 ] } },
{ "type": "Feature", "properties": { "OBJECTID": 23720, "Join_Count": 1, "TARGET_FID": 23720, "JOIN_FID": 546, "DEP_ID": "10002500", "SITE_NAME": "Unnamed (southwest of Barometer Mountain)", "DEV_STAT": "Prospect", "URL": "https://mrdata.usgs.gov/mrds/show-mrds.php?dep_id=10002500", "CODE_LIST": " HG SB", "Grade": "B", "AIANNH": "7305", "FSRFLG": "F", "AIANNHNS": "02419197", "AREALAND": 65070668.0, "ALANDHIST": 65077919.0, "AREAWATER": 6998553.0, "AWATERHIST": 6991302.0, "AIANNHCC": "E1", "EFFDATE": null, "ESTABDATE": null, "FUNCSTAT": "S", "GCFLG": null, "GEOID": "7305R", "LSADC": "79", "MTFCC": "G2130", "BASENAME": "Red Devil", "NAME": "Red Devil ANVSA", "ObjID": "2249093609698", "AIANNHCOMP": "R", "STATEFP1": "0264935", "STATEFP2": null, "STATEFP3": null, "UR": null, "VINTAGE": "90", "AIANNHFP1": "02-64935", "AIANNHFP2": null, "AIANNHFP3": null, "HU100": null, "POP100": null, "CENTLAT": "+61.7734756", "CENTLON": "-157.3459839", "INTPTLAT": "+61.7574845", "INTPTLON": "-157.3585028", "STGEOMETRY_AREA": 320993951.81384897, "STGEOMETRY_LEN": 97011.192785940002 }, "geometry": { "type": "Point", "coordinates": [ -157.34674, 61.76745 ] } },
{ "type": "Feature", "properties": { "OBJECTID": 23721, "Join_Count": 1, "TARGET_FID": 23721, "JOIN_FID": 546, "DEP_ID": "10002502", "SITE_NAME": "Vermillion", "DEV_STAT": "Prospect", "URL": "https://mrdata.usgs.gov/mrds/show-mrds.php?dep_id=10002502", "CODE_LIST": " HG", "Grade": "B", "AIANNH": "7305", "FSRFLG": "F", "AIANNHNS": "02419197", "AREALAND": 65070668.0, "ALANDHIST": 65077919.0, "AREAWATER": 6998553.0, "AWATERHIST": 6991302.0, "AIANNHCC": "E1", "EFFDATE": null, "ESTABDATE": null, "FUNCSTAT": "S", "GCFLG": null, "GEOID": "7305R", "LSADC": "79", "MTFCC": "G2130", "BASENAME": "Red Devil", "NAME": "Red Devil ANVSA", "ObjID": "2249093609698", "AIANNHCOMP": "R", "STATEFP1": "0264935", "STATEFP2": null, "STATEFP3": null, "UR": null, "VINTAGE": "90", "AIANNHFP1": "02-64935", "AIANNHFP2": null, "AIANNHFP3": null, "HU100": null, "POP100": null, "CENTLAT": "+61.7734756", "CENTLON": "-157.3459839", "INTPTLAT": "+61.7574845", "INTPTLON": "-157.3585028", "STGEOMETRY_AREA": 320993951.81384897, "STGEOMETRY_LEN": 97011.192785940002 }, "geometry": { "type": "Point", "coordinates": [ -157.33174, 61.76745 ] } },
{ "type": "Feature", "properties": { "OBJECTID": 23723, "Join_Count": 1, "TARGET_FID": 23723, "JOIN_FID": 546, "DEP_ID": "10002503", "SITE_NAME": "Mercury", "DEV_STAT": "Prospect", "URL": "https://mrdata.usgs.gov/mrds/show-mrds.php?dep_id=10002503", "CODE_LIST": " HG", "Grade": "B", "AIANNH": "7305", "FSRFLG": "F", "AIANNHNS": "02419197", "AREALAND": 65070668.0, "ALANDHIST": 65077919.0, "AREAWATER": 6998553.0, "AWATERHIST": 6991302.0, "AIANNHCC": "E1", "EFFDATE": null, "ESTABDATE": null, "FUNCSTAT": "S", "GCFLG": null, "GEOID": "7305R", "LSADC": "79", "MTFCC": "G2130", "BASENAME": "Red Devil", "NAME": "Red Devil ANVSA", "ObjID": "2249093609698", "AIANNHCOMP": "R", "STATEFP1": "0264935", "STATEFP2": null, "STATEFP3": null, "UR": null, "VINTAGE": "90", "AIANNHFP1": "02-64935", "AIANNHFP2": null, "AIANNHFP3": null, "HU100": null, "POP100": null, "CENTLAT": "+61.7734756", "CENTLON": "-157.3459839", "INTPTLAT": "+61.7574845", "INTPTLON": "-157.3585028", "STGEOMETRY_AREA": 320993951.81384897, "STGEOMETRY_LEN": 97011.192785940002 }, "geometry": { "type": "Point", "coordinates": [ -157.32285, 61.76939 ] } },
{ "type": "Feature", "properties": { "OBJECTID": 23724, "Join_Count": 1, "TARGET_FID": 23724, "JOIN_FID": 445, "DEP_ID": "10000939", "SITE_NAME": "Mammoth", "DEV_STAT": "Prospect", "URL": "https://mrdata.usgs.gov/mrds/show-mrds.php?dep_id=10000939", "CODE_LIST": " AU CU", "Grade": "B", "AIANNH": "6785", "FSRFLG": "F", "AIANNHNS": "02418661", "AREALAND": 18094121450.0, "ALANDHIST": 18094089466.0, "AREAWATER": 977787833.0, "AWATERHIST": 977876125.0, "AIANNHCC": "E1", "EFFDATE": null, "ESTABDATE": null, "FUNCSTAT": "S", "GCFLG": null, "GEOID": "6785R", "LSADC": "79", "MTFCC": "G2130", "BASENAME": "Knik", "NAME": "Knik ANVSA", "ObjID": "2249093609925", "AIANNHCOMP": "R", "STATEFP1": "0240625", "STATEFP2": null, "STATEFP3": null, "UR": null, "VINTAGE": "90", "AIANNHFP1": "02-40625", "AIANNHFP2": null, "AIANNHFP3": null, "HU100": null, "POP100": null, "CENTLAT": "+61.9969912", "CENTLON": "-150.3455318", "INTPTLAT": "+62.0546111", "INTPTLON": "-150.3354418", "STGEOMETRY_AREA": 86243604314.501297, "STGEOMETRY_LEN": 1931393.9084153301 }, "geometry": { "type": "Point", "coordinates": [ -149.32268, 61.76956 ] } },
{ "type": "Feature", "properties": { "OBJECTID": 23725, "Join_Count": 1, "TARGET_FID": 23725, "JOIN_FID": 445, "DEP_ID": "10003468", "SITE_NAME": "Lydell", "DEV_STAT": "Prospect", "URL": "https://mrdata.usgs.gov/mrds/show-mrds.php?dep_id=10003468", "CODE_LIST": " AU", "Grade": "C", "AIANNH": "6785", "FSRFLG": "F", "AIANNHNS": "02418661", "AREALAND": 18094121450.0, "ALANDHIST": 18094089466.0, "AREAWATER": 977787833.0, "AWATERHIST": 977876125.0, "AIANNHCC": "E1", "EFFDATE": null, "ESTABDATE": null, "FUNCSTAT": "S", "GCFLG": null, "GEOID": "6785R", "LSADC": "79", "MTFCC": "G2130", "BASENAME": "Knik", "NAME": "Knik ANVSA", "ObjID": "2249093609925", "AIANNHCOMP": "R", "STATEFP1": "0240625", "STATEFP2": null, "STATEFP3": null, "UR": null, "VINTAGE": "90", "AIANNHFP1": "02-40625", "AIANNHFP2": null, "AIANNHFP3": null, "HU100": null, "POP100": null, "CENTLAT": "+61.9969912", "CENTLON": "-150.3455318", "INTPTLAT": "+62.0546111", "INTPTLON": "-150.3354418", "STGEOMETRY_AREA": 86243604314.501297, "STGEOMETRY_LEN": 1931393.9084153301 }, "geometry": { "type": "Point", "coordinates": [ -149.31268, 61.76956 ] } },
{ "type": "Feature", "properties": { "OBJECTID": 23726, "Join_Count": 1, "TARGET_FID": 23726, "JOIN_FID": 445, "DEP_ID": "10003469", "SITE_NAME": "Hatcher Creek", "DEV_STAT": "Occurrence", "URL": "https://mrdata.usgs.gov/mrds/show-mrds.php?dep_id=10003469", "CODE_LIST": " AU", "Grade": "C", "AIANNH": "6785", "FSRFLG": "F", "AIANNHNS": "02418661", "AREALAND": 18094121450.0, "ALANDHIST": 18094089466.0, "AREAWATER": 977787833.0, "AWATERHIST": 977876125.0, "AIANNHCC": "E1", "EFFDATE": null, "ESTABDATE": null, "FUNCSTAT": "S", "GCFLG": null, "GEOID": "6785R", "LSADC": "79", "MTFCC": "G2130", "BASENAME": "Knik", "NAME": "Knik ANVSA", "ObjID": "2249093609925", "AIANNHCOMP": "R", "STATEFP1": "0240625", "STATEFP2": null, "STATEFP3": null, "UR": null, "VINTAGE": "90", "AIANNHFP1": "02-40625", "AIANNHFP2": null, "AIANNHFP3": null, "HU100": null, "POP100": null, "CENTLAT": "+61.9969912", "CENTLON": "-150.3455318", "INTPTLAT": "+62.0546111", "INTPTLON": "-150.3354418", "STGEOMETRY_AREA": 86243604314.501297, "STGEOMETRY_LEN": 1931393.9084153301 }, "geometry": { "type": "Point", "coordinates": [ -149.29268, 61.76956 ] } },
{ "type": "Feature", "properties": { "OBJECTID": 23727, "Join_Count": 1, "TARGET_FID": 23727, "JOIN_FID": 446, "DEP_ID": "10003470", "SITE_NAME": "Miller", "DEV_STAT": "Prospect", "URL": "https://mrdata.usgs.gov/mrds/show-mrds.php?dep_id=10003470", "CODE_LIST": " AU", "Grade": "C", "AIANNH": "6290", "FSRFLG": "F", "AIANNHNS": "02418816", "AREALAND": 15429532250.0, "ALANDHIST": 15429532247.0, "AREAWATER": 157255193.0, "AWATERHIST": 157255193.0, "AIANNHCC": "E1", "EFFDATE": null, "ESTABDATE": null, "FUNCSTAT": "S", "GCFLG": null, "GEOID": "6290R", "LSADC": "79", "MTFCC": "G2130", "BASENAME": "Chickaloon", "NAME": "Chickaloon ANVSA", "ObjID": "2249093609926", "AIANNHCOMP": "R", "STATEFP1": "0213345", "STATEFP2": null, "STATEFP3": null, "UR": null, "VINTAGE": "90", "AIANNHFP1": "02-13345", "AIANNHFP2": null, "AIANNHFP3": null, "HU100": null, "POP100": null, "CENTLAT": "+62.2399668", "CENTLON": "-148.3860004", "INTPTLAT": "+62.2514458", "INTPTLON": "-148.0094628", "STGEOMETRY_AREA": 71620960760.508896, "STGEOMETRY_LEN": 1353880.2700505201 }, "geometry": { "type": "Point", "coordinates": [ -149.21268, 61.76956 ] } },
{ "type": "Feature", "properties": { "OBJECTID": 23728, "Join_Count": 1, "TARGET_FID": 23728, "JOIN_FID": 445, "DEP_ID": "10210153", "SITE_NAME": "Mammoth", "DEV_STAT": "Prospect", "URL": "https://mrdata.usgs.gov/mrds/show-mrds.php?dep_id=10210153", "CODE_LIST": " AU", "Grade": "C", "AIANNH": "6785", "FSRFLG": "F", "AIANNHNS": "02418661", "AREALAND": 18094121450.0, "ALANDHIST": 18094089466.0, "AREAWATER": 977787833.0, "AWATERHIST": 977876125.0, "AIANNHCC": "E1", "EFFDATE": null, "ESTABDATE": null, "FUNCSTAT": "S", "GCFLG": null, "GEOID": "6785R", "LSADC": "79", "MTFCC": "G2130", "BASENAME": "Knik", "NAME": "Knik ANVSA", "ObjID": "2249093609925", "AIANNHCOMP": "R", "STATEFP1": "0240625", "STATEFP2": null, "STATEFP3": null, "UR": null, "VINTAGE": "90", "AIANNHFP1": "02-40625", "AIANNHFP2": null, "AIANNHFP3": null, "HU100": null, "POP100": null, "CENTLAT": "+61.9969912", "CENTLON": "-150.3455318", "INTPTLAT": "+62.0546111", "INTPTLON": "-150.3354418", "STGEOMETRY_AREA": 86243604314.501297, "STGEOMETRY_LEN": 1931393.9084153301 }, "geometry": { "type": "Point", "coordinates": [ -149.33098, 61.77036 ] } },
{ "type": "Feature", "properties": { "OBJECTID": 23730, "Join_Count": 1, "TARGET_FID": 23730, "JOIN_FID": 546, "DEP_ID": "10233839", "SITE_NAME": "Fairview", "DEV_STAT": "Prospect", "URL": "https://mrdata.usgs.gov/mrds/show-mrds.php?dep_id=10233839", "CODE_LIST": " HG SB", "Grade": "C", "AIANNH": "7305", "FSRFLG": "F", "AIANNHNS": "02419197", "AREALAND": 65070668.0, "ALANDHIST": 65077919.0, "AREAWATER": 6998553.0, "AWATERHIST": 6991302.0, "AIANNHCC": "E1", "EFFDATE": null, "ESTABDATE": null, "FUNCSTAT": "S", "GCFLG": null, "GEOID": "7305R", "LSADC": "79", "MTFCC": "G2130", "BASENAME": "Red Devil", "NAME": "Red Devil ANVSA", "ObjID": "2249093609698", "AIANNHCOMP": "R", "STATEFP1": "0264935", "STATEFP2": null, "STATEFP3": null, "UR": null, "VINTAGE": "90", "AIANNHFP1": "02-64935", "AIANNHFP2": null, "AIANNHFP3": null, "HU100": null, "POP100": null, "CENTLAT": "+61.7734756", "CENTLON": "-157.3459839", "INTPTLAT": "+61.7574845", "INTPTLON": "-157.3585028", "STGEOMETRY_AREA": 320993951.81384897, "STGEOMETRY_LEN": 97011.192785940002 }, "geometry": { "type": "Point", "coordinates": [ -157.39176, 61.77109 ] } },
{ "type": "Feature", "properties": { "OBJECTID": 23731, "Join_Count": 1, "TARGET_FID": 23731, "JOIN_FID": 445, "DEP_ID": "10160937", "SITE_NAME": "Upper Willow Cr.", "DEV_STAT": "Prospect", "URL": "https://mrdata.usgs.gov/mrds/show-mrds.php?dep_id=10160937", "CODE_LIST": " AU CU AG", "Grade": "C", "AIANNH": "6785", "FSRFLG": "F", "AIANNHNS": "02418661", "AREALAND": 18094121450.0, "ALANDHIST": 18094089466.0, "AREAWATER": 977787833.0, "AWATERHIST": 977876125.0, "AIANNHCC": "E1", "EFFDATE": null, "ESTABDATE": null, "FUNCSTAT": "S", "GCFLG": null, "GEOID": "6785R", "LSADC": "79", "MTFCC": "G2130", "BASENAME": "Knik", "NAME": "Knik ANVSA", "ObjID": "2249093609925", "AIANNHCOMP": "R", "STATEFP1": "0240625", "STATEFP2": null, "STATEFP3": null, "UR": null, "VINTAGE": "90", "AIANNHFP1": "02-40625", "AIANNHFP2": null, "AIANNHFP3": null, "HU100": null, "POP100": null, "CENTLAT": "+61.9969912", "CENTLON": "-150.3455318", "INTPTLAT": "+62.0546111", "INTPTLON": "-150.3354418", "STGEOMETRY_AREA": 86243604314.501297, "STGEOMETRY_LEN": 1931393.9084153301 }, "geometry": { "type": "Point", "coordinates": [ -149.33048, 61.77176 ] } },
{ "type": "Feature", "properties": { "OBJECTID": 23733, "Join_Count": 1, "TARGET_FID": 23733, "JOIN_FID": 445, "DEP_ID": "10136532", "SITE_NAME": "Craigie Creek", "DEV_STAT": "Prospect", "URL": "https://mrdata.usgs.gov/mrds/show-mrds.php?dep_id=10136532", "CODE_LIST": " AU AG W", "Grade": "C", "AIANNH": "6785", "FSRFLG": "F", "AIANNHNS": "02418661", "AREALAND": 18094121450.0, "ALANDHIST": 18094089466.0, "AREAWATER": 977787833.0, "AWATERHIST": 977876125.0, "AIANNHCC": "E1", "EFFDATE": null, "ESTABDATE": null, "FUNCSTAT": "S", "GCFLG": null, "GEOID": "6785R", "LSADC": "79", "MTFCC": "G2130", "BASENAME": "Knik", "NAME": "Knik ANVSA", "ObjID": "2249093609925", "AIANNHCOMP": "R", "STATEFP1": "0240625", "STATEFP2": null, "STATEFP3": null, "UR": null, "VINTAGE": "90", "AIANNHFP1": "02-40625", "AIANNHFP2": null, "AIANNHFP3": null, "HU100": null, "POP100": null, "CENTLAT": "+61.9969912", "CENTLON": "-150.3455318", "INTPTLAT": "+62.0546111", "INTPTLON": "-150.3354418", "STGEOMETRY_AREA": 86243604314.501297, "STGEOMETRY_LEN": 1931393.9084153301 }, "geometry": { "type": "Point", "coordinates": [ -149.39579, 61.77735 ] } },
{ "type": "Feature", "properties": { "OBJECTID": 23735, "Join_Count": 1, "TARGET_FID": 23735, "JOIN_FID": 445, "DEP_ID": "10003467", "SITE_NAME": "Upper Willow Creek", "DEV_STAT": "Occurrence", "URL": "https://mrdata.usgs.gov/mrds/show-mrds.php?dep_id=10003467", "CODE_LIST": " AU", "Grade": "C", "AIANNH": "6785", "FSRFLG": "F", "AIANNHNS": "02418661", "AREALAND": 18094121450.0, "ALANDHIST": 18094089466.0, "AREAWATER": 977787833.0, "AWATERHIST": 977876125.0, "AIANNHCC": "E1", "EFFDATE": null, "ESTABDATE": null, "FUNCSTAT": "S", "GCFLG": null, "GEOID": "6785R", "LSADC": "79", "MTFCC": "G2130", "BASENAME": "Knik", "NAME": "Knik ANVSA", "ObjID": "2249093609925", "AIANNHCOMP": "R", "STATEFP1": "0240625", "STATEFP2": null, "STATEFP3": null, "UR": null, "VINTAGE": "90", "AIANNHFP1": "02-40625", "AIANNHFP2": null, "AIANNHFP3": null, "HU100": null, "POP100": null, "CENTLAT": "+61.9969912", "CENTLON": "-150.3455318", "INTPTLAT": "+62.0546111", "INTPTLON": "-150.3354418", "STGEOMETRY_AREA": 86243604314.501297, "STGEOMETRY_LEN": 1931393.9084153301 }, "geometry": { "type": "Point", "coordinates": [ -149.33268, 61.77956 ] } },
{ "type": "Feature", "properties": { "OBJECTID": 23736, "Join_Count": 1, "TARGET_FID": 23736, "JOIN_FID": 446, "DEP_ID": "10000952", "SITE_NAME": "Rae", "DEV_STAT": "Prospect", "URL": "https://mrdata.usgs.gov/mrds/show-mrds.php?dep_id=10000952", "CODE_LIST": " AU CU PB", "Grade": "B", "AIANNH": "6290", "FSRFLG": "F", "AIANNHNS": "02418816", "AREALAND": 15429532250.0, "ALANDHIST": 15429532247.0, "AREAWATER": 157255193.0, "AWATERHIST": 157255193.0, "AIANNHCC": "E1", "EFFDATE": null, "ESTABDATE": null, "FUNCSTAT": "S", "GCFLG": null, "GEOID": "6290R", "LSADC": "79", "MTFCC": "G2130", "BASENAME": "Chickaloon", "NAME": "Chickaloon ANVSA", "ObjID": "2249093609926", "AIANNHCOMP": "R", "STATEFP1": "0213345", "STATEFP2": null, "STATEFP3": null, "UR": null, "VINTAGE": "90", "AIANNHFP1": "02-13345", "AIANNHFP2": null, "AIANNHFP3": null, "HU100": null, "POP100": null, "CENTLAT": "+62.2399668", "CENTLON": "-148.3860004", "INTPTLAT": "+62.2514458", "INTPTLON": "-148.0094628", "STGEOMETRY_AREA": 71620960760.508896, "STGEOMETRY_LEN": 1353880.2700505201 }, "geometry": { "type": "Point", "coordinates": [ -149.25268, 61.77956 ] } },
{ "type": "Feature", "properties": { "OBJECTID": 23737, "Join_Count": 1, "TARGET_FID": 23737, "JOIN_FID": 446, "DEP_ID": "10003478", "SITE_NAME": "Lone Tree Gulch", "DEV_STAT": "Occurrence", "URL": "https://mrdata.usgs.gov/mrds/show-mrds.php?dep_id=10003478", "CODE_LIST": " CU", "Grade": "B", "AIANNH": "6290", "FSRFLG": "F", "AIANNHNS": "02418816", "AREALAND": 15429532250.0, "ALANDHIST": 15429532247.0, "AREAWATER": 157255193.0, "AWATERHIST": 157255193.0, "AIANNHCC": "E1", "EFFDATE": null, "ESTABDATE": null, "FUNCSTAT": "S", "GCFLG": null, "GEOID": "6290R", "LSADC": "79", "MTFCC": "G2130", "BASENAME": "Chickaloon", "NAME": "Chickaloon ANVSA", "ObjID": "2249093609926", "AIANNHCOMP": "R", "STATEFP1": "0213345", "STATEFP2": null, "STATEFP3": null, "UR": null, "VINTAGE": "90", "AIANNHFP1": "02-13345", "AIANNHFP2": null, "AIANNHFP3": null, "HU100": null, "POP100": null, "CENTLAT": "+62.2399668", "CENTLON": "-148.3860004", "INTPTLAT": "+62.2514458", "INTPTLON": "-148.0094628", "STGEOMETRY_AREA": 71620960760.508896, "STGEOMETRY_LEN": 1353880.2700505201 }, "geometry": { "type": "Point", "coordinates": [ -149.08268, 61.77956 ] } },
{ "type": "Feature", "properties": { "OBJECTID": 23738, "Join_Count": 1, "TARGET_FID": 23738, "JOIN_FID": 446, "DEP_ID": "10003487", "SITE_NAME": "Matanuska River", "DEV_STAT": "Occurrence", "URL": "https://mrdata.usgs.gov/mrds/show-mrds.php?dep_id=10003487", "CODE_LIST": " AU", "Grade": "C", "AIANNH": "6290", "FSRFLG": "F", "AIANNHNS": "02418816", "AREALAND": 15429532250.0, "ALANDHIST": 15429532247.0, "AREAWATER": 157255193.0, "AWATERHIST": 157255193.0, "AIANNHCC": "E1", "EFFDATE": null, "ESTABDATE": null, "FUNCSTAT": "S", "GCFLG": null, "GEOID": "6290R", "LSADC": "79", "MTFCC": "G2130", "BASENAME": "Chickaloon", "NAME": "Chickaloon ANVSA", "ObjID": "2249093609926", "AIANNHCOMP": "R", "STATEFP1": "0213345", "STATEFP2": null, "STATEFP3": null, "UR": null, "VINTAGE": "90", "AIANNHFP1": "02-13345", "AIANNHFP2": null, "AIANNHFP3": null, "HU100": null, "POP100": null, "CENTLAT": "+62.2399668", "CENTLON": "-148.3860004", "INTPTLAT": "+62.2514458", "INTPTLON": "-148.0094628", "STGEOMETRY_AREA": 71620960760.508896, "STGEOMETRY_LEN": 1353880.2700505201 }, "geometry": { "type": "Point", "coordinates": [ -148.48266, 61.77957 ] } },
{ "type": "Feature", "properties": { "OBJECTID": 23739, "Join_Count": 1, "TARGET_FID": 23739, "JOIN_FID": 446, "DEP_ID": "10282411", "SITE_NAME": "Lone Tree Gulch", "DEV_STAT": "Prospect", "URL": "https://mrdata.usgs.gov/mrds/show-mrds.php?dep_id=10282411", "CODE_LIST": " CU AU AG ZN", "Grade": "B", "AIANNH": "6290", "FSRFLG": "F", "AIANNHNS": "02418816", "AREALAND": 15429532250.0, "ALANDHIST": 15429532247.0, "AREAWATER": 157255193.0, "AWATERHIST": 157255193.0, "AIANNHCC": "E1", "EFFDATE": null, "ESTABDATE": null, "FUNCSTAT": "S", "GCFLG": null, "GEOID": "6290R", "LSADC": "79", "MTFCC": "G2130", "BASENAME": "Chickaloon", "NAME": "Chickaloon ANVSA", "ObjID": "2249093609926", "AIANNHCOMP": "R", "STATEFP1": "0213345", "STATEFP2": null, "STATEFP3": null, "UR": null, "VINTAGE": "90", "AIANNHFP1": "02-13345", "AIANNHFP2": null, "AIANNHFP3": null, "HU100": null, "POP100": null, "CENTLAT": "+62.2399668", "CENTLON": "-148.3860004", "INTPTLAT": "+62.2514458", "INTPTLON": "-148.0094628", "STGEOMETRY_AREA": 71620960760.508896, "STGEOMETRY_LEN": 1353880.2700505201 }, "geometry": { "type": "Point", "coordinates": [ -149.07348, 61.78146 ] } },
{ "type": "Feature", "properties": { "OBJECTID": 23740, "Join_Count": 1, "TARGET_FID": 23740, "JOIN_FID": 445, "DEP_ID": "10093994", "SITE_NAME": "Kelly-Willow", "DEV_STAT": "Prospect", "URL": "https://mrdata.usgs.gov/mrds/show-mrds.php?dep_id=10093994", "CODE_LIST": " AU PB", "Grade": "B", "AIANNH": "6785", "FSRFLG": "F", "AIANNHNS": "02418661", "AREALAND": 18094121450.0, "ALANDHIST": 18094089466.0, "AREAWATER": 977787833.0, "AWATERHIST": 977876125.0, "AIANNHCC": "E1", "EFFDATE": null, "ESTABDATE": null, "FUNCSTAT": "S", "GCFLG": null, "GEOID": "6785R", "LSADC": "79", "MTFCC": "G2130", "BASENAME": "Knik", "NAME": "Knik ANVSA", "ObjID": "2249093609925", "AIANNHCOMP": "R", "STATEFP1": "0240625", "STATEFP2": null, "STATEFP3": null, "UR": null, "VINTAGE": "90", "AIANNHFP1": "02-40625", "AIANNHFP2": null, "AIANNHFP3": null, "HU100": null, "POP100": null, "CENTLAT": "+61.9969912", "CENTLON": "-150.3455318", "INTPTLAT": "+62.0546111", "INTPTLON": "-150.3354418", "STGEOMETRY_AREA": 86243604314.501297, "STGEOMETRY_LEN": 1931393.9084153301 }, "geometry": { "type": "Point", "coordinates": [ -149.30879, 61.78345 ] } },
{ "type": "Feature", "properties": { "OBJECTID": 23741, "Join_Count": 1, "TARGET_FID": 23741, "JOIN_FID": 445, "DEP_ID": "10258331", "SITE_NAME": "Kelly-Willow", "DEV_STAT": "Prospect", "URL": "https://mrdata.usgs.gov/mrds/show-mrds.php?dep_id=10258331", "CODE_LIST": " AU", "Grade": "C", "AIANNH": "6785", "FSRFLG": "F", "AIANNHNS": "02418661", "AREALAND": 18094121450.0, "ALANDHIST": 18094089466.0, "AREAWATER": 977787833.0, "AWATERHIST": 977876125.0, "AIANNHCC": "E1", "EFFDATE": null, "ESTABDATE": null, "FUNCSTAT": "S", "GCFLG": null, "GEOID": "6785R", "LSADC": "79", "MTFCC": "G2130", "BASENAME": "Knik", "NAME": "Knik ANVSA", "ObjID": "2249093609925", "AIANNHCOMP": "R", "STATEFP1": "0240625", "STATEFP2": null, "STATEFP3": null, "UR": null, "VINTAGE": "90", "AIANNHFP1": "02-40625", "AIANNHFP2": null, "AIANNHFP3": null, "HU100": null, "POP100": null, "CENTLAT": "+61.9969912", "CENTLON": "-150.3455318", "INTPTLAT": "+62.0546111", "INTPTLON": "-150.3354418", "STGEOMETRY_AREA": 86243604314.501297, "STGEOMETRY_LEN": 1931393.9084153301 }, "geometry": { "type": "Point", "coordinates": [ -149.31768, 61.78426 ] } },
{ "type": "Feature", "properties": { "OBJECTID": 23742, "Join_Count": 1, "TARGET_FID": 23742, "JOIN_FID": 446, "DEP_ID": "10000516", "SITE_NAME": "Independence Mine", "DEV_STAT": "Producer", "URL": "https://mrdata.usgs.gov/mrds/show-mrds.php?dep_id=10000516", "CODE_LIST": " AU ZN PB CU W AS", "Grade": "B", "AIANNH": "6290", "FSRFLG": "F", "AIANNHNS": "02418816", "AREALAND": 15429532250.0, "ALANDHIST": 15429532247.0, "AREAWATER": 157255193.0, "AWATERHIST": 157255193.0, "AIANNHCC": "E1", "EFFDATE": null, "ESTABDATE": null, "FUNCSTAT": "S", "GCFLG": null, "GEOID": "6290R", "LSADC": "79", "MTFCC": "G2130", "BASENAME": "Chickaloon", "NAME": "Chickaloon ANVSA", "ObjID": "2249093609926", "AIANNHCOMP": "R", "STATEFP1": "0213345", "STATEFP2": null, "STATEFP3": null, "UR": null, "VINTAGE": "90", "AIANNHFP1": "02-13345", "AIANNHFP2": null, "AIANNHFP3": null, "HU100": null, "POP100": null, "CENTLAT": "+62.2399668", "CENTLON": "-148.3860004", "INTPTLAT": "+62.2514458", "INTPTLON": "-148.0094628", "STGEOMETRY_AREA": 71620960760.508896, "STGEOMETRY_LEN": 1353880.2700505201 }, "geometry": { "type": "Point", "coordinates": [ -149.29018, 61.78845 ] } },
{ "type": "Feature", "properties": { "OBJECTID": 23743, "Join_Count": 1, "TARGET_FID": 23743, "JOIN_FID": 446, "DEP_ID": "10009645", "SITE_NAME": "Independence", "DEV_STAT": "Occurrence", "URL": "https://mrdata.usgs.gov/mrds/show-mrds.php?dep_id=10009645", "CODE_LIST": " AU PB W ZN", "Grade": "C", "AIANNH": "6290", "FSRFLG": "F", "AIANNHNS": "02418816", "AREALAND": 15429532250.0, "ALANDHIST": 15429532247.0, "AREAWATER": 157255193.0, "AWATERHIST": 157255193.0, "AIANNHCC": "E1", "EFFDATE": null, "ESTABDATE": null, "FUNCSTAT": "S", "GCFLG": null, "GEOID": "6290R", "LSADC": "79", "MTFCC": "G2130", "BASENAME": "Chickaloon", "NAME": "Chickaloon ANVSA", "ObjID": "2249093609926", "AIANNHCOMP": "R", "STATEFP1": "0213345", "STATEFP2": null, "STATEFP3": null, "UR": null, "VINTAGE": "90", "AIANNHFP1": "02-13345", "AIANNHFP2": null, "AIANNHFP3": null, "HU100": null, "POP100": null, "CENTLAT": "+62.2399668", "CENTLON": "-148.3860004", "INTPTLAT": "+62.2514458", "INTPTLON": "-148.0094628", "STGEOMETRY_AREA": 71620960760.508896, "STGEOMETRY_LEN": 1353880.2700505201 }, "geometry": { "type": "Point", "coordinates": [ -149.25268, 61.78845 ] } },
{ "type": "Feature", "properties": { "OBJECTID": 23745, "Join_Count": 1, "TARGET_FID": 23745, "JOIN_FID": 445, "DEP_ID": "10000932", "SITE_NAME": "Wolverine", "DEV_STAT": "Prospect", "URL": "https://mrdata.usgs.gov/mrds/show-mrds.php?dep_id=10000932", "CODE_LIST": " AU CU", "Grade": "B", "AIANNH": "6785", "FSRFLG": "F", "AIANNHNS": "02418661", "AREALAND": 18094121450.0, "ALANDHIST": 18094089466.0, "AREAWATER": 977787833.0, "AWATERHIST": 977876125.0, "AIANNHCC": "E1", "EFFDATE": null, "ESTABDATE": null, "FUNCSTAT": "S", "GCFLG": null, "GEOID": "6785R", "LSADC": "79", "MTFCC": "G2130", "BASENAME": "Knik", "NAME": "Knik ANVSA", "ObjID": "2249093609925", "AIANNHCOMP": "R", "STATEFP1": "0240625", "STATEFP2": null, "STATEFP3": null, "UR": null, "VINTAGE": "90", "AIANNHFP1": "02-40625", "AIANNHFP2": null, "AIANNHFP3": null, "HU100": null, "POP100": null, "CENTLAT": "+61.9969912", "CENTLON": "-150.3455318", "INTPTLAT": "+62.0546111", "INTPTLON": "-150.3354418", "STGEOMETRY_AREA": 86243604314.501297, "STGEOMETRY_LEN": 1931393.9084153301 }, "geometry": { "type": "Point", "coordinates": [ -149.40269, 61.78955 ] } },
{ "type": "Feature", "properties": { "OBJECTID": 23746, "Join_Count": 1, "TARGET_FID": 23746, "JOIN_FID": 445, "DEP_ID": "10003430", "SITE_NAME": "Panhandle", "DEV_STAT": "Prospect", "URL": "https://mrdata.usgs.gov/mrds/show-mrds.php?dep_id=10003430", "CODE_LIST": " AU", "Grade": "B", "AIANNH": "6785", "FSRFLG": "F", "AIANNHNS": "02418661", "AREALAND": 18094121450.0, "ALANDHIST": 18094089466.0, "AREAWATER": 977787833.0, "AWATERHIST": 977876125.0, "AIANNHCC": "E1", "EFFDATE": null, "ESTABDATE": null, "FUNCSTAT": "S", "GCFLG": null, "GEOID": "6785R", "LSADC": "79", "MTFCC": "G2130", "BASENAME": "Knik", "NAME": "Knik ANVSA", "ObjID": "2249093609925", "AIANNHCOMP": "R", "STATEFP1": "0240625", "STATEFP2": null, "STATEFP3": null, "UR": null, "VINTAGE": "90", "AIANNHFP1": "02-40625", "AIANNHFP2": null, "AIANNHFP3": null, "HU100": null, "POP100": null, "CENTLAT": "+61.9969912", "CENTLON": "-150.3455318", "INTPTLAT": "+62.0546111", "INTPTLON": "-150.3354418", "STGEOMETRY_AREA": 86243604314.501297, "STGEOMETRY_LEN": 1931393.9084153301 }, "geometry": { "type": "Point", "coordinates": [ -149.39269, 61.78955 ] } },
{ "type": "Feature", "properties": { "OBJECTID": 23747, "Join_Count": 1, "TARGET_FID": 23747, "JOIN_FID": 445, "DEP_ID": "10009642", "SITE_NAME": "Craigie Creek", "DEV_STAT": "Occurrence", "URL": "https://mrdata.usgs.gov/mrds/show-mrds.php?dep_id=10009642", "CODE_LIST": " W CU MO", "Grade": "C", "AIANNH": "6785", "FSRFLG": "F", "AIANNHNS": "02418661", "AREALAND": 18094121450.0, "ALANDHIST": 18094089466.0, "AREAWATER": 977787833.0, "AWATERHIST": 977876125.0, "AIANNHCC": "E1", "EFFDATE": null, "ESTABDATE": null, "FUNCSTAT": "S", "GCFLG": null, "GEOID": "6785R", "LSADC": "79", "MTFCC": "G2130", "BASENAME": "Knik", "NAME": "Knik ANVSA", "ObjID": "2249093609925", "AIANNHCOMP": "R", "STATEFP1": "0240625", "STATEFP2": null, "STATEFP3": null, "UR": null, "VINTAGE": "90", "AIANNHFP1": "02-40625", "AIANNHFP2": null, "AIANNHFP3": null, "HU100": null, "POP100": null, "CENTLAT": "+61.9969912", "CENTLON": "-150.3455318", "INTPTLAT": "+62.0546111", "INTPTLON": "-150.3354418", "STGEOMETRY_AREA": 86243604314.501297, "STGEOMETRY_LEN": 1931393.9084153301 }, "geometry": { "type": "Point", "coordinates": [ -149.38269, 61.78955 ] } },
{ "type": "Feature", "properties": { "OBJECTID": 23748, "Join_Count": 1, "TARGET_FID": 23748, "JOIN_FID": 445, "DEP_ID": "10003457", "SITE_NAME": "Rainbow", "DEV_STAT": "Prospect", "URL": "https://mrdata.usgs.gov/mrds/show-mrds.php?dep_id=10003457", "CODE_LIST": " AU", "Grade": "C", "AIANNH": "6785", "FSRFLG": "F", "AIANNHNS": "02418661", "AREALAND": 18094121450.0, "ALANDHIST": 18094089466.0, "AREAWATER": 977787833.0, "AWATERHIST": 977876125.0, "AIANNHCC": "E1", "EFFDATE": null, "ESTABDATE": null, "FUNCSTAT": "S", "GCFLG": null, "GEOID": "6785R", "LSADC": "79", "MTFCC": "G2130", "BASENAME": "Knik", "NAME": "Knik ANVSA", "ObjID": "2249093609925", "AIANNHCOMP": "R", "STATEFP1": "0240625", "STATEFP2": null, "STATEFP3": null, "UR": null, "VINTAGE": "90", "AIANNHFP1": "02-40625", "AIANNHFP2": null, "AIANNHFP3": null, "HU100": null, "POP100": null, "CENTLAT": "+61.9969912", "CENTLON": "-150.3455318", "INTPTLAT": "+62.0546111", "INTPTLON": "-150.3354418", "STGEOMETRY_AREA": 86243604314.501297, "STGEOMETRY_LEN": 1931393.9084153301 }, "geometry": { "type": "Point", "coordinates": [ -149.37269, 61.78955 ] } },
{ "type": "Feature", "properties": { "OBJECTID": 23749, "Join_Count": 1, "TARGET_FID": 23749, "JOIN_FID": 445, "DEP_ID": "10003460", "SITE_NAME": "Ryan", "DEV_STAT": "Prospect", "URL": "https://mrdata.usgs.gov/mrds/show-mrds.php?dep_id=10003460", "CODE_LIST": " AU", "Grade": "C", "AIANNH": "6785", "FSRFLG": "F", "AIANNHNS": "02418661", "AREALAND": 18094121450.0, "ALANDHIST": 18094089466.0, "AREAWATER": 977787833.0, "AWATERHIST": 977876125.0, "AIANNHCC": "E1", "EFFDATE": null, "ESTABDATE": null, "FUNCSTAT": "S", "GCFLG": null, "GEOID": "6785R", "LSADC": "79", "MTFCC": "G2130", "BASENAME": "Knik", "NAME": "Knik ANVSA", "ObjID": "2249093609925", "AIANNHCOMP": "R", "STATEFP1": "0240625", "STATEFP2": null, "STATEFP3": null, "UR": null, "VINTAGE": "90", "AIANNHFP1": "02-40625", "AIANNHFP2": null, "AIANNHFP3": null, "HU100": null, "POP100": null, "CENTLAT": "+61.9969912", "CENTLON": "-150.3455318", "INTPTLAT": "+62.0546111", "INTPTLON": "-150.3354418", "STGEOMETRY_AREA": 86243604314.501297, "STGEOMETRY_LEN": 1931393.9084153301 }, "geometry": { "type": "Point", "coordinates": [ -149.35269, 61.78956 ] } },
{ "type": "Feature", "properties": { "OBJECTID": 23750, "Join_Count": 1, "TARGET_FID": 23750, "JOIN_FID": 445, "DEP_ID": "10003466", "SITE_NAME": "Nugget", "DEV_STAT": "Prospect", "URL": "https://mrdata.usgs.gov/mrds/show-mrds.php?dep_id=10003466", "CODE_LIST": " AU", "Grade": "C", "AIANNH": "6785", "FSRFLG": "F", "AIANNHNS": "02418661", "AREALAND": 18094121450.0, "ALANDHIST": 18094089466.0, "AREAWATER": 977787833.0, "AWATERHIST": 977876125.0, "AIANNHCC": "E1", "EFFDATE": null, "ESTABDATE": null, "FUNCSTAT": "S", "GCFLG": null, "GEOID": "6785R", "LSADC": "79", "MTFCC": "G2130", "BASENAME": "Knik", "NAME": "Knik ANVSA", "ObjID": "2249093609925", "AIANNHCOMP": "R", "STATEFP1": "0240625", "STATEFP2": null, "STATEFP3": null, "UR": null, "VINTAGE": "90", "AIANNHFP1": "02-40625", "AIANNHFP2": null, "AIANNHFP3": null, "HU100": null, "POP100": null, "CENTLAT": "+61.9969912", "CENTLON": "-150.3455318", "INTPTLAT": "+62.0546111", "INTPTLON": "-150.3354418", "STGEOMETRY_AREA": 86243604314.501297, "STGEOMETRY_LEN": 1931393.9084153301 }, "geometry": { "type": "Point", "coordinates": [ -149.31269, 61.78956 ] } },
{ "type": "Feature", "properties": { "OBJECTID": 23751, "Join_Count": 1, "TARGET_FID": 23751, "JOIN_FID": 446, "DEP_ID": "10000955", "SITE_NAME": "Stiles", "DEV_STAT": "Prospect", "URL": "https://mrdata.usgs.gov/mrds/show-mrds.php?dep_id=10000955", "CODE_LIST": " AU CU PB", "Grade": "B", "AIANNH": "6290", "FSRFLG": "F", "AIANNHNS": "02418816", "AREALAND": 15429532250.0, "ALANDHIST": 15429532247.0, "AREAWATER": 157255193.0, "AWATERHIST": 157255193.0, "AIANNHCC": "E1", "EFFDATE": null, "ESTABDATE": null, "FUNCSTAT": "S", "GCFLG": null, "GEOID": "6290R", "LSADC": "79", "MTFCC": "G2130", "BASENAME": "Chickaloon", "NAME": "Chickaloon ANVSA", "ObjID": "2249093609926", "AIANNHCOMP": "R", "STATEFP1": "0213345", "STATEFP2": null, "STATEFP3": null, "UR": null, "VINTAGE": "90", "AIANNHFP1": "02-13345", "AIANNHFP2": null, "AIANNHFP3": null, "HU100": null, "POP100": null, "CENTLAT": "+62.2399668", "CENTLON": "-148.3860004", "INTPTLAT": "+62.2514458", "INTPTLON": "-148.0094628", "STGEOMETRY_AREA": 71620960760.508896, "STGEOMETRY_LEN": 1353880.2700505201 }, "geometry": { "type": "Point", "coordinates": [ -149.22268, 61.78956 ] } },
{ "type": "Feature", "properties": { "OBJECTID": 23752, "Join_Count": 1, "TARGET_FID": 23752, "JOIN_FID": 446, "DEP_ID": "10009646", "SITE_NAME": "Little Susitna River", "DEV_STAT": "Occurrence", "URL": "https://mrdata.usgs.gov/mrds/show-mrds.php?dep_id=10009646", "CODE_LIST": " CU W", "Grade": "C", "AIANNH": "6290", "FSRFLG": "F", "AIANNHNS": "02418816", "AREALAND": 15429532250.0, "ALANDHIST": 15429532247.0, "AREAWATER": 157255193.0, "AWATERHIST": 157255193.0, "AIANNHCC": "E1", "EFFDATE": null, "ESTABDATE": null, "FUNCSTAT": "S", "GCFLG": null, "GEOID": "6290R", "LSADC": "79", "MTFCC": "G2130", "BASENAME": "Chickaloon", "NAME": "Chickaloon ANVSA", "ObjID": "2249093609926", "AIANNHCOMP": "R", "STATEFP1": "0213345", "STATEFP2": null, "STATEFP3": null, "UR": null, "VINTAGE": "90", "AIANNHFP1": "02-13345", "AIANNHFP2": null, "AIANNHFP3": null, "HU100": null, "POP100": null, "CENTLAT": "+62.2399668", "CENTLON": "-148.3860004", "INTPTLAT": "+62.2514458", "INTPTLON": "-148.0094628", "STGEOMETRY_AREA": 71620960760.508896, "STGEOMETRY_LEN": 1353880.2700505201 }, "geometry": { "type": "Point", "coordinates": [ -149.14268, 61.78956 ] } },
{ "type": "Feature", "properties": { "OBJECTID": 23753, "Join_Count": 1, "TARGET_FID": 23753, "JOIN_FID": 446, "DEP_ID": "10067301", "SITE_NAME": "Maverick", "DEV_STAT": "Prospect", "URL": "https://mrdata.usgs.gov/mrds/show-mrds.php?dep_id=10067301", "CODE_LIST": " AU CU", "Grade": "B", "AIANNH": "6290", "FSRFLG": "F", "AIANNHNS": "02418816", "AREALAND": 15429532250.0, "ALANDHIST": 15429532247.0, "AREAWATER": 157255193.0, "AWATERHIST": 157255193.0, "AIANNHCC": "E1", "EFFDATE": null, "ESTABDATE": null, "FUNCSTAT": "S", "GCFLG": null, "GEOID": "6290R", "LSADC": "79", "MTFCC": "G2130", "BASENAME": "Chickaloon", "NAME": "Chickaloon ANVSA", "ObjID": "2249093609926", "AIANNHCOMP": "R", "STATEFP1": "0213345", "STATEFP2": null, "STATEFP3": null, "UR": null, "VINTAGE": "90", "AIANNHFP1": "02-13345", "AIANNHFP2": null, "AIANNHFP3": null, "HU100": null, "POP100": null, "CENTLAT": "+62.2399668", "CENTLON": "-148.3860004", "INTPTLAT": "+62.2514458", "INTPTLON": "-148.0094628", "STGEOMETRY_AREA": 71620960760.508896, "STGEOMETRY_LEN": 1353880.2700505201 }, "geometry": { "type": "Point", "coordinates": [ -149.11268, 61.78956 ] } },
{ "type": "Feature", "properties": { "OBJECTID": 23754, "Join_Count": 1, "TARGET_FID": 23754, "JOIN_FID": 446, "DEP_ID": "10000966", "SITE_NAME": "Moose Creek", "DEV_STAT": "Prospect", "URL": "https://mrdata.usgs.gov/mrds/show-mrds.php?dep_id=10000966", "CODE_LIST": " AG AU CU ZN NI", "Grade": "B", "AIANNH": "6290", "FSRFLG": "F", "AIANNHNS": "02418816", "AREALAND": 15429532250.0, "ALANDHIST": 15429532247.0, "AREAWATER": 157255193.0, "AWATERHIST": 157255193.0, "AIANNHCC": "E1", "EFFDATE": null, "ESTABDATE": null, "FUNCSTAT": "S", "GCFLG": null, "GEOID": "6290R", "LSADC": "79", "MTFCC": "G2130", "BASENAME": "Chickaloon", "NAME": "Chickaloon ANVSA", "ObjID": "2249093609926", "AIANNHCOMP": "R", "STATEFP1": "0213345", "STATEFP2": null, "STATEFP3": null, "UR": null, "VINTAGE": "90", "AIANNHFP1": "02-13345", "AIANNHFP2": null, "AIANNHFP3": null, "HU100": null, "POP100": null, "CENTLAT": "+62.2399668", "CENTLON": "-148.3860004", "INTPTLAT": "+62.2514458", "INTPTLON": "-148.0094628", "STGEOMETRY_AREA": 71620960760.508896, "STGEOMETRY_LEN": 1353880.2700505201 }, "geometry": { "type": "Point", "coordinates": [ -149.05268, 61.78956 ] } },
{ "type": "Feature", "properties": { "OBJECTID": 23756, "Join_Count": 1, "TARGET_FID": 23756, "JOIN_FID": 445, "DEP_ID": "10137078", "SITE_NAME": "Jap", "DEV_STAT": "Prospect", "URL": "https://mrdata.usgs.gov/mrds/show-mrds.php?dep_id=10137078", "CODE_LIST": " AU", "Grade": "C", "AIANNH": "6785", "FSRFLG": "F", "AIANNHNS": "02418661", "AREALAND": 18094121450.0, "ALANDHIST": 18094089466.0, "AREAWATER": 977787833.0, "AWATERHIST": 977876125.0, "AIANNHCC": "E1", "EFFDATE": null, "ESTABDATE": null, "FUNCSTAT": "S", "GCFLG": null, "GEOID": "6785R", "LSADC": "79", "MTFCC": "G2130", "BASENAME": "Knik", "NAME": "Knik ANVSA", "ObjID": "2249093609925", "AIANNHCOMP": "R", "STATEFP1": "0240625", "STATEFP2": null, "STATEFP3": null, "UR": null, "VINTAGE": "90", "AIANNHFP1": "02-40625", "AIANNHFP2": null, "AIANNHFP3": null, "HU100": null, "POP100": null, "CENTLAT": "+61.9969912", "CENTLON": "-150.3455318", "INTPTLAT": "+62.0546111", "INTPTLON": "-150.3354418", "STGEOMETRY_AREA": 86243604314.501297, "STGEOMETRY_LEN": 1931393.9084153301 }, "geometry": { "type": "Point", "coordinates": [ -149.31659, 61.79126 ] } },
{ "type": "Feature", "properties": { "OBJECTID": 23757, "Join_Count": 1, "TARGET_FID": 23757, "JOIN_FID": 446, "DEP_ID": "10159153", "SITE_NAME": "Matanuska River", "DEV_STAT": "Prospect", "URL": "https://mrdata.usgs.gov/mrds/show-mrds.php?dep_id=10159153", "CODE_LIST": " AU", "Grade": "C", "AIANNH": "6290", "FSRFLG": "F", "AIANNHNS": "02418816", "AREALAND": 15429532250.0, "ALANDHIST": 15429532247.0, "AREAWATER": 157255193.0, "AWATERHIST": 157255193.0, "AIANNHCC": "E1", "EFFDATE": null, "ESTABDATE": null, "FUNCSTAT": "S", "GCFLG": null, "GEOID": "6290R", "LSADC": "79", "MTFCC": "G2130", "BASENAME": "Chickaloon", "NAME": "Chickaloon ANVSA", "ObjID": "2249093609926", "AIANNHCOMP": "R", "STATEFP1": "0213345", "STATEFP2": null, "STATEFP3": null, "UR": null, "VINTAGE": "90", "AIANNHFP1": "02-13345", "AIANNHFP2": null, "AIANNHFP3": null, "HU100": null, "POP100": null, "CENTLAT": "+62.2399668", "CENTLON": "-148.3860004", "INTPTLAT": "+62.2514458", "INTPTLON": "-148.0094628", "STGEOMETRY_AREA": 71620960760.508896, "STGEOMETRY_LEN": 1353880.2700505201 }, "geometry": { "type": "Point", "coordinates": [ -147.76655, 61.79269 ] } },
{ "type": "Feature", "properties": { "OBJECTID": 23760, "Join_Count": 1, "TARGET_FID": 23760, "JOIN_FID": 445, "DEP_ID": "10283007", "SITE_NAME": "Kempf", "DEV_STAT": "Prospect", "URL": "https://mrdata.usgs.gov/mrds/show-mrds.php?dep_id=10283007", "CODE_LIST": " AU", "Grade": "C", "AIANNH": "6785", "FSRFLG": "F", "AIANNHNS": "02418661", "AREALAND": 18094121450.0, "ALANDHIST": 18094089466.0, "AREAWATER": 977787833.0, "AWATERHIST": 977876125.0, "AIANNHCC": "E1", "EFFDATE": null, "ESTABDATE": null, "FUNCSTAT": "S", "GCFLG": null, "GEOID": "6785R", "LSADC": "79", "MTFCC": "G2130", "BASENAME": "Knik", "NAME": "Knik ANVSA", "ObjID": "2249093609925", "AIANNHCOMP": "R", "STATEFP1": "0240625", "STATEFP2": null, "STATEFP3": null, "UR": null, "VINTAGE": "90", "AIANNHFP1": "02-40625", "AIANNHFP2": null, "AIANNHFP3": null, "HU100": null, "POP100": null, "CENTLAT": "+61.9969912", "CENTLON": "-150.3455318", "INTPTLAT": "+62.0546111", "INTPTLON": "-150.3354418", "STGEOMETRY_AREA": 86243604314.501297, "STGEOMETRY_LEN": 1931393.9084153301 }, "geometry": { "type": "Point", "coordinates": [ -149.38829, 61.79535 ] } },
{ "type": "Feature", "properties": { "OBJECTID": 23761, "Join_Count": 1, "TARGET_FID": 23761, "JOIN_FID": 446, "DEP_ID": "10308766", "SITE_NAME": "Gold Cord", "DEV_STAT": "Producer", "URL": "https://mrdata.usgs.gov/mrds/show-mrds.php?dep_id=10308766", "CODE_LIST": " AU CU PB W ZN", "Grade": "B", "AIANNH": "6290", "FSRFLG": "F", "AIANNHNS": "02418816", "AREALAND": 15429532250.0, "ALANDHIST": 15429532247.0, "AREAWATER": 157255193.0, "AWATERHIST": 157255193.0, "AIANNHCC": "E1", "EFFDATE": null, "ESTABDATE": null, "FUNCSTAT": "S", "GCFLG": null, "GEOID": "6290R", "LSADC": "79", "MTFCC": "G2130", "BASENAME": "Chickaloon", "NAME": "Chickaloon ANVSA", "ObjID": "2249093609926", "AIANNHCOMP": "R", "STATEFP1": "0213345", "STATEFP2": null, "STATEFP3": null, "UR": null, "VINTAGE": "90", "AIANNHFP1": "02-13345", "AIANNHFP2": null, "AIANNHFP3": null, "HU100": null, "POP100": null, "CENTLAT": "+62.2399668", "CENTLON": "-148.3860004", "INTPTLAT": "+62.2514458", "INTPTLON": "-148.0094628", "STGEOMETRY_AREA": 71620960760.508896, "STGEOMETRY_LEN": 1353880.2700505201 }, "geometry": { "type": "Point", "coordinates": [ -149.28869, 61.79656 ] } },
{ "type": "Feature", "properties": { "OBJECTID": 23762, "Join_Count": 1, "TARGET_FID": 23762, "JOIN_FID": 446, "DEP_ID": "10186002", "SITE_NAME": "Archangel", "DEV_STAT": "Prospect", "URL": "https://mrdata.usgs.gov/mrds/show-mrds.php?dep_id=10186002", "CODE_LIST": " AU", "Grade": "C", "AIANNH": "6290", "FSRFLG": "F", "AIANNHNS": "02418816", "AREALAND": 15429532250.0, "ALANDHIST": 15429532247.0, "AREAWATER": 157255193.0, "AWATERHIST": 157255193.0, "AIANNHCC": "E1", "EFFDATE": null, "ESTABDATE": null, "FUNCSTAT": "S", "GCFLG": null, "GEOID": "6290R", "LSADC": "79", "MTFCC": "G2130", "BASENAME": "Chickaloon", "NAME": "Chickaloon ANVSA", "ObjID": "2249093609926", "AIANNHCOMP": "R", "STATEFP1": "0213345", "STATEFP2": null, "STATEFP3": null, "UR": null, "VINTAGE": "90", "AIANNHFP1": "02-13345", "AIANNHFP2": null, "AIANNHFP3": null, "HU100": null, "POP100": null, "CENTLAT": "+62.2399668", "CENTLON": "-148.3860004", "INTPTLAT": "+62.2514458", "INTPTLON": "-148.0094628", "STGEOMETRY_AREA": 71620960760.508896, "STGEOMETRY_LEN": 1353880.2700505201 }, "geometry": { "type": "Point", "coordinates": [ -149.17208, 61.79816 ] } },
{ "type": "Feature", "properties": { "OBJECTID": 23765, "Join_Count": 1, "TARGET_FID": 23765, "JOIN_FID": 546, "DEP_ID": "10002496", "SITE_NAME": "Two Genevieves", "DEV_STAT": "Occurrence", "URL": "https://mrdata.usgs.gov/mrds/show-mrds.php?dep_id=10002496", "CODE_LIST": " HG", "Grade": "B", "AIANNH": "7305", "FSRFLG": "F", "AIANNHNS": "02419197", "AREALAND": 65070668.0, "ALANDHIST": 65077919.0, "AREAWATER": 6998553.0, "AWATERHIST": 6991302.0, "AIANNHCC": "E1", "EFFDATE": null, "ESTABDATE": null, "FUNCSTAT": "S", "GCFLG": null, "GEOID": "7305R", "LSADC": "79", "MTFCC": "G2130", "BASENAME": "Red Devil", "NAME": "Red Devil ANVSA", "ObjID": "2249093609698", "AIANNHCOMP": "R", "STATEFP1": "0264935", "STATEFP2": null, "STATEFP3": null, "UR": null, "VINTAGE": "90", "AIANNHFP1": "02-64935", "AIANNHFP2": null, "AIANNHFP3": null, "HU100": null, "POP100": null, "CENTLAT": "+61.7734756", "CENTLON": "-157.3459839", "INTPTLAT": "+61.7574845", "INTPTLON": "-157.3585028", "STGEOMETRY_AREA": 320993951.81384897, "STGEOMETRY_LEN": 97011.192785940002 }, "geometry": { "type": "Point", "coordinates": [ -157.30286, 61.79939 ] } },
{ "type": "Feature", "properties": { "OBJECTID": 23766, "Join_Count": 1, "TARGET_FID": 23766, "JOIN_FID": 445, "DEP_ID": "10000934", "SITE_NAME": "Golden Top", "DEV_STAT": "Prospect", "URL": "https://mrdata.usgs.gov/mrds/show-mrds.php?dep_id=10000934", "CODE_LIST": " AU", "Grade": "B", "AIANNH": "6785", "FSRFLG": "F", "AIANNHNS": "02418661", "AREALAND": 18094121450.0, "ALANDHIST": 18094089466.0, "AREAWATER": 977787833.0, "AWATERHIST": 977876125.0, "AIANNHCC": "E1", "EFFDATE": null, "ESTABDATE": null, "FUNCSTAT": "S", "GCFLG": null, "GEOID": "6785R", "LSADC": "79", "MTFCC": "G2130", "BASENAME": "Knik", "NAME": "Knik ANVSA", "ObjID": "2249093609925", "AIANNHCOMP": "R", "STATEFP1": "0240625", "STATEFP2": null, "STATEFP3": null, "UR": null, "VINTAGE": "90", "AIANNHFP1": "02-40625", "AIANNHFP2": null, "AIANNHFP3": null, "HU100": null, "POP100": null, "CENTLAT": "+61.9969912", "CENTLON": "-150.3455318", "INTPTLAT": "+62.0546111", "INTPTLON": "-150.3354418", "STGEOMETRY_AREA": 86243604314.501297, "STGEOMETRY_LEN": 1931393.9084153301 }, "geometry": { "type": "Point", "coordinates": [ -149.38269, 61.79955 ] } },
{ "type": "Feature", "properties": { "OBJECTID": 23767, "Join_Count": 1, "TARGET_FID": 23767, "JOIN_FID": 445, "DEP_ID": "10003448", "SITE_NAME": "Comeback", "DEV_STAT": "Prospect", "URL": "https://mrdata.usgs.gov/mrds/show-mrds.php?dep_id=10003448", "CODE_LIST": " AU", "Grade": "B", "AIANNH": "6785", "FSRFLG": "F", "AIANNHNS": "02418661", "AREALAND": 18094121450.0, "ALANDHIST": 18094089466.0, "AREAWATER": 977787833.0, "AWATERHIST": 977876125.0, "AIANNHCC": "E1", "EFFDATE": null, "ESTABDATE": null, "FUNCSTAT": "S", "GCFLG": null, "GEOID": "6785R", "LSADC": "79", "MTFCC": "G2130", "BASENAME": "Knik", "NAME": "Knik ANVSA", "ObjID": "2249093609925", "AIANNHCOMP": "R", "STATEFP1": "0240625", "STATEFP2": null, "STATEFP3": null, "UR": null, "VINTAGE": "90", "AIANNHFP1": "02-40625", "AIANNHFP2": null, "AIANNHFP3": null, "HU100": null, "POP100": null, "CENTLAT": "+61.9969912", "CENTLON": "-150.3455318", "INTPTLAT": "+62.0546111", "INTPTLON": "-150.3354418", "STGEOMETRY_AREA": 86243604314.501297, "STGEOMETRY_LEN": 1931393.9084153301 }, "geometry": { "type": "Point", "coordinates": [ -149.37269, 61.79955 ] } },
{ "type": "Feature", "properties": { "OBJECTID": 23768, "Join_Count": 1, "TARGET_FID": 23768, "JOIN_FID": 446, "DEP_ID": "10094104", "SITE_NAME": "Homesteader-Martha", "DEV_STAT": "Prospect", "URL": "https://mrdata.usgs.gov/mrds/show-mrds.php?dep_id=10094104", "CODE_LIST": " AU", "Grade": "C", "AIANNH": "6290", "FSRFLG": "F", "AIANNHNS": "02418816", "AREALAND": 15429532250.0, "ALANDHIST": 15429532247.0, "AREAWATER": 157255193.0, "AWATERHIST": 157255193.0, "AIANNHCC": "E1", "EFFDATE": null, "ESTABDATE": null, "FUNCSTAT": "S", "GCFLG": null, "GEOID": "6290R", "LSADC": "79", "MTFCC": "G2130", "BASENAME": "Chickaloon", "NAME": "Chickaloon ANVSA", "ObjID": "2249093609926", "AIANNHCOMP": "R", "STATEFP1": "0213345", "STATEFP2": null, "STATEFP3": null, "UR": null, "VINTAGE": "90", "AIANNHFP1": "02-13345", "AIANNHFP2": null, "AIANNHFP3": null, "HU100": null, "POP100": null, "CENTLAT": "+62.2399668", "CENTLON": "-148.3860004", "INTPTLAT": "+62.2514458", "INTPTLON": "-148.0094628", "STGEOMETRY_AREA": 71620960760.508896, "STGEOMETRY_LEN": 1353880.2700505201 }, "geometry": { "type": "Point", "coordinates": [ -149.30269, 61.79956 ] } },
{ "type": "Feature", "properties": { "OBJECTID": 23769, "Join_Count": 1, "TARGET_FID": 23769, "JOIN_FID": 446, "DEP_ID": "10003464", "SITE_NAME": "Bluebird", "DEV_STAT": "Prospect", "URL": "https://mrdata.usgs.gov/mrds/show-mrds.php?dep_id=10003464", "CODE_LIST": " AU", "Grade": "B", "AIANNH": "6290", "FSRFLG": "F", "AIANNHNS": "02418816", "AREALAND": 15429532250.0, "ALANDHIST": 15429532247.0, "AREAWATER": 157255193.0, "AWATERHIST": 157255193.0, "AIANNHCC": "E1", "EFFDATE": null, "ESTABDATE": null, "FUNCSTAT": "S", "GCFLG": null, "GEOID": "6290R", "LSADC": "79", "MTFCC": "G2130", "BASENAME": "Chickaloon", "NAME": "Chickaloon ANVSA", "ObjID": "2249093609926", "AIANNHCOMP": "R", "STATEFP1": "0213345", "STATEFP2": null, "STATEFP3": null, "UR": null, "VINTAGE": "90", "AIANNHFP1": "02-13345", "AIANNHFP2": null, "AIANNHFP3": null, "HU100": null, "POP100": null, "CENTLAT": "+62.2399668", "CENTLON": "-148.3860004", "INTPTLAT": "+62.2514458", "INTPTLON": "-148.0094628", "STGEOMETRY_AREA": 71620960760.508896, "STGEOMETRY_LEN": 1353880.2700505201 }, "geometry": { "type": "Point", "coordinates": [ -149.29269, 61.79956 ] } },
{ "type": "Feature", "properties": { "OBJECTID": 23770, "Join_Count": 1, "TARGET_FID": 23770, "JOIN_FID": 446, "DEP_ID": "10000951", "SITE_NAME": "Mohawk", "DEV_STAT": "Prospect", "URL": "https://mrdata.usgs.gov/mrds/show-mrds.php?dep_id=10000951", "CODE_LIST": " AU", "Grade": "B", "AIANNH": "6290", "FSRFLG": "F", "AIANNHNS": "02418816", "AREALAND": 15429532250.0, "ALANDHIST": 15429532247.0, "AREAWATER": 157255193.0, "AWATERHIST": 157255193.0, "AIANNHCC": "E1", "EFFDATE": null, "ESTABDATE": null, "FUNCSTAT": "S", "GCFLG": null, "GEOID": "6290R", "LSADC": "79", "MTFCC": "G2130", "BASENAME": "Chickaloon", "NAME": "Chickaloon ANVSA", "ObjID": "2249093609926", "AIANNHCOMP": "R", "STATEFP1": "0213345", "STATEFP2": null, "STATEFP3": null, "UR": null, "VINTAGE": "90", "AIANNHFP1": "02-13345", "AIANNHFP2": null, "AIANNHFP3": null, "HU100": null, "POP100": null, "CENTLAT": "+62.2399668", "CENTLON": "-148.3860004", "INTPTLAT": "+62.2514458", "INTPTLON": "-148.0094628", "STGEOMETRY_AREA": 71620960760.508896, "STGEOMETRY_LEN": 1353880.2700505201 }, "geometry": { "type": "Point", "coordinates": [ -149.25268, 61.79956 ] } },
{ "type": "Feature", "properties": { "OBJECTID": 23771, "Join_Count": 1, "TARGET_FID": 23771, "JOIN_FID": 446, "DEP_ID": "10003472", "SITE_NAME": "Keystone", "DEV_STAT": "Prospect", "URL": "https://mrdata.usgs.gov/mrds/show-mrds.php?dep_id=10003472", "CODE_LIST": " AU", "Grade": "C", "AIANNH": "6290", "FSRFLG": "F", "AIANNHNS": "02418816", "AREALAND": 15429532250.0, "ALANDHIST": 15429532247.0, "AREAWATER": 157255193.0, "AWATERHIST": 157255193.0, "AIANNHCC": "E1", "EFFDATE": null, "ESTABDATE": null, "FUNCSTAT": "S", "GCFLG": null, "GEOID": "6290R", "LSADC": "79", "MTFCC": "G2130", "BASENAME": "Chickaloon", "NAME": "Chickaloon ANVSA", "ObjID": "2249093609926", "AIANNHCOMP": "R", "STATEFP1": "0213345", "STATEFP2": null, "STATEFP3": null, "UR": null, "VINTAGE": "90", "AIANNHFP1": "02-13345", "AIANNHFP2": null, "AIANNHFP3": null, "HU100": null, "POP100": null, "CENTLAT": "+62.2399668", "CENTLON": "-148.3860004", "INTPTLAT": "+62.2514458", "INTPTLON": "-148.0094628", "STGEOMETRY_AREA": 71620960760.508896, "STGEOMETRY_LEN": 1353880.2700505201 }, "geometry": { "type": "Point", "coordinates": [ -149.24268, 61.79956 ] } },
{ "type": "Feature", "properties": { "OBJECTID": 23772, "Join_Count": 1, "TARGET_FID": 23772, "JOIN_FID": 446, "DEP_ID": "10003471", "SITE_NAME": "Smith and Sutherland", "DEV_STAT": "Prospect", "URL": "https://mrdata.usgs.gov/mrds/show-mrds.php?dep_id=10003471", "CODE_LIST": " AU", "Grade": "C", "AIANNH": "6290", "FSRFLG": "F", "AIANNHNS": "02418816", "AREALAND": 15429532250.0, "ALANDHIST": 15429532247.0, "AREAWATER": 157255193.0, "AWATERHIST": 157255193.0, "AIANNHCC": "E1", "EFFDATE": null, "ESTABDATE": null, "FUNCSTAT": "S", "GCFLG": null, "GEOID": "6290R", "LSADC": "79", "MTFCC": "G2130", "BASENAME": "Chickaloon", "NAME": "Chickaloon ANVSA", "ObjID": "2249093609926", "AIANNHCOMP": "R", "STATEFP1": "0213345", "STATEFP2": null, "STATEFP3": null, "UR": null, "VINTAGE": "90", "AIANNHFP1": "02-13345", "AIANNHFP2": null, "AIANNHFP3": null, "HU100": null, "POP100": null, "CENTLAT": "+62.2399668", "CENTLON": "-148.3860004", "INTPTLAT": "+62.2514458", "INTPTLON": "-148.0094628", "STGEOMETRY_AREA": 71620960760.508896, "STGEOMETRY_LEN": 1353880.2700505201 }, "geometry": { "type": "Point", "coordinates": [ -149.22268, 61.79956 ] } },
{ "type": "Feature", "properties": { "OBJECTID": 23773, "Join_Count": 1, "TARGET_FID": 23773, "JOIN_FID": 446, "DEP_ID": "10000958", "SITE_NAME": "Archangel", "DEV_STAT": "Prospect", "URL": "https://mrdata.usgs.gov/mrds/show-mrds.php?dep_id=10000958", "CODE_LIST": " AU", "Grade": "B", "AIANNH": "6290", "FSRFLG": "F", "AIANNHNS": "02418816", "AREALAND": 15429532250.0, "ALANDHIST": 15429532247.0, "AREAWATER": 157255193.0, "AWATERHIST": 157255193.0, "AIANNHCC": "E1", "EFFDATE": null, "ESTABDATE": null, "FUNCSTAT": "S", "GCFLG": null, "GEOID": "6290R", "LSADC": "79", "MTFCC": "G2130", "BASENAME": "Chickaloon", "NAME": "Chickaloon ANVSA", "ObjID": "2249093609926", "AIANNHCOMP": "R", "STATEFP1": "0213345", "STATEFP2": null, "STATEFP3": null, "UR": null, "VINTAGE": "90", "AIANNHFP1": "02-13345", "AIANNHFP2": null, "AIANNHFP3": null, "HU100": null, "POP100": null, "CENTLAT": "+62.2399668", "CENTLON": "-148.3860004", "INTPTLAT": "+62.2514458", "INTPTLON": "-148.0094628", "STGEOMETRY_AREA": 71620960760.508896, "STGEOMETRY_LEN": 1353880.2700505201 }, "geometry": { "type": "Point", "coordinates": [ -149.17268, 61.79956 ] } },
{ "type": "Feature", "properties": { "OBJECTID": 23774, "Join_Count": 1, "TARGET_FID": 23774, "JOIN_FID": 446, "DEP_ID": "10003485", "SITE_NAME": "Marshall Creek", "DEV_STAT": "Occurrence", "URL": "https://mrdata.usgs.gov/mrds/show-mrds.php?dep_id=10003485", "CODE_LIST": " AU", "Grade": "C", "AIANNH": "6290", "FSRFLG": "F", "AIANNHNS": "02418816", "AREALAND": 15429532250.0, "ALANDHIST": 15429532247.0, "AREAWATER": 157255193.0, "AWATERHIST": 157255193.0, "AIANNHCC": "E1", "EFFDATE": null, "ESTABDATE": null, "FUNCSTAT": "S", "GCFLG": null, "GEOID": "6290R", "LSADC": "79", "MTFCC": "G2130", "BASENAME": "Chickaloon", "NAME": "Chickaloon ANVSA", "ObjID": "2249093609926", "AIANNHCOMP": "R", "STATEFP1": "0213345", "STATEFP2": null, "STATEFP3": null, "UR": null, "VINTAGE": "90", "AIANNHFP1": "02-13345", "AIANNHFP2": null, "AIANNHFP3": null, "HU100": null, "POP100": null, "CENTLAT": "+62.2399668", "CENTLON": "-148.3860004", "INTPTLAT": "+62.2514458", "INTPTLON": "-148.0094628", "STGEOMETRY_AREA": 71620960760.508896, "STGEOMETRY_LEN": 1353880.2700505201 }, "geometry": { "type": "Point", "coordinates": [ -148.50267, 61.79957 ] } },
{ "type": "Feature", "properties": { "OBJECTID": 23776, "Join_Count": 1, "TARGET_FID": 23776, "JOIN_FID": 546, "DEP_ID": "10002497", "SITE_NAME": "Ammiline", "DEV_STAT": "Prospect", "URL": "https://mrdata.usgs.gov/mrds/show-mrds.php?dep_id=10002497", "CODE_LIST": " HG SB", "Grade": "B", "AIANNH": "7305", "FSRFLG": "F", "AIANNHNS": "02419197", "AREALAND": 65070668.0, "ALANDHIST": 65077919.0, "AREAWATER": 6998553.0, "AWATERHIST": 6991302.0, "AIANNHCC": "E1", "EFFDATE": null, "ESTABDATE": null, "FUNCSTAT": "S", "GCFLG": null, "GEOID": "7305R", "LSADC": "79", "MTFCC": "G2130", "BASENAME": "Red Devil", "NAME": "Red Devil ANVSA", "ObjID": "2249093609698", "AIANNHCOMP": "R", "STATEFP1": "0264935", "STATEFP2": null, "STATEFP3": null, "UR": null, "VINTAGE": "90", "AIANNHFP1": "02-64935", "AIANNHFP2": null, "AIANNHFP3": null, "HU100": null, "POP100": null, "CENTLAT": "+61.7734756", "CENTLON": "-157.3459839", "INTPTLAT": "+61.7574845", "INTPTLON": "-157.3585028", "STGEOMETRY_AREA": 320993951.81384897, "STGEOMETRY_LEN": 97011.192785940002 }, "geometry": { "type": "Point", "coordinates": [ -157.35092, 61.80133 ] } },
{ "type": "Feature", "properties": { "OBJECTID": 23778, "Join_Count": 1, "TARGET_FID": 23778, "JOIN_FID": 445, "DEP_ID": "10185619", "SITE_NAME": "Newman and Miller", "DEV_STAT": "Prospect", "URL": "https://mrdata.usgs.gov/mrds/show-mrds.php?dep_id=10185619", "CODE_LIST": " AU", "Grade": "C", "AIANNH": "6785", "FSRFLG": "F", "AIANNHNS": "02418661", "AREALAND": 18094121450.0, "ALANDHIST": 18094089466.0, "AREAWATER": 977787833.0, "AWATERHIST": 977876125.0, "AIANNHCC": "E1", "EFFDATE": null, "ESTABDATE": null, "FUNCSTAT": "S", "GCFLG": null, "GEOID": "6785R", "LSADC": "79", "MTFCC": "G2130", "BASENAME": "Knik", "NAME": "Knik ANVSA", "ObjID": "2249093609925", "AIANNHCOMP": "R", "STATEFP1": "0240625", "STATEFP2": null, "STATEFP3": null, "UR": null, "VINTAGE": "90", "AIANNHFP1": "02-40625", "AIANNHFP2": null, "AIANNHFP3": null, "HU100": null, "POP100": null, "CENTLAT": "+61.9969912", "CENTLON": "-150.3455318", "INTPTLAT": "+62.0546111", "INTPTLON": "-150.3354418", "STGEOMETRY_AREA": 86243604314.501297, "STGEOMETRY_LEN": 1931393.9084153301 }, "geometry": { "type": "Point", "coordinates": [ -149.31189, 61.80516 ] } },
{ "type": "Feature", "properties": { "OBJECTID": 23779, "Join_Count": 1, "TARGET_FID": 23779, "JOIN_FID": 445, "DEP_ID": "10210161", "SITE_NAME": "Thorpe Craigie Creek", "DEV_STAT": "Prospect", "URL": "https://mrdata.usgs.gov/mrds/show-mrds.php?dep_id=10210161", "CODE_LIST": " AU CU AG", "Grade": "C", "AIANNH": "6785", "FSRFLG": "F", "AIANNHNS": "02418661", "AREALAND": 18094121450.0, "ALANDHIST": 18094089466.0, "AREAWATER": 977787833.0, "AWATERHIST": 977876125.0, "AIANNHCC": "E1", "EFFDATE": null, "ESTABDATE": null, "FUNCSTAT": "S", "GCFLG": null, "GEOID": "6785R", "LSADC": "79", "MTFCC": "G2130", "BASENAME": "Knik", "NAME": "Knik ANVSA", "ObjID": "2249093609925", "AIANNHCOMP": "R", "STATEFP1": "0240625", "STATEFP2": null, "STATEFP3": null, "UR": null, "VINTAGE": "90", "AIANNHFP1": "02-40625", "AIANNHFP2": null, "AIANNHFP3": null, "HU100": null, "POP100": null, "CENTLAT": "+61.9969912", "CENTLON": "-150.3455318", "INTPTLAT": "+62.0546111", "INTPTLON": "-150.3354418", "STGEOMETRY_AREA": 86243604314.501297, "STGEOMETRY_LEN": 1931393.9084153301 }, "geometry": { "type": "Point", "coordinates": [ -149.35709, 61.80566 ] } },
{ "type": "Feature", "properties": { "OBJECTID": 23780, "Join_Count": 1, "TARGET_FID": 23780, "JOIN_FID": 446, "DEP_ID": "10136594", "SITE_NAME": "Arch", "DEV_STAT": "Prospect", "URL": "https://mrdata.usgs.gov/mrds/show-mrds.php?dep_id=10136594", "CODE_LIST": " AU", "Grade": "C", "AIANNH": "6290", "FSRFLG": "F", "AIANNHNS": "02418816", "AREALAND": 15429532250.0, "ALANDHIST": 15429532247.0, "AREAWATER": 157255193.0, "AWATERHIST": 157255193.0, "AIANNHCC": "E1", "EFFDATE": null, "ESTABDATE": null, "FUNCSTAT": "S", "GCFLG": null, "GEOID": "6290R", "LSADC": "79", "MTFCC": "G2130", "BASENAME": "Chickaloon", "NAME": "Chickaloon ANVSA", "ObjID": "2249093609926", "AIANNHCOMP": "R", "STATEFP1": "0213345", "STATEFP2": null, "STATEFP3": null, "UR": null, "VINTAGE": "90", "AIANNHFP1": "02-13345", "AIANNHFP2": null, "AIANNHFP3": null, "HU100": null, "POP100": null, "CENTLAT": "+62.2399668", "CENTLON": "-148.3860004", "INTPTLAT": "+62.2514458", "INTPTLON": "-148.0094628", "STGEOMETRY_AREA": 71620960760.508896, "STGEOMETRY_LEN": 1353880.2700505201 }, "geometry": { "type": "Point", "coordinates": [ -149.23598, 61.80646 ] } },
{ "type": "Feature", "properties": { "OBJECTID": 23781, "Join_Count": 1, "TARGET_FID": 23781, "JOIN_FID": 445, "DEP_ID": "10003463", "SITE_NAME": "Black", "DEV_STAT": "Prospect", "URL": "https://mrdata.usgs.gov/mrds/show-mrds.php?dep_id=10003463", "CODE_LIST": " AU", "Grade": "C", "AIANNH": "6785", "FSRFLG": "F", "AIANNHNS": "02418661", "AREALAND": 18094121450.0, "ALANDHIST": 18094089466.0, "AREAWATER": 977787833.0, "AWATERHIST": 977876125.0, "AIANNHCC": "E1", "EFFDATE": null, "ESTABDATE": null, "FUNCSTAT": "S", "GCFLG": null, "GEOID": "6785R", "LSADC": "79", "MTFCC": "G2130", "BASENAME": "Knik", "NAME": "Knik ANVSA", "ObjID": "2249093609925", "AIANNHCOMP": "R", "STATEFP1": "0240625", "STATEFP2": null, "STATEFP3": null, "UR": null, "VINTAGE": "90", "AIANNHFP1": "02-40625", "AIANNHFP2": null, "AIANNHFP3": null, "HU100": null, "POP100": null, "CENTLAT": "+61.9969912", "CENTLON": "-150.3455318", "INTPTLAT": "+62.0546111", "INTPTLON": "-150.3354418", "STGEOMETRY_AREA": 86243604314.501297, "STGEOMETRY_LEN": 1931393.9084153301 }, "geometry": { "type": "Point", "coordinates": [ -149.30658, 61.8065 ] } },
{ "type": "Feature", "properties": { "OBJECTID": 23782, "Join_Count": 1, "TARGET_FID": 23782, "JOIN_FID": 446, "DEP_ID": "10000953", "SITE_NAME": "Arch", "DEV_STAT": "Prospect", "URL": "https://mrdata.usgs.gov/mrds/show-mrds.php?dep_id=10000953", "CODE_LIST": " AU", "Grade": "B", "AIANNH": "6290", "FSRFLG": "F", "AIANNHNS": "02418816", "AREALAND": 15429532250.0, "ALANDHIST": 15429532247.0, "AREAWATER": 157255193.0, "AWATERHIST": 157255193.0, "AIANNHCC": "E1", "EFFDATE": null, "ESTABDATE": null, "FUNCSTAT": "S", "GCFLG": null, "GEOID": "6290R", "LSADC": "79", "MTFCC": "G2130", "BASENAME": "Chickaloon", "NAME": "Chickaloon ANVSA", "ObjID": "2249093609926", "AIANNHCOMP": "R", "STATEFP1": "0213345", "STATEFP2": null, "STATEFP3": null, "UR": null, "VINTAGE": "90", "AIANNHFP1": "02-13345", "AIANNHFP2": null, "AIANNHFP3": null, "HU100": null, "POP100": null, "CENTLAT": "+62.2399668", "CENTLON": "-148.3860004", "INTPTLAT": "+62.2514458", "INTPTLON": "-148.0094628", "STGEOMETRY_AREA": 71620960760.508896, "STGEOMETRY_LEN": 1353880.2700505201 }, "geometry": { "type": "Point", "coordinates": [ -149.23657, 61.8065 ] } },
{ "type": "Feature", "properties": { "OBJECTID": 23783, "Join_Count": 1, "TARGET_FID": 23783, "JOIN_FID": 445, "DEP_ID": "10282802", "SITE_NAME": "Ready Bullion", "DEV_STAT": "Prospect", "URL": "https://mrdata.usgs.gov/mrds/show-mrds.php?dep_id=10282802", "CODE_LIST": " AU AG", "Grade": "C", "AIANNH": "6785", "FSRFLG": "F", "AIANNHNS": "02418661", "AREALAND": 18094121450.0, "ALANDHIST": 18094089466.0, "AREAWATER": 977787833.0, "AWATERHIST": 977876125.0, "AIANNHCC": "E1", "EFFDATE": null, "ESTABDATE": null, "FUNCSTAT": "S", "GCFLG": null, "GEOID": "6785R", "LSADC": "79", "MTFCC": "G2130", "BASENAME": "Knik", "NAME": "Knik ANVSA", "ObjID": "2249093609925", "AIANNHCOMP": "R", "STATEFP1": "0240625", "STATEFP2": null, "STATEFP3": null, "UR": null, "VINTAGE": "90", "AIANNHFP1": "02-40625", "AIANNHFP2": null, "AIANNHFP3": null, "HU100": null, "POP100": null, "CENTLAT": "+61.9969912", "CENTLON": "-150.3455318", "INTPTLAT": "+62.0546111", "INTPTLON": "-150.3354418", "STGEOMETRY_AREA": 86243604314.501297, "STGEOMETRY_LEN": 1931393.9084153301 }, "geometry": { "type": "Point", "coordinates": [ -149.30879, 61.80736 ] } },
{ "type": "Feature", "properties": { "OBJECTID": 23784, "Join_Count": 1, "TARGET_FID": 23784, "JOIN_FID": 446, "DEP_ID": "10233599", "SITE_NAME": "Idaho Peak", "DEV_STAT": "Prospect", "URL": "https://mrdata.usgs.gov/mrds/show-mrds.php?dep_id=10233599", "CODE_LIST": " U", "Grade": "C", "AIANNH": "6290", "FSRFLG": "F", "AIANNHNS": "02418816", "AREALAND": 15429532250.0, "ALANDHIST": 15429532247.0, "AREAWATER": 157255193.0, "AWATERHIST": 157255193.0, "AIANNHCC": "E1", "EFFDATE": null, "ESTABDATE": null, "FUNCSTAT": "S", "GCFLG": null, "GEOID": "6290R", "LSADC": "79", "MTFCC": "G2130", "BASENAME": "Chickaloon", "NAME": "Chickaloon ANVSA", "ObjID": "2249093609926", "AIANNHCOMP": "R", "STATEFP1": "0213345", "STATEFP2": null, "STATEFP3": null, "UR": null, "VINTAGE": "90", "AIANNHFP1": "02-13345", "AIANNHFP2": null, "AIANNHFP3": null, "HU100": null, "POP100": null, "CENTLAT": "+62.2399668", "CENTLON": "-148.3860004", "INTPTLAT": "+62.2514458", "INTPTLON": "-148.0094628", "STGEOMETRY_AREA": 71620960760.508896, "STGEOMETRY_LEN": 1353880.2700505201 }, "geometry": { "type": "Point", "coordinates": [ -149.14578, 61.80786 ] } },
{ "type": "Feature", "properties": { "OBJECTID": 23785, "Join_Count": 1, "TARGET_FID": 23785, "JOIN_FID": 445, "DEP_ID": "10000936", "SITE_NAME": "Purches Creek", "DEV_STAT": "Occurrence", "URL": "https://mrdata.usgs.gov/mrds/show-mrds.php?dep_id=10000936", "CODE_LIST": " AU AG CU", "Grade": "B", "AIANNH": "6785", "FSRFLG": "F", "AIANNHNS": "02418661", "AREALAND": 18094121450.0, "ALANDHIST": 18094089466.0, "AREAWATER": 977787833.0, "AWATERHIST": 977876125.0, "AIANNHCC": "E1", "EFFDATE": null, "ESTABDATE": null, "FUNCSTAT": "S", "GCFLG": null, "GEOID": "6785R", "LSADC": "79", "MTFCC": "G2130", "BASENAME": "Knik", "NAME": "Knik ANVSA", "ObjID": "2249093609925", "AIANNHCOMP": "R", "STATEFP1": "0240625", "STATEFP2": null, "STATEFP3": null, "UR": null, "VINTAGE": "90", "AIANNHFP1": "02-40625", "AIANNHFP2": null, "AIANNHFP3": null, "HU100": null, "POP100": null, "CENTLAT": "+61.9969912", "CENTLON": "-150.3455318", "INTPTLAT": "+62.0546111", "INTPTLON": "-150.3354418", "STGEOMETRY_AREA": 86243604314.501297, "STGEOMETRY_LEN": 1931393.9084153301 }, "geometry": { "type": "Point", "coordinates": [ -149.35269, 61.80956 ] } },
{ "type": "Feature", "properties": { "OBJECTID": 23786, "Join_Count": 1, "TARGET_FID": 23786, "JOIN_FID": 446, "DEP_ID": "10000957", "SITE_NAME": "Gold Quartz", "DEV_STAT": "Prospect", "URL": "https://mrdata.usgs.gov/mrds/show-mrds.php?dep_id=10000957", "CODE_LIST": " AU", "Grade": "B", "AIANNH": "6290", "FSRFLG": "F", "AIANNHNS": "02418816", "AREALAND": 15429532250.0, "ALANDHIST": 15429532247.0, "AREAWATER": 157255193.0, "AWATERHIST": 157255193.0, "AIANNHCC": "E1", "EFFDATE": null, "ESTABDATE": null, "FUNCSTAT": "S", "GCFLG": null, "GEOID": "6290R", "LSADC": "79", "MTFCC": "G2130", "BASENAME": "Chickaloon", "NAME": "Chickaloon ANVSA", "ObjID": "2249093609926", "AIANNHCOMP": "R", "STATEFP1": "0213345", "STATEFP2": null, "STATEFP3": null, "UR": null, "VINTAGE": "90", "AIANNHFP1": "02-13345", "AIANNHFP2": null, "AIANNHFP3": null, "HU100": null, "POP100": null, "CENTLAT": "+62.2399668", "CENTLON": "-148.3860004", "INTPTLAT": "+62.2514458", "INTPTLON": "-148.0094628", "STGEOMETRY_AREA": 71620960760.508896, "STGEOMETRY_LEN": 1353880.2700505201 }, "geometry": { "type": "Point", "coordinates": [ -149.22268, 61.80956 ] } },
{ "type": "Feature", "properties": { "OBJECTID": 23787, "Join_Count": 1, "TARGET_FID": 23787, "JOIN_FID": 446, "DEP_ID": "10233727", "SITE_NAME": "Webfoot", "DEV_STAT": "Prospect", "URL": "https://mrdata.usgs.gov/mrds/show-mrds.php?dep_id=10233727", "CODE_LIST": " AU AG", "Grade": "C", "AIANNH": "6290", "FSRFLG": "F", "AIANNHNS": "02418816", "AREALAND": 15429532250.0, "ALANDHIST": 15429532247.0, "AREAWATER": 157255193.0, "AWATERHIST": 157255193.0, "AIANNHCC": "E1", "EFFDATE": null, "ESTABDATE": null, "FUNCSTAT": "S", "GCFLG": null, "GEOID": "6290R", "LSADC": "79", "MTFCC": "G2130", "BASENAME": "Chickaloon", "NAME": "Chickaloon ANVSA", "ObjID": "2249093609926", "AIANNHCOMP": "R", "STATEFP1": "0213345", "STATEFP2": null, "STATEFP3": null, "UR": null, "VINTAGE": "90", "AIANNHFP1": "02-13345", "AIANNHFP2": null, "AIANNHFP3": null, "HU100": null, "POP100": null, "CENTLAT": "+62.2399668", "CENTLON": "-148.3860004", "INTPTLAT": "+62.2514458", "INTPTLON": "-148.0094628", "STGEOMETRY_AREA": 71620960760.508896, "STGEOMETRY_LEN": 1353880.2700505201 }, "geometry": { "type": "Point", "coordinates": [ -149.24769, 61.81066 ] } },
{ "type": "Feature", "properties": { "OBJECTID": 23788, "Join_Count": 1, "TARGET_FID": 23788, "JOIN_FID": 446, "DEP_ID": "10137219", "SITE_NAME": "Gold Quartz", "DEV_STAT": "Prospect", "URL": "https://mrdata.usgs.gov/mrds/show-mrds.php?dep_id=10137219", "CODE_LIST": " AU AG", "Grade": "C", "AIANNH": "6290", "FSRFLG": "F", "AIANNHNS": "02418816", "AREALAND": 15429532250.0, "ALANDHIST": 15429532247.0, "AREAWATER": 157255193.0, "AWATERHIST": 157255193.0, "AIANNHCC": "E1", "EFFDATE": null, "ESTABDATE": null, "FUNCSTAT": "S", "GCFLG": null, "GEOID": "6290R", "LSADC": "79", "MTFCC": "G2130", "BASENAME": "Chickaloon", "NAME": "Chickaloon ANVSA", "ObjID": "2249093609926", "AIANNHCOMP": "R", "STATEFP1": "0213345", "STATEFP2": null, "STATEFP3": null, "UR": null, "VINTAGE": "90", "AIANNHFP1": "02-13345", "AIANNHFP2": null, "AIANNHFP3": null, "HU100": null, "POP100": null, "CENTLAT": "+62.2399668", "CENTLON": "-148.3860004", "INTPTLAT": "+62.2514458", "INTPTLON": "-148.0094628", "STGEOMETRY_AREA": 71620960760.508896, "STGEOMETRY_LEN": 1353880.2700505201 }, "geometry": { "type": "Point", "coordinates": [ -149.22628, 61.81066 ] } },
{ "type": "Feature", "properties": { "OBJECTID": 23789, "Join_Count": 1, "TARGET_FID": 23789, "JOIN_FID": 446, "DEP_ID": "10000950", "SITE_NAME": "Webfoot", "DEV_STAT": "Prospect", "URL": "https://mrdata.usgs.gov/mrds/show-mrds.php?dep_id=10000950", "CODE_LIST": " AU CU", "Grade": "B", "AIANNH": "6290", "FSRFLG": "F", "AIANNHNS": "02418816", "AREALAND": 15429532250.0, "ALANDHIST": 15429532247.0, "AREAWATER": 157255193.0, "AWATERHIST": 157255193.0, "AIANNHCC": "E1", "EFFDATE": null, "ESTABDATE": null, "FUNCSTAT": "S", "GCFLG": null, "GEOID": "6290R", "LSADC": "79", "MTFCC": "G2130", "BASENAME": "Chickaloon", "NAME": "Chickaloon ANVSA", "ObjID": "2249093609926", "AIANNHCOMP": "R", "STATEFP1": "0213345", "STATEFP2": null, "STATEFP3": null, "UR": null, "VINTAGE": "90", "AIANNHFP1": "02-13345", "AIANNHFP2": null, "AIANNHFP3": null, "HU100": null, "POP100": null, "CENTLAT": "+62.2399668", "CENTLON": "-148.3860004", "INTPTLAT": "+62.2514458", "INTPTLON": "-148.0094628", "STGEOMETRY_AREA": 71620960760.508896, "STGEOMETRY_LEN": 1353880.2700505201 }, "geometry": { "type": "Point", "coordinates": [ -149.2488, 61.81067 ] } },
{ "type": "Feature", "properties": { "OBJECTID": 23790, "Join_Count": 1, "TARGET_FID": 23790, "JOIN_FID": 446, "DEP_ID": "10161026", "SITE_NAME": "Opal", "DEV_STAT": "Prospect", "URL": "https://mrdata.usgs.gov/mrds/show-mrds.php?dep_id=10161026", "CODE_LIST": " AU AG", "Grade": "C", "AIANNH": "6290", "FSRFLG": "F", "AIANNHNS": "02418816", "AREALAND": 15429532250.0, "ALANDHIST": 15429532247.0, "AREAWATER": 157255193.0, "AWATERHIST": 157255193.0, "AIANNHCC": "E1", "EFFDATE": null, "ESTABDATE": null, "FUNCSTAT": "S", "GCFLG": null, "GEOID": "6290R", "LSADC": "79", "MTFCC": "G2130", "BASENAME": "Chickaloon", "NAME": "Chickaloon ANVSA", "ObjID": "2249093609926", "AIANNHCOMP": "R", "STATEFP1": "0213345", "STATEFP2": null, "STATEFP3": null, "UR": null, "VINTAGE": "90", "AIANNHFP1": "02-13345", "AIANNHFP2": null, "AIANNHFP3": null, "HU100": null, "POP100": null, "CENTLAT": "+62.2399668", "CENTLON": "-148.3860004", "INTPTLAT": "+62.2514458", "INTPTLON": "-148.0094628", "STGEOMETRY_AREA": 71620960760.508896, "STGEOMETRY_LEN": 1353880.2700505201 }, "geometry": { "type": "Point", "coordinates": [ -149.21099, 61.81706 ] } },
{ "type": "Feature", "properties": { "OBJECTID": 23791, "Join_Count": 1, "TARGET_FID": 23791, "JOIN_FID": 445, "DEP_ID": "10000946", "SITE_NAME": "Holland", "DEV_STAT": "Prospect", "URL": "https://mrdata.usgs.gov/mrds/show-mrds.php?dep_id=10000946", "CODE_LIST": " AU CU MO PB", "Grade": "B", "AIANNH": "6785", "FSRFLG": "F", "AIANNHNS": "02418661", "AREALAND": 18094121450.0, "ALANDHIST": 18094089466.0, "AREAWATER": 977787833.0, "AWATERHIST": 977876125.0, "AIANNHCC": "E1", "EFFDATE": null, "ESTABDATE": null, "FUNCSTAT": "S", "GCFLG": null, "GEOID": "6785R", "LSADC": "79", "MTFCC": "G2130", "BASENAME": "Knik", "NAME": "Knik ANVSA", "ObjID": "2249093609925", "AIANNHCOMP": "R", "STATEFP1": "0240625", "STATEFP2": null, "STATEFP3": null, "UR": null, "VINTAGE": "90", "AIANNHFP1": "02-40625", "AIANNHFP2": null, "AIANNHFP3": null, "HU100": null, "POP100": null, "CENTLAT": "+61.9969912", "CENTLON": "-150.3455318", "INTPTLAT": "+62.0546111", "INTPTLON": "-150.3354418", "STGEOMETRY_AREA": 86243604314.501297, "STGEOMETRY_LEN": 1931393.9084153301 }, "geometry": { "type": "Point", "coordinates": [ -149.2938, 61.81845 ] } },
{ "type": "Feature", "properties": { "OBJECTID": 23792, "Join_Count": 1, "TARGET_FID": 23792, "JOIN_FID": 445, "DEP_ID": "10160936", "SITE_NAME": "Bronson & France", "DEV_STAT": "Prospect", "URL": "https://mrdata.usgs.gov/mrds/show-mrds.php?dep_id=10160936", "CODE_LIST": " AU CU PB MO AG", "Grade": "C", "AIANNH": "6785", "FSRFLG": "F", "AIANNHNS": "02418661", "AREALAND": 18094121450.0, "ALANDHIST": 18094089466.0, "AREAWATER": 977787833.0, "AWATERHIST": 977876125.0, "AIANNHCC": "E1", "EFFDATE": null, "ESTABDATE": null, "FUNCSTAT": "S", "GCFLG": null, "GEOID": "6785R", "LSADC": "79", "MTFCC": "G2130", "BASENAME": "Knik", "NAME": "Knik ANVSA", "ObjID": "2249093609925", "AIANNHCOMP": "R", "STATEFP1": "0240625", "STATEFP2": null, "STATEFP3": null, "UR": null, "VINTAGE": "90", "AIANNHFP1": "02-40625", "AIANNHFP2": null, "AIANNHFP3": null, "HU100": null, "POP100": null, "CENTLAT": "+61.9969912", "CENTLON": "-150.3455318", "INTPTLAT": "+62.0546111", "INTPTLON": "-150.3354418", "STGEOMETRY_AREA": 86243604314.501297, "STGEOMETRY_LEN": 1931393.9084153301 }, "geometry": { "type": "Point", "coordinates": [ -149.29439, 61.81846 ] } },
{ "type": "Feature", "properties": { "OBJECTID": 23793, "Join_Count": 1, "TARGET_FID": 23793, "JOIN_FID": 445, "DEP_ID": "10000937", "SITE_NAME": "Gold King", "DEV_STAT": "Prospect", "URL": "https://mrdata.usgs.gov/mrds/show-mrds.php?dep_id=10000937", "CODE_LIST": " AU", "Grade": "B", "AIANNH": "6785", "FSRFLG": "F", "AIANNHNS": "02418661", "AREALAND": 18094121450.0, "ALANDHIST": 18094089466.0, "AREAWATER": 977787833.0, "AWATERHIST": 977876125.0, "AIANNHCC": "E1", "EFFDATE": null, "ESTABDATE": null, "FUNCSTAT": "S", "GCFLG": null, "GEOID": "6785R", "LSADC": "79", "MTFCC": "G2130", "BASENAME": "Knik", "NAME": "Knik ANVSA", "ObjID": "2249093609925", "AIANNHCOMP": "R", "STATEFP1": "0240625", "STATEFP2": null, "STATEFP3": null, "UR": null, "VINTAGE": "90", "AIANNHFP1": "02-40625", "AIANNHFP2": null, "AIANNHFP3": null, "HU100": null, "POP100": null, "CENTLAT": "+61.9969912", "CENTLON": "-150.3455318", "INTPTLAT": "+62.0546111", "INTPTLON": "-150.3354418", "STGEOMETRY_AREA": 86243604314.501297, "STGEOMETRY_LEN": 1931393.9084153301 }, "geometry": { "type": "Point", "coordinates": [ -149.33269, 61.81956 ] } },
{ "type": "Feature", "properties": { "OBJECTID": 23794, "Join_Count": 1, "TARGET_FID": 23794, "JOIN_FID": 445, "DEP_ID": "10003461", "SITE_NAME": "Dixie", "DEV_STAT": "Prospect", "URL": "https://mrdata.usgs.gov/mrds/show-mrds.php?dep_id=10003461", "CODE_LIST": " AU CU PB", "Grade": "B", "AIANNH": "6785", "FSRFLG": "F", "AIANNHNS": "02418661", "AREALAND": 18094121450.0, "ALANDHIST": 18094089466.0, "AREAWATER": 977787833.0, "AWATERHIST": 977876125.0, "AIANNHCC": "E1", "EFFDATE": null, "ESTABDATE": null, "FUNCSTAT": "S", "GCFLG": null, "GEOID": "6785R", "LSADC": "79", "MTFCC": "G2130", "BASENAME": "Knik", "NAME": "Knik ANVSA", "ObjID": "2249093609925", "AIANNHCOMP": "R", "STATEFP1": "0240625", "STATEFP2": null, "STATEFP3": null, "UR": null, "VINTAGE": "90", "AIANNHFP1": "02-40625", "AIANNHFP2": null, "AIANNHFP3": null, "HU100": null, "POP100": null, "CENTLAT": "+61.9969912", "CENTLON": "-150.3455318", "INTPTLAT": "+62.0546111", "INTPTLON": "-150.3354418", "STGEOMETRY_AREA": 86243604314.501297, "STGEOMETRY_LEN": 1931393.9084153301 }, "geometry": { "type": "Point", "coordinates": [ -149.29269, 61.81956 ] } },
{ "type": "Feature", "properties": { "OBJECTID": 23795, "Join_Count": 1, "TARGET_FID": 23795, "JOIN_FID": 446, "DEP_ID": "10003473", "SITE_NAME": "Rutland", "DEV_STAT": "Prospect", "URL": "https://mrdata.usgs.gov/mrds/show-mrds.php?dep_id=10003473", "CODE_LIST": " AU", "Grade": "C", "AIANNH": "6290", "FSRFLG": "F", "AIANNHNS": "02418816", "AREALAND": 15429532250.0, "ALANDHIST": 15429532247.0, "AREAWATER": 157255193.0, "AWATERHIST": 157255193.0, "AIANNHCC": "E1", "EFFDATE": null, "ESTABDATE": null, "FUNCSTAT": "S", "GCFLG": null, "GEOID": "6290R", "LSADC": "79", "MTFCC": "G2130", "BASENAME": "Chickaloon", "NAME": "Chickaloon ANVSA", "ObjID": "2249093609926", "AIANNHCOMP": "R", "STATEFP1": "0213345", "STATEFP2": null, "STATEFP3": null, "UR": null, "VINTAGE": "90", "AIANNHFP1": "02-13345", "AIANNHFP2": null, "AIANNHFP3": null, "HU100": null, "POP100": null, "CENTLAT": "+62.2399668", "CENTLON": "-148.3860004", "INTPTLAT": "+62.2514458", "INTPTLON": "-148.0094628", "STGEOMETRY_AREA": 71620960760.508896, "STGEOMETRY_LEN": 1353880.2700505201 }, "geometry": { "type": "Point", "coordinates": [ -149.25269, 61.81956 ] } },
{ "type": "Feature", "properties": { "OBJECTID": 23796, "Join_Count": 1, "TARGET_FID": 23796, "JOIN_FID": 446, "DEP_ID": "10000960", "SITE_NAME": "Opal", "DEV_STAT": "Prospect", "URL": "https://mrdata.usgs.gov/mrds/show-mrds.php?dep_id=10000960", "CODE_LIST": " AU", "Grade": "B", "AIANNH": "6290", "FSRFLG": "F", "AIANNHNS": "02418816", "AREALAND": 15429532250.0, "ALANDHIST": 15429532247.0, "AREAWATER": 157255193.0, "AWATERHIST": 157255193.0, "AIANNHCC": "E1", "EFFDATE": null, "ESTABDATE": null, "FUNCSTAT": "S", "GCFLG": null, "GEOID": "6290R", "LSADC": "79", "MTFCC": "G2130", "BASENAME": "Chickaloon", "NAME": "Chickaloon ANVSA", "ObjID": "2249093609926", "AIANNHCOMP": "R", "STATEFP1": "0213345", "STATEFP2": null, "STATEFP3": null, "UR": null, "VINTAGE": "90", "AIANNHFP1": "02-13345", "AIANNHFP2": null, "AIANNHFP3": null, "HU100": null, "POP100": null, "CENTLAT": "+62.2399668", "CENTLON": "-148.3860004", "INTPTLAT": "+62.2514458", "INTPTLON": "-148.0094628", "STGEOMETRY_AREA": 71620960760.508896, "STGEOMETRY_LEN": 1353880.2700505201 }, "geometry": { "type": "Point", "coordinates": [ -149.21269, 61.81956 ] } },
{ "type": "Feature", "properties": { "OBJECTID": 23797, "Join_Count": 1, "TARGET_FID": 23797, "JOIN_FID": 446, "DEP_ID": "10000961", "SITE_NAME": "Homebuilder", "DEV_STAT": "Prospect", "URL": "https://mrdata.usgs.gov/mrds/show-mrds.php?dep_id=10000961", "CODE_LIST": " AU", "Grade": "B", "AIANNH": "6290", "FSRFLG": "F", "AIANNHNS": "02418816", "AREALAND": 15429532250.0, "ALANDHIST": 15429532247.0, "AREAWATER": 157255193.0, "AWATERHIST": 157255193.0, "AIANNHCC": "E1", "EFFDATE": null, "ESTABDATE": null, "FUNCSTAT": "S", "GCFLG": null, "GEOID": "6290R", "LSADC": "79", "MTFCC": "G2130", "BASENAME": "Chickaloon", "NAME": "Chickaloon ANVSA", "ObjID": "2249093609926", "AIANNHCOMP": "R", "STATEFP1": "0213345", "STATEFP2": null, "STATEFP3": null, "UR": null, "VINTAGE": "90", "AIANNHFP1": "02-13345", "AIANNHFP2": null, "AIANNHFP3": null, "HU100": null, "POP100": null, "CENTLAT": "+62.2399668", "CENTLON": "-148.3860004", "INTPTLAT": "+62.2514458", "INTPTLON": "-148.0094628", "STGEOMETRY_AREA": 71620960760.508896, "STGEOMETRY_LEN": 1353880.2700505201 }, "geometry": { "type": "Point", "coordinates": [ -149.20269, 61.81956 ] } },
{ "type": "Feature", "properties": { "OBJECTID": 23798, "Join_Count": 1, "TARGET_FID": 23798, "JOIN_FID": 446, "DEP_ID": "10003477", "SITE_NAME": "Good Hope", "DEV_STAT": "Prospect", "URL": "https://mrdata.usgs.gov/mrds/show-mrds.php?dep_id=10003477", "CODE_LIST": " AU", "Grade": "C", "AIANNH": "6290", "FSRFLG": "F", "AIANNHNS": "02418816", "AREALAND": 15429532250.0, "ALANDHIST": 15429532247.0, "AREAWATER": 157255193.0, "AWATERHIST": 157255193.0, "AIANNHCC": "E1", "EFFDATE": null, "ESTABDATE": null, "FUNCSTAT": "S", "GCFLG": null, "GEOID": "6290R", "LSADC": "79", "MTFCC": "G2130", "BASENAME": "Chickaloon", "NAME": "Chickaloon ANVSA", "ObjID": "2249093609926", "AIANNHCOMP": "R", "STATEFP1": "0213345", "STATEFP2": null, "STATEFP3": null, "UR": null, "VINTAGE": "90", "AIANNHFP1": "02-13345", "AIANNHFP2": null, "AIANNHFP3": null, "HU100": null, "POP100": null, "CENTLAT": "+62.2399668", "CENTLON": "-148.3860004", "INTPTLAT": "+62.2514458", "INTPTLON": "-148.0094628", "STGEOMETRY_AREA": 71620960760.508896, "STGEOMETRY_LEN": 1353880.2700505201 }, "geometry": { "type": "Point", "coordinates": [ -149.19268, 61.81956 ] } },
{ "type": "Feature", "properties": { "OBJECTID": 23799, "Join_Count": 1, "TARGET_FID": 23799, "JOIN_FID": 446, "DEP_ID": "10003476", "SITE_NAME": "Mary Ann", "DEV_STAT": "Prospect", "URL": "https://mrdata.usgs.gov/mrds/show-mrds.php?dep_id=10003476", "CODE_LIST": " AU", "Grade": "B", "AIANNH": "6290", "FSRFLG": "F", "AIANNHNS": "02418816", "AREALAND": 15429532250.0, "ALANDHIST": 15429532247.0, "AREAWATER": 157255193.0, "AWATERHIST": 157255193.0, "AIANNHCC": "E1", "EFFDATE": null, "ESTABDATE": null, "FUNCSTAT": "S", "GCFLG": null, "GEOID": "6290R", "LSADC": "79", "MTFCC": "G2130", "BASENAME": "Chickaloon", "NAME": "Chickaloon ANVSA", "ObjID": "2249093609926", "AIANNHCOMP": "R", "STATEFP1": "0213345", "STATEFP2": null, "STATEFP3": null, "UR": null, "VINTAGE": "90", "AIANNHFP1": "02-13345", "AIANNHFP2": null, "AIANNHFP3": null, "HU100": null, "POP100": null, "CENTLAT": "+62.2399668", "CENTLON": "-148.3860004", "INTPTLAT": "+62.2514458", "INTPTLON": "-148.0094628", "STGEOMETRY_AREA": 71620960760.508896, "STGEOMETRY_LEN": 1353880.2700505201 }, "geometry": { "type": "Point", "coordinates": [ -149.18268, 61.81956 ] } },
{ "type": "Feature", "properties": { "OBJECTID": 23800, "Join_Count": 1, "TARGET_FID": 23800, "JOIN_FID": 446, "DEP_ID": "10001002", "SITE_NAME": "Chickaloon River", "DEV_STAT": "Occurrence", "URL": "https://mrdata.usgs.gov/mrds/show-mrds.php?dep_id=10001002", "CODE_LIST": " AU", "Grade": "B", "AIANNH": "6290", "FSRFLG": "F", "AIANNHNS": "02418816", "AREALAND": 15429532250.0, "ALANDHIST": 15429532247.0, "AREAWATER": 157255193.0, "AWATERHIST": 157255193.0, "AIANNHCC": "E1", "EFFDATE": null, "ESTABDATE": null, "FUNCSTAT": "S", "GCFLG": null, "GEOID": "6290R", "LSADC": "79", "MTFCC": "G2130", "BASENAME": "Chickaloon", "NAME": "Chickaloon ANVSA", "ObjID": "2249093609926", "AIANNHCOMP": "R", "STATEFP1": "0213345", "STATEFP2": null, "STATEFP3": null, "UR": null, "VINTAGE": "90", "AIANNHFP1": "02-13345", "AIANNHFP2": null, "AIANNHFP3": null, "HU100": null, "POP100": null, "CENTLAT": "+62.2399668", "CENTLON": "-148.3860004", "INTPTLAT": "+62.2514458", "INTPTLON": "-148.0094628", "STGEOMETRY_AREA": 71620960760.508896, "STGEOMETRY_LEN": 1353880.2700505201 }, "geometry": { "type": "Point", "coordinates": [ -148.42267, 61.81957 ] } },
{ "type": "Feature", "properties": { "OBJECTID": 23803, "Join_Count": 1, "TARGET_FID": 23803, "JOIN_FID": 446, "DEP_ID": "10210031", "SITE_NAME": "Homebuilder", "DEV_STAT": "Prospect", "URL": "https://mrdata.usgs.gov/mrds/show-mrds.php?dep_id=10210031", "CODE_LIST": " AU", "Grade": "C", "AIANNH": "6290", "FSRFLG": "F", "AIANNHNS": "02418816", "AREALAND": 15429532250.0, "ALANDHIST": 15429532247.0, "AREAWATER": 157255193.0, "AWATERHIST": 157255193.0, "AIANNHCC": "E1", "EFFDATE": null, "ESTABDATE": null, "FUNCSTAT": "S", "GCFLG": null, "GEOID": "6290R", "LSADC": "79", "MTFCC": "G2130", "BASENAME": "Chickaloon", "NAME": "Chickaloon ANVSA", "ObjID": "2249093609926", "AIANNHCOMP": "R", "STATEFP1": "0213345", "STATEFP2": null, "STATEFP3": null, "UR": null, "VINTAGE": "90", "AIANNHFP1": "02-13345", "AIANNHFP2": null, "AIANNHFP3": null, "HU100": null, "POP100": null, "CENTLAT": "+62.2399668", "CENTLON": "-148.3860004", "INTPTLAT": "+62.2514458", "INTPTLON": "-148.0094628", "STGEOMETRY_AREA": 71620960760.508896, "STGEOMETRY_LEN": 1353880.2700505201 }, "geometry": { "type": "Point", "coordinates": [ -149.20099, 61.82316 ] } },
{ "type": "Feature", "properties": { "OBJECTID": 23804, "Join_Count": 1, "TARGET_FID": 23804, "JOIN_FID": 446, "DEP_ID": "10185435", "SITE_NAME": "Talkeetna", "DEV_STAT": "Prospect", "URL": "https://mrdata.usgs.gov/mrds/show-mrds.php?dep_id=10185435", "CODE_LIST": " AU MO AG", "Grade": "B", "AIANNH": "6290", "FSRFLG": "F", "AIANNHNS": "02418816", "AREALAND": 15429532250.0, "ALANDHIST": 15429532247.0, "AREAWATER": 157255193.0, "AWATERHIST": 157255193.0, "AIANNHCC": "E1", "EFFDATE": null, "ESTABDATE": null, "FUNCSTAT": "S", "GCFLG": null, "GEOID": "6290R", "LSADC": "79", "MTFCC": "G2130", "BASENAME": "Chickaloon", "NAME": "Chickaloon ANVSA", "ObjID": "2249093609926", "AIANNHCOMP": "R", "STATEFP1": "0213345", "STATEFP2": null, "STATEFP3": null, "UR": null, "VINTAGE": "90", "AIANNHFP1": "02-13345", "AIANNHFP2": null, "AIANNHFP3": null, "HU100": null, "POP100": null, "CENTLAT": "+62.2399668", "CENTLON": "-148.3860004", "INTPTLAT": "+62.2514458", "INTPTLON": "-148.0094628", "STGEOMETRY_AREA": 71620960760.508896, "STGEOMETRY_LEN": 1353880.2700505201 }, "geometry": { "type": "Point", "coordinates": [ -149.25599, 61.82396 ] } },
{ "type": "Feature", "properties": { "OBJECTID": 23808, "Join_Count": 1, "TARGET_FID": 23808, "JOIN_FID": 445, "DEP_ID": "10003462", "SITE_NAME": "Smith", "DEV_STAT": "Prospect", "URL": "https://mrdata.usgs.gov/mrds/show-mrds.php?dep_id=10003462", "CODE_LIST": " AU", "Grade": "B", "AIANNH": "6785", "FSRFLG": "F", "AIANNHNS": "02418661", "AREALAND": 18094121450.0, "ALANDHIST": 18094089466.0, "AREAWATER": 977787833.0, "AWATERHIST": 977876125.0, "AIANNHCC": "E1", "EFFDATE": null, "ESTABDATE": null, "FUNCSTAT": "S", "GCFLG": null, "GEOID": "6785R", "LSADC": "79", "MTFCC": "G2130", "BASENAME": "Knik", "NAME": "Knik ANVSA", "ObjID": "2249093609925", "AIANNHCOMP": "R", "STATEFP1": "0240625", "STATEFP2": null, "STATEFP3": null, "UR": null, "VINTAGE": "90", "AIANNHFP1": "02-40625", "AIANNHFP2": null, "AIANNHFP3": null, "HU100": null, "POP100": null, "CENTLAT": "+61.9969912", "CENTLON": "-150.3455318", "INTPTLAT": "+62.0546111", "INTPTLON": "-150.3354418", "STGEOMETRY_AREA": 86243604314.501297, "STGEOMETRY_LEN": 1931393.9084153301 }, "geometry": { "type": "Point", "coordinates": [ -149.33269, 61.82956 ] } },
{ "type": "Feature", "properties": { "OBJECTID": 23809, "Join_Count": 1, "TARGET_FID": 23809, "JOIN_FID": 446, "DEP_ID": "10003475", "SITE_NAME": "Giant Gold Mining Company", "DEV_STAT": "Prospect", "URL": "https://mrdata.usgs.gov/mrds/show-mrds.php?dep_id=10003475", "CODE_LIST": " AU", "Grade": "C", "AIANNH": "6290", "FSRFLG": "F", "AIANNHNS": "02418816", "AREALAND": 15429532250.0, "ALANDHIST": 15429532247.0, "AREAWATER": 157255193.0, "AWATERHIST": 157255193.0, "AIANNHCC": "E1", "EFFDATE": null, "ESTABDATE": null, "FUNCSTAT": "S", "GCFLG": null, "GEOID": "6290R", "LSADC": "79", "MTFCC": "G2130", "BASENAME": "Chickaloon", "NAME": "Chickaloon ANVSA", "ObjID": "2249093609926", "AIANNHCOMP": "R", "STATEFP1": "0213345", "STATEFP2": null, "STATEFP3": null, "UR": null, "VINTAGE": "90", "AIANNHFP1": "02-13345", "AIANNHFP2": null, "AIANNHFP3": null, "HU100": null, "POP100": null, "CENTLAT": "+62.2399668", "CENTLON": "-148.3860004", "INTPTLAT": "+62.2514458", "INTPTLON": "-148.0094628", "STGEOMETRY_AREA": 71620960760.508896, "STGEOMETRY_LEN": 1353880.2700505201 }, "geometry": { "type": "Point", "coordinates": [ -149.25269, 61.82956 ] } },
{ "type": "Feature", "properties": { "OBJECTID": 23810, "Join_Count": 1, "TARGET_FID": 23810, "JOIN_FID": 446, "DEP_ID": "10003474", "SITE_NAME": "Little Gem (Hatcher)", "DEV_STAT": "Prospect", "URL": "https://mrdata.usgs.gov/mrds/show-mrds.php?dep_id=10003474", "CODE_LIST": " AU", "Grade": "B", "AIANNH": "6290", "FSRFLG": "F", "AIANNHNS": "02418816", "AREALAND": 15429532250.0, "ALANDHIST": 15429532247.0, "AREAWATER": 157255193.0, "AWATERHIST": 157255193.0, "AIANNHCC": "E1", "EFFDATE": null, "ESTABDATE": null, "FUNCSTAT": "S", "GCFLG": null, "GEOID": "6290R", "LSADC": "79", "MTFCC": "G2130", "BASENAME": "Chickaloon", "NAME": "Chickaloon ANVSA", "ObjID": "2249093609926", "AIANNHCOMP": "R", "STATEFP1": "0213345", "STATEFP2": null, "STATEFP3": null, "UR": null, "VINTAGE": "90", "AIANNHFP1": "02-13345", "AIANNHFP2": null, "AIANNHFP3": null, "HU100": null, "POP100": null, "CENTLAT": "+62.2399668", "CENTLON": "-148.3860004", "INTPTLAT": "+62.2514458", "INTPTLON": "-148.0094628", "STGEOMETRY_AREA": 71620960760.508896, "STGEOMETRY_LEN": 1353880.2700505201 }, "geometry": { "type": "Point", "coordinates": [ -149.24269, 61.82956 ] } },
{ "type": "Feature", "properties": { "OBJECTID": 23811, "Join_Count": 1, "TARGET_FID": 23811, "JOIN_FID": 446, "DEP_ID": "10000959", "SITE_NAME": "Bailey", "DEV_STAT": "Prospect", "URL": "https://mrdata.usgs.gov/mrds/show-mrds.php?dep_id=10000959", "CODE_LIST": " AG AU CU MO", "Grade": "C", "AIANNH": "6290", "FSRFLG": "F", "AIANNHNS": "02418816", "AREALAND": 15429532250.0, "ALANDHIST": 15429532247.0, "AREAWATER": 157255193.0, "AWATERHIST": 157255193.0, "AIANNHCC": "E1", "EFFDATE": null, "ESTABDATE": null, "FUNCSTAT": "S", "GCFLG": null, "GEOID": "6290R", "LSADC": "79", "MTFCC": "G2130", "BASENAME": "Chickaloon", "NAME": "Chickaloon ANVSA", "ObjID": "2249093609926", "AIANNHCOMP": "R", "STATEFP1": "0213345", "STATEFP2": null, "STATEFP3": null, "UR": null, "VINTAGE": "90", "AIANNHFP1": "02-13345", "AIANNHFP2": null, "AIANNHFP3": null, "HU100": null, "POP100": null, "CENTLAT": "+62.2399668", "CENTLON": "-148.3860004", "INTPTLAT": "+62.2514458", "INTPTLON": "-148.0094628", "STGEOMETRY_AREA": 71620960760.508896, "STGEOMETRY_LEN": 1353880.2700505201 }, "geometry": { "type": "Point", "coordinates": [ -149.18269, 61.82956 ] } },
{ "type": "Feature", "properties": { "OBJECTID": 23812, "Join_Count": 1, "TARGET_FID": 23812, "JOIN_FID": 446, "DEP_ID": "10000963", "SITE_NAME": "Mogul", "DEV_STAT": "Prospect", "URL": "https://mrdata.usgs.gov/mrds/show-mrds.php?dep_id=10000963", "CODE_LIST": " AU", "Grade": "B", "AIANNH": "6290", "FSRFLG": "F", "AIANNHNS": "02418816", "AREALAND": 15429532250.0, "ALANDHIST": 15429532247.0, "AREAWATER": 157255193.0, "AWATERHIST": 157255193.0, "AIANNHCC": "E1", "EFFDATE": null, "ESTABDATE": null, "FUNCSTAT": "S", "GCFLG": null, "GEOID": "6290R", "LSADC": "79", "MTFCC": "G2130", "BASENAME": "Chickaloon", "NAME": "Chickaloon ANVSA", "ObjID": "2249093609926", "AIANNHCOMP": "R", "STATEFP1": "0213345", "STATEFP2": null, "STATEFP3": null, "UR": null, "VINTAGE": "90", "AIANNHFP1": "02-13345", "AIANNHFP2": null, "AIANNHFP3": null, "HU100": null, "POP100": null, "CENTLAT": "+62.2399668", "CENTLON": "-148.3860004", "INTPTLAT": "+62.2514458", "INTPTLON": "-148.0094628", "STGEOMETRY_AREA": 71620960760.508896, "STGEOMETRY_LEN": 1353880.2700505201 }, "geometry": { "type": "Point", "coordinates": [ -149.17269, 61.82956 ] } },
{ "type": "Feature", "properties": { "OBJECTID": 23813, "Join_Count": 1, "TARGET_FID": 23813, "JOIN_FID": 446, "DEP_ID": "10001003", "SITE_NAME": "Schoonoven Creek", "DEV_STAT": "Occurrence", "URL": "https://mrdata.usgs.gov/mrds/show-mrds.php?dep_id=10001003", "CODE_LIST": " AU", "Grade": "C", "AIANNH": "6290", "FSRFLG": "F", "AIANNHNS": "02418816", "AREALAND": 15429532250.0, "ALANDHIST": 15429532247.0, "AREAWATER": 157255193.0, "AWATERHIST": 157255193.0, "AIANNHCC": "E1", "EFFDATE": null, "ESTABDATE": null, "FUNCSTAT": "S", "GCFLG": null, "GEOID": "6290R", "LSADC": "79", "MTFCC": "G2130", "BASENAME": "Chickaloon", "NAME": "Chickaloon ANVSA", "ObjID": "2249093609926", "AIANNHCOMP": "R", "STATEFP1": "0213345", "STATEFP2": null, "STATEFP3": null, "UR": null, "VINTAGE": "90", "AIANNHFP1": "02-13345", "AIANNHFP2": null, "AIANNHFP3": null, "HU100": null, "POP100": null, "CENTLAT": "+62.2399668", "CENTLON": "-148.3860004", "INTPTLAT": "+62.2514458", "INTPTLON": "-148.0094628", "STGEOMETRY_AREA": 71620960760.508896, "STGEOMETRY_LEN": 1353880.2700505201 }, "geometry": { "type": "Point", "coordinates": [ -148.37267, 61.82958 ] } },
{ "type": "Feature", "properties": { "OBJECTID": 23815, "Join_Count": 1, "TARGET_FID": 23815, "JOIN_FID": 446, "DEP_ID": "10161510", "SITE_NAME": "Little Gem", "DEV_STAT": "Prospect", "URL": "https://mrdata.usgs.gov/mrds/show-mrds.php?dep_id=10161510", "CODE_LIST": " AU AG", "Grade": "C", "AIANNH": "6290", "FSRFLG": "F", "AIANNHNS": "02418816", "AREALAND": 15429532250.0, "ALANDHIST": 15429532247.0, "AREAWATER": 157255193.0, "AWATERHIST": 157255193.0, "AIANNHCC": "E1", "EFFDATE": null, "ESTABDATE": null, "FUNCSTAT": "S", "GCFLG": null, "GEOID": "6290R", "LSADC": "79", "MTFCC": "G2130", "BASENAME": "Chickaloon", "NAME": "Chickaloon ANVSA", "ObjID": "2249093609926", "AIANNHCOMP": "R", "STATEFP1": "0213345", "STATEFP2": null, "STATEFP3": null, "UR": null, "VINTAGE": "90", "AIANNHFP1": "02-13345", "AIANNHFP2": null, "AIANNHFP3": null, "HU100": null, "POP100": null, "CENTLAT": "+62.2399668", "CENTLON": "-148.3860004", "INTPTLAT": "+62.2514458", "INTPTLON": "-148.0094628", "STGEOMETRY_AREA": 71620960760.508896, "STGEOMETRY_LEN": 1353880.2700505201 }, "geometry": { "type": "Point", "coordinates": [ -149.24159, 61.83096 ] } },
{ "type": "Feature", "properties": { "OBJECTID": 23817, "Join_Count": 1, "TARGET_FID": 23817, "JOIN_FID": 446, "DEP_ID": "10233935", "SITE_NAME": "Mogul", "DEV_STAT": "Prospect", "URL": "https://mrdata.usgs.gov/mrds/show-mrds.php?dep_id=10233935", "CODE_LIST": " AU CU MO AG", "Grade": "C", "AIANNH": "6290", "FSRFLG": "F", "AIANNHNS": "02418816", "AREALAND": 15429532250.0, "ALANDHIST": 15429532247.0, "AREAWATER": 157255193.0, "AWATERHIST": 157255193.0, "AIANNHCC": "E1", "EFFDATE": null, "ESTABDATE": null, "FUNCSTAT": "S", "GCFLG": null, "GEOID": "6290R", "LSADC": "79", "MTFCC": "G2130", "BASENAME": "Chickaloon", "NAME": "Chickaloon ANVSA", "ObjID": "2249093609926", "AIANNHCOMP": "R", "STATEFP1": "0213345", "STATEFP2": null, "STATEFP3": null, "UR": null, "VINTAGE": "90", "AIANNHFP1": "02-13345", "AIANNHFP2": null, "AIANNHFP3": null, "HU100": null, "POP100": null, "CENTLAT": "+62.2399668", "CENTLON": "-148.3860004", "INTPTLAT": "+62.2514458", "INTPTLON": "-148.0094628", "STGEOMETRY_AREA": 71620960760.508896, "STGEOMETRY_LEN": 1353880.2700505201 }, "geometry": { "type": "Point", "coordinates": [ -149.17769, 61.83286 ] } },
{ "type": "Feature", "properties": { "OBJECTID": 23818, "Join_Count": 1, "TARGET_FID": 23818, "JOIN_FID": 446, "DEP_ID": "10282900", "SITE_NAME": "Reed Creek Copper", "DEV_STAT": "Prospect", "URL": "https://mrdata.usgs.gov/mrds/show-mrds.php?dep_id=10282900", "CODE_LIST": " CU AU MO", "Grade": "C", "AIANNH": "6290", "FSRFLG": "F", "AIANNHNS": "02418816", "AREALAND": 15429532250.0, "ALANDHIST": 15429532247.0, "AREAWATER": 157255193.0, "AWATERHIST": 157255193.0, "AIANNHCC": "E1", "EFFDATE": null, "ESTABDATE": null, "FUNCSTAT": "S", "GCFLG": null, "GEOID": "6290R", "LSADC": "79", "MTFCC": "G2130", "BASENAME": "Chickaloon", "NAME": "Chickaloon ANVSA", "ObjID": "2249093609926", "AIANNHCOMP": "R", "STATEFP1": "0213345", "STATEFP2": null, "STATEFP3": null, "UR": null, "VINTAGE": "90", "AIANNHFP1": "02-13345", "AIANNHFP2": null, "AIANNHFP3": null, "HU100": null, "POP100": null, "CENTLAT": "+62.2399668", "CENTLON": "-148.3860004", "INTPTLAT": "+62.2514458", "INTPTLON": "-148.0094628", "STGEOMETRY_AREA": 71620960760.508896, "STGEOMETRY_LEN": 1353880.2700505201 }, "geometry": { "type": "Point", "coordinates": [ -149.16939, 61.83286 ] } },
{ "type": "Feature", "properties": { "OBJECTID": 23819, "Join_Count": 1, "TARGET_FID": 23819, "JOIN_FID": 446, "DEP_ID": "10112977", "SITE_NAME": "Hicks Creek", "DEV_STAT": "Prospect", "URL": "https://mrdata.usgs.gov/mrds/show-mrds.php?dep_id=10112977", "CODE_LIST": " AU", "Grade": "C", "AIANNH": "6290", "FSRFLG": "F", "AIANNHNS": "02418816", "AREALAND": 15429532250.0, "ALANDHIST": 15429532247.0, "AREAWATER": 157255193.0, "AWATERHIST": 157255193.0, "AIANNHCC": "E1", "EFFDATE": null, "ESTABDATE": null, "FUNCSTAT": "S", "GCFLG": null, "GEOID": "6290R", "LSADC": "79", "MTFCC": "G2130", "BASENAME": "Chickaloon", "NAME": "Chickaloon ANVSA", "ObjID": "2249093609926", "AIANNHCOMP": "R", "STATEFP1": "0213345", "STATEFP2": null, "STATEFP3": null, "UR": null, "VINTAGE": "90", "AIANNHFP1": "02-13345", "AIANNHFP2": null, "AIANNHFP3": null, "HU100": null, "POP100": null, "CENTLAT": "+62.2399668", "CENTLON": "-148.3860004", "INTPTLAT": "+62.2514458", "INTPTLON": "-148.0094628", "STGEOMETRY_AREA": 71620960760.508896, "STGEOMETRY_LEN": 1353880.2700505201 }, "geometry": { "type": "Point", "coordinates": [ -147.92205, 61.83288 ] } },
{ "type": "Feature", "properties": { "OBJECTID": 23821, "Join_Count": 1, "TARGET_FID": 23821, "JOIN_FID": 446, "DEP_ID": "10258294", "SITE_NAME": "Lane", "DEV_STAT": "Prospect", "URL": "https://mrdata.usgs.gov/mrds/show-mrds.php?dep_id=10258294", "CODE_LIST": " AU CU MO AG", "Grade": "C", "AIANNH": "6290", "FSRFLG": "F", "AIANNHNS": "02418816", "AREALAND": 15429532250.0, "ALANDHIST": 15429532247.0, "AREAWATER": 157255193.0, "AWATERHIST": 157255193.0, "AIANNHCC": "E1", "EFFDATE": null, "ESTABDATE": null, "FUNCSTAT": "S", "GCFLG": null, "GEOID": "6290R", "LSADC": "79", "MTFCC": "G2130", "BASENAME": "Chickaloon", "NAME": "Chickaloon ANVSA", "ObjID": "2249093609926", "AIANNHCOMP": "R", "STATEFP1": "0213345", "STATEFP2": null, "STATEFP3": null, "UR": null, "VINTAGE": "90", "AIANNHFP1": "02-13345", "AIANNHFP2": null, "AIANNHFP3": null, "HU100": null, "POP100": null, "CENTLAT": "+62.2399668", "CENTLON": "-148.3860004", "INTPTLAT": "+62.2514458", "INTPTLON": "-148.0094628", "STGEOMETRY_AREA": 71620960760.508896, "STGEOMETRY_LEN": 1353880.2700505201 }, "geometry": { "type": "Point", "coordinates": [ -149.23049, 61.84426 ] } },
{ "type": "Feature", "properties": { "OBJECTID": 23822, "Join_Count": 1, "TARGET_FID": 23822, "JOIN_FID": 446, "DEP_ID": "10000947", "SITE_NAME": "Lane", "DEV_STAT": "Prospect", "URL": "https://mrdata.usgs.gov/mrds/show-mrds.php?dep_id=10000947", "CODE_LIST": " AU", "Grade": "B", "AIANNH": "6290", "FSRFLG": "F", "AIANNHNS": "02418816", "AREALAND": 15429532250.0, "ALANDHIST": 15429532247.0, "AREAWATER": 157255193.0, "AWATERHIST": 157255193.0, "AIANNHCC": "E1", "EFFDATE": null, "ESTABDATE": null, "FUNCSTAT": "S", "GCFLG": null, "GEOID": "6290R", "LSADC": "79", "MTFCC": "G2130", "BASENAME": "Chickaloon", "NAME": "Chickaloon ANVSA", "ObjID": "2249093609926", "AIANNHCOMP": "R", "STATEFP1": "0213345", "STATEFP2": null, "STATEFP3": null, "UR": null, "VINTAGE": "90", "AIANNHFP1": "02-13345", "AIANNHFP2": null, "AIANNHFP3": null, "HU100": null, "POP100": null, "CENTLAT": "+62.2399668", "CENTLON": "-148.3860004", "INTPTLAT": "+62.2514458", "INTPTLON": "-148.0094628", "STGEOMETRY_AREA": 71620960760.508896, "STGEOMETRY_LEN": 1353880.2700505201 }, "geometry": { "type": "Point", "coordinates": [ -149.23463, 61.84456 ] } },
{ "type": "Feature", "properties": { "OBJECTID": 23823, "Join_Count": 1, "TARGET_FID": 23823, "JOIN_FID": 446, "DEP_ID": "10000964", "SITE_NAME": "Reed Creek", "DEV_STAT": "Occurrence", "URL": "https://mrdata.usgs.gov/mrds/show-mrds.php?dep_id=10000964", "CODE_LIST": " CU MO W", "Grade": "B", "AIANNH": "6290", "FSRFLG": "F", "AIANNHNS": "02418816", "AREALAND": 15429532250.0, "ALANDHIST": 15429532247.0, "AREAWATER": 157255193.0, "AWATERHIST": 157255193.0, "AIANNHCC": "E1", "EFFDATE": null, "ESTABDATE": null, "FUNCSTAT": "S", "GCFLG": null, "GEOID": "6290R", "LSADC": "79", "MTFCC": "G2130", "BASENAME": "Chickaloon", "NAME": "Chickaloon ANVSA", "ObjID": "2249093609926", "AIANNHCOMP": "R", "STATEFP1": "0213345", "STATEFP2": null, "STATEFP3": null, "UR": null, "VINTAGE": "90", "AIANNHFP1": "02-13345", "AIANNHFP2": null, "AIANNHFP3": null, "HU100": null, "POP100": null, "CENTLAT": "+62.2399668", "CENTLON": "-148.3860004", "INTPTLAT": "+62.2514458", "INTPTLON": "-148.0094628", "STGEOMETRY_AREA": 71620960760.508896, "STGEOMETRY_LEN": 1353880.2700505201 }, "geometry": { "type": "Point", "coordinates": [ -149.15241, 61.84928 ] } },
{ "type": "Feature", "properties": { "OBJECTID": 23825, "Join_Count": 1, "TARGET_FID": 23825, "JOIN_FID": 446, "DEP_ID": "10308768", "SITE_NAME": "Reed Creek", "DEV_STAT": "Prospect", "URL": "https://mrdata.usgs.gov/mrds/show-mrds.php?dep_id=10308768", "CODE_LIST": " CU MO W", "Grade": "B", "AIANNH": "6290", "FSRFLG": "F", "AIANNHNS": "02418816", "AREALAND": 15429532250.0, "ALANDHIST": 15429532247.0, "AREAWATER": 157255193.0, "AWATERHIST": 157255193.0, "AIANNHCC": "E1", "EFFDATE": null, "ESTABDATE": null, "FUNCSTAT": "S", "GCFLG": null, "GEOID": "6290R", "LSADC": "79", "MTFCC": "G2130", "BASENAME": "Chickaloon", "NAME": "Chickaloon ANVSA", "ObjID": "2249093609926", "AIANNHCOMP": "R", "STATEFP1": "0213345", "STATEFP2": null, "STATEFP3": null, "UR": null, "VINTAGE": "90", "AIANNHFP1": "02-13345", "AIANNHFP2": null, "AIANNHFP3": null, "HU100": null, "POP100": null, "CENTLAT": "+62.2399668", "CENTLON": "-148.3860004", "INTPTLAT": "+62.2514458", "INTPTLON": "-148.0094628", "STGEOMETRY_AREA": 71620960760.508896, "STGEOMETRY_LEN": 1353880.2700505201 }, "geometry": { "type": "Point", "coordinates": [ -149.15269, 61.84956 ] } },
{ "type": "Feature", "properties": { "OBJECTID": 23829, "Join_Count": 1, "TARGET_FID": 23829, "JOIN_FID": 445, "DEP_ID": "10003481", "SITE_NAME": "Peters Creek", "DEV_STAT": "Occurrence", "URL": "https://mrdata.usgs.gov/mrds/show-mrds.php?dep_id=10003481", "CODE_LIST": " AG AU CU", "Grade": "C", "AIANNH": "6785", "FSRFLG": "F", "AIANNHNS": "02418661", "AREALAND": 18094121450.0, "ALANDHIST": 18094089466.0, "AREAWATER": 977787833.0, "AWATERHIST": 977876125.0, "AIANNHCC": "E1", "EFFDATE": null, "ESTABDATE": null, "FUNCSTAT": "S", "GCFLG": null, "GEOID": "6785R", "LSADC": "79", "MTFCC": "G2130", "BASENAME": "Knik", "NAME": "Knik ANVSA", "ObjID": "2249093609925", "AIANNHCOMP": "R", "STATEFP1": "0240625", "STATEFP2": null, "STATEFP3": null, "UR": null, "VINTAGE": "90", "AIANNHFP1": "02-40625", "AIANNHFP2": null, "AIANNHFP3": null, "HU100": null, "POP100": null, "CENTLAT": "+61.9969912", "CENTLON": "-150.3455318", "INTPTLAT": "+62.0546111", "INTPTLON": "-150.3354418", "STGEOMETRY_AREA": 86243604314.501297, "STGEOMETRY_LEN": 1931393.9084153301 }, "geometry": { "type": "Point", "coordinates": [ -149.29269, 61.87956 ] } },
{ "type": "Feature", "properties": { "OBJECTID": 23833, "Join_Count": 1, "TARGET_FID": 23833, "JOIN_FID": 592, "DEP_ID": "10002490", "SITE_NAME": "California Creek", "DEV_STAT": "Prospect", "URL": "https://mrdata.usgs.gov/mrds/show-mrds.php?dep_id=10002490", "CODE_LIST": " AU", "Grade": "B", "AIANNH": "6535", "FSRFLG": "F", "AIANNHNS": "02418598", "AREALAND": 113498552.0, "ALANDHIST": 113498552.0, "AREAWATER": 2852632.0, "AWATERHIST": 2852632.0, "AIANNHCC": "E1", "EFFDATE": null, "ESTABDATE": null, "FUNCSTAT": "S", "GCFLG": null, "GEOID": "6535R", "LSADC": "79", "MTFCC": "G2130", "BASENAME": "Georgetown", "NAME": "Georgetown ANVSA", "ObjID": "2249093609658", "AIANNHCOMP": "R", "STATEFP1": "0228350", "STATEFP2": null, "STATEFP3": null, "UR": null, "VINTAGE": "90", "AIANNHFP1": "02-28350", "AIANNHFP2": null, "AIANNHFP3": null, "HU100": null, "POP100": null, "CENTLAT": "+61.9132636", "CENTLON": "-157.6752892", "INTPTLAT": "+61.9260236", "INTPTLON": "-157.6571691", "STGEOMETRY_AREA": 522952369.80957502, "STGEOMETRY_LEN": 149159.56614310999 }, "geometry": { "type": "Point", "coordinates": [ -157.60287, 61.89939 ] } },
{ "type": "Feature", "properties": { "OBJECTID": 23834, "Join_Count": 1, "TARGET_FID": 23834, "JOIN_FID": 445, "DEP_ID": "10003480", "SITE_NAME": "Blue Quartz Mining Co.", "DEV_STAT": "Prospect", "URL": "https://mrdata.usgs.gov/mrds/show-mrds.php?dep_id=10003480", "CODE_LIST": " AU CU", "Grade": "C", "AIANNH": "6785", "FSRFLG": "F", "AIANNHNS": "02418661", "AREALAND": 18094121450.0, "ALANDHIST": 18094089466.0, "AREAWATER": 977787833.0, "AWATERHIST": 977876125.0, "AIANNHCC": "E1", "EFFDATE": null, "ESTABDATE": null, "FUNCSTAT": "S", "GCFLG": null, "GEOID": "6785R", "LSADC": "79", "MTFCC": "G2130", "BASENAME": "Knik", "NAME": "Knik ANVSA", "ObjID": "2249093609925", "AIANNHCOMP": "R", "STATEFP1": "0240625", "STATEFP2": null, "STATEFP3": null, "UR": null, "VINTAGE": "90", "AIANNHFP1": "02-40625", "AIANNHFP2": null, "AIANNHFP3": null, "HU100": null, "POP100": null, "CENTLAT": "+61.9969912", "CENTLON": "-150.3455318", "INTPTLAT": "+62.0546111", "INTPTLON": "-150.3354418", "STGEOMETRY_AREA": 86243604314.501297, "STGEOMETRY_LEN": 1931393.9084153301 }, "geometry": { "type": "Point", "coordinates": [ -149.28269, 61.89956 ] } },
{ "type": "Feature", "properties": { "OBJECTID": 23839, "Join_Count": 1, "TARGET_FID": 23839, "JOIN_FID": 446, "DEP_ID": "10003479", "SITE_NAME": "Kashwitna River", "DEV_STAT": "Occurrence", "URL": "https://mrdata.usgs.gov/mrds/show-mrds.php?dep_id=10003479", "CODE_LIST": " AG AU CU", "Grade": "B", "AIANNH": "6290", "FSRFLG": "F", "AIANNHNS": "02418816", "AREALAND": 15429532250.0, "ALANDHIST": 15429532247.0, "AREAWATER": 157255193.0, "AWATERHIST": 157255193.0, "AIANNHCC": "E1", "EFFDATE": null, "ESTABDATE": null, "FUNCSTAT": "S", "GCFLG": null, "GEOID": "6290R", "LSADC": "79", "MTFCC": "G2130", "BASENAME": "Chickaloon", "NAME": "Chickaloon ANVSA", "ObjID": "2249093609926", "AIANNHCOMP": "R", "STATEFP1": "0213345", "STATEFP2": null, "STATEFP3": null, "UR": null, "VINTAGE": "90", "AIANNHFP1": "02-13345", "AIANNHFP2": null, "AIANNHFP3": null, "HU100": null, "POP100": null, "CENTLAT": "+62.2399668", "CENTLON": "-148.3860004", "INTPTLAT": "+62.2514458", "INTPTLON": "-148.0094628", "STGEOMETRY_AREA": 71620960760.508896, "STGEOMETRY_LEN": 1353880.2700505201 }, "geometry": { "type": "Point", "coordinates": [ -148.96269, 61.91957 ] } },
{ "type": "Feature", "properties": { "OBJECTID": 23840, "Join_Count": 1, "TARGET_FID": 23840, "JOIN_FID": 445, "DEP_ID": "10003482", "SITE_NAME": "Little Willow Creek", "DEV_STAT": "Occurrence", "URL": "https://mrdata.usgs.gov/mrds/show-mrds.php?dep_id=10003482", "CODE_LIST": " CU", "Grade": "C", "AIANNH": "6785", "FSRFLG": "F", "AIANNHNS": "02418661", "AREALAND": 18094121450.0, "ALANDHIST": 18094089466.0, "AREAWATER": 977787833.0, "AWATERHIST": 977876125.0, "AIANNHCC": "E1", "EFFDATE": null, "ESTABDATE": null, "FUNCSTAT": "S", "GCFLG": null, "GEOID": "6785R", "LSADC": "79", "MTFCC": "G2130", "BASENAME": "Knik", "NAME": "Knik ANVSA", "ObjID": "2249093609925", "AIANNHCOMP": "R", "STATEFP1": "0240625", "STATEFP2": null, "STATEFP3": null, "UR": null, "VINTAGE": "90", "AIANNHFP1": "02-40625", "AIANNHFP2": null, "AIANNHFP3": null, "HU100": null, "POP100": null, "CENTLAT": "+61.9969912", "CENTLON": "-150.3455318", "INTPTLAT": "+62.0546111", "INTPTLON": "-150.3354418", "STGEOMETRY_AREA": 86243604314.501297, "STGEOMETRY_LEN": 1931393.9084153301 }, "geometry": { "type": "Point", "coordinates": [ -149.5327, 61.92955 ] } },
{ "type": "Feature", "properties": { "OBJECTID": 23844, "Join_Count": 1, "TARGET_FID": 23844, "JOIN_FID": 446, "DEP_ID": "10003484", "SITE_NAME": "Kings River", "DEV_STAT": "Occurrence", "URL": "https://mrdata.usgs.gov/mrds/show-mrds.php?dep_id=10003484", "CODE_LIST": " CU", "Grade": "C", "AIANNH": "6290", "FSRFLG": "F", "AIANNHNS": "02418816", "AREALAND": 15429532250.0, "ALANDHIST": 15429532247.0, "AREAWATER": 157255193.0, "AWATERHIST": 157255193.0, "AIANNHCC": "E1", "EFFDATE": null, "ESTABDATE": null, "FUNCSTAT": "S", "GCFLG": null, "GEOID": "6290R", "LSADC": "79", "MTFCC": "G2130", "BASENAME": "Chickaloon", "NAME": "Chickaloon ANVSA", "ObjID": "2249093609926", "AIANNHCOMP": "R", "STATEFP1": "0213345", "STATEFP2": null, "STATEFP3": null, "UR": null, "VINTAGE": "90", "AIANNHFP1": "02-13345", "AIANNHFP2": null, "AIANNHFP3": null, "HU100": null, "POP100": null, "CENTLAT": "+62.2399668", "CENTLON": "-148.3860004", "INTPTLAT": "+62.2514458", "INTPTLON": "-148.0094628", "STGEOMETRY_AREA": 71620960760.508896, "STGEOMETRY_LEN": 1353880.2700505201 }, "geometry": { "type": "Point", "coordinates": [ -148.50268, 61.94958 ] } },
{ "type": "Feature", "properties": { "OBJECTID": 23846, "Join_Count": 1, "TARGET_FID": 23846, "JOIN_FID": 592, "DEP_ID": "10002488", "SITE_NAME": "Harvison", "DEV_STAT": "Prospect", "URL": "https://mrdata.usgs.gov/mrds/show-mrds.php?dep_id=10002488", "CODE_LIST": " HG", "Grade": "B", "AIANNH": "6535", "FSRFLG": "F", "AIANNHNS": "02418598", "AREALAND": 113498552.0, "ALANDHIST": 113498552.0, "AREAWATER": 2852632.0, "AWATERHIST": 2852632.0, "AIANNHCC": "E1", "EFFDATE": null, "ESTABDATE": null, "FUNCSTAT": "S", "GCFLG": null, "GEOID": "6535R", "LSADC": "79", "MTFCC": "G2130", "BASENAME": "Georgetown", "NAME": "Georgetown ANVSA", "ObjID": "2249093609658", "AIANNHCOMP": "R", "STATEFP1": "0228350", "STATEFP2": null, "STATEFP3": null, "UR": null, "VINTAGE": "90", "AIANNHFP1": "02-28350", "AIANNHFP2": null, "AIANNHFP3": null, "HU100": null, "POP100": null, "CENTLAT": "+61.9132636", "CENTLON": "-157.6752892", "INTPTLAT": "+61.9260236", "INTPTLON": "-157.6571691", "STGEOMETRY_AREA": 522952369.80957502, "STGEOMETRY_LEN": 149159.56614310999 }, "geometry": { "type": "Point", "coordinates": [ -157.61288, 61.95939 ] } },
{ "type": "Feature", "properties": { "OBJECTID": 23851, "Join_Count": 1, "TARGET_FID": 23851, "JOIN_FID": 592, "DEP_ID": "10234083", "SITE_NAME": "Harvison", "DEV_STAT": "Prospect", "URL": "https://mrdata.usgs.gov/mrds/show-mrds.php?dep_id=10234083", "CODE_LIST": " HG", "Grade": "C", "AIANNH": "6535", "FSRFLG": "F", "AIANNHNS": "02418598", "AREALAND": 113498552.0, "ALANDHIST": 113498552.0, "AREAWATER": 2852632.0, "AWATERHIST": 2852632.0, "AIANNHCC": "E1", "EFFDATE": null, "ESTABDATE": null, "FUNCSTAT": "S", "GCFLG": null, "GEOID": "6535R", "LSADC": "79", "MTFCC": "G2130", "BASENAME": "Georgetown", "NAME": "Georgetown ANVSA", "ObjID": "2249093609658", "AIANNHCOMP": "R", "STATEFP1": "0228350", "STATEFP2": null, "STATEFP3": null, "UR": null, "VINTAGE": "90", "AIANNHFP1": "02-28350", "AIANNHFP2": null, "AIANNHFP3": null, "HU100": null, "POP100": null, "CENTLAT": "+61.9132636", "CENTLON": "-157.6752892", "INTPTLAT": "+61.9260236", "INTPTLON": "-157.6571691", "STGEOMETRY_AREA": 522952369.80957502, "STGEOMETRY_LEN": 149159.56614310999 }, "geometry": { "type": "Point", "coordinates": [ -157.61958, 61.96609 ] } },
{ "type": "Feature", "properties": { "OBJECTID": 23880, "Join_Count": 1, "TARGET_FID": 23880, "JOIN_FID": 445, "DEP_ID": "10038124", "SITE_NAME": "Lake Creek", "DEV_STAT": "Occurrence", "URL": "https://mrdata.usgs.gov/mrds/show-mrds.php?dep_id=10038124", "CODE_LIST": " AU", "Grade": "B", "AIANNH": "6785", "FSRFLG": "F", "AIANNHNS": "02418661", "AREALAND": 18094121450.0, "ALANDHIST": 18094089466.0, "AREAWATER": 977787833.0, "AWATERHIST": 977876125.0, "AIANNHCC": "E1", "EFFDATE": null, "ESTABDATE": null, "FUNCSTAT": "S", "GCFLG": null, "GEOID": "6785R", "LSADC": "79", "MTFCC": "G2130", "BASENAME": "Knik", "NAME": "Knik ANVSA", "ObjID": "2249093609925", "AIANNHCOMP": "R", "STATEFP1": "0240625", "STATEFP2": null, "STATEFP3": null, "UR": null, "VINTAGE": "90", "AIANNHFP1": "02-40625", "AIANNHFP2": null, "AIANNHFP3": null, "HU100": null, "POP100": null, "CENTLAT": "+61.9969912", "CENTLON": "-150.3455318", "INTPTLAT": "+62.0546111", "INTPTLON": "-150.3354418", "STGEOMETRY_AREA": 86243604314.501297, "STGEOMETRY_LEN": 1931393.9084153301 }, "geometry": { "type": "Point", "coordinates": [ -150.98969, 62.05564 ] } },
{ "type": "Feature", "properties": { "OBJECTID": 23889, "Join_Count": 1, "TARGET_FID": 23889, "JOIN_FID": 445, "DEP_ID": "10000898", "SITE_NAME": "Montana", "DEV_STAT": "Occurrence", "URL": "https://mrdata.usgs.gov/mrds/show-mrds.php?dep_id=10000898", "CODE_LIST": " FE", "Grade": "C", "AIANNH": "6785", "FSRFLG": "F", "AIANNHNS": "02418661", "AREALAND": 18094121450.0, "ALANDHIST": 18094089466.0, "AREAWATER": 977787833.0, "AWATERHIST": 977876125.0, "AIANNHCC": "E1", "EFFDATE": null, "ESTABDATE": null, "FUNCSTAT": "S", "GCFLG": null, "GEOID": "6785R", "LSADC": "79", "MTFCC": "G2130", "BASENAME": "Knik", "NAME": "Knik ANVSA", "ObjID": "2249093609925", "AIANNHCOMP": "R", "STATEFP1": "0240625", "STATEFP2": null, "STATEFP3": null, "UR": null, "VINTAGE": "90", "AIANNHFP1": "02-40625", "AIANNHFP2": null, "AIANNHFP3": null, "HU100": null, "POP100": null, "CENTLAT": "+61.9969912", "CENTLON": "-150.3455318", "INTPTLAT": "+62.0546111", "INTPTLON": "-150.3354418", "STGEOMETRY_AREA": 86243604314.501297, "STGEOMETRY_LEN": 1931393.9084153301 }, "geometry": { "type": "Point", "coordinates": [ -150.04273, 62.06955 ] } },
{ "type": "Feature", "properties": { "OBJECTID": 23892, "Join_Count": 1, "TARGET_FID": 23892, "JOIN_FID": 445, "DEP_ID": "10258215", "SITE_NAME": "North Fork Kashwitna River", "DEV_STAT": "Prospect", "URL": "https://mrdata.usgs.gov/mrds/show-mrds.php?dep_id=10258215", "CODE_LIST": " CU AU AG", "Grade": "C", "AIANNH": "6785", "FSRFLG": "F", "AIANNHNS": "02418661", "AREALAND": 18094121450.0, "ALANDHIST": 18094089466.0, "AREAWATER": 977787833.0, "AWATERHIST": 977876125.0, "AIANNHCC": "E1", "EFFDATE": null, "ESTABDATE": null, "FUNCSTAT": "S", "GCFLG": null, "GEOID": "6785R", "LSADC": "79", "MTFCC": "G2130", "BASENAME": "Knik", "NAME": "Knik ANVSA", "ObjID": "2249093609925", "AIANNHCOMP": "R", "STATEFP1": "0240625", "STATEFP2": null, "STATEFP3": null, "UR": null, "VINTAGE": "90", "AIANNHFP1": "02-40625", "AIANNHFP2": null, "AIANNHFP3": null, "HU100": null, "POP100": null, "CENTLAT": "+61.9969912", "CENTLON": "-150.3455318", "INTPTLAT": "+62.0546111", "INTPTLON": "-150.3354418", "STGEOMETRY_AREA": 86243604314.501297, "STGEOMETRY_LEN": 1931393.9084153301 }, "geometry": { "type": "Point", "coordinates": [ -149.27771, 62.07516 ] } },
{ "type": "Feature", "properties": { "OBJECTID": 23911, "Join_Count": 1, "TARGET_FID": 23911, "JOIN_FID": 446, "DEP_ID": "10003544", "SITE_NAME": "Upper Oshetna River", "DEV_STAT": "Occurrence", "URL": "https://mrdata.usgs.gov/mrds/show-mrds.php?dep_id=10003544", "CODE_LIST": " AU", "Grade": "C", "AIANNH": "6290", "FSRFLG": "F", "AIANNHNS": "02418816", "AREALAND": 15429532250.0, "ALANDHIST": 15429532247.0, "AREAWATER": 157255193.0, "AWATERHIST": 157255193.0, "AIANNHCC": "E1", "EFFDATE": null, "ESTABDATE": null, "FUNCSTAT": "S", "GCFLG": null, "GEOID": "6290R", "LSADC": "79", "MTFCC": "G2130", "BASENAME": "Chickaloon", "NAME": "Chickaloon ANVSA", "ObjID": "2249093609926", "AIANNHCOMP": "R", "STATEFP1": "0213345", "STATEFP2": null, "STATEFP3": null, "UR": null, "VINTAGE": "90", "AIANNHFP1": "02-13345", "AIANNHFP2": null, "AIANNHFP3": null, "HU100": null, "POP100": null, "CENTLAT": "+62.2399668", "CENTLON": "-148.3860004", "INTPTLAT": "+62.2514458", "INTPTLON": "-148.0094628", "STGEOMETRY_AREA": 71620960760.508896, "STGEOMETRY_LEN": 1353880.2700505201 }, "geometry": { "type": "Point", "coordinates": [ -147.98268, 62.10959 ] } },
{ "type": "Feature", "properties": { "OBJECTID": 23918, "Join_Count": 1, "TARGET_FID": 23918, "JOIN_FID": 446, "DEP_ID": "10001437", "SITE_NAME": "Unnamed (on upper Sheep River)", "DEV_STAT": "Prospect", "URL": "https://mrdata.usgs.gov/mrds/show-mrds.php?dep_id=10001437", "CODE_LIST": " AG CU AU PB", "Grade": "C", "AIANNH": "6290", "FSRFLG": "F", "AIANNHNS": "02418816", "AREALAND": 15429532250.0, "ALANDHIST": 15429532247.0, "AREAWATER": 157255193.0, "AWATERHIST": 157255193.0, "AIANNHCC": "E1", "EFFDATE": null, "ESTABDATE": null, "FUNCSTAT": "S", "GCFLG": null, "GEOID": "6290R", "LSADC": "79", "MTFCC": "G2130", "BASENAME": "Chickaloon", "NAME": "Chickaloon ANVSA", "ObjID": "2249093609926", "AIANNHCOMP": "R", "STATEFP1": "0213345", "STATEFP2": null, "STATEFP3": null, "UR": null, "VINTAGE": "90", "AIANNHFP1": "02-13345", "AIANNHFP2": null, "AIANNHFP3": null, "HU100": null, "POP100": null, "CENTLAT": "+62.2399668", "CENTLON": "-148.3860004", "INTPTLAT": "+62.2514458", "INTPTLON": "-148.0094628", "STGEOMETRY_AREA": 71620960760.508896, "STGEOMETRY_LEN": 1353880.2700505201 }, "geometry": { "type": "Point", "coordinates": [ -149.08271, 62.11957 ] } },
{ "type": "Feature", "properties": { "OBJECTID": 23923, "Join_Count": 1, "TARGET_FID": 23923, "JOIN_FID": 446, "DEP_ID": "10001436", "SITE_NAME": "Unnamed (northeast of upper Sheep Creek)", "DEV_STAT": "Prospect", "URL": "https://mrdata.usgs.gov/mrds/show-mrds.php?dep_id=10001436", "CODE_LIST": " AG CU AU", "Grade": "C", "AIANNH": "6290", "FSRFLG": "F", "AIANNHNS": "02418816", "AREALAND": 15429532250.0, "ALANDHIST": 15429532247.0, "AREAWATER": 157255193.0, "AWATERHIST": 157255193.0, "AIANNHCC": "E1", "EFFDATE": null, "ESTABDATE": null, "FUNCSTAT": "S", "GCFLG": null, "GEOID": "6290R", "LSADC": "79", "MTFCC": "G2130", "BASENAME": "Chickaloon", "NAME": "Chickaloon ANVSA", "ObjID": "2249093609926", "AIANNHCOMP": "R", "STATEFP1": "0213345", "STATEFP2": null, "STATEFP3": null, "UR": null, "VINTAGE": "90", "AIANNHFP1": "02-13345", "AIANNHFP2": null, "AIANNHFP3": null, "HU100": null, "POP100": null, "CENTLAT": "+62.2399668", "CENTLON": "-148.3860004", "INTPTLAT": "+62.2514458", "INTPTLON": "-148.0094628", "STGEOMETRY_AREA": 71620960760.508896, "STGEOMETRY_LEN": 1353880.2700505201 }, "geometry": { "type": "Point", "coordinates": [ -149.26271, 62.13956 ] } },
{ "type": "Feature", "properties": { "OBJECTID": 23968, "Join_Count": 1, "TARGET_FID": 23968, "JOIN_FID": 446, "DEP_ID": "10001446", "SITE_NAME": "Gold Creek", "DEV_STAT": "Prospect", "URL": "https://mrdata.usgs.gov/mrds/show-mrds.php?dep_id=10001446", "CODE_LIST": " AU PGE_PT", "Grade": "B", "AIANNH": "6290", "FSRFLG": "F", "AIANNHNS": "02418816", "AREALAND": 15429532250.0, "ALANDHIST": 15429532247.0, "AREAWATER": 157255193.0, "AWATERHIST": 157255193.0, "AIANNHCC": "E1", "EFFDATE": null, "ESTABDATE": null, "FUNCSTAT": "S", "GCFLG": null, "GEOID": "6290R", "LSADC": "79", "MTFCC": "G2130", "BASENAME": "Chickaloon", "NAME": "Chickaloon ANVSA", "ObjID": "2249093609926", "AIANNHCOMP": "R", "STATEFP1": "0213345", "STATEFP2": null, "STATEFP3": null, "UR": null, "VINTAGE": "90", "AIANNHFP1": "02-13345", "AIANNHFP2": null, "AIANNHFP3": null, "HU100": null, "POP100": null, "CENTLAT": "+62.2399668", "CENTLON": "-148.3860004", "INTPTLAT": "+62.2514458", "INTPTLON": "-148.0094628", "STGEOMETRY_AREA": 71620960760.508896, "STGEOMETRY_LEN": 1353880.2700505201 }, "geometry": { "type": "Point", "coordinates": [ -147.74462, 62.22766 ] } },
{ "type": "Feature", "properties": { "OBJECTID": 23969, "Join_Count": 1, "TARGET_FID": 23969, "JOIN_FID": 446, "DEP_ID": "10003534", "SITE_NAME": "Nowhere Creek", "DEV_STAT": "Prospect", "URL": "https://mrdata.usgs.gov/mrds/show-mrds.php?dep_id=10003534", "CODE_LIST": " AU", "Grade": "C", "AIANNH": "6290", "FSRFLG": "F", "AIANNHNS": "02418816", "AREALAND": 15429532250.0, "ALANDHIST": 15429532247.0, "AREAWATER": 157255193.0, "AWATERHIST": 157255193.0, "AIANNHCC": "E1", "EFFDATE": null, "ESTABDATE": null, "FUNCSTAT": "S", "GCFLG": null, "GEOID": "6290R", "LSADC": "79", "MTFCC": "G2130", "BASENAME": "Chickaloon", "NAME": "Chickaloon ANVSA", "ObjID": "2249093609926", "AIANNHCOMP": "R", "STATEFP1": "0213345", "STATEFP2": null, "STATEFP3": null, "UR": null, "VINTAGE": "90", "AIANNHFP1": "02-13345", "AIANNHFP2": null, "AIANNHFP3": null, "HU100": null, "POP100": null, "CENTLAT": "+62.2399668", "CENTLON": "-148.3860004", "INTPTLAT": "+62.2514458", "INTPTLON": "-148.0094628", "STGEOMETRY_AREA": 71620960760.508896, "STGEOMETRY_LEN": 1353880.2700505201 }, "geometry": { "type": "Point", "coordinates": [ -147.95269, 62.22959 ] } },
{ "type": "Feature", "properties": { "OBJECTID": 23971, "Join_Count": 1, "TARGET_FID": 23971, "JOIN_FID": 446, "DEP_ID": "10003531", "SITE_NAME": "Joe Creek", "DEV_STAT": "Prospect", "URL": "https://mrdata.usgs.gov/mrds/show-mrds.php?dep_id=10003531", "CODE_LIST": " AU", "Grade": "C", "AIANNH": "6290", "FSRFLG": "F", "AIANNHNS": "02418816", "AREALAND": 15429532250.0, "ALANDHIST": 15429532247.0, "AREAWATER": 157255193.0, "AWATERHIST": 157255193.0, "AIANNHCC": "E1", "EFFDATE": null, "ESTABDATE": null, "FUNCSTAT": "S", "GCFLG": null, "GEOID": "6290R", "LSADC": "79", "MTFCC": "G2130", "BASENAME": "Chickaloon", "NAME": "Chickaloon ANVSA", "ObjID": "2249093609926", "AIANNHCOMP": "R", "STATEFP1": "0213345", "STATEFP2": null, "STATEFP3": null, "UR": null, "VINTAGE": "90", "AIANNHFP1": "02-13345", "AIANNHFP2": null, "AIANNHFP3": null, "HU100": null, "POP100": null, "CENTLAT": "+62.2399668", "CENTLON": "-148.3860004", "INTPTLAT": "+62.2514458", "INTPTLON": "-148.0094628", "STGEOMETRY_AREA": 71620960760.508896, "STGEOMETRY_LEN": 1353880.2700505201 }, "geometry": { "type": "Point", "coordinates": [ -147.41268, 62.2396 ] } },
{ "type": "Feature", "properties": { "OBJECTID": 23972, "Join_Count": 1, "TARGET_FID": 23972, "JOIN_FID": 446, "DEP_ID": "10001455", "SITE_NAME": "Roaring Creek", "DEV_STAT": "Prospect", "URL": "https://mrdata.usgs.gov/mrds/show-mrds.php?dep_id=10001455", "CODE_LIST": " AU", "Grade": "B", "AIANNH": "6290", "FSRFLG": "F", "AIANNHNS": "02418816", "AREALAND": 15429532250.0, "ALANDHIST": 15429532247.0, "AREAWATER": 157255193.0, "AWATERHIST": 157255193.0, "AIANNHCC": "E1", "EFFDATE": null, "ESTABDATE": null, "FUNCSTAT": "S", "GCFLG": null, "GEOID": "6290R", "LSADC": "79", "MTFCC": "G2130", "BASENAME": "Chickaloon", "NAME": "Chickaloon ANVSA", "ObjID": "2249093609926", "AIANNHCOMP": "R", "STATEFP1": "0213345", "STATEFP2": null, "STATEFP3": null, "UR": null, "VINTAGE": "90", "AIANNHFP1": "02-13345", "AIANNHFP2": null, "AIANNHFP3": null, "HU100": null, "POP100": null, "CENTLAT": "+62.2399668", "CENTLON": "-148.3860004", "INTPTLAT": "+62.2514458", "INTPTLON": "-148.0094628", "STGEOMETRY_AREA": 71620960760.508896, "STGEOMETRY_LEN": 1353880.2700505201 }, "geometry": { "type": "Point", "coordinates": [ -147.91963, 62.25765 ] } },
{ "type": "Feature", "properties": { "OBJECTID": 23973, "Join_Count": 1, "TARGET_FID": 23973, "JOIN_FID": 446, "DEP_ID": "10003547", "SITE_NAME": "Red Creek", "DEV_STAT": "Prospect", "URL": "https://mrdata.usgs.gov/mrds/show-mrds.php?dep_id=10003547", "CODE_LIST": " AU", "Grade": "C", "AIANNH": "6290", "FSRFLG": "F", "AIANNHNS": "02418816", "AREALAND": 15429532250.0, "ALANDHIST": 15429532247.0, "AREAWATER": 157255193.0, "AWATERHIST": 157255193.0, "AIANNHCC": "E1", "EFFDATE": null, "ESTABDATE": null, "FUNCSTAT": "S", "GCFLG": null, "GEOID": "6290R", "LSADC": "79", "MTFCC": "G2130", "BASENAME": "Chickaloon", "NAME": "Chickaloon ANVSA", "ObjID": "2249093609926", "AIANNHCOMP": "R", "STATEFP1": "0213345", "STATEFP2": null, "STATEFP3": null, "UR": null, "VINTAGE": "90", "AIANNHFP1": "02-13345", "AIANNHFP2": null, "AIANNHFP3": null, "HU100": null, "POP100": null, "CENTLAT": "+62.2399668", "CENTLON": "-148.3860004", "INTPTLAT": "+62.2514458", "INTPTLON": "-148.0094628", "STGEOMETRY_AREA": 71620960760.508896, "STGEOMETRY_LEN": 1353880.2700505201 }, "geometry": { "type": "Point", "coordinates": [ -147.40268, 62.2596 ] } },
{ "type": "Feature", "properties": { "OBJECTID": 23976, "Join_Count": 1, "TARGET_FID": 23976, "JOIN_FID": 446, "DEP_ID": "10094027", "SITE_NAME": "Unnamed (south tributary to upper Iron Creek)", "DEV_STAT": "Prospect", "URL": "https://mrdata.usgs.gov/mrds/show-mrds.php?dep_id=10094027", "CODE_LIST": " CU AU PB", "Grade": "B", "AIANNH": "6290", "FSRFLG": "F", "AIANNHNS": "02418816", "AREALAND": 15429532250.0, "ALANDHIST": 15429532247.0, "AREAWATER": 157255193.0, "AWATERHIST": 157255193.0, "AIANNHCC": "E1", "EFFDATE": null, "ESTABDATE": null, "FUNCSTAT": "S", "GCFLG": null, "GEOID": "6290R", "LSADC": "79", "MTFCC": "G2130", "BASENAME": "Chickaloon", "NAME": "Chickaloon ANVSA", "ObjID": "2249093609926", "AIANNHCOMP": "R", "STATEFP1": "0213345", "STATEFP2": null, "STATEFP3": null, "UR": null, "VINTAGE": "90", "AIANNHFP1": "02-13345", "AIANNHFP2": null, "AIANNHFP3": null, "HU100": null, "POP100": null, "CENTLAT": "+62.2399668", "CENTLON": "-148.3860004", "INTPTLAT": "+62.2514458", "INTPTLON": "-148.0094628", "STGEOMETRY_AREA": 71620960760.508896, "STGEOMETRY_LEN": 1353880.2700505201 }, "geometry": { "type": "Point", "coordinates": [ -148.90272, 62.27958 ] } },
{ "type": "Feature", "properties": { "OBJECTID": 23977, "Join_Count": 1, "TARGET_FID": 23977, "JOIN_FID": 446, "DEP_ID": "10003539", "SITE_NAME": "Unnamed (upper Black River)", "DEV_STAT": "Occurrence", "URL": "https://mrdata.usgs.gov/mrds/show-mrds.php?dep_id=10003539", "CODE_LIST": " CU MO AU W", "Grade": "C", "AIANNH": "6290", "FSRFLG": "F", "AIANNHNS": "02418816", "AREALAND": 15429532250.0, "ALANDHIST": 15429532247.0, "AREAWATER": 157255193.0, "AWATERHIST": 157255193.0, "AIANNHCC": "E1", "EFFDATE": null, "ESTABDATE": null, "FUNCSTAT": "S", "GCFLG": null, "GEOID": "6290R", "LSADC": "79", "MTFCC": "G2130", "BASENAME": "Chickaloon", "NAME": "Chickaloon ANVSA", "ObjID": "2249093609926", "AIANNHCOMP": "R", "STATEFP1": "0213345", "STATEFP2": null, "STATEFP3": null, "UR": null, "VINTAGE": "90", "AIANNHFP1": "02-13345", "AIANNHFP2": null, "AIANNHFP3": null, "HU100": null, "POP100": null, "CENTLAT": "+62.2399668", "CENTLON": "-148.3860004", "INTPTLAT": "+62.2514458", "INTPTLON": "-148.0094628", "STGEOMETRY_AREA": 71620960760.508896, "STGEOMETRY_LEN": 1353880.2700505201 }, "geometry": { "type": "Point", "coordinates": [ -148.0927, 62.27959 ] } },
{ "type": "Feature", "properties": { "OBJECTID": 23978, "Join_Count": 1, "TARGET_FID": 23978, "JOIN_FID": 445, "DEP_ID": "10001419", "SITE_NAME": "Bear Gulch", "DEV_STAT": "Prospect", "URL": "https://mrdata.usgs.gov/mrds/show-mrds.php?dep_id=10001419", "CODE_LIST": " CU MO AU PB ZN", "Grade": "B", "AIANNH": "6785", "FSRFLG": "F", "AIANNHNS": "02418661", "AREALAND": 18094121450.0, "ALANDHIST": 18094089466.0, "AREAWATER": 977787833.0, "AWATERHIST": 977876125.0, "AIANNHCC": "E1", "EFFDATE": null, "ESTABDATE": null, "FUNCSTAT": "S", "GCFLG": null, "GEOID": "6785R", "LSADC": "79", "MTFCC": "G2130", "BASENAME": "Knik", "NAME": "Knik ANVSA", "ObjID": "2249093609925", "AIANNHCOMP": "R", "STATEFP1": "0240625", "STATEFP2": null, "STATEFP3": null, "UR": null, "VINTAGE": "90", "AIANNHFP1": "02-40625", "AIANNHFP2": null, "AIANNHFP3": null, "HU100": null, "POP100": null, "CENTLAT": "+61.9969912", "CENTLON": "-150.3455318", "INTPTLAT": "+62.0546111", "INTPTLON": "-150.3354418", "STGEOMETRY_AREA": 86243604314.501297, "STGEOMETRY_LEN": 1931393.9084153301 }, "geometry": { "type": "Point", "coordinates": [ -149.41662, 62.28263 ] } },
{ "type": "Feature", "properties": { "OBJECTID": 23979, "Join_Count": 1, "TARGET_FID": 23979, "JOIN_FID": 446, "DEP_ID": "10001435", "SITE_NAME": "Unnamed (in south tributary to upper Iron Creek)", "DEV_STAT": "Prospect", "URL": "https://mrdata.usgs.gov/mrds/show-mrds.php?dep_id=10001435", "CODE_LIST": " CU", "Grade": "C", "AIANNH": "6290", "FSRFLG": "F", "AIANNHNS": "02418816", "AREALAND": 15429532250.0, "ALANDHIST": 15429532247.0, "AREAWATER": 157255193.0, "AWATERHIST": 157255193.0, "AIANNHCC": "E1", "EFFDATE": null, "ESTABDATE": null, "FUNCSTAT": "S", "GCFLG": null, "GEOID": "6290R", "LSADC": "79", "MTFCC": "G2130", "BASENAME": "Chickaloon", "NAME": "Chickaloon ANVSA", "ObjID": "2249093609926", "AIANNHCOMP": "R", "STATEFP1": "0213345", "STATEFP2": null, "STATEFP3": null, "UR": null, "VINTAGE": "90", "AIANNHFP1": "02-13345", "AIANNHFP2": null, "AIANNHFP3": null, "HU100": null, "POP100": null, "CENTLAT": "+62.2399668", "CENTLON": "-148.3860004", "INTPTLAT": "+62.2514458", "INTPTLON": "-148.0094628", "STGEOMETRY_AREA": 71620960760.508896, "STGEOMETRY_LEN": 1353880.2700505201 }, "geometry": { "type": "Point", "coordinates": [ -148.98578, 62.28263 ] } },
{ "type": "Feature", "properties": { "OBJECTID": 23988, "Join_Count": 1, "TARGET_FID": 23988, "JOIN_FID": 446, "DEP_ID": "10003532", "SITE_NAME": "Unnamed (on upper Granite Creek)", "DEV_STAT": "Occurrence", "URL": "https://mrdata.usgs.gov/mrds/show-mrds.php?dep_id=10003532", "CODE_LIST": " CU", "Grade": "C", "AIANNH": "6290", "FSRFLG": "F", "AIANNHNS": "02418816", "AREALAND": 15429532250.0, "ALANDHIST": 15429532247.0, "AREAWATER": 157255193.0, "AWATERHIST": 157255193.0, "AIANNHCC": "E1", "EFFDATE": null, "ESTABDATE": null, "FUNCSTAT": "S", "GCFLG": null, "GEOID": "6290R", "LSADC": "79", "MTFCC": "G2130", "BASENAME": "Chickaloon", "NAME": "Chickaloon ANVSA", "ObjID": "2249093609926", "AIANNHCOMP": "R", "STATEFP1": "0213345", "STATEFP2": null, "STATEFP3": null, "UR": null, "VINTAGE": "90", "AIANNHFP1": "02-13345", "AIANNHFP2": null, "AIANNHFP3": null, "HU100": null, "POP100": null, "CENTLAT": "+62.2399668", "CENTLON": "-148.3860004", "INTPTLAT": "+62.2514458", "INTPTLON": "-148.0094628", "STGEOMETRY_AREA": 71620960760.508896, "STGEOMETRY_LEN": 1353880.2700505201 }, "geometry": { "type": "Point", "coordinates": [ -147.9527, 62.29959 ] } },
{ "type": "Feature", "properties": { "OBJECTID": 23989, "Join_Count": 1, "TARGET_FID": 23989, "JOIN_FID": 446, "DEP_ID": "10001447", "SITE_NAME": "Granite Creek", "DEV_STAT": "Prospect", "URL": "https://mrdata.usgs.gov/mrds/show-mrds.php?dep_id=10001447", "CODE_LIST": " AU", "Grade": "B", "AIANNH": "6290", "FSRFLG": "F", "AIANNHNS": "02418816", "AREALAND": 15429532250.0, "ALANDHIST": 15429532247.0, "AREAWATER": 157255193.0, "AWATERHIST": 157255193.0, "AIANNHCC": "E1", "EFFDATE": null, "ESTABDATE": null, "FUNCSTAT": "S", "GCFLG": null, "GEOID": "6290R", "LSADC": "79", "MTFCC": "G2130", "BASENAME": "Chickaloon", "NAME": "Chickaloon ANVSA", "ObjID": "2249093609926", "AIANNHCOMP": "R", "STATEFP1": "0213345", "STATEFP2": null, "STATEFP3": null, "UR": null, "VINTAGE": "90", "AIANNHFP1": "02-13345", "AIANNHFP2": null, "AIANNHFP3": null, "HU100": null, "POP100": null, "CENTLAT": "+62.2399668", "CENTLON": "-148.3860004", "INTPTLAT": "+62.2514458", "INTPTLON": "-148.0094628", "STGEOMETRY_AREA": 71620960760.508896, "STGEOMETRY_LEN": 1353880.2700505201 }, "geometry": { "type": "Point", "coordinates": [ -147.8638, 62.2996 ] } },
{ "type": "Feature", "properties": { "OBJECTID": 23993, "Join_Count": 1, "TARGET_FID": 23993, "JOIN_FID": 446, "DEP_ID": "10003549", "SITE_NAME": "Walker Creek", "DEV_STAT": "Prospect", "URL": "https://mrdata.usgs.gov/mrds/show-mrds.php?dep_id=10003549", "CODE_LIST": " AU", "Grade": "C", "AIANNH": "6290", "FSRFLG": "F", "AIANNHNS": "02418816", "AREALAND": 15429532250.0, "ALANDHIST": 15429532247.0, "AREAWATER": 157255193.0, "AWATERHIST": 157255193.0, "AIANNHCC": "E1", "EFFDATE": null, "ESTABDATE": null, "FUNCSTAT": "S", "GCFLG": null, "GEOID": "6290R", "LSADC": "79", "MTFCC": "G2130", "BASENAME": "Chickaloon", "NAME": "Chickaloon ANVSA", "ObjID": "2249093609926", "AIANNHCOMP": "R", "STATEFP1": "0213345", "STATEFP2": null, "STATEFP3": null, "UR": null, "VINTAGE": "90", "AIANNHFP1": "02-13345", "AIANNHFP2": null, "AIANNHFP3": null, "HU100": null, "POP100": null, "CENTLAT": "+62.2399668", "CENTLON": "-148.3860004", "INTPTLAT": "+62.2514458", "INTPTLON": "-148.0094628", "STGEOMETRY_AREA": 71620960760.508896, "STGEOMETRY_LEN": 1353880.2700505201 }, "geometry": { "type": "Point", "coordinates": [ -147.34268, 62.30961 ] } },
{ "type": "Feature", "properties": { "OBJECTID": 23999, "Join_Count": 1, "TARGET_FID": 23999, "JOIN_FID": 446, "DEP_ID": "10001442", "SITE_NAME": "Copper Wonder", "DEV_STAT": "Prospect", "URL": "https://mrdata.usgs.gov/mrds/show-mrds.php?dep_id=10001442", "CODE_LIST": " CU FE", "Grade": "B", "AIANNH": "6290", "FSRFLG": "F", "AIANNHNS": "02418816", "AREALAND": 15429532250.0, "ALANDHIST": 15429532247.0, "AREAWATER": 157255193.0, "AWATERHIST": 157255193.0, "AIANNHCC": "E1", "EFFDATE": null, "ESTABDATE": null, "FUNCSTAT": "S", "GCFLG": null, "GEOID": "6290R", "LSADC": "79", "MTFCC": "G2130", "BASENAME": "Chickaloon", "NAME": "Chickaloon ANVSA", "ObjID": "2249093609926", "AIANNHCOMP": "R", "STATEFP1": "0213345", "STATEFP2": null, "STATEFP3": null, "UR": null, "VINTAGE": "90", "AIANNHFP1": "02-13345", "AIANNHFP2": null, "AIANNHFP3": null, "HU100": null, "POP100": null, "CENTLAT": "+62.2399668", "CENTLON": "-148.3860004", "INTPTLAT": "+62.2514458", "INTPTLON": "-148.0094628", "STGEOMETRY_AREA": 71620960760.508896, "STGEOMETRY_LEN": 1353880.2700505201 }, "geometry": { "type": "Point", "coordinates": [ -149.13579, 62.32457 ] } },
{ "type": "Feature", "properties": { "OBJECTID": 24002, "Join_Count": 1, "TARGET_FID": 24002, "JOIN_FID": 446, "DEP_ID": "10137105", "SITE_NAME": "Gold Creek Placer", "DEV_STAT": "Prospect", "URL": "https://mrdata.usgs.gov/mrds/show-mrds.php?dep_id=10137105", "CODE_LIST": " CU AU FE", "Grade": "C", "AIANNH": "6290", "FSRFLG": "F", "AIANNHNS": "02418816", "AREALAND": 15429532250.0, "ALANDHIST": 15429532247.0, "AREAWATER": 157255193.0, "AWATERHIST": 157255193.0, "AIANNHCC": "E1", "EFFDATE": null, "ESTABDATE": null, "FUNCSTAT": "S", "GCFLG": null, "GEOID": "6290R", "LSADC": "79", "MTFCC": "G2130", "BASENAME": "Chickaloon", "NAME": "Chickaloon ANVSA", "ObjID": "2249093609926", "AIANNHCOMP": "R", "STATEFP1": "0213345", "STATEFP2": null, "STATEFP3": null, "UR": null, "VINTAGE": "90", "AIANNHFP1": "02-13345", "AIANNHFP2": null, "AIANNHFP3": null, "HU100": null, "POP100": null, "CENTLAT": "+62.2399668", "CENTLON": "-148.3860004", "INTPTLAT": "+62.2514458", "INTPTLON": "-148.0094628", "STGEOMETRY_AREA": 71620960760.508896, "STGEOMETRY_LEN": 1353880.2700505201 }, "geometry": { "type": "Point", "coordinates": [ -149.13603, 62.32737 ] } },
{ "type": "Feature", "properties": { "OBJECTID": 24004, "Join_Count": 1, "TARGET_FID": 24004, "JOIN_FID": 446, "DEP_ID": "10001444", "SITE_NAME": "Eastview", "DEV_STAT": "Prospect", "URL": "https://mrdata.usgs.gov/mrds/show-mrds.php?dep_id=10001444", "CODE_LIST": " CU FE", "Grade": "B", "AIANNH": "6290", "FSRFLG": "F", "AIANNHNS": "02418816", "AREALAND": 15429532250.0, "ALANDHIST": 15429532247.0, "AREAWATER": 157255193.0, "AWATERHIST": 157255193.0, "AIANNHCC": "E1", "EFFDATE": null, "ESTABDATE": null, "FUNCSTAT": "S", "GCFLG": null, "GEOID": "6290R", "LSADC": "79", "MTFCC": "G2130", "BASENAME": "Chickaloon", "NAME": "Chickaloon ANVSA", "ObjID": "2249093609926", "AIANNHCOMP": "R", "STATEFP1": "0213345", "STATEFP2": null, "STATEFP3": null, "UR": null, "VINTAGE": "90", "AIANNHFP1": "02-13345", "AIANNHFP2": null, "AIANNHFP3": null, "HU100": null, "POP100": null, "CENTLAT": "+62.2399668", "CENTLON": "-148.3860004", "INTPTLAT": "+62.2514458", "INTPTLON": "-148.0094628", "STGEOMETRY_AREA": 71620960760.508896, "STGEOMETRY_LEN": 1353880.2700505201 }, "geometry": { "type": "Point", "coordinates": [ -149.05273, 62.32957 ] } },
{ "type": "Feature", "properties": { "OBJECTID": 24005, "Join_Count": 1, "TARGET_FID": 24005, "JOIN_FID": 446, "DEP_ID": "10001434", "SITE_NAME": "Unnamed (south tributary to East Fork, Iron Creek)", "DEV_STAT": "Prospect", "URL": "https://mrdata.usgs.gov/mrds/show-mrds.php?dep_id=10001434", "CODE_LIST": " CU SN", "Grade": "C", "AIANNH": "6290", "FSRFLG": "F", "AIANNHNS": "02418816", "AREALAND": 15429532250.0, "ALANDHIST": 15429532247.0, "AREAWATER": 157255193.0, "AWATERHIST": 157255193.0, "AIANNHCC": "E1", "EFFDATE": null, "ESTABDATE": null, "FUNCSTAT": "S", "GCFLG": null, "GEOID": "6290R", "LSADC": "79", "MTFCC": "G2130", "BASENAME": "Chickaloon", "NAME": "Chickaloon ANVSA", "ObjID": "2249093609926", "AIANNHCOMP": "R", "STATEFP1": "0213345", "STATEFP2": null, "STATEFP3": null, "UR": null, "VINTAGE": "90", "AIANNHFP1": "02-13345", "AIANNHFP2": null, "AIANNHFP3": null, "HU100": null, "POP100": null, "CENTLAT": "+62.2399668", "CENTLON": "-148.3860004", "INTPTLAT": "+62.2514458", "INTPTLON": "-148.0094628", "STGEOMETRY_AREA": 71620960760.508896, "STGEOMETRY_LEN": 1353880.2700505201 }, "geometry": { "type": "Point", "coordinates": [ -148.82272, 62.32958 ] } },
{ "type": "Feature", "properties": { "OBJECTID": 24006, "Join_Count": 1, "TARGET_FID": 24006, "JOIN_FID": 446, "DEP_ID": "10003526", "SITE_NAME": "Unnamed (in upper Granite Creek)", "DEV_STAT": "Occurrence", "URL": "https://mrdata.usgs.gov/mrds/show-mrds.php?dep_id=10003526", "CODE_LIST": " AG AU CU ZN", "Grade": "C", "AIANNH": "6290", "FSRFLG": "F", "AIANNHNS": "02418816", "AREALAND": 15429532250.0, "ALANDHIST": 15429532247.0, "AREAWATER": 157255193.0, "AWATERHIST": 157255193.0, "AIANNHCC": "E1", "EFFDATE": null, "ESTABDATE": null, "FUNCSTAT": "S", "GCFLG": null, "GEOID": "6290R", "LSADC": "79", "MTFCC": "G2130", "BASENAME": "Chickaloon", "NAME": "Chickaloon ANVSA", "ObjID": "2249093609926", "AIANNHCOMP": "R", "STATEFP1": "0213345", "STATEFP2": null, "STATEFP3": null, "UR": null, "VINTAGE": "90", "AIANNHFP1": "02-13345", "AIANNHFP2": null, "AIANNHFP3": null, "HU100": null, "POP100": null, "CENTLAT": "+62.2399668", "CENTLON": "-148.3860004", "INTPTLAT": "+62.2514458", "INTPTLON": "-148.0094628", "STGEOMETRY_AREA": 71620960760.508896, "STGEOMETRY_LEN": 1353880.2700505201 }, "geometry": { "type": "Point", "coordinates": [ -147.9627, 62.32959 ] } },
{ "type": "Feature", "properties": { "OBJECTID": 24007, "Join_Count": 1, "TARGET_FID": 24007, "JOIN_FID": 446, "DEP_ID": "10282679", "SITE_NAME": "Eastview", "DEV_STAT": "Prospect", "URL": "https://mrdata.usgs.gov/mrds/show-mrds.php?dep_id=10282679", "CODE_LIST": " CU", "Grade": "C", "AIANNH": "6290", "FSRFLG": "F", "AIANNHNS": "02418816", "AREALAND": 15429532250.0, "ALANDHIST": 15429532247.0, "AREAWATER": 157255193.0, "AWATERHIST": 157255193.0, "AIANNHCC": "E1", "EFFDATE": null, "ESTABDATE": null, "FUNCSTAT": "S", "GCFLG": null, "GEOID": "6290R", "LSADC": "79", "MTFCC": "G2130", "BASENAME": "Chickaloon", "NAME": "Chickaloon ANVSA", "ObjID": "2249093609926", "AIANNHCOMP": "R", "STATEFP1": "0213345", "STATEFP2": null, "STATEFP3": null, "UR": null, "VINTAGE": "90", "AIANNHFP1": "02-13345", "AIANNHFP2": null, "AIANNHFP3": null, "HU100": null, "POP100": null, "CENTLAT": "+62.2399668", "CENTLON": "-148.3860004", "INTPTLAT": "+62.2514458", "INTPTLON": "-148.0094628", "STGEOMETRY_AREA": 71620960760.508896, "STGEOMETRY_LEN": 1353880.2700505201 }, "geometry": { "type": "Point", "coordinates": [ -149.06383, 62.33037 ] } },
{ "type": "Feature", "properties": { "OBJECTID": 24008, "Join_Count": 1, "TARGET_FID": 24008, "JOIN_FID": 446, "DEP_ID": "10001440", "SITE_NAME": "Copper King", "DEV_STAT": "Prospect", "URL": "https://mrdata.usgs.gov/mrds/show-mrds.php?dep_id=10001440", "CODE_LIST": " AG AU CU", "Grade": "C", "AIANNH": "6290", "FSRFLG": "F", "AIANNHNS": "02418816", "AREALAND": 15429532250.0, "ALANDHIST": 15429532247.0, "AREAWATER": 157255193.0, "AWATERHIST": 157255193.0, "AIANNHCC": "E1", "EFFDATE": null, "ESTABDATE": null, "FUNCSTAT": "S", "GCFLG": null, "GEOID": "6290R", "LSADC": "79", "MTFCC": "G2130", "BASENAME": "Chickaloon", "NAME": "Chickaloon ANVSA", "ObjID": "2249093609926", "AIANNHCOMP": "R", "STATEFP1": "0213345", "STATEFP2": null, "STATEFP3": null, "UR": null, "VINTAGE": "90", "AIANNHFP1": "02-13345", "AIANNHFP2": null, "AIANNHFP3": null, "HU100": null, "POP100": null, "CENTLAT": "+62.2399668", "CENTLON": "-148.3860004", "INTPTLAT": "+62.2514458", "INTPTLON": "-148.0094628", "STGEOMETRY_AREA": 71620960760.508896, "STGEOMETRY_LEN": 1353880.2700505201 }, "geometry": { "type": "Point", "coordinates": [ -149.18079, 62.33068 ] } },
{ "type": "Feature", "properties": { "OBJECTID": 24009, "Join_Count": 1, "TARGET_FID": 24009, "JOIN_FID": 446, "DEP_ID": "10001452", "SITE_NAME": "Phoenix", "DEV_STAT": "Prospect", "URL": "https://mrdata.usgs.gov/mrds/show-mrds.php?dep_id=10001452", "CODE_LIST": " CU FE", "Grade": "B", "AIANNH": "6290", "FSRFLG": "F", "AIANNHNS": "02418816", "AREALAND": 15429532250.0, "ALANDHIST": 15429532247.0, "AREAWATER": 157255193.0, "AWATERHIST": 157255193.0, "AIANNHCC": "E1", "EFFDATE": null, "ESTABDATE": null, "FUNCSTAT": "S", "GCFLG": null, "GEOID": "6290R", "LSADC": "79", "MTFCC": "G2130", "BASENAME": "Chickaloon", "NAME": "Chickaloon ANVSA", "ObjID": "2249093609926", "AIANNHCOMP": "R", "STATEFP1": "0213345", "STATEFP2": null, "STATEFP3": null, "UR": null, "VINTAGE": "90", "AIANNHFP1": "02-13345", "AIANNHFP2": null, "AIANNHFP3": null, "HU100": null, "POP100": null, "CENTLAT": "+62.2399668", "CENTLON": "-148.3860004", "INTPTLAT": "+62.2514458", "INTPTLON": "-148.0094628", "STGEOMETRY_AREA": 71620960760.508896, "STGEOMETRY_LEN": 1353880.2700505201 }, "geometry": { "type": "Point", "coordinates": [ -149.09162, 62.33068 ] } },
{ "type": "Feature", "properties": { "OBJECTID": 24010, "Join_Count": 1, "TARGET_FID": 24010, "JOIN_FID": 446, "DEP_ID": "10161023", "SITE_NAME": "Phoenix", "DEV_STAT": "Prospect", "URL": "https://mrdata.usgs.gov/mrds/show-mrds.php?dep_id=10161023", "CODE_LIST": " CU", "Grade": "C", "AIANNH": "6290", "FSRFLG": "F", "AIANNHNS": "02418816", "AREALAND": 15429532250.0, "ALANDHIST": 15429532247.0, "AREAWATER": 157255193.0, "AWATERHIST": 157255193.0, "AIANNHCC": "E1", "EFFDATE": null, "ESTABDATE": null, "FUNCSTAT": "S", "GCFLG": null, "GEOID": "6290R", "LSADC": "79", "MTFCC": "G2130", "BASENAME": "Chickaloon", "NAME": "Chickaloon ANVSA", "ObjID": "2249093609926", "AIANNHCOMP": "R", "STATEFP1": "0213345", "STATEFP2": null, "STATEFP3": null, "UR": null, "VINTAGE": "90", "AIANNHFP1": "02-13345", "AIANNHFP2": null, "AIANNHFP3": null, "HU100": null, "POP100": null, "CENTLAT": "+62.2399668", "CENTLON": "-148.3860004", "INTPTLAT": "+62.2514458", "INTPTLON": "-148.0094628", "STGEOMETRY_AREA": 71620960760.508896, "STGEOMETRY_LEN": 1353880.2700505201 }, "geometry": { "type": "Point", "coordinates": [ -149.08443, 62.33177 ] } },
{ "type": "Feature", "properties": { "OBJECTID": 24011, "Join_Count": 1, "TARGET_FID": 24011, "JOIN_FID": 446, "DEP_ID": "10209765", "SITE_NAME": "Copper King", "DEV_STAT": "Prospect", "URL": "https://mrdata.usgs.gov/mrds/show-mrds.php?dep_id=10209765", "CODE_LIST": " CU AU AG", "Grade": "C", "AIANNH": "6290", "FSRFLG": "F", "AIANNHNS": "02418816", "AREALAND": 15429532250.0, "ALANDHIST": 15429532247.0, "AREAWATER": 157255193.0, "AWATERHIST": 157255193.0, "AIANNHCC": "E1", "EFFDATE": null, "ESTABDATE": null, "FUNCSTAT": "S", "GCFLG": null, "GEOID": "6290R", "LSADC": "79", "MTFCC": "G2130", "BASENAME": "Chickaloon", "NAME": "Chickaloon ANVSA", "ObjID": "2249093609926", "AIANNHCOMP": "R", "STATEFP1": "0213345", "STATEFP2": null, "STATEFP3": null, "UR": null, "VINTAGE": "90", "AIANNHFP1": "02-13345", "AIANNHFP2": null, "AIANNHFP3": null, "HU100": null, "POP100": null, "CENTLAT": "+62.2399668", "CENTLON": "-148.3860004", "INTPTLAT": "+62.2514458", "INTPTLON": "-148.0094628", "STGEOMETRY_AREA": 71620960760.508896, "STGEOMETRY_LEN": 1353880.2700505201 }, "geometry": { "type": "Point", "coordinates": [ -149.17603, 62.33347 ] } },
{ "type": "Feature", "properties": { "OBJECTID": 24012, "Join_Count": 1, "TARGET_FID": 24012, "JOIN_FID": 446, "DEP_ID": "10001428", "SITE_NAME": "Blue Lode", "DEV_STAT": "Prospect", "URL": "https://mrdata.usgs.gov/mrds/show-mrds.php?dep_id=10001428", "CODE_LIST": " CU", "Grade": "B", "AIANNH": "6290", "FSRFLG": "F", "AIANNHNS": "02418816", "AREALAND": 15429532250.0, "ALANDHIST": 15429532247.0, "AREAWATER": 157255193.0, "AWATERHIST": 157255193.0, "AIANNHCC": "E1", "EFFDATE": null, "ESTABDATE": null, "FUNCSTAT": "S", "GCFLG": null, "GEOID": "6290R", "LSADC": "79", "MTFCC": "G2130", "BASENAME": "Chickaloon", "NAME": "Chickaloon ANVSA", "ObjID": "2249093609926", "AIANNHCOMP": "R", "STATEFP1": "0213345", "STATEFP2": null, "STATEFP3": null, "UR": null, "VINTAGE": "90", "AIANNHFP1": "02-13345", "AIANNHFP2": null, "AIANNHFP3": null, "HU100": null, "POP100": null, "CENTLAT": "+62.2399668", "CENTLON": "-148.3860004", "INTPTLAT": "+62.2514458", "INTPTLON": "-148.0094628", "STGEOMETRY_AREA": 71620960760.508896, "STGEOMETRY_LEN": 1353880.2700505201 }, "geometry": { "type": "Point", "coordinates": [ -149.06967, 62.33763 ] } },
{ "type": "Feature", "properties": { "OBJECTID": 24014, "Join_Count": 1, "TARGET_FID": 24014, "JOIN_FID": 446, "DEP_ID": "10003535", "SITE_NAME": "Unnamed (northwest tributary to Oshetna River)", "DEV_STAT": "Occurrence", "URL": "https://mrdata.usgs.gov/mrds/show-mrds.php?dep_id=10003535", "CODE_LIST": " AU", "Grade": "C", "AIANNH": "6290", "FSRFLG": "F", "AIANNHNS": "02418816", "AREALAND": 15429532250.0, "ALANDHIST": 15429532247.0, "AREAWATER": 157255193.0, "AWATERHIST": 157255193.0, "AIANNHCC": "E1", "EFFDATE": null, "ESTABDATE": null, "FUNCSTAT": "S", "GCFLG": null, "GEOID": "6290R", "LSADC": "79", "MTFCC": "G2130", "BASENAME": "Chickaloon", "NAME": "Chickaloon ANVSA", "ObjID": "2249093609926", "AIANNHCOMP": "R", "STATEFP1": "0213345", "STATEFP2": null, "STATEFP3": null, "UR": null, "VINTAGE": "90", "AIANNHFP1": "02-13345", "AIANNHFP2": null, "AIANNHFP3": null, "HU100": null, "POP100": null, "CENTLAT": "+62.2399668", "CENTLON": "-148.3860004", "INTPTLAT": "+62.2514458", "INTPTLON": "-148.0094628", "STGEOMETRY_AREA": 71620960760.508896, "STGEOMETRY_LEN": 1353880.2700505201 }, "geometry": { "type": "Point", "coordinates": [ -147.8427, 62.3396 ] } },
{ "type": "Feature", "properties": { "OBJECTID": 24016, "Join_Count": 1, "TARGET_FID": 24016, "JOIN_FID": 446, "DEP_ID": "10233847", "SITE_NAME": "Blue Lode", "DEV_STAT": "Prospect", "URL": "https://mrdata.usgs.gov/mrds/show-mrds.php?dep_id=10233847", "CODE_LIST": " CU", "Grade": "C", "AIANNH": "6290", "FSRFLG": "F", "AIANNHNS": "02418816", "AREALAND": 15429532250.0, "ALANDHIST": 15429532247.0, "AREAWATER": 157255193.0, "AWATERHIST": 157255193.0, "AIANNHCC": "E1", "EFFDATE": null, "ESTABDATE": null, "FUNCSTAT": "S", "GCFLG": null, "GEOID": "6290R", "LSADC": "79", "MTFCC": "G2130", "BASENAME": "Chickaloon", "NAME": "Chickaloon ANVSA", "ObjID": "2249093609926", "AIANNHCOMP": "R", "STATEFP1": "0213345", "STATEFP2": null, "STATEFP3": null, "UR": null, "VINTAGE": "90", "AIANNHFP1": "02-13345", "AIANNHFP2": null, "AIANNHFP3": null, "HU100": null, "POP100": null, "CENTLAT": "+62.2399668", "CENTLON": "-148.3860004", "INTPTLAT": "+62.2514458", "INTPTLON": "-148.0094628", "STGEOMETRY_AREA": 71620960760.508896, "STGEOMETRY_LEN": 1353880.2700505201 }, "geometry": { "type": "Point", "coordinates": [ -149.06303, 62.34037 ] } },
{ "type": "Feature", "properties": { "OBJECTID": 24018, "Join_Count": 1, "TARGET_FID": 24018, "JOIN_FID": 446, "DEP_ID": "10209988", "SITE_NAME": "Iron Creek", "DEV_STAT": "Prospect", "URL": "https://mrdata.usgs.gov/mrds/show-mrds.php?dep_id=10209988", "CODE_LIST": " CU", "Grade": "C", "AIANNH": "6290", "FSRFLG": "F", "AIANNHNS": "02418816", "AREALAND": 15429532250.0, "ALANDHIST": 15429532247.0, "AREAWATER": 157255193.0, "AWATERHIST": 157255193.0, "AIANNHCC": "E1", "EFFDATE": null, "ESTABDATE": null, "FUNCSTAT": "S", "GCFLG": null, "GEOID": "6290R", "LSADC": "79", "MTFCC": "G2130", "BASENAME": "Chickaloon", "NAME": "Chickaloon ANVSA", "ObjID": "2249093609926", "AIANNHCOMP": "R", "STATEFP1": "0213345", "STATEFP2": null, "STATEFP3": null, "UR": null, "VINTAGE": "90", "AIANNHFP1": "02-13345", "AIANNHFP2": null, "AIANNHFP3": null, "HU100": null, "POP100": null, "CENTLAT": "+62.2399668", "CENTLON": "-148.3860004", "INTPTLAT": "+62.2514458", "INTPTLON": "-148.0094628", "STGEOMETRY_AREA": 71620960760.508896, "STGEOMETRY_LEN": 1353880.2700505201 }, "geometry": { "type": "Point", "coordinates": [ -149.14993, 62.34347 ] } },
{ "type": "Feature", "properties": { "OBJECTID": 24020, "Join_Count": 1, "TARGET_FID": 24020, "JOIN_FID": 446, "DEP_ID": "10001441", "SITE_NAME": "Copper Queen", "DEV_STAT": "Prospect", "URL": "https://mrdata.usgs.gov/mrds/show-mrds.php?dep_id=10001441", "CODE_LIST": " AU CU", "Grade": "C", "AIANNH": "6290", "FSRFLG": "F", "AIANNHNS": "02418816", "AREALAND": 15429532250.0, "ALANDHIST": 15429532247.0, "AREAWATER": 157255193.0, "AWATERHIST": 157255193.0, "AIANNHCC": "E1", "EFFDATE": null, "ESTABDATE": null, "FUNCSTAT": "S", "GCFLG": null, "GEOID": "6290R", "LSADC": "79", "MTFCC": "G2130", "BASENAME": "Chickaloon", "NAME": "Chickaloon ANVSA", "ObjID": "2249093609926", "AIANNHCOMP": "R", "STATEFP1": "0213345", "STATEFP2": null, "STATEFP3": null, "UR": null, "VINTAGE": "90", "AIANNHFP1": "02-13345", "AIANNHFP2": null, "AIANNHFP3": null, "HU100": null, "POP100": null, "CENTLAT": "+62.2399668", "CENTLON": "-148.3860004", "INTPTLAT": "+62.2514458", "INTPTLON": "-148.0094628", "STGEOMETRY_AREA": 71620960760.508896, "STGEOMETRY_LEN": 1353880.2700505201 }, "geometry": { "type": "Point", "coordinates": [ -149.22273, 62.34957 ] } },
{ "type": "Feature", "properties": { "OBJECTID": 24021, "Join_Count": 1, "TARGET_FID": 24021, "JOIN_FID": 446, "DEP_ID": "10001433", "SITE_NAME": "Unnamed (north tributary to East Fork, Iron Creek)", "DEV_STAT": "Prospect", "URL": "https://mrdata.usgs.gov/mrds/show-mrds.php?dep_id=10001433", "CODE_LIST": " AG CU AU", "Grade": "C", "AIANNH": "6290", "FSRFLG": "F", "AIANNHNS": "02418816", "AREALAND": 15429532250.0, "ALANDHIST": 15429532247.0, "AREAWATER": 157255193.0, "AWATERHIST": 157255193.0, "AIANNHCC": "E1", "EFFDATE": null, "ESTABDATE": null, "FUNCSTAT": "S", "GCFLG": null, "GEOID": "6290R", "LSADC": "79", "MTFCC": "G2130", "BASENAME": "Chickaloon", "NAME": "Chickaloon ANVSA", "ObjID": "2249093609926", "AIANNHCOMP": "R", "STATEFP1": "0213345", "STATEFP2": null, "STATEFP3": null, "UR": null, "VINTAGE": "90", "AIANNHFP1": "02-13345", "AIANNHFP2": null, "AIANNHFP3": null, "HU100": null, "POP100": null, "CENTLAT": "+62.2399668", "CENTLON": "-148.3860004", "INTPTLAT": "+62.2514458", "INTPTLON": "-148.0094628", "STGEOMETRY_AREA": 71620960760.508896, "STGEOMETRY_LEN": 1353880.2700505201 }, "geometry": { "type": "Point", "coordinates": [ -148.82272, 62.34958 ] } },
{ "type": "Feature", "properties": { "OBJECTID": 24024, "Join_Count": 1, "TARGET_FID": 24024, "JOIN_FID": 446, "DEP_ID": "10113094", "SITE_NAME": "Copper Queen", "DEV_STAT": "Prospect", "URL": "https://mrdata.usgs.gov/mrds/show-mrds.php?dep_id=10113094", "CODE_LIST": " CU AU", "Grade": "C", "AIANNH": "6290", "FSRFLG": "F", "AIANNHNS": "02418816", "AREALAND": 15429532250.0, "ALANDHIST": 15429532247.0, "AREAWATER": 157255193.0, "AWATERHIST": 157255193.0, "AIANNHCC": "E1", "EFFDATE": null, "ESTABDATE": null, "FUNCSTAT": "S", "GCFLG": null, "GEOID": "6290R", "LSADC": "79", "MTFCC": "G2130", "BASENAME": "Chickaloon", "NAME": "Chickaloon ANVSA", "ObjID": "2249093609926", "AIANNHCOMP": "R", "STATEFP1": "0213345", "STATEFP2": null, "STATEFP3": null, "UR": null, "VINTAGE": "90", "AIANNHFP1": "02-13345", "AIANNHFP2": null, "AIANNHFP3": null, "HU100": null, "POP100": null, "CENTLAT": "+62.2399668", "CENTLON": "-148.3860004", "INTPTLAT": "+62.2514458", "INTPTLON": "-148.0094628", "STGEOMETRY_AREA": 71620960760.508896, "STGEOMETRY_LEN": 1353880.2700505201 }, "geometry": { "type": "Point", "coordinates": [ -149.20883, 62.35397 ] } },
{ "type": "Feature", "properties": { "OBJECTID": 24025, "Join_Count": 1, "TARGET_FID": 24025, "JOIN_FID": 445, "DEP_ID": "10000532", "SITE_NAME": "Fairview Mountain Area", "DEV_STAT": "Occurrence", "URL": "https://mrdata.usgs.gov/mrds/show-mrds.php?dep_id=10000532", "CODE_LIST": " AU", "Grade": "C", "AIANNH": "6785", "FSRFLG": "F", "AIANNHNS": "02418661", "AREALAND": 18094121450.0, "ALANDHIST": 18094089466.0, "AREAWATER": 977787833.0, "AWATERHIST": 977876125.0, "AIANNHCC": "E1", "EFFDATE": null, "ESTABDATE": null, "FUNCSTAT": "S", "GCFLG": null, "GEOID": "6785R", "LSADC": "79", "MTFCC": "G2130", "BASENAME": "Knik", "NAME": "Knik ANVSA", "ObjID": "2249093609925", "AIANNHCOMP": "R", "STATEFP1": "0240625", "STATEFP2": null, "STATEFP3": null, "UR": null, "VINTAGE": "90", "AIANNHFP1": "02-40625", "AIANNHFP2": null, "AIANNHFP3": null, "HU100": null, "POP100": null, "CENTLAT": "+61.9969912", "CENTLON": "-150.3455318", "INTPTLAT": "+62.0546111", "INTPTLON": "-150.3354418", "STGEOMETRY_AREA": 86243604314.501297, "STGEOMETRY_LEN": 1931393.9084153301 }, "geometry": { "type": "Point", "coordinates": [ -151.58612, 62.35785 ] } },
{ "type": "Feature", "properties": { "OBJECTID": 24026, "Join_Count": 1, "TARGET_FID": 24026, "JOIN_FID": 446, "DEP_ID": "10136651", "SITE_NAME": "Talkeetna Group", "DEV_STAT": "Prospect", "URL": "https://mrdata.usgs.gov/mrds/show-mrds.php?dep_id=10136651", "CODE_LIST": " CU AU FE AG", "Grade": "C", "AIANNH": "6290", "FSRFLG": "F", "AIANNHNS": "02418816", "AREALAND": 15429532250.0, "ALANDHIST": 15429532247.0, "AREAWATER": 157255193.0, "AWATERHIST": 157255193.0, "AIANNHCC": "E1", "EFFDATE": null, "ESTABDATE": null, "FUNCSTAT": "S", "GCFLG": null, "GEOID": "6290R", "LSADC": "79", "MTFCC": "G2130", "BASENAME": "Chickaloon", "NAME": "Chickaloon ANVSA", "ObjID": "2249093609926", "AIANNHCOMP": "R", "STATEFP1": "0213345", "STATEFP2": null, "STATEFP3": null, "UR": null, "VINTAGE": "90", "AIANNHFP1": "02-13345", "AIANNHFP2": null, "AIANNHFP3": null, "HU100": null, "POP100": null, "CENTLAT": "+62.2399668", "CENTLON": "-148.3860004", "INTPTLAT": "+62.2514458", "INTPTLON": "-148.0094628", "STGEOMETRY_AREA": 71620960760.508896, "STGEOMETRY_LEN": 1353880.2700505201 }, "geometry": { "type": "Point", "coordinates": [ -149.02553, 62.35877 ] } },
{ "type": "Feature", "properties": { "OBJECTID": 24027, "Join_Count": 1, "TARGET_FID": 24027, "JOIN_FID": 446, "DEP_ID": "10003521", "SITE_NAME": "Talkeetna", "DEV_STAT": "Occurrence", "URL": "https://mrdata.usgs.gov/mrds/show-mrds.php?dep_id=10003521", "CODE_LIST": " AG AU CU FE", "Grade": "B", "AIANNH": "6290", "FSRFLG": "F", "AIANNHNS": "02418816", "AREALAND": 15429532250.0, "ALANDHIST": 15429532247.0, "AREAWATER": 157255193.0, "AWATERHIST": 157255193.0, "AIANNHCC": "E1", "EFFDATE": null, "ESTABDATE": null, "FUNCSTAT": "S", "GCFLG": null, "GEOID": "6290R", "LSADC": "79", "MTFCC": "G2130", "BASENAME": "Chickaloon", "NAME": "Chickaloon ANVSA", "ObjID": "2249093609926", "AIANNHCOMP": "R", "STATEFP1": "0213345", "STATEFP2": null, "STATEFP3": null, "UR": null, "VINTAGE": "90", "AIANNHFP1": "02-13345", "AIANNHFP2": null, "AIANNHFP3": null, "HU100": null, "POP100": null, "CENTLAT": "+62.2399668", "CENTLON": "-148.3860004", "INTPTLAT": "+62.2514458", "INTPTLON": "-148.0094628", "STGEOMETRY_AREA": 71620960760.508896, "STGEOMETRY_LEN": 1353880.2700505201 }, "geometry": { "type": "Point", "coordinates": [ -149.02273, 62.35957 ] } },
{ "type": "Feature", "properties": { "OBJECTID": 24028, "Join_Count": 1, "TARGET_FID": 24028, "JOIN_FID": 446, "DEP_ID": "10003524", "SITE_NAME": "Unnamed (south tributary to Black River)", "DEV_STAT": "Occurrence", "URL": "https://mrdata.usgs.gov/mrds/show-mrds.php?dep_id=10003524", "CODE_LIST": " AU", "Grade": "C", "AIANNH": "6290", "FSRFLG": "F", "AIANNHNS": "02418816", "AREALAND": 15429532250.0, "ALANDHIST": 15429532247.0, "AREAWATER": 157255193.0, "AWATERHIST": 157255193.0, "AIANNHCC": "E1", "EFFDATE": null, "ESTABDATE": null, "FUNCSTAT": "S", "GCFLG": null, "GEOID": "6290R", "LSADC": "79", "MTFCC": "G2130", "BASENAME": "Chickaloon", "NAME": "Chickaloon ANVSA", "ObjID": "2249093609926", "AIANNHCOMP": "R", "STATEFP1": "0213345", "STATEFP2": null, "STATEFP3": null, "UR": null, "VINTAGE": "90", "AIANNHFP1": "02-13345", "AIANNHFP2": null, "AIANNHFP3": null, "HU100": null, "POP100": null, "CENTLAT": "+62.2399668", "CENTLON": "-148.3860004", "INTPTLAT": "+62.2514458", "INTPTLON": "-148.0094628", "STGEOMETRY_AREA": 71620960760.508896, "STGEOMETRY_LEN": 1353880.2700505201 }, "geometry": { "type": "Point", "coordinates": [ -147.9127, 62.3596 ] } },
{ "type": "Feature", "properties": { "OBJECTID": 24033, "Join_Count": 1, "TARGET_FID": 24033, "JOIN_FID": 446, "DEP_ID": "10003525", "SITE_NAME": "Oshetna River", "DEV_STAT": "Prospect", "URL": "https://mrdata.usgs.gov/mrds/show-mrds.php?dep_id=10003525", "CODE_LIST": " AU", "Grade": "C", "AIANNH": "6290", "FSRFLG": "F", "AIANNHNS": "02418816", "AREALAND": 15429532250.0, "ALANDHIST": 15429532247.0, "AREAWATER": 157255193.0, "AWATERHIST": 157255193.0, "AIANNHCC": "E1", "EFFDATE": null, "ESTABDATE": null, "FUNCSTAT": "S", "GCFLG": null, "GEOID": "6290R", "LSADC": "79", "MTFCC": "G2130", "BASENAME": "Chickaloon", "NAME": "Chickaloon ANVSA", "ObjID": "2249093609926", "AIANNHCOMP": "R", "STATEFP1": "0213345", "STATEFP2": null, "STATEFP3": null, "UR": null, "VINTAGE": "90", "AIANNHFP1": "02-13345", "AIANNHFP2": null, "AIANNHFP3": null, "HU100": null, "POP100": null, "CENTLAT": "+62.2399668", "CENTLON": "-148.3860004", "INTPTLAT": "+62.2514458", "INTPTLON": "-148.0094628", "STGEOMETRY_AREA": 71620960760.508896, "STGEOMETRY_LEN": 1353880.2700505201 }, "geometry": { "type": "Point", "coordinates": [ -147.50269, 62.36849 ] } },
{ "type": "Feature", "properties": { "OBJECTID": 24038, "Join_Count": 1, "TARGET_FID": 24038, "JOIN_FID": 446, "DEP_ID": "10001432", "SITE_NAME": "Unnamed (tributary to East Fork, Iron Creek)", "DEV_STAT": "Prospect", "URL": "https://mrdata.usgs.gov/mrds/show-mrds.php?dep_id=10001432", "CODE_LIST": " CU PB", "Grade": "C", "AIANNH": "6290", "FSRFLG": "F", "AIANNHNS": "02418816", "AREALAND": 15429532250.0, "ALANDHIST": 15429532247.0, "AREAWATER": 157255193.0, "AWATERHIST": 157255193.0, "AIANNHCC": "E1", "EFFDATE": null, "ESTABDATE": null, "FUNCSTAT": "S", "GCFLG": null, "GEOID": "6290R", "LSADC": "79", "MTFCC": "G2130", "BASENAME": "Chickaloon", "NAME": "Chickaloon ANVSA", "ObjID": "2249093609926", "AIANNHCOMP": "R", "STATEFP1": "0213345", "STATEFP2": null, "STATEFP3": null, "UR": null, "VINTAGE": "90", "AIANNHFP1": "02-13345", "AIANNHFP2": null, "AIANNHFP3": null, "HU100": null, "POP100": null, "CENTLAT": "+62.2399668", "CENTLON": "-148.3860004", "INTPTLAT": "+62.2514458", "INTPTLON": "-148.0094628", "STGEOMETRY_AREA": 71620960760.508896, "STGEOMETRY_LEN": 1353880.2700505201 }, "geometry": { "type": "Point", "coordinates": [ -148.98579, 62.37764 ] } },
{ "type": "Feature", "properties": { "OBJECTID": 24048, "Join_Count": 1, "TARGET_FID": 24048, "JOIN_FID": 446, "DEP_ID": "10001431", "SITE_NAME": "Unnamed (southeast of Wells Mountain)", "DEV_STAT": "Prospect", "URL": "https://mrdata.usgs.gov/mrds/show-mrds.php?dep_id=10001431", "CODE_LIST": " AG CU AU PB ZN", "Grade": "C", "AIANNH": "6290", "FSRFLG": "F", "AIANNHNS": "02418816", "AREALAND": 15429532250.0, "ALANDHIST": 15429532247.0, "AREAWATER": 157255193.0, "AWATERHIST": 157255193.0, "AIANNHCC": "E1", "EFFDATE": null, "ESTABDATE": null, "FUNCSTAT": "S", "GCFLG": null, "GEOID": "6290R", "LSADC": "79", "MTFCC": "G2130", "BASENAME": "Chickaloon", "NAME": "Chickaloon ANVSA", "ObjID": "2249093609926", "AIANNHCOMP": "R", "STATEFP1": "0213345", "STATEFP2": null, "STATEFP3": null, "UR": null, "VINTAGE": "90", "AIANNHFP1": "02-13345", "AIANNHFP2": null, "AIANNHFP3": null, "HU100": null, "POP100": null, "CENTLAT": "+62.2399668", "CENTLON": "-148.3860004", "INTPTLAT": "+62.2514458", "INTPTLON": "-148.0094628", "STGEOMETRY_AREA": 71620960760.508896, "STGEOMETRY_LEN": 1353880.2700505201 }, "geometry": { "type": "Point", "coordinates": [ -149.09968, 62.42151 ] } },
{ "type": "Feature", "properties": { "OBJECTID": 24063, "Join_Count": 1, "TARGET_FID": 24063, "JOIN_FID": 445, "DEP_ID": "10000920", "SITE_NAME": "Windy Creek Placer", "DEV_STAT": "Prospect", "URL": "https://mrdata.usgs.gov/mrds/show-mrds.php?dep_id=10000920", "CODE_LIST": " AU SN W CU", "Grade": "C", "AIANNH": "6785", "FSRFLG": "F", "AIANNHNS": "02418661", "AREALAND": 18094121450.0, "ALANDHIST": 18094089466.0, "AREAWATER": 977787833.0, "AWATERHIST": 977876125.0, "AIANNHCC": "E1", "EFFDATE": null, "ESTABDATE": null, "FUNCSTAT": "S", "GCFLG": null, "GEOID": "6785R", "LSADC": "79", "MTFCC": "G2130", "BASENAME": "Knik", "NAME": "Knik ANVSA", "ObjID": "2249093609925", "AIANNHCOMP": "R", "STATEFP1": "0240625", "STATEFP2": null, "STATEFP3": null, "UR": null, "VINTAGE": "90", "AIANNHFP1": "02-40625", "AIANNHFP2": null, "AIANNHFP3": null, "HU100": null, "POP100": null, "CENTLAT": "+61.9969912", "CENTLON": "-150.3455318", "INTPTLAT": "+62.0546111", "INTPTLON": "-150.3354418", "STGEOMETRY_AREA": 86243604314.501297, "STGEOMETRY_LEN": 1931393.9084153301 }, "geometry": { "type": "Point", "coordinates": [ -151.02557, 62.4626 ] } },
{ "type": "Feature", "properties": { "OBJECTID": 24066, "Join_Count": 1, "TARGET_FID": 24066, "JOIN_FID": 446, "DEP_ID": "10001430", "SITE_NAME": "Unnamed (northeast of Talkeetna River)", "DEV_STAT": "Prospect", "URL": "https://mrdata.usgs.gov/mrds/show-mrds.php?dep_id=10001430", "CODE_LIST": " CU", "Grade": "C", "AIANNH": "6290", "FSRFLG": "F", "AIANNHNS": "02418816", "AREALAND": 15429532250.0, "ALANDHIST": 15429532247.0, "AREAWATER": 157255193.0, "AWATERHIST": 157255193.0, "AIANNHCC": "E1", "EFFDATE": null, "ESTABDATE": null, "FUNCSTAT": "S", "GCFLG": null, "GEOID": "6290R", "LSADC": "79", "MTFCC": "G2130", "BASENAME": "Chickaloon", "NAME": "Chickaloon ANVSA", "ObjID": "2249093609926", "AIANNHCOMP": "R", "STATEFP1": "0213345", "STATEFP2": null, "STATEFP3": null, "UR": null, "VINTAGE": "90", "AIANNHFP1": "02-13345", "AIANNHFP2": null, "AIANNHFP3": null, "HU100": null, "POP100": null, "CENTLAT": "+62.2399668", "CENTLON": "-148.3860004", "INTPTLAT": "+62.2514458", "INTPTLON": "-148.0094628", "STGEOMETRY_AREA": 71620960760.508896, "STGEOMETRY_LEN": 1353880.2700505201 }, "geometry": { "type": "Point", "coordinates": [ -148.57467, 62.47153 ] } },
{ "type": "Feature", "properties": { "OBJECTID": 24068, "Join_Count": 1, "TARGET_FID": 24068, "JOIN_FID": 446, "DEP_ID": "10001454", "SITE_NAME": "Unnamed (near Little Falls Creek)", "DEV_STAT": "Prospect", "URL": "https://mrdata.usgs.gov/mrds/show-mrds.php?dep_id=10001454", "CODE_LIST": " CU", "Grade": "C", "AIANNH": "6290", "FSRFLG": "F", "AIANNHNS": "02418816", "AREALAND": 15429532250.0, "ALANDHIST": 15429532247.0, "AREAWATER": 157255193.0, "AWATERHIST": 157255193.0, "AIANNHCC": "E1", "EFFDATE": null, "ESTABDATE": null, "FUNCSTAT": "S", "GCFLG": null, "GEOID": "6290R", "LSADC": "79", "MTFCC": "G2130", "BASENAME": "Chickaloon", "NAME": "Chickaloon ANVSA", "ObjID": "2249093609926", "AIANNHCOMP": "R", "STATEFP1": "0213345", "STATEFP2": null, "STATEFP3": null, "UR": null, "VINTAGE": "90", "AIANNHFP1": "02-13345", "AIANNHFP2": null, "AIANNHFP3": null, "HU100": null, "POP100": null, "CENTLAT": "+62.2399668", "CENTLON": "-148.3860004", "INTPTLAT": "+62.2514458", "INTPTLON": "-148.0094628", "STGEOMETRY_AREA": 71620960760.508896, "STGEOMETRY_LEN": 1353880.2700505201 }, "geometry": { "type": "Point", "coordinates": [ -148.64967, 62.47458 ] } },
{ "type": "Feature", "properties": { "OBJECTID": 24070, "Join_Count": 1, "TARGET_FID": 24070, "JOIN_FID": 446, "DEP_ID": "10094024", "SITE_NAME": "Unnamed (west tributary to upper Little Falls Creek)", "DEV_STAT": "Prospect", "URL": "https://mrdata.usgs.gov/mrds/show-mrds.php?dep_id=10094024", "CODE_LIST": " AG AU CU", "Grade": "B", "AIANNH": "6290", "FSRFLG": "F", "AIANNHNS": "02418816", "AREALAND": 15429532250.0, "ALANDHIST": 15429532247.0, "AREAWATER": 157255193.0, "AWATERHIST": 157255193.0, "AIANNHCC": "E1", "EFFDATE": null, "ESTABDATE": null, "FUNCSTAT": "S", "GCFLG": null, "GEOID": "6290R", "LSADC": "79", "MTFCC": "G2130", "BASENAME": "Chickaloon", "NAME": "Chickaloon ANVSA", "ObjID": "2249093609926", "AIANNHCOMP": "R", "STATEFP1": "0213345", "STATEFP2": null, "STATEFP3": null, "UR": null, "VINTAGE": "90", "AIANNHFP1": "02-13345", "AIANNHFP2": null, "AIANNHFP3": null, "HU100": null, "POP100": null, "CENTLAT": "+62.2399668", "CENTLON": "-148.3860004", "INTPTLAT": "+62.2514458", "INTPTLON": "-148.0094628", "STGEOMETRY_AREA": 71620960760.508896, "STGEOMETRY_LEN": 1353880.2700505201 }, "geometry": { "type": "Point", "coordinates": [ -148.46967, 62.48265 ] } },
{ "type": "Feature", "properties": { "OBJECTID": 24073, "Join_Count": 1, "TARGET_FID": 24073, "JOIN_FID": 446, "DEP_ID": "10003523", "SITE_NAME": "Red Ridge", "DEV_STAT": "Prospect", "URL": "https://mrdata.usgs.gov/mrds/show-mrds.php?dep_id=10003523", "CODE_LIST": " AG AU", "Grade": "C", "AIANNH": "6290", "FSRFLG": "F", "AIANNHNS": "02418816", "AREALAND": 15429532250.0, "ALANDHIST": 15429532247.0, "AREAWATER": 157255193.0, "AWATERHIST": 157255193.0, "AIANNHCC": "E1", "EFFDATE": null, "ESTABDATE": null, "FUNCSTAT": "S", "GCFLG": null, "GEOID": "6290R", "LSADC": "79", "MTFCC": "G2130", "BASENAME": "Chickaloon", "NAME": "Chickaloon ANVSA", "ObjID": "2249093609926", "AIANNHCOMP": "R", "STATEFP1": "0213345", "STATEFP2": null, "STATEFP3": null, "UR": null, "VINTAGE": "90", "AIANNHFP1": "02-13345", "AIANNHFP2": null, "AIANNHFP3": null, "HU100": null, "POP100": null, "CENTLAT": "+62.2399668", "CENTLON": "-148.3860004", "INTPTLAT": "+62.2514458", "INTPTLON": "-148.0094628", "STGEOMETRY_AREA": 71620960760.508896, "STGEOMETRY_LEN": 1353880.2700505201 }, "geometry": { "type": "Point", "coordinates": [ -148.60273, 62.48959 ] } },
{ "type": "Feature", "properties": { "OBJECTID": 24078, "Join_Count": 1, "TARGET_FID": 24078, "JOIN_FID": 446, "DEP_ID": "10003550", "SITE_NAME": "Goose Creek", "DEV_STAT": "Occurrence", "URL": "https://mrdata.usgs.gov/mrds/show-mrds.php?dep_id=10003550", "CODE_LIST": " AU", "Grade": "C", "AIANNH": "6290", "FSRFLG": "F", "AIANNHNS": "02418816", "AREALAND": 15429532250.0, "ALANDHIST": 15429532247.0, "AREAWATER": 157255193.0, "AWATERHIST": 157255193.0, "AIANNHCC": "E1", "EFFDATE": null, "ESTABDATE": null, "FUNCSTAT": "S", "GCFLG": null, "GEOID": "6290R", "LSADC": "79", "MTFCC": "G2130", "BASENAME": "Chickaloon", "NAME": "Chickaloon ANVSA", "ObjID": "2249093609926", "AIANNHCOMP": "R", "STATEFP1": "0213345", "STATEFP2": null, "STATEFP3": null, "UR": null, "VINTAGE": "90", "AIANNHFP1": "02-13345", "AIANNHFP2": null, "AIANNHFP3": null, "HU100": null, "POP100": null, "CENTLAT": "+62.2399668", "CENTLON": "-148.3860004", "INTPTLAT": "+62.2514458", "INTPTLON": "-148.0094628", "STGEOMETRY_AREA": 71620960760.508896, "STGEOMETRY_LEN": 1353880.2700505201 }, "geometry": { "type": "Point", "coordinates": [ -147.67271, 62.4996 ] } },
{ "type": "Feature", "properties": { "OBJECTID": 24079, "Join_Count": 1, "TARGET_FID": 24079, "JOIN_FID": 446, "DEP_ID": "10094025", "SITE_NAME": "Unnamed (head of Ocher Creek)", "DEV_STAT": "Prospect", "URL": "https://mrdata.usgs.gov/mrds/show-mrds.php?dep_id=10094025", "CODE_LIST": " CU", "Grade": "C", "AIANNH": "6290", "FSRFLG": "F", "AIANNHNS": "02418816", "AREALAND": 15429532250.0, "ALANDHIST": 15429532247.0, "AREAWATER": 157255193.0, "AWATERHIST": 157255193.0, "AIANNHCC": "E1", "EFFDATE": null, "ESTABDATE": null, "FUNCSTAT": "S", "GCFLG": null, "GEOID": "6290R", "LSADC": "79", "MTFCC": "G2130", "BASENAME": "Chickaloon", "NAME": "Chickaloon ANVSA", "ObjID": "2249093609926", "AIANNHCOMP": "R", "STATEFP1": "0213345", "STATEFP2": null, "STATEFP3": null, "UR": null, "VINTAGE": "90", "AIANNHFP1": "02-13345", "AIANNHFP2": null, "AIANNHFP3": null, "HU100": null, "POP100": null, "CENTLAT": "+62.2399668", "CENTLON": "-148.3860004", "INTPTLAT": "+62.2514458", "INTPTLON": "-148.0094628", "STGEOMETRY_AREA": 71620960760.508896, "STGEOMETRY_LEN": 1353880.2700505201 }, "geometry": { "type": "Point", "coordinates": [ -148.61384, 62.50265 ] } },
{ "type": "Feature", "properties": { "OBJECTID": 24080, "Join_Count": 1, "TARGET_FID": 24080, "JOIN_FID": 446, "DEP_ID": "10001421", "SITE_NAME": "Unnamed (north of Talkeetna River)", "DEV_STAT": "Prospect", "URL": "https://mrdata.usgs.gov/mrds/show-mrds.php?dep_id=10001421", "CODE_LIST": " AG CU", "Grade": "C", "AIANNH": "6290", "FSRFLG": "F", "AIANNHNS": "02418816", "AREALAND": 15429532250.0, "ALANDHIST": 15429532247.0, "AREAWATER": 157255193.0, "AWATERHIST": 157255193.0, "AIANNHCC": "E1", "EFFDATE": null, "ESTABDATE": null, "FUNCSTAT": "S", "GCFLG": null, "GEOID": "6290R", "LSADC": "79", "MTFCC": "G2130", "BASENAME": "Chickaloon", "NAME": "Chickaloon ANVSA", "ObjID": "2249093609926", "AIANNHCOMP": "R", "STATEFP1": "0213345", "STATEFP2": null, "STATEFP3": null, "UR": null, "VINTAGE": "90", "AIANNHFP1": "02-13345", "AIANNHFP2": null, "AIANNHFP3": null, "HU100": null, "POP100": null, "CENTLAT": "+62.2399668", "CENTLON": "-148.3860004", "INTPTLAT": "+62.2514458", "INTPTLON": "-148.0094628", "STGEOMETRY_AREA": 71620960760.508896, "STGEOMETRY_LEN": 1353880.2700505201 }, "geometry": { "type": "Point", "coordinates": [ -148.71967, 62.50458 ] } },
{ "type": "Feature", "properties": { "OBJECTID": 24087, "Join_Count": 1, "TARGET_FID": 24087, "JOIN_FID": 446, "DEP_ID": "10001423", "SITE_NAME": "Unnamed (east-southeast of hill 6575)", "DEV_STAT": "Prospect", "URL": "https://mrdata.usgs.gov/mrds/show-mrds.php?dep_id=10001423", "CODE_LIST": " CU", "Grade": "B", "AIANNH": "6290", "FSRFLG": "F", "AIANNHNS": "02418816", "AREALAND": 15429532250.0, "ALANDHIST": 15429532247.0, "AREAWATER": 157255193.0, "AWATERHIST": 157255193.0, "AIANNHCC": "E1", "EFFDATE": null, "ESTABDATE": null, "FUNCSTAT": "S", "GCFLG": null, "GEOID": "6290R", "LSADC": "79", "MTFCC": "G2130", "BASENAME": "Chickaloon", "NAME": "Chickaloon ANVSA", "ObjID": "2249093609926", "AIANNHCOMP": "R", "STATEFP1": "0213345", "STATEFP2": null, "STATEFP3": null, "UR": null, "VINTAGE": "90", "AIANNHFP1": "02-13345", "AIANNHFP2": null, "AIANNHFP3": null, "HU100": null, "POP100": null, "CENTLAT": "+62.2399668", "CENTLON": "-148.3860004", "INTPTLAT": "+62.2514458", "INTPTLON": "-148.0094628", "STGEOMETRY_AREA": 71620960760.508896, "STGEOMETRY_LEN": 1353880.2700505201 }, "geometry": { "type": "Point", "coordinates": [ -148.53384, 62.53265 ] } },
{ "type": "Feature", "properties": { "OBJECTID": 24093, "Join_Count": 1, "TARGET_FID": 24093, "JOIN_FID": 446, "DEP_ID": "10001426", "SITE_NAME": "Unnamed (west of lake 2710)", "DEV_STAT": "Prospect", "URL": "https://mrdata.usgs.gov/mrds/show-mrds.php?dep_id=10001426", "CODE_LIST": " CU AU MO", "Grade": "C", "AIANNH": "6290", "FSRFLG": "F", "AIANNHNS": "02418816", "AREALAND": 15429532250.0, "ALANDHIST": 15429532247.0, "AREAWATER": 157255193.0, "AWATERHIST": 157255193.0, "AIANNHCC": "E1", "EFFDATE": null, "ESTABDATE": null, "FUNCSTAT": "S", "GCFLG": null, "GEOID": "6290R", "LSADC": "79", "MTFCC": "G2130", "BASENAME": "Chickaloon", "NAME": "Chickaloon ANVSA", "ObjID": "2249093609926", "AIANNHCOMP": "R", "STATEFP1": "0213345", "STATEFP2": null, "STATEFP3": null, "UR": null, "VINTAGE": "90", "AIANNHFP1": "02-13345", "AIANNHFP2": null, "AIANNHFP3": null, "HU100": null, "POP100": null, "CENTLAT": "+62.2399668", "CENTLON": "-148.3860004", "INTPTLAT": "+62.2514458", "INTPTLON": "-148.0094628", "STGEOMETRY_AREA": 71620960760.508896, "STGEOMETRY_LEN": 1353880.2700505201 }, "geometry": { "type": "Point", "coordinates": [ -148.92468, 62.55764 ] } },
{ "type": "Feature", "properties": { "OBJECTID": 24096, "Join_Count": 1, "TARGET_FID": 24096, "JOIN_FID": 445, "DEP_ID": "10258736", "SITE_NAME": "Bunco Creek", "DEV_STAT": "Occurrence", "URL": "https://mrdata.usgs.gov/mrds/show-mrds.php?dep_id=10258736", "CODE_LIST": " AU", "Grade": "C", "AIANNH": "6785", "FSRFLG": "F", "AIANNHNS": "02418661", "AREALAND": 18094121450.0, "ALANDHIST": 18094089466.0, "AREAWATER": 977787833.0, "AWATERHIST": 977876125.0, "AIANNHCC": "E1", "EFFDATE": null, "ESTABDATE": null, "FUNCSTAT": "S", "GCFLG": null, "GEOID": "6785R", "LSADC": "79", "MTFCC": "G2130", "BASENAME": "Knik", "NAME": "Knik ANVSA", "ObjID": "2249093609925", "AIANNHCOMP": "R", "STATEFP1": "0240625", "STATEFP2": null, "STATEFP3": null, "UR": null, "VINTAGE": "90", "AIANNHFP1": "02-40625", "AIANNHFP2": null, "AIANNHFP3": null, "HU100": null, "POP100": null, "CENTLAT": "+61.9969912", "CENTLON": "-150.3455318", "INTPTLAT": "+62.0546111", "INTPTLON": "-150.3354418", "STGEOMETRY_AREA": 86243604314.501297, "STGEOMETRY_LEN": 1931393.9084153301 }, "geometry": { "type": "Point", "coordinates": [ -150.68199, 62.57035 ] } },
{ "type": "Feature", "properties": { "OBJECTID": 24100, "Join_Count": 1, "TARGET_FID": 24100, "JOIN_FID": 445, "DEP_ID": "10209751", "SITE_NAME": "Curry", "DEV_STAT": "Occurrence", "URL": "https://mrdata.usgs.gov/mrds/show-mrds.php?dep_id=10209751", "CODE_LIST": " MO", "Grade": "C", "AIANNH": "6785", "FSRFLG": "F", "AIANNHNS": "02418661", "AREALAND": 18094121450.0, "ALANDHIST": 18094089466.0, "AREAWATER": 977787833.0, "AWATERHIST": 977876125.0, "AIANNHCC": "E1", "EFFDATE": null, "ESTABDATE": null, "FUNCSTAT": "S", "GCFLG": null, "GEOID": "6785R", "LSADC": "79", "MTFCC": "G2130", "BASENAME": "Knik", "NAME": "Knik ANVSA", "ObjID": "2249093609925", "AIANNHCOMP": "R", "STATEFP1": "0240625", "STATEFP2": null, "STATEFP3": null, "UR": null, "VINTAGE": "90", "AIANNHFP1": "02-40625", "AIANNHFP2": null, "AIANNHFP3": null, "HU100": null, "POP100": null, "CENTLAT": "+61.9969912", "CENTLON": "-150.3455318", "INTPTLAT": "+62.0546111", "INTPTLON": "-150.3354418", "STGEOMETRY_AREA": 86243604314.501297, "STGEOMETRY_LEN": 1931393.9084153301 }, "geometry": { "type": "Point", "coordinates": [ -150.03248, 62.59346 ] } },
{ "type": "Feature", "properties": { "OBJECTID": 24106, "Join_Count": 1, "TARGET_FID": 24106, "JOIN_FID": 445, "DEP_ID": "10000890", "SITE_NAME": "Curry", "DEV_STAT": "Occurrence", "URL": "https://mrdata.usgs.gov/mrds/show-mrds.php?dep_id=10000890", "CODE_LIST": " MO", "Grade": "B", "AIANNH": "6785", "FSRFLG": "F", "AIANNHNS": "02418661", "AREALAND": 18094121450.0, "ALANDHIST": 18094089466.0, "AREAWATER": 977787833.0, "AWATERHIST": 977876125.0, "AIANNHCC": "E1", "EFFDATE": null, "ESTABDATE": null, "FUNCSTAT": "S", "GCFLG": null, "GEOID": "6785R", "LSADC": "79", "MTFCC": "G2130", "BASENAME": "Knik", "NAME": "Knik ANVSA", "ObjID": "2249093609925", "AIANNHCOMP": "R", "STATEFP1": "0240625", "STATEFP2": null, "STATEFP3": null, "UR": null, "VINTAGE": "90", "AIANNHFP1": "02-40625", "AIANNHFP2": null, "AIANNHFP3": null, "HU100": null, "POP100": null, "CENTLAT": "+61.9969912", "CENTLON": "-150.3455318", "INTPTLAT": "+62.0546111", "INTPTLON": "-150.3354418", "STGEOMETRY_AREA": 86243604314.501297, "STGEOMETRY_LEN": 1931393.9084153301 }, "geometry": { "type": "Point", "coordinates": [ -150.02889, 62.59845 ] } },
{ "type": "Feature", "properties": { "OBJECTID": 24124, "Join_Count": 1, "TARGET_FID": 24124, "JOIN_FID": 445, "DEP_ID": "10001449", "SITE_NAME": "Ihly", "DEV_STAT": "Prospect", "URL": "https://mrdata.usgs.gov/mrds/show-mrds.php?dep_id=10001449", "CODE_LIST": " AG PB AU", "Grade": "B", "AIANNH": "6785", "FSRFLG": "F", "AIANNHNS": "02418661", "AREALAND": 18094121450.0, "ALANDHIST": 18094089466.0, "AREAWATER": 977787833.0, "AWATERHIST": 977876125.0, "AIANNHCC": "E1", "EFFDATE": null, "ESTABDATE": null, "FUNCSTAT": "S", "GCFLG": null, "GEOID": "6785R", "LSADC": "79", "MTFCC": "G2130", "BASENAME": "Knik", "NAME": "Knik ANVSA", "ObjID": "2249093609925", "AIANNHCOMP": "R", "STATEFP1": "0240625", "STATEFP2": null, "STATEFP3": null, "UR": null, "VINTAGE": "90", "AIANNHFP1": "02-40625", "AIANNHFP2": null, "AIANNHFP3": null, "HU100": null, "POP100": null, "CENTLAT": "+61.9969912", "CENTLON": "-150.3455318", "INTPTLAT": "+62.0546111", "INTPTLON": "-150.3354418", "STGEOMETRY_AREA": 86243604314.501297, "STGEOMETRY_LEN": 1931393.9084153301 }, "geometry": { "type": "Point", "coordinates": [ -149.54167, 62.72151 ] } },
{ "type": "Feature", "properties": { "OBJECTID": 24125, "Join_Count": 1, "TARGET_FID": 24125, "JOIN_FID": 445, "DEP_ID": "10258150", "SITE_NAME": "Ihly", "DEV_STAT": "Prospect", "URL": "https://mrdata.usgs.gov/mrds/show-mrds.php?dep_id=10258150", "CODE_LIST": " PB AU AG", "Grade": "C", "AIANNH": "6785", "FSRFLG": "F", "AIANNHNS": "02418661", "AREALAND": 18094121450.0, "ALANDHIST": 18094089466.0, "AREAWATER": 977787833.0, "AWATERHIST": 977876125.0, "AIANNHCC": "E1", "EFFDATE": null, "ESTABDATE": null, "FUNCSTAT": "S", "GCFLG": null, "GEOID": "6785R", "LSADC": "79", "MTFCC": "G2130", "BASENAME": "Knik", "NAME": "Knik ANVSA", "ObjID": "2249093609925", "AIANNHCOMP": "R", "STATEFP1": "0240625", "STATEFP2": null, "STATEFP3": null, "UR": null, "VINTAGE": "90", "AIANNHFP1": "02-40625", "AIANNHFP2": null, "AIANNHFP3": null, "HU100": null, "POP100": null, "CENTLAT": "+61.9969912", "CENTLON": "-150.3455318", "INTPTLAT": "+62.0546111", "INTPTLON": "-150.3354418", "STGEOMETRY_AREA": 86243604314.501297, "STGEOMETRY_LEN": 1931393.9084153301 }, "geometry": { "type": "Point", "coordinates": [ -149.53778, 62.72457 ] } },
{ "type": "Feature", "properties": { "OBJECTID": 24144, "Join_Count": 1, "TARGET_FID": 24144, "JOIN_FID": 446, "DEP_ID": "10001425", "SITE_NAME": "Unnamed (northwest of lower Jay Creek)", "DEV_STAT": "Prospect", "URL": "https://mrdata.usgs.gov/mrds/show-mrds.php?dep_id=10001425", "CODE_LIST": " AU CU", "Grade": "C", "AIANNH": "6290", "FSRFLG": "F", "AIANNHNS": "02418816", "AREALAND": 15429532250.0, "ALANDHIST": 15429532247.0, "AREAWATER": 157255193.0, "AWATERHIST": 157255193.0, "AIANNHCC": "E1", "EFFDATE": null, "ESTABDATE": null, "FUNCSTAT": "S", "GCFLG": null, "GEOID": "6290R", "LSADC": "79", "MTFCC": "G2130", "BASENAME": "Chickaloon", "NAME": "Chickaloon ANVSA", "ObjID": "2249093609926", "AIANNHCOMP": "R", "STATEFP1": "0213345", "STATEFP2": null, "STATEFP3": null, "UR": null, "VINTAGE": "90", "AIANNHFP1": "02-13345", "AIANNHFP2": null, "AIANNHFP3": null, "HU100": null, "POP100": null, "CENTLAT": "+62.2399668", "CENTLON": "-148.3860004", "INTPTLAT": "+62.2514458", "INTPTLON": "-148.0094628", "STGEOMETRY_AREA": 71620960760.508896, "STGEOMETRY_LEN": 1353880.2700505201 }, "geometry": { "type": "Point", "coordinates": [ -147.84163, 62.77767 ] } },
{ "type": "Feature", "properties": { "OBJECTID": 24156, "Join_Count": 1, "TARGET_FID": 24156, "JOIN_FID": 446, "DEP_ID": "10003519", "SITE_NAME": "Unnamed (at east end of Devils Canyon)", "DEV_STAT": "Occurrence", "URL": "https://mrdata.usgs.gov/mrds/show-mrds.php?dep_id=10003519", "CODE_LIST": " AU PGE_PT", "Grade": "C", "AIANNH": "6290", "FSRFLG": "F", "AIANNHNS": "02418816", "AREALAND": 15429532250.0, "ALANDHIST": 15429532247.0, "AREAWATER": 157255193.0, "AWATERHIST": 157255193.0, "AIANNHCC": "E1", "EFFDATE": null, "ESTABDATE": null, "FUNCSTAT": "S", "GCFLG": null, "GEOID": "6290R", "LSADC": "79", "MTFCC": "G2130", "BASENAME": "Chickaloon", "NAME": "Chickaloon ANVSA", "ObjID": "2249093609926", "AIANNHCOMP": "R", "STATEFP1": "0213345", "STATEFP2": null, "STATEFP3": null, "UR": null, "VINTAGE": "90", "AIANNHFP1": "02-13345", "AIANNHFP2": null, "AIANNHFP3": null, "HU100": null, "POP100": null, "CENTLAT": "+62.2399668", "CENTLON": "-148.3860004", "INTPTLAT": "+62.2514458", "INTPTLON": "-148.0094628", "STGEOMETRY_AREA": 71620960760.508896, "STGEOMETRY_LEN": 1353880.2700505201 }, "geometry": { "type": "Point", "coordinates": [ -149.19277, 62.80958 ] } },
{ "type": "Feature", "properties": { "OBJECTID": 24158, "Join_Count": 1, "TARGET_FID": 24158, "JOIN_FID": 445, "DEP_ID": "10003515", "SITE_NAME": "Unnamed (near Devils Canyon)", "DEV_STAT": "Occurrence", "URL": "https://mrdata.usgs.gov/mrds/show-mrds.php?dep_id=10003515", "CODE_LIST": " AG", "Grade": "C", "AIANNH": "6785", "FSRFLG": "F", "AIANNHNS": "02418661", "AREALAND": 18094121450.0, "ALANDHIST": 18094089466.0, "AREAWATER": 977787833.0, "AWATERHIST": 977876125.0, "AIANNHCC": "E1", "EFFDATE": null, "ESTABDATE": null, "FUNCSTAT": "S", "GCFLG": null, "GEOID": "6785R", "LSADC": "79", "MTFCC": "G2130", "BASENAME": "Knik", "NAME": "Knik ANVSA", "ObjID": "2249093609925", "AIANNHCOMP": "R", "STATEFP1": "0240625", "STATEFP2": null, "STATEFP3": null, "UR": null, "VINTAGE": "90", "AIANNHFP1": "02-40625", "AIANNHFP2": null, "AIANNHFP3": null, "HU100": null, "POP100": null, "CENTLAT": "+61.9969912", "CENTLON": "-150.3455318", "INTPTLAT": "+62.0546111", "INTPTLON": "-150.3354418", "STGEOMETRY_AREA": 86243604314.501297, "STGEOMETRY_LEN": 1931393.9084153301 }, "geometry": { "type": "Point", "coordinates": [ -149.30278, 62.81958 ] } },
{ "type": "Feature", "properties": { "OBJECTID": 24168, "Join_Count": 1, "TARGET_FID": 24168, "JOIN_FID": 446, "DEP_ID": "10001424", "SITE_NAME": "August", "DEV_STAT": "Prospect", "URL": "https://mrdata.usgs.gov/mrds/show-mrds.php?dep_id=10001424", "CODE_LIST": " CU AG", "Grade": "B", "AIANNH": "6290", "FSRFLG": "F", "AIANNHNS": "02418816", "AREALAND": 15429532250.0, "ALANDHIST": 15429532247.0, "AREAWATER": 157255193.0, "AWATERHIST": 157255193.0, "AIANNHCC": "E1", "EFFDATE": null, "ESTABDATE": null, "FUNCSTAT": "S", "GCFLG": null, "GEOID": "6290R", "LSADC": "79", "MTFCC": "G2130", "BASENAME": "Chickaloon", "NAME": "Chickaloon ANVSA", "ObjID": "2249093609926", "AIANNHCOMP": "R", "STATEFP1": "0213345", "STATEFP2": null, "STATEFP3": null, "UR": null, "VINTAGE": "90", "AIANNHFP1": "02-13345", "AIANNHFP2": null, "AIANNHFP3": null, "HU100": null, "POP100": null, "CENTLAT": "+62.2399668", "CENTLON": "-148.3860004", "INTPTLAT": "+62.2514458", "INTPTLON": "-148.0094628", "STGEOMETRY_AREA": 71620960760.508896, "STGEOMETRY_LEN": 1353880.2700505201 }, "geometry": { "type": "Point", "coordinates": [ -147.93275, 62.84961 ] } },
{ "type": "Feature", "properties": { "OBJECTID": 24173, "Join_Count": 1, "TARGET_FID": 24173, "JOIN_FID": 446, "DEP_ID": "10001418", "SITE_NAME": "Unnamed", "DEV_STAT": "Prospect", "URL": "https://mrdata.usgs.gov/mrds/show-mrds.php?dep_id=10001418", "CODE_LIST": " MO CU ZN", "Grade": "C", "AIANNH": "6290", "FSRFLG": "F", "AIANNHNS": "02418816", "AREALAND": 15429532250.0, "ALANDHIST": 15429532247.0, "AREAWATER": 157255193.0, "AWATERHIST": 157255193.0, "AIANNHCC": "E1", "EFFDATE": null, "ESTABDATE": null, "FUNCSTAT": "S", "GCFLG": null, "GEOID": "6290R", "LSADC": "79", "MTFCC": "G2130", "BASENAME": "Chickaloon", "NAME": "Chickaloon ANVSA", "ObjID": "2249093609926", "AIANNHCOMP": "R", "STATEFP1": "0213345", "STATEFP2": null, "STATEFP3": null, "UR": null, "VINTAGE": "90", "AIANNHFP1": "02-13345", "AIANNHFP2": null, "AIANNHFP3": null, "HU100": null, "POP100": null, "CENTLAT": "+62.2399668", "CENTLON": "-148.3860004", "INTPTLAT": "+62.2514458", "INTPTLON": "-148.0094628", "STGEOMETRY_AREA": 71620960760.508896, "STGEOMETRY_LEN": 1353880.2700505201 }, "geometry": { "type": "Point", "coordinates": [ -149.31972, 62.85764 ] } },
{ "type": "Feature", "properties": { "OBJECTID": 24174, "Join_Count": 1, "TARGET_FID": 24174, "JOIN_FID": 446, "DEP_ID": "10003530", "SITE_NAME": "Watana Creek", "DEV_STAT": "Prospect", "URL": "https://mrdata.usgs.gov/mrds/show-mrds.php?dep_id=10003530", "CODE_LIST": " AU PGE_PT", "Grade": "C", "AIANNH": "6290", "FSRFLG": "F", "AIANNHNS": "02418816", "AREALAND": 15429532250.0, "ALANDHIST": 15429532247.0, "AREAWATER": 157255193.0, "AWATERHIST": 157255193.0, "AIANNHCC": "E1", "EFFDATE": null, "ESTABDATE": null, "FUNCSTAT": "S", "GCFLG": null, "GEOID": "6290R", "LSADC": "79", "MTFCC": "G2130", "BASENAME": "Chickaloon", "NAME": "Chickaloon ANVSA", "ObjID": "2249093609926", "AIANNHCOMP": "R", "STATEFP1": "0213345", "STATEFP2": null, "STATEFP3": null, "UR": null, "VINTAGE": "90", "AIANNHFP1": "02-13345", "AIANNHFP2": null, "AIANNHFP3": null, "HU100": null, "POP100": null, "CENTLAT": "+62.2399668", "CENTLON": "-148.3860004", "INTPTLAT": "+62.2514458", "INTPTLON": "-148.0094628", "STGEOMETRY_AREA": 71620960760.508896, "STGEOMETRY_LEN": 1353880.2700505201 }, "geometry": { "type": "Point", "coordinates": [ -148.22275, 62.8596 ] } },
{ "type": "Feature", "properties": { "OBJECTID": 24180, "Join_Count": 1, "TARGET_FID": 24180, "JOIN_FID": 446, "DEP_ID": "10003548", "SITE_NAME": "Delusion Creek", "DEV_STAT": "Occurrence", "URL": "https://mrdata.usgs.gov/mrds/show-mrds.php?dep_id=10003548", "CODE_LIST": " AU", "Grade": "C", "AIANNH": "6290", "FSRFLG": "F", "AIANNHNS": "02418816", "AREALAND": 15429532250.0, "ALANDHIST": 15429532247.0, "AREAWATER": 157255193.0, "AWATERHIST": 157255193.0, "AIANNHCC": "E1", "EFFDATE": null, "ESTABDATE": null, "FUNCSTAT": "S", "GCFLG": null, "GEOID": "6290R", "LSADC": "79", "MTFCC": "G2130", "BASENAME": "Chickaloon", "NAME": "Chickaloon ANVSA", "ObjID": "2249093609926", "AIANNHCOMP": "R", "STATEFP1": "0213345", "STATEFP2": null, "STATEFP3": null, "UR": null, "VINTAGE": "90", "AIANNHFP1": "02-13345", "AIANNHFP2": null, "AIANNHFP3": null, "HU100": null, "POP100": null, "CENTLAT": "+62.2399668", "CENTLON": "-148.3860004", "INTPTLAT": "+62.2514458", "INTPTLON": "-148.0094628", "STGEOMETRY_AREA": 71620960760.508896, "STGEOMETRY_LEN": 1353880.2700505201 }, "geometry": { "type": "Point", "coordinates": [ -148.20275, 62.8696 ] } },
{ "type": "Feature", "properties": { "OBJECTID": 24182, "Join_Count": 1, "TARGET_FID": 24182, "JOIN_FID": 446, "DEP_ID": "10282593", "SITE_NAME": "Treasure Creek", "DEV_STAT": "Prospect", "URL": "https://mrdata.usgs.gov/mrds/show-mrds.php?dep_id=10282593", "CODE_LIST": " MO CU ZN", "Grade": "C", "AIANNH": "6290", "FSRFLG": "F", "AIANNHNS": "02418816", "AREALAND": 15429532250.0, "ALANDHIST": 15429532247.0, "AREAWATER": 157255193.0, "AWATERHIST": 157255193.0, "AIANNHCC": "E1", "EFFDATE": null, "ESTABDATE": null, "FUNCSTAT": "S", "GCFLG": null, "GEOID": "6290R", "LSADC": "79", "MTFCC": "G2130", "BASENAME": "Chickaloon", "NAME": "Chickaloon ANVSA", "ObjID": "2249093609926", "AIANNHCOMP": "R", "STATEFP1": "0213345", "STATEFP2": null, "STATEFP3": null, "UR": null, "VINTAGE": "90", "AIANNHFP1": "02-13345", "AIANNHFP2": null, "AIANNHFP3": null, "HU100": null, "POP100": null, "CENTLAT": "+62.2399668", "CENTLON": "-148.3860004", "INTPTLAT": "+62.2514458", "INTPTLON": "-148.0094628", "STGEOMETRY_AREA": 71620960760.508896, "STGEOMETRY_LEN": 1353880.2700505201 }, "geometry": { "type": "Point", "coordinates": [ -149.30278, 62.87818 ] } },
{ "type": "Feature", "properties": { "OBJECTID": 24183, "Join_Count": 1, "TARGET_FID": 24183, "JOIN_FID": 445, "DEP_ID": "10003533", "SITE_NAME": "Unnamed (near Indian Mountain)", "DEV_STAT": "Prospect", "URL": "https://mrdata.usgs.gov/mrds/show-mrds.php?dep_id=10003533", "CODE_LIST": " AG AU CU PB", "Grade": "C", "AIANNH": "6785", "FSRFLG": "F", "AIANNHNS": "02418661", "AREALAND": 18094121450.0, "ALANDHIST": 18094089466.0, "AREAWATER": 977787833.0, "AWATERHIST": 977876125.0, "AIANNHCC": "E1", "EFFDATE": null, "ESTABDATE": null, "FUNCSTAT": "S", "GCFLG": null, "GEOID": "6785R", "LSADC": "79", "MTFCC": "G2130", "BASENAME": "Knik", "NAME": "Knik ANVSA", "ObjID": "2249093609925", "AIANNHCOMP": "R", "STATEFP1": "0240625", "STATEFP2": null, "STATEFP3": null, "UR": null, "VINTAGE": "90", "AIANNHFP1": "02-40625", "AIANNHFP2": null, "AIANNHFP3": null, "HU100": null, "POP100": null, "CENTLAT": "+61.9969912", "CENTLON": "-150.3455318", "INTPTLAT": "+62.0546111", "INTPTLON": "-150.3354418", "STGEOMETRY_AREA": 86243604314.501297, "STGEOMETRY_LEN": 1931393.9084153301 }, "geometry": { "type": "Point", "coordinates": [ -149.60279, 62.87958 ] } },
{ "type": "Feature", "properties": { "OBJECTID": 24184, "Join_Count": 1, "TARGET_FID": 24184, "JOIN_FID": 446, "DEP_ID": "10001427", "SITE_NAME": "Treasure Creek", "DEV_STAT": "Prospect", "URL": "https://mrdata.usgs.gov/mrds/show-mrds.php?dep_id=10001427", "CODE_LIST": " CU MO AU ZN", "Grade": "B", "AIANNH": "6290", "FSRFLG": "F", "AIANNHNS": "02418816", "AREALAND": 15429532250.0, "ALANDHIST": 15429532247.0, "AREAWATER": 157255193.0, "AWATERHIST": 157255193.0, "AIANNHCC": "E1", "EFFDATE": null, "ESTABDATE": null, "FUNCSTAT": "S", "GCFLG": null, "GEOID": "6290R", "LSADC": "79", "MTFCC": "G2130", "BASENAME": "Chickaloon", "NAME": "Chickaloon ANVSA", "ObjID": "2249093609926", "AIANNHCOMP": "R", "STATEFP1": "0213345", "STATEFP2": null, "STATEFP3": null, "UR": null, "VINTAGE": "90", "AIANNHFP1": "02-13345", "AIANNHFP2": null, "AIANNHFP3": null, "HU100": null, "POP100": null, "CENTLAT": "+62.2399668", "CENTLON": "-148.3860004", "INTPTLAT": "+62.2514458", "INTPTLON": "-148.0094628", "STGEOMETRY_AREA": 71620960760.508896, "STGEOMETRY_LEN": 1353880.2700505201 }, "geometry": { "type": "Point", "coordinates": [ -149.30278, 62.87958 ] } },
{ "type": "Feature", "properties": { "OBJECTID": 24186, "Join_Count": 1, "TARGET_FID": 24186, "JOIN_FID": 445, "DEP_ID": "10134750", "SITE_NAME": "Indian Mountain", "DEV_STAT": "Prospect", "URL": "https://mrdata.usgs.gov/mrds/show-mrds.php?dep_id=10134750", "CODE_LIST": " AG BI CU AU PB", "Grade": "C", "AIANNH": "6785", "FSRFLG": "F", "AIANNHNS": "02418661", "AREALAND": 18094121450.0, "ALANDHIST": 18094089466.0, "AREAWATER": 977787833.0, "AWATERHIST": 977876125.0, "AIANNHCC": "E1", "EFFDATE": null, "ESTABDATE": null, "FUNCSTAT": "S", "GCFLG": null, "GEOID": "6785R", "LSADC": "79", "MTFCC": "G2130", "BASENAME": "Knik", "NAME": "Knik ANVSA", "ObjID": "2249093609925", "AIANNHCOMP": "R", "STATEFP1": "0240625", "STATEFP2": null, "STATEFP3": null, "UR": null, "VINTAGE": "90", "AIANNHFP1": "02-40625", "AIANNHFP2": null, "AIANNHFP3": null, "HU100": null, "POP100": null, "CENTLAT": "+61.9969912", "CENTLON": "-150.3455318", "INTPTLAT": "+62.0546111", "INTPTLON": "-150.3354418", "STGEOMETRY_AREA": 86243604314.501297, "STGEOMETRY_LEN": 1931393.9084153301 }, "geometry": { "type": "Point", "coordinates": [ -149.59719, 62.88288 ] } },
{ "type": "Feature", "properties": { "OBJECTID": 24188, "Join_Count": 1, "TARGET_FID": 24188, "JOIN_FID": 517, "DEP_ID": "10000741", "SITE_NAME": "Unnamed (east of Mentasta Lake)", "DEV_STAT": "Occurrence", "URL": "https://mrdata.usgs.gov/mrds/show-mrds.php?dep_id=10000741", "CODE_LIST": " CU AG", "Grade": "C", "AIANNH": "6945", "FSRFLG": "F", "AIANNHNS": "02418707", "AREALAND": 97448596.0, "ALANDHIST": 97448595.0, "AREAWATER": 4825148.0, "AWATERHIST": 4825148.0, "AIANNHCC": "E1", "EFFDATE": null, "ESTABDATE": null, "FUNCSTAT": "S", "GCFLG": null, "GEOID": "6945R", "LSADC": "79", "MTFCC": "G2130", "BASENAME": "Mentasta Lake", "NAME": "Mentasta Lake ANVSA", "ObjID": "22490510088953", "AIANNHCOMP": "R", "STATEFP1": "0248545", "STATEFP2": null, "STATEFP3": null, "UR": null, "VINTAGE": "90", "AIANNHFP1": "02-48545", "AIANNHFP2": null, "AIANNHFP3": null, "HU100": null, "POP100": null, "CENTLAT": "+62.9161415", "CENTLON": "-143.7126722", "INTPTLAT": "+62.9097862", "INTPTLON": "-143.7114081", "STGEOMETRY_AREA": 491427128.01425397, "STGEOMETRY_LEN": 108078.92920540999 }, "geometry": { "type": "Point", "coordinates": [ -143.65874, 62.8858 ] } },
{ "type": "Feature", "properties": { "OBJECTID": 24190, "Join_Count": 1, "TARGET_FID": 24190, "JOIN_FID": 446, "DEP_ID": "10001450", "SITE_NAME": "Lichen", "DEV_STAT": "Prospect", "URL": "https://mrdata.usgs.gov/mrds/show-mrds.php?dep_id=10001450", "CODE_LIST": " AG AU CU", "Grade": "B", "AIANNH": "6290", "FSRFLG": "F", "AIANNHNS": "02418816", "AREALAND": 15429532250.0, "ALANDHIST": 15429532247.0, "AREAWATER": 157255193.0, "AWATERHIST": 157255193.0, "AIANNHCC": "E1", "EFFDATE": null, "ESTABDATE": null, "FUNCSTAT": "S", "GCFLG": null, "GEOID": "6290R", "LSADC": "79", "MTFCC": "G2130", "BASENAME": "Chickaloon", "NAME": "Chickaloon ANVSA", "ObjID": "2249093609926", "AIANNHCOMP": "R", "STATEFP1": "0213345", "STATEFP2": null, "STATEFP3": null, "UR": null, "VINTAGE": "90", "AIANNHFP1": "02-13345", "AIANNHFP2": null, "AIANNHFP3": null, "HU100": null, "POP100": null, "CENTLAT": "+62.2399668", "CENTLON": "-148.3860004", "INTPTLAT": "+62.2514458", "INTPTLON": "-148.0094628", "STGEOMETRY_AREA": 71620960760.508896, "STGEOMETRY_LEN": 1353880.2700505201 }, "geometry": { "type": "Point", "coordinates": [ -147.35273, 62.88962 ] } },
{ "type": "Feature", "properties": { "OBJECTID": 24198, "Join_Count": 1, "TARGET_FID": 24198, "JOIN_FID": 517, "DEP_ID": "10000739", "SITE_NAME": "Patten", "DEV_STAT": "Prospect", "URL": "https://mrdata.usgs.gov/mrds/show-mrds.php?dep_id=10000739", "CODE_LIST": " GEM_J", "Grade": "C", "AIANNH": "6945", "FSRFLG": "F", "AIANNHNS": "02418707", "AREALAND": 97448596.0, "ALANDHIST": 97448595.0, "AREAWATER": 4825148.0, "AWATERHIST": 4825148.0, "AIANNHCC": "E1", "EFFDATE": null, "ESTABDATE": null, "FUNCSTAT": "S", "GCFLG": null, "GEOID": "6945R", "LSADC": "79", "MTFCC": "G2130", "BASENAME": "Mentasta Lake", "NAME": "Mentasta Lake ANVSA", "ObjID": "22490510088953", "AIANNHCOMP": "R", "STATEFP1": "0248545", "STATEFP2": null, "STATEFP3": null, "UR": null, "VINTAGE": "90", "AIANNHFP1": "02-48545", "AIANNHFP2": null, "AIANNHFP3": null, "HU100": null, "POP100": null, "CENTLAT": "+62.9161415", "CENTLON": "-143.7126722", "INTPTLAT": "+62.9097862", "INTPTLON": "-143.7114081", "STGEOMETRY_AREA": 491427128.01425397, "STGEOMETRY_LEN": 108078.92920540999 }, "geometry": { "type": "Point", "coordinates": [ -143.64457, 62.93163 ] } },
{ "type": "Feature", "properties": { "OBJECTID": 24200, "Join_Count": 1, "TARGET_FID": 24200, "JOIN_FID": 445, "DEP_ID": "10000902", "SITE_NAME": "Boedeker", "DEV_STAT": "Prospect", "URL": "https://mrdata.usgs.gov/mrds/show-mrds.php?dep_id=10000902", "CODE_LIST": " AU PB AS", "Grade": "B", "AIANNH": "6785", "FSRFLG": "F", "AIANNHNS": "02418661", "AREALAND": 18094121450.0, "ALANDHIST": 18094089466.0, "AREAWATER": 977787833.0, "AWATERHIST": 977876125.0, "AIANNHCC": "E1", "EFFDATE": null, "ESTABDATE": null, "FUNCSTAT": "S", "GCFLG": null, "GEOID": "6785R", "LSADC": "79", "MTFCC": "G2130", "BASENAME": "Knik", "NAME": "Knik ANVSA", "ObjID": "2249093609925", "AIANNHCOMP": "R", "STATEFP1": "0240625", "STATEFP2": null, "STATEFP3": null, "UR": null, "VINTAGE": "90", "AIANNHFP1": "02-40625", "AIANNHFP2": null, "AIANNHFP3": null, "HU100": null, "POP100": null, "CENTLAT": "+61.9969912", "CENTLON": "-150.3455318", "INTPTLAT": "+62.0546111", "INTPTLON": "-150.3354418", "STGEOMETRY_AREA": 86243604314.501297, "STGEOMETRY_LEN": 1931393.9084153301 }, "geometry": { "type": "Point", "coordinates": [ -150.09975, 62.93263 ] } },
{ "type": "Feature", "properties": { "OBJECTID": 24205, "Join_Count": 1, "TARGET_FID": 24205, "JOIN_FID": 445, "DEP_ID": "10003536", "SITE_NAME": "Kubek", "DEV_STAT": "Prospect", "URL": "https://mrdata.usgs.gov/mrds/show-mrds.php?dep_id=10003536", "CODE_LIST": " AU AG", "Grade": "C", "AIANNH": "6785", "FSRFLG": "F", "AIANNHNS": "02418661", "AREALAND": 18094121450.0, "ALANDHIST": 18094089466.0, "AREAWATER": 977787833.0, "AWATERHIST": 977876125.0, "AIANNHCC": "E1", "EFFDATE": null, "ESTABDATE": null, "FUNCSTAT": "S", "GCFLG": null, "GEOID": "6785R", "LSADC": "79", "MTFCC": "G2130", "BASENAME": "Knik", "NAME": "Knik ANVSA", "ObjID": "2249093609925", "AIANNHCOMP": "R", "STATEFP1": "0240625", "STATEFP2": null, "STATEFP3": null, "UR": null, "VINTAGE": "90", "AIANNHFP1": "02-40625", "AIANNHFP2": null, "AIANNHFP3": null, "HU100": null, "POP100": null, "CENTLAT": "+61.9969912", "CENTLON": "-150.3455318", "INTPTLAT": "+62.0546111", "INTPTLON": "-150.3354418", "STGEOMETRY_AREA": 86243604314.501297, "STGEOMETRY_LEN": 1931393.9084153301 }, "geometry": { "type": "Point", "coordinates": [ -149.93281, 62.94957 ] } },
{ "type": "Feature", "properties": { "OBJECTID": 24207, "Join_Count": 1, "TARGET_FID": 24207, "JOIN_FID": 446, "DEP_ID": "10001422", "SITE_NAME": "Unnamed (east-southeast of VABM Watana)", "DEV_STAT": "Prospect", "URL": "https://mrdata.usgs.gov/mrds/show-mrds.php?dep_id=10001422", "CODE_LIST": " CU", "Grade": "C", "AIANNH": "6290", "FSRFLG": "F", "AIANNHNS": "02418816", "AREALAND": 15429532250.0, "ALANDHIST": 15429532247.0, "AREAWATER": 157255193.0, "AWATERHIST": 157255193.0, "AIANNHCC": "E1", "EFFDATE": null, "ESTABDATE": null, "FUNCSTAT": "S", "GCFLG": null, "GEOID": "6290R", "LSADC": "79", "MTFCC": "G2130", "BASENAME": "Chickaloon", "NAME": "Chickaloon ANVSA", "ObjID": "2249093609926", "AIANNHCOMP": "R", "STATEFP1": "0213345", "STATEFP2": null, "STATEFP3": null, "UR": null, "VINTAGE": "90", "AIANNHFP1": "02-13345", "AIANNHFP2": null, "AIANNHFP3": null, "HU100": null, "POP100": null, "CENTLAT": "+62.2399668", "CENTLON": "-148.3860004", "INTPTLAT": "+62.2514458", "INTPTLON": "-148.0094628", "STGEOMETRY_AREA": 71620960760.508896, "STGEOMETRY_LEN": 1353880.2700505201 }, "geometry": { "type": "Point", "coordinates": [ -147.80275, 62.95961 ] } },
{ "type": "Feature", "properties": { "OBJECTID": 24450, "Join_Count": 1, "TARGET_FID": 24450, "JOIN_FID": 564, "DEP_ID": "10185311", "SITE_NAME": "Cantwell Creek", "DEV_STAT": "Prospect", "URL": "https://mrdata.usgs.gov/mrds/show-mrds.php?dep_id=10185311", "CODE_LIST": " MN AU LST_D", "Grade": "C", "AIANNH": "6255", "FSRFLG": "F", "AIANNHNS": "02418800", "AREALAND": 261826375.0, "ALANDHIST": 261826375.0, "AREAWATER": 150364.0, "AWATERHIST": 150364.0, "AIANNHCC": "E1", "EFFDATE": null, "ESTABDATE": null, "FUNCSTAT": "S", "GCFLG": null, "GEOID": "6255R", "LSADC": "79", "MTFCC": "G2130", "BASENAME": "Cantwell", "NAME": "Cantwell ANVSA", "ObjID": "2249093609726", "AIANNHCOMP": "R", "STATEFP1": "0210155", "STATEFP2": null, "STATEFP3": null, "UR": null, "VINTAGE": "90", "AIANNHFP1": "02-10155", "AIANNHFP2": null, "AIANNHFP3": null, "HU100": null, "POP100": null, "CENTLAT": "+63.3836401", "CENTLON": "-148.7644461", "INTPTLAT": "+63.4113960", "INTPTLON": "-148.7496213", "STGEOMETRY_AREA": 1300011803.8136799, "STGEOMETRY_LEN": 203143.73586330001 }, "geometry": { "type": "Point", "coordinates": [ -148.93672, 63.3863 ] } },
{ "type": "Feature", "properties": { "OBJECTID": 24636, "Join_Count": 1, "TARGET_FID": 24636, "JOIN_FID": 615, "DEP_ID": "10003121", "SITE_NAME": "Tiflighak Bay", "DEV_STAT": "Occurrence", "URL": "https://mrdata.usgs.gov/mrds/show-mrds.php?dep_id=10003121", "CODE_LIST": " PB", "Grade": "C", "AIANNH": "6530", "FSRFLG": "F", "AIANNHNS": "02418595", "AREALAND": 27208077.0, "ALANDHIST": 27208077.0, "AREAWATER": 4353093.0, "AWATERHIST": 4353093.0, "AIANNHCC": "E1", "EFFDATE": null, "ESTABDATE": null, "FUNCSTAT": "S", "GCFLG": null, "GEOID": "6530R", "LSADC": "79", "MTFCC": "G2130", "BASENAME": "Gambell", "NAME": "Gambell ANVSA", "ObjID": "2249093609994", "AIANNHCOMP": "R", "STATEFP1": "0227645", "STATEFP2": null, "STATEFP3": null, "UR": null, "VINTAGE": "90", "AIANNHFP1": "02-27645", "AIANNHFP2": null, "AIANNHFP3": null, "HU100": null, "POP100": null, "CENTLAT": "+63.7544859", "CENTLON": "-171.6920135", "INTPTLAT": "+63.7618841", "INTPTLON": "-171.6856111", "STGEOMETRY_AREA": 160732985.75044701, "STGEOMETRY_LEN": 53548.217178940002 }, "geometry": { "type": "Point", "coordinates": [ -171.65323, 63.75913 ] } },
{ "type": "Feature", "properties": { "OBJECTID": 24811, "Join_Count": 1, "TARGET_FID": 24811, "JOIN_FID": 559, "DEP_ID": "10002009", "SITE_NAME": "Cape Nome", "DEV_STAT": "Occurrence", "URL": "https://mrdata.usgs.gov/mrds/show-mrds.php?dep_id=10002009", "CODE_LIST": " AU CR F W CR F", "Grade": "B", "AIANNH": "7095", "FSRFLG": "F", "AIANNHNS": "02575187", "AREALAND": 322449828.0, "ALANDHIST": 322449830.0, "AREAWATER": 23912161.0, "AWATERHIST": 23912161.0, "AIANNHCC": "E1", "EFFDATE": null, "ESTABDATE": null, "FUNCSTAT": "S", "GCFLG": null, "GEOID": "7095R", "LSADC": "79", "MTFCC": "G2130", "BASENAME": "Nome", "NAME": "Nome ANVSA", "ObjID": "224903716902995", "AIANNHCOMP": "R", "STATEFP1": "0254945", "STATEFP2": null, "STATEFP3": null, "UR": null, "VINTAGE": "90", "AIANNHFP1": "02-54945", "AIANNHFP2": null, "AIANNHFP3": null, "HU100": null, "POP100": null, "CENTLAT": "+64.5121100", "CENTLON": "-165.2274848", "INTPTLAT": "+64.5064085", "INTPTLON": "-165.2586889", "STGEOMETRY_AREA": 1862552024.5599699, "STGEOMETRY_LEN": 311681.25585977 }, "geometry": { "type": "Point", "coordinates": [ -165.01047, 64.43651 ] } },
{ "type": "Feature", "properties": { "OBJECTID": 24814, "Join_Count": 1, "TARGET_FID": 24814, "JOIN_FID": 559, "DEP_ID": "10100996", "SITE_NAME": "Second Beach", "DEV_STAT": "Producer", "URL": "https://mrdata.usgs.gov/mrds/show-mrds.php?dep_id=10100996", "CODE_LIST": " AU AG", "Grade": "B", "AIANNH": "7095", "FSRFLG": "F", "AIANNHNS": "02575187", "AREALAND": 322449828.0, "ALANDHIST": 322449830.0, "AREAWATER": 23912161.0, "AWATERHIST": 23912161.0, "AIANNHCC": "E1", "EFFDATE": null, "ESTABDATE": null, "FUNCSTAT": "S", "GCFLG": null, "GEOID": "7095R", "LSADC": "79", "MTFCC": "G2130", "BASENAME": "Nome", "NAME": "Nome ANVSA", "ObjID": "224903716902995", "AIANNHCOMP": "R", "STATEFP1": "0254945", "STATEFP2": null, "STATEFP3": null, "UR": null, "VINTAGE": "90", "AIANNHFP1": "02-54945", "AIANNHFP2": null, "AIANNHFP3": null, "HU100": null, "POP100": null, "CENTLAT": "+64.5121100", "CENTLON": "-165.2274848", "INTPTLAT": "+64.5064085", "INTPTLON": "-165.2586889", "STGEOMETRY_AREA": 1862552024.5599699, "STGEOMETRY_LEN": 311681.25585977 }, "geometry": { "type": "Point", "coordinates": [ -165.20437, 64.47512 ] } },
{ "type": "Feature", "properties": { "OBJECTID": 24818, "Join_Count": 1, "TARGET_FID": 24818, "JOIN_FID": 559, "DEP_ID": "10106584", "SITE_NAME": "Outer Submarine Beach Placer", "DEV_STAT": "Producer", "URL": "https://mrdata.usgs.gov/mrds/show-mrds.php?dep_id=10106584", "CODE_LIST": " AU CU", "Grade": "C", "AIANNH": "7095", "FSRFLG": "F", "AIANNHNS": "02575187", "AREALAND": 322449828.0, "ALANDHIST": 322449830.0, "AREAWATER": 23912161.0, "AWATERHIST": 23912161.0, "AIANNHCC": "E1", "EFFDATE": null, "ESTABDATE": null, "FUNCSTAT": "S", "GCFLG": null, "GEOID": "7095R", "LSADC": "79", "MTFCC": "G2130", "BASENAME": "Nome", "NAME": "Nome ANVSA", "ObjID": "224903716902995", "AIANNHCOMP": "R", "STATEFP1": "0254945", "STATEFP2": null, "STATEFP3": null, "UR": null, "VINTAGE": "90", "AIANNHFP1": "02-54945", "AIANNHFP2": null, "AIANNHFP3": null, "HU100": null, "POP100": null, "CENTLAT": "+64.5121100", "CENTLON": "-165.2274848", "INTPTLAT": "+64.5064085", "INTPTLON": "-165.2586889", "STGEOMETRY_AREA": 1862552024.5599699, "STGEOMETRY_LEN": 311681.25585977 }, "geometry": { "type": "Point", "coordinates": [ -165.4477, 64.50345 ] } },
{ "type": "Feature", "properties": { "OBJECTID": 24819, "Join_Count": 1, "TARGET_FID": 24819, "JOIN_FID": 559, "DEP_ID": "10002095", "SITE_NAME": "Inner Submarine Beach Placer", "DEV_STAT": "Producer", "URL": "https://mrdata.usgs.gov/mrds/show-mrds.php?dep_id=10002095", "CODE_LIST": " AU", "Grade": "B", "AIANNH": "7095", "FSRFLG": "F", "AIANNHNS": "02575187", "AREALAND": 322449828.0, "ALANDHIST": 322449830.0, "AREAWATER": 23912161.0, "AWATERHIST": 23912161.0, "AIANNHCC": "E1", "EFFDATE": null, "ESTABDATE": null, "FUNCSTAT": "S", "GCFLG": null, "GEOID": "7095R", "LSADC": "79", "MTFCC": "G2130", "BASENAME": "Nome", "NAME": "Nome ANVSA", "ObjID": "224903716902995", "AIANNHCOMP": "R", "STATEFP1": "0254945", "STATEFP2": null, "STATEFP3": null, "UR": null, "VINTAGE": "90", "AIANNHFP1": "02-54945", "AIANNHFP2": null, "AIANNHFP3": null, "HU100": null, "POP100": null, "CENTLAT": "+64.5121100", "CENTLON": "-165.2274848", "INTPTLAT": "+64.5064085", "INTPTLON": "-165.2586889", "STGEOMETRY_AREA": 1862552024.5599699, "STGEOMETRY_LEN": 311681.25585977 }, "geometry": { "type": "Point", "coordinates": [ -165.44771, 64.50511 ] } },
{ "type": "Feature", "properties": { "OBJECTID": 24822, "Join_Count": 1, "TARGET_FID": 24822, "JOIN_FID": 559, "DEP_ID": "10308966", "SITE_NAME": "Submarine Beach", "DEV_STAT": "Producer", "URL": "https://mrdata.usgs.gov/mrds/show-mrds.php?dep_id=10308966", "CODE_LIST": " AG AU CU W", "Grade": "B", "AIANNH": "7095", "FSRFLG": "F", "AIANNHNS": "02575187", "AREALAND": 322449828.0, "ALANDHIST": 322449830.0, "AREAWATER": 23912161.0, "AWATERHIST": 23912161.0, "AIANNHCC": "E1", "EFFDATE": null, "ESTABDATE": null, "FUNCSTAT": "S", "GCFLG": null, "GEOID": "7095R", "LSADC": "79", "MTFCC": "G2130", "BASENAME": "Nome", "NAME": "Nome ANVSA", "ObjID": "224903716902995", "AIANNHCOMP": "R", "STATEFP1": "0254945", "STATEFP2": null, "STATEFP3": null, "UR": null, "VINTAGE": "90", "AIANNHFP1": "02-54945", "AIANNHFP2": null, "AIANNHFP3": null, "HU100": null, "POP100": null, "CENTLAT": "+64.5121100", "CENTLON": "-165.2274848", "INTPTLAT": "+64.5064085", "INTPTLON": "-165.2586889", "STGEOMETRY_AREA": 1862552024.5599699, "STGEOMETRY_LEN": 311681.25585977 }, "geometry": { "type": "Point", "coordinates": [ -165.47177, 64.51108 ] } },
{ "type": "Feature", "properties": { "OBJECTID": 24823, "Join_Count": 1, "TARGET_FID": 24823, "JOIN_FID": 559, "DEP_ID": "10308009", "SITE_NAME": "Center Creek Beach", "DEV_STAT": "Producer", "URL": "https://mrdata.usgs.gov/mrds/show-mrds.php?dep_id=10308009", "CODE_LIST": " AU", "Grade": "C", "AIANNH": "7095", "FSRFLG": "F", "AIANNHNS": "02575187", "AREALAND": 322449828.0, "ALANDHIST": 322449830.0, "AREAWATER": 23912161.0, "AWATERHIST": 23912161.0, "AIANNHCC": "E1", "EFFDATE": null, "ESTABDATE": null, "FUNCSTAT": "S", "GCFLG": null, "GEOID": "7095R", "LSADC": "79", "MTFCC": "G2130", "BASENAME": "Nome", "NAME": "Nome ANVSA", "ObjID": "224903716902995", "AIANNHCOMP": "R", "STATEFP1": "0254945", "STATEFP2": null, "STATEFP3": null, "UR": null, "VINTAGE": "90", "AIANNHFP1": "02-54945", "AIANNHFP2": null, "AIANNHFP3": null, "HU100": null, "POP100": null, "CENTLAT": "+64.5121100", "CENTLON": "-165.2274848", "INTPTLAT": "+64.5064085", "INTPTLON": "-165.2586889", "STGEOMETRY_AREA": 1862552024.5599699, "STGEOMETRY_LEN": 311681.25585977 }, "geometry": { "type": "Point", "coordinates": [ -165.41817, 64.51298 ] } },
{ "type": "Feature", "properties": { "OBJECTID": 24826, "Join_Count": 1, "TARGET_FID": 24826, "JOIN_FID": 559, "DEP_ID": "10308963", "SITE_NAME": "Lower Dry Creek", "DEV_STAT": "Producer", "URL": "https://mrdata.usgs.gov/mrds/show-mrds.php?dep_id=10308963", "CODE_LIST": " AU W", "Grade": "B", "AIANNH": "7095", "FSRFLG": "F", "AIANNHNS": "02575187", "AREALAND": 322449828.0, "ALANDHIST": 322449830.0, "AREAWATER": 23912161.0, "AWATERHIST": 23912161.0, "AIANNHCC": "E1", "EFFDATE": null, "ESTABDATE": null, "FUNCSTAT": "S", "GCFLG": null, "GEOID": "7095R", "LSADC": "79", "MTFCC": "G2130", "BASENAME": "Nome", "NAME": "Nome ANVSA", "ObjID": "224903716902995", "AIANNHCOMP": "R", "STATEFP1": "0254945", "STATEFP2": null, "STATEFP3": null, "UR": null, "VINTAGE": "90", "AIANNHFP1": "02-54945", "AIANNHFP2": null, "AIANNHFP3": null, "HU100": null, "POP100": null, "CENTLAT": "+64.5121100", "CENTLON": "-165.2274848", "INTPTLAT": "+64.5064085", "INTPTLON": "-165.2586889", "STGEOMETRY_AREA": 1862552024.5599699, "STGEOMETRY_LEN": 311681.25585977 }, "geometry": { "type": "Point", "coordinates": [ -165.34577, 64.52038 ] } },
{ "type": "Feature", "properties": { "OBJECTID": 24828, "Join_Count": 1, "TARGET_FID": 24828, "JOIN_FID": 559, "DEP_ID": "10000554", "SITE_NAME": "Nome Beach and Abrasion Deposits", "DEV_STAT": "Producer", "URL": "https://mrdata.usgs.gov/mrds/show-mrds.php?dep_id=10000554", "CODE_LIST": " AG AU W", "Grade": "B", "AIANNH": "7095", "FSRFLG": "F", "AIANNHNS": "02575187", "AREALAND": 322449828.0, "ALANDHIST": 322449830.0, "AREAWATER": 23912161.0, "AWATERHIST": 23912161.0, "AIANNHCC": "E1", "EFFDATE": null, "ESTABDATE": null, "FUNCSTAT": "S", "GCFLG": null, "GEOID": "7095R", "LSADC": "79", "MTFCC": "G2130", "BASENAME": "Nome", "NAME": "Nome ANVSA", "ObjID": "224903716902995", "AIANNHCOMP": "R", "STATEFP1": "0254945", "STATEFP2": null, "STATEFP3": null, "UR": null, "VINTAGE": "90", "AIANNHFP1": "02-54945", "AIANNHFP2": null, "AIANNHFP3": null, "HU100": null, "POP100": null, "CENTLAT": "+64.5121100", "CENTLON": "-165.2274848", "INTPTLAT": "+64.5064085", "INTPTLON": "-165.2586889", "STGEOMETRY_AREA": 1862552024.5599699, "STGEOMETRY_LEN": 311681.25585977 }, "geometry": { "type": "Point", "coordinates": [ -165.39049, 64.52511 ] } },
{ "type": "Feature", "properties": { "OBJECTID": 24829, "Join_Count": 1, "TARGET_FID": 24829, "JOIN_FID": 559, "DEP_ID": "10308006", "SITE_NAME": "Tripple Creek", "DEV_STAT": "Producer", "URL": "https://mrdata.usgs.gov/mrds/show-mrds.php?dep_id=10308006", "CODE_LIST": " AU SB", "Grade": "C", "AIANNH": "7095", "FSRFLG": "F", "AIANNHNS": "02575187", "AREALAND": 322449828.0, "ALANDHIST": 322449830.0, "AREAWATER": 23912161.0, "AWATERHIST": 23912161.0, "AIANNHCC": "E1", "EFFDATE": null, "ESTABDATE": null, "FUNCSTAT": "S", "GCFLG": null, "GEOID": "7095R", "LSADC": "79", "MTFCC": "G2130", "BASENAME": "Nome", "NAME": "Nome ANVSA", "ObjID": "224903716902995", "AIANNHCOMP": "R", "STATEFP1": "0254945", "STATEFP2": null, "STATEFP3": null, "UR": null, "VINTAGE": "90", "AIANNHFP1": "02-54945", "AIANNHFP2": null, "AIANNHFP3": null, "HU100": null, "POP100": null, "CENTLAT": "+64.5121100", "CENTLON": "-165.2274848", "INTPTLAT": "+64.5064085", "INTPTLON": "-165.2586889", "STGEOMETRY_AREA": 1862552024.5599699, "STGEOMETRY_LEN": 311681.25585977 }, "geometry": { "type": "Point", "coordinates": [ -165.25507, 64.52609 ] } },
{ "type": "Feature", "properties": { "OBJECTID": 24831, "Join_Count": 1, "TARGET_FID": 24831, "JOIN_FID": 559, "DEP_ID": "10002090", "SITE_NAME": "Monroeville Beach", "DEV_STAT": "Producer", "URL": "https://mrdata.usgs.gov/mrds/show-mrds.php?dep_id=10002090", "CODE_LIST": " AU AG", "Grade": "C", "AIANNH": "7095", "FSRFLG": "F", "AIANNHNS": "02575187", "AREALAND": 322449828.0, "ALANDHIST": 322449830.0, "AREAWATER": 23912161.0, "AWATERHIST": 23912161.0, "AIANNHCC": "E1", "EFFDATE": null, "ESTABDATE": null, "FUNCSTAT": "S", "GCFLG": null, "GEOID": "7095R", "LSADC": "79", "MTFCC": "G2130", "BASENAME": "Nome", "NAME": "Nome ANVSA", "ObjID": "224903716902995", "AIANNHCOMP": "R", "STATEFP1": "0254945", "STATEFP2": null, "STATEFP3": null, "UR": null, "VINTAGE": "90", "AIANNHFP1": "02-54945", "AIANNHFP2": null, "AIANNHFP3": null, "HU100": null, "POP100": null, "CENTLAT": "+64.5121100", "CENTLON": "-165.2274848", "INTPTLAT": "+64.5064085", "INTPTLON": "-165.2586889", "STGEOMETRY_AREA": 1862552024.5599699, "STGEOMETRY_LEN": 311681.25585977 }, "geometry": { "type": "Point", "coordinates": [ -165.41299, 64.53039 ] } },
{ "type": "Feature", "properties": { "OBJECTID": 24832, "Join_Count": 1, "TARGET_FID": 24832, "JOIN_FID": 559, "DEP_ID": "10009554", "SITE_NAME": "Center Creek and Flat, Saturday and  Wonder Creeks", "DEV_STAT": "Occurrence", "URL": "https://mrdata.usgs.gov/mrds/show-mrds.php?dep_id=10009554", "CODE_LIST": " AG AU W", "Grade": "C", "AIANNH": "7095", "FSRFLG": "F", "AIANNHNS": "02575187", "AREALAND": 322449828.0, "ALANDHIST": 322449830.0, "AREAWATER": 23912161.0, "AWATERHIST": 23912161.0, "AIANNHCC": "E1", "EFFDATE": null, "ESTABDATE": null, "FUNCSTAT": "S", "GCFLG": null, "GEOID": "7095R", "LSADC": "79", "MTFCC": "G2130", "BASENAME": "Nome", "NAME": "Nome ANVSA", "ObjID": "224903716902995", "AIANNHCOMP": "R", "STATEFP1": "0254945", "STATEFP2": null, "STATEFP3": null, "UR": null, "VINTAGE": "90", "AIANNHFP1": "02-54945", "AIANNHFP2": null, "AIANNHFP3": null, "HU100": null, "POP100": null, "CENTLAT": "+64.5121100", "CENTLON": "-165.2274848", "INTPTLAT": "+64.5064085", "INTPTLON": "-165.2586889", "STGEOMETRY_AREA": 1862552024.5599699, "STGEOMETRY_LEN": 311681.25585977 }, "geometry": { "type": "Point", "coordinates": [ -165.39855, 64.53317 ] } },
{ "type": "Feature", "properties": { "OBJECTID": 24833, "Join_Count": 1, "TARGET_FID": 24833, "JOIN_FID": 559, "DEP_ID": "10002093", "SITE_NAME": "Nome Coastal Plain", "DEV_STAT": "Producer", "URL": "https://mrdata.usgs.gov/mrds/show-mrds.php?dep_id=10002093", "CODE_LIST": " AU AG W", "Grade": "B", "AIANNH": "7095", "FSRFLG": "F", "AIANNHNS": "02575187", "AREALAND": 322449828.0, "ALANDHIST": 322449830.0, "AREAWATER": 23912161.0, "AWATERHIST": 23912161.0, "AIANNHCC": "E1", "EFFDATE": null, "ESTABDATE": null, "FUNCSTAT": "S", "GCFLG": null, "GEOID": "7095R", "LSADC": "79", "MTFCC": "G2130", "BASENAME": "Nome", "NAME": "Nome ANVSA", "ObjID": "224903716902995", "AIANNHCOMP": "R", "STATEFP1": "0254945", "STATEFP2": null, "STATEFP3": null, "UR": null, "VINTAGE": "90", "AIANNHFP1": "02-54945", "AIANNHFP2": null, "AIANNHFP3": null, "HU100": null, "POP100": null, "CENTLAT": "+64.5121100", "CENTLON": "-165.2274848", "INTPTLAT": "+64.5064085", "INTPTLON": "-165.2586889", "STGEOMETRY_AREA": 1862552024.5599699, "STGEOMETRY_LEN": 311681.25585977 }, "geometry": { "type": "Point", "coordinates": [ -165.46883, 64.53567 ] } },
{ "type": "Feature", "properties": { "OBJECTID": 24835, "Join_Count": 1, "TARGET_FID": 24835, "JOIN_FID": 559, "DEP_ID": "10002094", "SITE_NAME": "Third Beach", "DEV_STAT": "Producer", "URL": "https://mrdata.usgs.gov/mrds/show-mrds.php?dep_id=10002094", "CODE_LIST": " AU AG", "Grade": "B", "AIANNH": "7095", "FSRFLG": "F", "AIANNHNS": "02575187", "AREALAND": 322449828.0, "ALANDHIST": 322449830.0, "AREAWATER": 23912161.0, "AWATERHIST": 23912161.0, "AIANNHCC": "E1", "EFFDATE": null, "ESTABDATE": null, "FUNCSTAT": "S", "GCFLG": null, "GEOID": "7095R", "LSADC": "79", "MTFCC": "G2130", "BASENAME": "Nome", "NAME": "Nome ANVSA", "ObjID": "224903716902995", "AIANNHCOMP": "R", "STATEFP1": "0254945", "STATEFP2": null, "STATEFP3": null, "UR": null, "VINTAGE": "90", "AIANNHFP1": "02-54945", "AIANNHFP2": null, "AIANNHFP3": null, "HU100": null, "POP100": null, "CENTLAT": "+64.5121100", "CENTLON": "-165.2274848", "INTPTLAT": "+64.5064085", "INTPTLON": "-165.2586889", "STGEOMETRY_AREA": 1862552024.5599699, "STGEOMETRY_LEN": 311681.25585977 }, "geometry": { "type": "Point", "coordinates": [ -165.36799, 64.53956 ] } },
{ "type": "Feature", "properties": { "OBJECTID": 24836, "Join_Count": 1, "TARGET_FID": 24836, "JOIN_FID": 559, "DEP_ID": "10002007", "SITE_NAME": "Homburger (Newton Gulch)", "DEV_STAT": "Prospect", "URL": "https://mrdata.usgs.gov/mrds/show-mrds.php?dep_id=10002007", "CODE_LIST": " AU", "Grade": "B", "AIANNH": "7095", "FSRFLG": "F", "AIANNHNS": "02575187", "AREALAND": 322449828.0, "ALANDHIST": 322449830.0, "AREAWATER": 23912161.0, "AWATERHIST": 23912161.0, "AIANNHCC": "E1", "EFFDATE": null, "ESTABDATE": null, "FUNCSTAT": "S", "GCFLG": null, "GEOID": "7095R", "LSADC": "79", "MTFCC": "G2130", "BASENAME": "Nome", "NAME": "Nome ANVSA", "ObjID": "224903716902995", "AIANNHCOMP": "R", "STATEFP1": "0254945", "STATEFP2": null, "STATEFP3": null, "UR": null, "VINTAGE": "90", "AIANNHFP1": "02-54945", "AIANNHFP2": null, "AIANNHFP3": null, "HU100": null, "POP100": null, "CENTLAT": "+64.5121100", "CENTLON": "-165.2274848", "INTPTLAT": "+64.5064085", "INTPTLON": "-165.2586889", "STGEOMETRY_AREA": 1862552024.5599699, "STGEOMETRY_LEN": 311681.25585977 }, "geometry": { "type": "Point", "coordinates": [ -165.32466, 64.54289 ] } },
{ "type": "Feature", "properties": { "OBJECTID": 24838, "Join_Count": 1, "TARGET_FID": 24838, "JOIN_FID": 559, "DEP_ID": "10002099", "SITE_NAME": "Fourth Beach", "DEV_STAT": "Occurrence", "URL": "https://mrdata.usgs.gov/mrds/show-mrds.php?dep_id=10002099", "CODE_LIST": " AU", "Grade": "C", "AIANNH": "7095", "FSRFLG": "F", "AIANNHNS": "02575187", "AREALAND": 322449828.0, "ALANDHIST": 322449830.0, "AREAWATER": 23912161.0, "AWATERHIST": 23912161.0, "AIANNHCC": "E1", "EFFDATE": null, "ESTABDATE": null, "FUNCSTAT": "S", "GCFLG": null, "GEOID": "7095R", "LSADC": "79", "MTFCC": "G2130", "BASENAME": "Nome", "NAME": "Nome ANVSA", "ObjID": "224903716902995", "AIANNHCOMP": "R", "STATEFP1": "0254945", "STATEFP2": null, "STATEFP3": null, "UR": null, "VINTAGE": "90", "AIANNHFP1": "02-54945", "AIANNHFP2": null, "AIANNHFP3": null, "HU100": null, "POP100": null, "CENTLAT": "+64.5121100", "CENTLON": "-165.2274848", "INTPTLAT": "+64.5064085", "INTPTLON": "-165.2586889", "STGEOMETRY_AREA": 1862552024.5599699, "STGEOMETRY_LEN": 311681.25585977 }, "geometry": { "type": "Point", "coordinates": [ -165.3891, 64.55011 ] } },
{ "type": "Feature", "properties": { "OBJECTID": 24839, "Join_Count": 1, "TARGET_FID": 24839, "JOIN_FID": 559, "DEP_ID": "10002086", "SITE_NAME": "Upper Dry Creek", "DEV_STAT": "Producer", "URL": "https://mrdata.usgs.gov/mrds/show-mrds.php?dep_id=10002086", "CODE_LIST": " AU W", "Grade": "B", "AIANNH": "7095", "FSRFLG": "F", "AIANNHNS": "02575187", "AREALAND": 322449828.0, "ALANDHIST": 322449830.0, "AREAWATER": 23912161.0, "AWATERHIST": 23912161.0, "AIANNHCC": "E1", "EFFDATE": null, "ESTABDATE": null, "FUNCSTAT": "S", "GCFLG": null, "GEOID": "7095R", "LSADC": "79", "MTFCC": "G2130", "BASENAME": "Nome", "NAME": "Nome ANVSA", "ObjID": "224903716902995", "AIANNHCOMP": "R", "STATEFP1": "0254945", "STATEFP2": null, "STATEFP3": null, "UR": null, "VINTAGE": "90", "AIANNHFP1": "02-54945", "AIANNHFP2": null, "AIANNHFP3": null, "HU100": null, "POP100": null, "CENTLAT": "+64.5121100", "CENTLON": "-165.2274848", "INTPTLAT": "+64.5064085", "INTPTLON": "-165.2586889", "STGEOMETRY_AREA": 1862552024.5599699, "STGEOMETRY_LEN": 311681.25585977 }, "geometry": { "type": "Point", "coordinates": [ -165.34799, 64.55095 ] } },
{ "type": "Feature", "properties": { "OBJECTID": 24841, "Join_Count": 1, "TARGET_FID": 24841, "JOIN_FID": 559, "DEP_ID": "10002006", "SITE_NAME": "Rex (Anvil Mountain)", "DEV_STAT": "Prospect", "URL": "https://mrdata.usgs.gov/mrds/show-mrds.php?dep_id=10002006", "CODE_LIST": " AU", "Grade": "C", "AIANNH": "7095", "FSRFLG": "F", "AIANNHNS": "02575187", "AREALAND": 322449828.0, "ALANDHIST": 322449830.0, "AREAWATER": 23912161.0, "AWATERHIST": 23912161.0, "AIANNHCC": "E1", "EFFDATE": null, "ESTABDATE": null, "FUNCSTAT": "S", "GCFLG": null, "GEOID": "7095R", "LSADC": "79", "MTFCC": "G2130", "BASENAME": "Nome", "NAME": "Nome ANVSA", "ObjID": "224903716902995", "AIANNHCOMP": "R", "STATEFP1": "0254945", "STATEFP2": null, "STATEFP3": null, "UR": null, "VINTAGE": "90", "AIANNHFP1": "02-54945", "AIANNHFP2": null, "AIANNHFP3": null, "HU100": null, "POP100": null, "CENTLAT": "+64.5121100", "CENTLON": "-165.2274848", "INTPTLAT": "+64.5064085", "INTPTLON": "-165.2586889", "STGEOMETRY_AREA": 1862552024.5599699, "STGEOMETRY_LEN": 311681.25585977 }, "geometry": { "type": "Point", "coordinates": [ -165.34994, 64.55511 ] } },
{ "type": "Feature", "properties": { "OBJECTID": 24844, "Join_Count": 1, "TARGET_FID": 24844, "JOIN_FID": 559, "DEP_ID": "10111656", "SITE_NAME": "Newton Gulch", "DEV_STAT": "Prospect", "URL": "https://mrdata.usgs.gov/mrds/show-mrds.php?dep_id=10111656", "CODE_LIST": " AU", "Grade": "C", "AIANNH": "7095", "FSRFLG": "F", "AIANNHNS": "02575187", "AREALAND": 322449828.0, "ALANDHIST": 322449830.0, "AREAWATER": 23912161.0, "AWATERHIST": 23912161.0, "AIANNHCC": "E1", "EFFDATE": null, "ESTABDATE": null, "FUNCSTAT": "S", "GCFLG": null, "GEOID": "7095R", "LSADC": "79", "MTFCC": "G2130", "BASENAME": "Nome", "NAME": "Nome ANVSA", "ObjID": "224903716902995", "AIANNHCOMP": "R", "STATEFP1": "0254945", "STATEFP2": null, "STATEFP3": null, "UR": null, "VINTAGE": "90", "AIANNHFP1": "02-54945", "AIANNHFP2": null, "AIANNHFP3": null, "HU100": null, "POP100": null, "CENTLAT": "+64.5121100", "CENTLON": "-165.2274848", "INTPTLAT": "+64.5064085", "INTPTLON": "-165.2586889", "STGEOMETRY_AREA": 1862552024.5599699, "STGEOMETRY_LEN": 311681.25585977 }, "geometry": { "type": "Point", "coordinates": [ -165.32637, 64.56038 ] } },
{ "type": "Feature", "properties": { "OBJECTID": 24871, "Join_Count": 1, "TARGET_FID": 24871, "JOIN_FID": 429, "DEP_ID": "10308309", "SITE_NAME": "Unnamed (west of Walla Walla Creek)", "DEV_STAT": "Prospect", "URL": "https://mrdata.usgs.gov/mrds/show-mrds.php?dep_id=10308309", "CODE_LIST": " AU SB", "Grade": "C", "AIANNH": "6470", "FSRFLG": "F", "AIANNHNS": "02575181", "AREALAND": 795682736.0, "ALANDHIST": 795682735.0, "AREAWATER": 22721141.0, "AWATERHIST": 22721141.0, "AIANNHCC": "E1", "EFFDATE": null, "ESTABDATE": null, "FUNCSTAT": "S", "GCFLG": null, "GEOID": "6470R", "LSADC": "79", "MTFCC": "G2130", "BASENAME": "Elim", "NAME": "Elim ANVSA", "ObjID": "224903708046593", "AIANNHCOMP": "R", "STATEFP1": "0222255", "STATEFP2": null, "STATEFP3": null, "UR": null, "VINTAGE": "90", "AIANNHFP1": "02-22255", "AIANNHFP2": null, "AIANNHFP3": null, "HU100": null, "POP100": null, "CENTLAT": "+64.7471509", "CENTLON": "-162.1426186", "INTPTLAT": "+64.6771877", "INTPTLON": "-162.3238853", "STGEOMETRY_AREA": 4477610361.2371597, "STGEOMETRY_LEN": 340463.88007214997 }, "geometry": { "type": "Point", "coordinates": [ -162.51424, 64.58035 ] } },
{ "type": "Feature", "properties": { "OBJECTID": 24877, "Join_Count": 1, "TARGET_FID": 24877, "JOIN_FID": 559, "DEP_ID": "10135796", "SITE_NAME": "Dexter", "DEV_STAT": "Prospect", "URL": "https://mrdata.usgs.gov/mrds/show-mrds.php?dep_id=10135796", "CODE_LIST": " AU CU SN", "Grade": "C", "AIANNH": "7095", "FSRFLG": "F", "AIANNHNS": "02575187", "AREALAND": 322449828.0, "ALANDHIST": 322449830.0, "AREAWATER": 23912161.0, "AWATERHIST": 23912161.0, "AIANNHCC": "E1", "EFFDATE": null, "ESTABDATE": null, "FUNCSTAT": "S", "GCFLG": null, "GEOID": "7095R", "LSADC": "79", "MTFCC": "G2130", "BASENAME": "Nome", "NAME": "Nome ANVSA", "ObjID": "224903716902995", "AIANNHCOMP": "R", "STATEFP1": "0254945", "STATEFP2": null, "STATEFP3": null, "UR": null, "VINTAGE": "90", "AIANNHFP1": "02-54945", "AIANNHFP2": null, "AIANNHFP3": null, "HU100": null, "POP100": null, "CENTLAT": "+64.5121100", "CENTLON": "-165.2274848", "INTPTLAT": "+64.5064085", "INTPTLON": "-165.2586889", "STGEOMETRY_AREA": 1862552024.5599699, "STGEOMETRY_LEN": 311681.25585977 }, "geometry": { "type": "Point", "coordinates": [ -165.27857, 64.58599 ] } },
{ "type": "Feature", "properties": { "OBJECTID": 24992, "Join_Count": 1, "TARGET_FID": 24992, "JOIN_FID": 429, "DEP_ID": "10309014", "SITE_NAME": "Kwiniuk River", "DEV_STAT": "Occurrence", "URL": "https://mrdata.usgs.gov/mrds/show-mrds.php?dep_id=10309014", "CODE_LIST": " CU REE W", "Grade": "B", "AIANNH": "6470", "FSRFLG": "F", "AIANNHNS": "02575181", "AREALAND": 795682736.0, "ALANDHIST": 795682735.0, "AREAWATER": 22721141.0, "AWATERHIST": 22721141.0, "AIANNHCC": "E1", "EFFDATE": null, "ESTABDATE": null, "FUNCSTAT": "S", "GCFLG": null, "GEOID": "6470R", "LSADC": "79", "MTFCC": "G2130", "BASENAME": "Elim", "NAME": "Elim ANVSA", "ObjID": "224903708046593", "AIANNHCOMP": "R", "STATEFP1": "0222255", "STATEFP2": null, "STATEFP3": null, "UR": null, "VINTAGE": "90", "AIANNHFP1": "02-22255", "AIANNHFP2": null, "AIANNHFP3": null, "HU100": null, "POP100": null, "CENTLAT": "+64.7471509", "CENTLON": "-162.1426186", "INTPTLAT": "+64.6771877", "INTPTLON": "-162.3238853", "STGEOMETRY_AREA": 4477610361.2371597, "STGEOMETRY_LEN": 340463.88007214997 }, "geometry": { "type": "Point", "coordinates": [ -162.35925, 64.72835 ] } },
{ "type": "Feature", "properties": { "OBJECTID": 24995, "Join_Count": 1, "TARGET_FID": 24995, "JOIN_FID": 429, "DEP_ID": "10001779", "SITE_NAME": "Kwiniuk River Occurrence", "DEV_STAT": "Occurrence", "URL": "https://mrdata.usgs.gov/mrds/show-mrds.php?dep_id=10001779", "CODE_LIST": " REE W CU", "Grade": "C", "AIANNH": "6470", "FSRFLG": "F", "AIANNHNS": "02575181", "AREALAND": 795682736.0, "ALANDHIST": 795682735.0, "AREAWATER": 22721141.0, "AWATERHIST": 22721141.0, "AIANNHCC": "E1", "EFFDATE": null, "ESTABDATE": null, "FUNCSTAT": "S", "GCFLG": null, "GEOID": "6470R", "LSADC": "79", "MTFCC": "G2130", "BASENAME": "Elim", "NAME": "Elim ANVSA", "ObjID": "224903708046593", "AIANNHCOMP": "R", "STATEFP1": "0222255", "STATEFP2": null, "STATEFP3": null, "UR": null, "VINTAGE": "90", "AIANNHFP1": "02-22255", "AIANNHFP2": null, "AIANNHFP3": null, "HU100": null, "POP100": null, "CENTLAT": "+64.7471509", "CENTLON": "-162.1426186", "INTPTLAT": "+64.6771877", "INTPTLON": "-162.3238853", "STGEOMETRY_AREA": 4477610361.2371597, "STGEOMETRY_LEN": 340463.88007214997 }, "geometry": { "type": "Point", "coordinates": [ -162.36019, 64.73352 ] } },
{ "type": "Feature", "properties": { "OBJECTID": 24998, "Join_Count": 1, "TARGET_FID": 24998, "JOIN_FID": 429, "DEP_ID": "10136324", "SITE_NAME": "Kwiniuk River", "DEV_STAT": "Occurrence", "URL": "https://mrdata.usgs.gov/mrds/show-mrds.php?dep_id=10136324", "CODE_LIST": " CU HG REE W", "Grade": "C", "AIANNH": "6470", "FSRFLG": "F", "AIANNHNS": "02575181", "AREALAND": 795682736.0, "ALANDHIST": 795682735.0, "AREAWATER": 22721141.0, "AWATERHIST": 22721141.0, "AIANNHCC": "E1", "EFFDATE": null, "ESTABDATE": null, "FUNCSTAT": "S", "GCFLG": null, "GEOID": "6470R", "LSADC": "79", "MTFCC": "G2130", "BASENAME": "Elim", "NAME": "Elim ANVSA", "ObjID": "224903708046593", "AIANNHCOMP": "R", "STATEFP1": "0222255", "STATEFP2": null, "STATEFP3": null, "UR": null, "VINTAGE": "90", "AIANNHFP1": "02-22255", "AIANNHFP2": null, "AIANNHFP3": null, "HU100": null, "POP100": null, "CENTLAT": "+64.7471509", "CENTLON": "-162.1426186", "INTPTLAT": "+64.6771877", "INTPTLON": "-162.3238853", "STGEOMETRY_AREA": 4477610361.2371597, "STGEOMETRY_LEN": 340463.88007214997 }, "geometry": { "type": "Point", "coordinates": [ -162.36385, 64.73765 ] } },
{ "type": "Feature", "properties": { "OBJECTID": 25141, "Join_Count": 1, "TARGET_FID": 25141, "JOIN_FID": 614, "DEP_ID": "10001818", "SITE_NAME": "Niukluk River", "DEV_STAT": "Producer", "URL": "https://mrdata.usgs.gov/mrds/show-mrds.php?dep_id=10001818", "CODE_LIST": " AU", "Grade": "B", "AIANNH": "6380", "FSRFLG": "F", "AIANNHNS": "02418849", "AREALAND": 55014133.0, "ALANDHIST": 55014133.0, "AREAWATER": 2345326.0, "AWATERHIST": 2345326.0, "AIANNHCC": "E1", "EFFDATE": null, "ESTABDATE": null, "FUNCSTAT": "S", "GCFLG": null, "GEOID": "6380R", "LSADC": "79", "MTFCC": "G2130", "BASENAME": "Council", "NAME": "Council ANVSA", "ObjID": "2249093609992", "AIANNHCOMP": "R", "STATEFP1": "0217640", "STATEFP2": null, "STATEFP3": null, "UR": null, "VINTAGE": "90", "AIANNHFP1": "02-17640", "AIANNHFP2": null, "AIANNHFP3": null, "HU100": null, "POP100": null, "CENTLAT": "+64.8983923", "CENTLON": "-163.6416433", "INTPTLAT": "+64.8893892", "INTPTLON": "-163.5896147", "STGEOMETRY_AREA": 317357692.04552001, "STGEOMETRY_LEN": 113487.30902104999 }, "geometry": { "type": "Point", "coordinates": [ -163.73523, 64.90127 ] } },
{ "type": "Feature", "properties": { "OBJECTID": 25170, "Join_Count": 1, "TARGET_FID": 25170, "JOIN_FID": 614, "DEP_ID": "10107528", "SITE_NAME": "Ophir Creek Placer", "DEV_STAT": "Producer", "URL": "https://mrdata.usgs.gov/mrds/show-mrds.php?dep_id=10107528", "CODE_LIST": " AU", "Grade": "B", "AIANNH": "6380", "FSRFLG": "F", "AIANNHNS": "02418849", "AREALAND": 55014133.0, "ALANDHIST": 55014133.0, "AREAWATER": 2345326.0, "AWATERHIST": 2345326.0, "AIANNHCC": "E1", "EFFDATE": null, "ESTABDATE": null, "FUNCSTAT": "S", "GCFLG": null, "GEOID": "6380R", "LSADC": "79", "MTFCC": "G2130", "BASENAME": "Council", "NAME": "Council ANVSA", "ObjID": "2249093609992", "AIANNHCOMP": "R", "STATEFP1": "0217640", "STATEFP2": null, "STATEFP3": null, "UR": null, "VINTAGE": "90", "AIANNHFP1": "02-17640", "AIANNHFP2": null, "AIANNHFP3": null, "HU100": null, "POP100": null, "CENTLAT": "+64.8983923", "CENTLON": "-163.6416433", "INTPTLAT": "+64.8893892", "INTPTLON": "-163.5896147", "STGEOMETRY_AREA": 317357692.04552001, "STGEOMETRY_LEN": 113487.30902104999 }, "geometry": { "type": "Point", "coordinates": [ -163.73162, 64.92794 ] } },
{ "type": "Feature", "properties": { "OBJECTID": 25739, "Join_Count": 1, "TARGET_FID": 25739, "JOIN_FID": 416, "DEP_ID": "10308381", "SITE_NAME": "Village Creek", "DEV_STAT": "Prospect", "URL": "https://mrdata.usgs.gov/mrds/show-mrds.php?dep_id=10308381", "CODE_LIST": " SN", "Grade": "B", "AIANNH": "7740", "FSRFLG": "F", "AIANNHNS": "02419282", "AREALAND": 5966050.0, "ALANDHIST": 5966050.0, "AREAWATER": 121.0, "AWATERHIST": 121.0, "AIANNHCC": "E1", "EFFDATE": null, "ESTABDATE": null, "FUNCSTAT": "S", "GCFLG": null, "GEOID": "7740R", "LSADC": "79", "MTFCC": "G2130", "BASENAME": "Wales", "NAME": "Wales ANVSA", "ObjID": "2249093610020", "AIANNHCOMP": "R", "STATEFP1": "0282865", "STATEFP2": null, "STATEFP3": null, "UR": null, "VINTAGE": "90", "AIANNHFP1": "02-82865", "AIANNHFP2": null, "AIANNHFP3": null, "HU100": null, "POP100": null, "CENTLAT": "+65.6120811", "CENTLON": "-168.0780966", "INTPTLAT": "+65.6132325", "INTPTLON": "-168.0683133", "STGEOMETRY_AREA": 34838686.392972603, "STGEOMETRY_LEN": 26999.68423816 }, "geometry": { "type": "Point", "coordinates": [ -168.06343, 65.61925 ] } },
{ "type": "Feature", "properties": { "OBJECTID": 25913, "Join_Count": 1, "TARGET_FID": 25913, "JOIN_FID": 448, "DEP_ID": "10002780", "SITE_NAME": "Porcupine River", "DEV_STAT": "Occurrence", "URL": "https://mrdata.usgs.gov/mrds/show-mrds.php?dep_id=10002780", "CODE_LIST": " NI CU PB V ZN", "Grade": "C", "AIANNH": "6257", "FSRFLG": "F", "AIANNHNS": "02575178", "AREALAND": 79690839.0, "ALANDHIST": 79690839.0, "AREAWATER": 8157677.0, "AWATERHIST": 8157677.0, "AIANNHCC": "E1", "EFFDATE": null, "ESTABDATE": null, "FUNCSTAT": "S", "GCFLG": null, "GEOID": "6257R", "LSADC": "79", "MTFCC": "G2130", "BASENAME": "Canyon Village", "NAME": "Canyon Village ANVSA", "ObjID": "224903716731399", "AIANNHCOMP": "R", "STATEFP1": "0210310", "STATEFP2": null, "STATEFP3": null, "UR": null, "VINTAGE": "90", "AIANNHFP1": "02-10310", "AIANNHFP2": null, "AIANNHFP3": null, "HU100": null, "POP100": null, "CENTLAT": "+67.1766675", "CENTLON": "-141.9697191", "INTPTLAT": "+67.1805698", "INTPTLON": "-142.0495142", "STGEOMETRY_AREA": 581106804.70491505, "STGEOMETRY_LEN": 201552.52104495 }, "geometry": { "type": "Point", "coordinates": [ -141.69301, 67.14985 ] } }
]
}
